{
  "fractional_kelly": 0.9999980578314172,
  "cap": 0.6752862975518079,
  "min_edge": 3.742711447371784e-05,
  "kelly_min_stake_usdc": 1.0,
  "fee_model": {
    "source": "polymarket_fee_schedule_v2",
    "rate": 0.072,
    "exponent": 1.0,
    "fee_round_decimals": 5,
    "min_fee": 1e-05
  }
}