{
  "fractional_kelly": 0.22031621250395655,
  "cap": 0.5684786912734832,
  "min_edge": 0.037733697384746474,
  "kelly_min_stake_usdc": 1.0,
  "fee_model": {
    "source": "polymarket_fee_schedule_v2",
    "rate": 0.072,
    "exponent": 1.0,
    "fee_round_decimals": 5,
    "min_fee": 1e-05
  }
}