{
  "fractional_kelly": 0.9999995067416456,
  "cap": 0.6812220985668184,
  "min_edge": 8.032934146198027e-05,
  "kelly_min_stake_usdc": 1.0,
  "fee_model": {
    "source": "polymarket_fee_schedule_v2",
    "rate": 0.072,
    "exponent": 1.0,
    "fee_round_decimals": 5,
    "min_fee": 1e-05
  }
}