{
  "fractional_kelly": 0.4955252104941326,
  "cap": 0.9193881647111896,
  "min_edge": 0.050384462888040424,
  "kelly_min_stake_usdc": 1.0,
  "fee_model": {
    "source": "polymarket_fee_schedule_v2",
    "rate": 0.072,
    "exponent": 1.0,
    "fee_round_decimals": 5,
    "min_fee": 1e-05
  }
}