{
  "fractional_kelly": 0.2731343839546985,
  "cap": 0.8149572580364096,
  "min_edge": 0.05121753432895336,
  "kelly_min_stake_usdc": 1.0,
  "fee_model": {
    "source": "polymarket_fee_schedule_v2",
    "rate": 0.072,
    "exponent": 1.0,
    "fee_round_decimals": 5,
    "min_fee": 1e-05
  }
}