{
  "fractional_kelly": 0.6535822584694498,
  "cap": 0.9062424857331196,
  "min_edge": 0.007583451546763589,
  "min_stake_usdc": 1.0,
  "fee_model": {
    "feeRate": 0.25,
    "exponent": 2.0,
    "fee_round_decimals": 4,
    "min_fee": 0.0001
  }
}