{
  "fractional_kelly": 0.2786580051081682,
  "cap": 0.7452327538907128,
  "min_edge": 0.04990822552397789,
  "kelly_min_stake_usdc": 1.0,
  "fee_model": {
    "source": "polymarket_fee_schedule_v2",
    "rate": 0.072,
    "exponent": 1.0,
    "fee_round_decimals": 5,
    "min_fee": 1e-05
  }
}