{
  "fractional_kelly": 0.2720226603815377,
  "cap": 0.5149388642292418,
  "min_edge": 0.05697806291157572,
  "kelly_min_stake_usdc": 1.0,
  "fee_model": {
    "source": "polymarket_fee_schedule_v2",
    "rate": 0.072,
    "exponent": 1.0,
    "fee_round_decimals": 5,
    "min_fee": 1e-05
  }
}