scenario_id,model,entry_case,entry_kind,compute_delay_seconds,order_delay_seconds,max_ask_age_seconds,settlement_release_delay_seconds,initial_cash_usd,ending_cash_usd,net_pnl_usd,gross_turnover_usd,roi_on_initial_cash,roi_on_gross_turnover,fees_paid_usd,total_payout_usd,max_drawdown_at_cost,trade_count,max_open_cost_basis_usd,markets_seen,reject_stale_ask,reject_incomplete_or_crossed_book,skip_no_positive_expected_edge,trades,reject_unreconciled_best_ask_at_entry,reject_no_initial_book_snapshot,reject_exchange_maintenance_pause,reject_insufficient_balance,data_rejections,reject_unknown_historical_fee
original_v1_raw|prestart_c0_o0|age1|release0,original_v1_raw,prestart_c0_o0,prestart,0,0,1,0,100.0,2.8563790439398815,-97.14362095606012,620.0,-0.9714362095606012,-0.15668325960654858,9.78431137,522.8563790439398,0.9763813294568915,124,10.0,9407,907,6977,471,124,25,8,12,883.0,7929,
original_v1_raw|prestart_c0_o0|age1|release60,original_v1_raw,prestart_c0_o0,prestart,0,0,1,60,100.0,2.8563790439398815,-97.14362095606012,620.0,-0.9714362095606012,-0.15668325960654858,9.78431137,522.8563790439398,0.9763813294568915,124,10.0,9407,907,6977,471,124,25,8,12,883.0,7929,
original_v1_raw|prestart_c0_o0|age1|release300,original_v1_raw,prestart_c0_o0,prestart,0,0,1,300,100.0,2.8563790439398815,-97.14362095606012,620.0,-0.9714362095606012,-0.15668325960654858,9.78431137,522.8563790439398,0.9763813294568915,124,10.0,9407,907,6977,471,124,25,8,12,883.0,7929,
original_v1_raw|prestart_c0_o0|age5|release0,original_v1_raw,prestart_c0_o0,prestart,0,0,5,0,100.0,4.965379347805246,-95.03462065219475,1840.0,-0.9503462065219475,-0.05164925035445367,27.798833950000013,1744.965379347803,0.9691256215102731,368,10.0,9407,78,6977,1033,368,25,8,12,905.0,7101,1.0
original_v1_raw|prestart_c0_o0|age5|release60,original_v1_raw,prestart_c0_o0,prestart,0,0,5,60,100.0,4.965379347805246,-95.03462065219475,1840.0,-0.9503462065219475,-0.05164925035445367,27.798833950000013,1744.965379347803,0.9691256215102731,368,10.0,9407,78,6977,1033,368,25,8,12,905.0,7101,1.0
original_v1_raw|prestart_c0_o0|age5|release300,original_v1_raw,prestart_c0_o0,prestart,0,0,5,300,100.0,4.965379347805246,-95.03462065219475,1840.0,-0.9503462065219475,-0.05164925035445367,27.798833950000013,1744.965379347803,0.9691256215102731,368,15.0,9407,78,6977,1033,368,25,8,12,905.0,7101,1.0
original_v1_raw|prestart_c0_o0|age30|release0,original_v1_raw,prestart_c0_o0,prestart,0,0,30,0,100.0,3.867340132119004,-96.13265986788099,1970.0,-0.9613265986788099,-0.04879830450146243,28.798833950000013,1873.8673401321164,0.975087511347882,394,10.0,9407,29,6977,1051,394,25,8,12,910.0,7052,1.0
original_v1_raw|prestart_c0_o0|age30|release60,original_v1_raw,prestart_c0_o0,prestart,0,0,30,60,100.0,3.867340132119004,-96.13265986788099,1970.0,-0.9613265986788099,-0.04879830450146243,28.798833950000013,1873.8673401321164,0.975087511347882,394,10.0,9407,29,6977,1051,394,25,8,12,910.0,7052,1.0
original_v1_raw|prestart_c0_o0|age30|release300,original_v1_raw,prestart_c0_o0,prestart,0,0,30,300,100.0,3.867340132119004,-96.13265986788099,1960.0,-0.9613265986788099,-0.049047275442796426,28.798833950000013,1863.8673401321164,0.975087511347882,392,15.0,9407,29,6977,1051,392,25,8,12,912.0,7052,1.0
original_v1_platt|prestart_c0_o0|age1|release0,original_v1_platt,prestart_c0_o0,prestart,0,0,1,0,100.0,2.6660784313726253,-97.33392156862737,375.0,-0.9733392156862738,-0.2595571241830063,0.0,277.66607843137257,0.9755009009009002,75,10.0,9407,907,6977,587,75,25,8,12,816.0,7929,
original_v1_platt|prestart_c0_o0|age1|release60,original_v1_platt,prestart_c0_o0,prestart,0,0,1,60,100.0,2.6660784313726253,-97.33392156862737,375.0,-0.9733392156862738,-0.2595571241830063,0.0,277.66607843137257,0.9755009009009002,75,10.0,9407,907,6977,587,75,25,8,12,816.0,7929,
original_v1_platt|prestart_c0_o0|age1|release300,original_v1_platt,prestart_c0_o0,prestart,0,0,1,300,100.0,2.6660784313726253,-97.33392156862737,375.0,-0.9733392156862738,-0.2595571241830063,0.0,277.66607843137257,0.9755009009009002,75,10.0,9407,907,6977,587,75,25,8,12,816.0,7929,
original_v1_platt|prestart_c0_o0|age5|release0,original_v1_platt,prestart_c0_o0,prestart,0,0,5,0,100.0,3.2536321834010167,-96.74636781659899,1585.0,-0.9674636781659899,-0.06103871786536214,0.0,1488.2536321833995,0.9788660213733293,317,10.0,9407,78,6977,1209,317,25,8,12,780.0,7101,1.0
original_v1_platt|prestart_c0_o0|age5|release60,original_v1_platt,prestart_c0_o0,prestart,0,0,5,60,100.0,3.2536321834010167,-96.74636781659899,1585.0,-0.9674636781659899,-0.06103871786536214,0.0,1488.2536321833995,0.9788660213733293,317,10.0,9407,78,6977,1209,317,25,8,12,780.0,7101,1.0
original_v1_platt|prestart_c0_o0|age5|release300,original_v1_platt,prestart_c0_o0,prestart,0,0,5,300,100.0,3.2536321834010167,-96.74636781659899,1575.0,-0.9674636781659899,-0.06142626528038031,0.0,1478.2536321833995,0.9788660213733293,315,15.0,9407,78,6977,1209,315,25,8,12,782.0,7101,1.0
original_v1_platt|prestart_c0_o0|age30|release0,original_v1_platt,prestart_c0_o0,prestart,0,0,30,0,100.0,4.886496649942359,-95.11350335005764,1525.0,-0.9511350335005764,-0.06236951039348042,0.0,1429.8864966499411,0.9691836870710907,305,10.0,9407,29,6977,1228,305,25,8,12,822.0,7052,1.0
original_v1_platt|prestart_c0_o0|age30|release60,original_v1_platt,prestart_c0_o0,prestart,0,0,30,60,100.0,4.886496649942359,-95.11350335005764,1525.0,-0.9511350335005764,-0.06236951039348042,0.0,1429.8864966499411,0.9691836870710907,305,10.0,9407,29,6977,1228,305,25,8,12,822.0,7052,1.0
original_v1_platt|prestart_c0_o0|age30|release300,original_v1_platt,prestart_c0_o0,prestart,0,0,30,300,100.0,4.886496649942359,-95.11350335005764,1515.0,-0.9511350335005764,-0.06278119033007105,0.0,1419.8864966499411,0.9691836870710907,303,15.0,9407,29,6977,1228,303,25,8,12,824.0,7052,1.0
candidate_raw|prestart_c0_o0|age1|release0,candidate_raw,prestart_c0_o0,prestart,0,0,1,0,100.0,197.3462319281859,97.34623192818589,4230.0,0.9734623192818589,0.023013293600043946,0.0,4327.346231928193,0.751695229682539,846,10.0,9407,907,6977,632,846,25,8,12,,7929,
candidate_raw|prestart_c0_o0|age1|release60,candidate_raw,prestart_c0_o0,prestart,0,0,1,60,100.0,197.3462319281859,97.34623192818589,4230.0,0.9734623192818589,0.023013293600043946,0.0,4327.346231928193,0.751695229682539,846,10.0,9407,907,6977,632,846,25,8,12,,7929,
candidate_raw|prestart_c0_o0|age1|release300,candidate_raw,prestart_c0_o0,prestart,0,0,1,300,100.0,197.3462319281859,97.34623192818589,4230.0,0.9734623192818589,0.023013293600043946,0.0,4327.346231928193,0.751695229682539,846,15.0,9407,907,6977,632,846,25,8,12,,7929,
candidate_raw|prestart_c0_o0|age5|release0,candidate_raw,prestart_c0_o0,prestart,0,0,5,0,100.0,431.3359714137244,331.3359714137244,5190.0,3.3133597141372437,0.0638412276327022,0.5,5521.335971413746,0.32362581003380975,1038,10.0,9407,78,6977,1268,1038,25,8,12,,7101,1.0
candidate_raw|prestart_c0_o0|age5|release60,candidate_raw,prestart_c0_o0,prestart,0,0,5,60,100.0,431.3359714137244,331.3359714137244,5190.0,3.3133597141372437,0.0638412276327022,0.5,5521.335971413746,0.32362581003380975,1038,10.0,9407,78,6977,1268,1038,25,8,12,,7101,1.0
candidate_raw|prestart_c0_o0|age5|release300,candidate_raw,prestart_c0_o0,prestart,0,0,5,300,100.0,431.3359714137244,331.3359714137244,5190.0,3.3133597141372437,0.0638412276327022,0.5,5521.335971413746,0.32362581003380975,1038,15.0,9407,78,6977,1268,1038,25,8,12,,7101,1.0
candidate_raw|prestart_c0_o0|age30|release0,candidate_raw,prestart_c0_o0,prestart,0,0,30,0,100.0,435.3555792568618,335.3555792568618,5325.0,3.353555792568618,0.06297757356936372,0.5,5660.355579256883,0.3107669257856435,1065,10.0,9407,29,6977,1290,1065,25,8,12,,7052,1.0
candidate_raw|prestart_c0_o0|age30|release60,candidate_raw,prestart_c0_o0,prestart,0,0,30,60,100.0,435.3555792568618,335.3555792568618,5325.0,3.353555792568618,0.06297757356936372,0.5,5660.355579256883,0.3107669257856435,1065,10.0,9407,29,6977,1290,1065,25,8,12,,7052,1.0
candidate_raw|prestart_c0_o0|age30|release300,candidate_raw,prestart_c0_o0,prestart,0,0,30,300,100.0,435.3555792568618,335.3555792568618,5325.0,3.353555792568618,0.06297757356936372,0.5,5660.355579256883,0.3107669257856435,1065,15.0,9407,29,6977,1290,1065,25,8,12,,7052,1.0
candidate_platt|prestart_c0_o0|age1|release0,candidate_platt,prestart_c0_o0,prestart,0,0,1,0,100.0,197.6554673785341,97.6554673785341,4295.0,0.976554673785341,0.022737012195234947,0.0,4392.655467378541,0.9367092284009287,859,10.0,9407,907,6977,616,859,25,8,12,3.0,7929,
candidate_platt|prestart_c0_o0|age1|release60,candidate_platt,prestart_c0_o0,prestart,0,0,1,60,100.0,197.6554673785341,97.6554673785341,4295.0,0.976554673785341,0.022737012195234947,0.0,4392.655467378541,0.9367092284009287,859,10.0,9407,907,6977,616,859,25,8,12,3.0,7929,
candidate_platt|prestart_c0_o0|age1|release300,candidate_platt,prestart_c0_o0,prestart,0,0,1,300,100.0,207.8595490111872,107.8595490111872,4295.0,1.078595490111872,0.025112816999112268,0.0,4402.859549011195,0.9323264672614109,859,15.0,9407,907,6977,616,859,25,8,12,3.0,7929,
candidate_platt|prestart_c0_o0|age5|release0,candidate_platt,prestart_c0_o0,prestart,0,0,5,0,100.0,423.37870026143156,323.37870026143156,5275.0,3.2337870026143154,0.061304019006906456,0.5,5598.378700261452,0.3874086110256217,1055,10.0,9407,78,6977,1251,1055,25,8,12,,7101,1.0
candidate_platt|prestart_c0_o0|age5|release60,candidate_platt,prestart_c0_o0,prestart,0,0,5,60,100.0,423.37870026143156,323.37870026143156,5275.0,3.2337870026143154,0.061304019006906456,0.5,5598.378700261452,0.3874086110256217,1055,10.0,9407,78,6977,1251,1055,25,8,12,,7101,1.0
candidate_platt|prestart_c0_o0|age5|release300,candidate_platt,prestart_c0_o0,prestart,0,0,5,300,100.0,423.37870026143156,323.37870026143156,5275.0,3.2337870026143154,0.061304019006906456,0.5,5598.378700261452,0.3874086110256217,1055,15.0,9407,78,6977,1251,1055,25,8,12,,7101,1.0
candidate_platt|prestart_c0_o0|age30|release0,candidate_platt,prestart_c0_o0,prestart,0,0,30,0,100.0,412.5943865359414,312.5943865359414,5415.0,3.125943865359414,0.05772749520516,0.5,5727.59438653596,0.3883897720088591,1083,10.0,9407,29,6977,1272,1083,25,8,12,,7052,1.0
candidate_platt|prestart_c0_o0|age30|release60,candidate_platt,prestart_c0_o0,prestart,0,0,30,60,100.0,412.5943865359414,312.5943865359414,5415.0,3.125943865359414,0.05772749520516,0.5,5727.59438653596,0.3883897720088591,1083,10.0,9407,29,6977,1272,1083,25,8,12,,7052,1.0
candidate_platt|prestart_c0_o0|age30|release300,candidate_platt,prestart_c0_o0,prestart,0,0,30,300,100.0,412.5943865359414,312.5943865359414,5415.0,3.125943865359414,0.05772749520516,0.5,5727.59438653596,0.3883897720088591,1083,15.0,9407,29,6977,1272,1083,25,8,12,,7052,1.0
original_v1_raw|prestart_c0_o1|age1|release0,original_v1_raw,prestart_c0_o1,prestart,0,1,1,0,100.0,4.969632386647255,-95.03036761335275,1770.0,-0.9503036761335275,-0.05368947322788291,28.317186840000012,1674.9696323866451,0.9661393494218372,354,10.0,9407,84,7000,1028,354,26,8,12,894.0,7131,1.0
original_v1_raw|prestart_c0_o1|age1|release60,original_v1_raw,prestart_c0_o1,prestart,0,1,1,60,100.0,4.969632386647255,-95.03036761335275,1770.0,-0.9503036761335275,-0.05368947322788291,28.317186840000012,1674.9696323866451,0.9661393494218372,354,10.0,9407,84,7000,1028,354,26,8,12,894.0,7131,1.0
original_v1_raw|prestart_c0_o1|age1|release300,original_v1_raw,prestart_c0_o1,prestart,0,1,1,300,100.0,4.969632386647255,-95.03036761335275,1770.0,-0.9503036761335275,-0.05368947322788291,28.317186840000012,1674.9696323866451,0.9661393494218372,354,15.0,9407,84,7000,1028,354,26,8,12,894.0,7131,1.0
original_v1_raw|prestart_c0_o1|age5|release0,original_v1_raw,prestart_c0_o1,prestart,0,1,5,0,100.0,1.6689787918759862,-98.33102120812401,1785.0,-0.9833102120812401,-0.05508740683928516,28.317186840000012,1686.668978791874,0.9877969354635708,357,10.0,9407,46,7000,1033,357,26,8,12,924.0,7093,1.0
original_v1_raw|prestart_c0_o1|age5|release60,original_v1_raw,prestart_c0_o1,prestart,0,1,5,60,100.0,1.6689787918759862,-98.33102120812401,1785.0,-0.9833102120812401,-0.05508740683928516,28.317186840000012,1686.668978791874,0.9877969354635708,357,10.0,9407,46,7000,1033,357,26,8,12,924.0,7093,1.0
original_v1_raw|prestart_c0_o1|age5|release300,original_v1_raw,prestart_c0_o1,prestart,0,1,5,300,100.0,1.6689787918759862,-98.33102120812401,1785.0,-0.9833102120812401,-0.05508740683928516,28.317186840000012,1686.668978791874,0.9877969354635708,357,15.0,9407,46,7000,1033,357,26,8,12,924.0,7093,1.0
original_v1_raw|prestart_c0_o1|age30|release0,original_v1_raw,prestart_c0_o1,prestart,0,1,30,0,100.0,0.5709395761897937,-99.4290604238102,1865.0,-0.994290604238102,-0.053313169128048364,28.317186840000012,1765.5709395761876,0.9960994741981313,373,10.0,9407,29,7000,1035,373,26,8,12,923.0,7076,1.0
original_v1_raw|prestart_c0_o1|age30|release60,original_v1_raw,prestart_c0_o1,prestart,0,1,30,60,100.0,0.5709395761897937,-99.4290604238102,1865.0,-0.994290604238102,-0.053313169128048364,28.317186840000012,1765.5709395761876,0.9960994741981313,373,10.0,9407,29,7000,1035,373,26,8,12,923.0,7076,1.0
original_v1_raw|prestart_c0_o1|age30|release300,original_v1_raw,prestart_c0_o1,prestart,0,1,30,300,100.0,0.5709395761897937,-99.4290604238102,1865.0,-0.994290604238102,-0.053313169128048364,28.317186840000012,1765.5709395761876,0.9960994741981313,373,15.0,9407,29,7000,1035,373,26,8,12,923.0,7076,1.0
original_v1_platt|prestart_c0_o1|age1|release0,original_v1_platt,prestart_c0_o1,prestart,0,1,1,0,100.0,1.7579056876745227,-98.24209431232548,1525.0,-0.9824209431232548,-0.06442104545070523,0.0,1426.7579056876727,0.9883206301203167,305,10.0,9407,84,7000,1201,305,26,8,12,770.0,7131,1.0
original_v1_platt|prestart_c0_o1|age1|release60,original_v1_platt,prestart_c0_o1,prestart,0,1,1,60,100.0,1.7579056876745227,-98.24209431232548,1525.0,-0.9824209431232548,-0.06442104545070523,0.0,1426.7579056876727,0.9883206301203167,305,10.0,9407,84,7000,1201,305,26,8,12,770.0,7131,1.0
original_v1_platt|prestart_c0_o1|age1|release300,original_v1_platt,prestart_c0_o1,prestart,0,1,1,300,100.0,1.365748824929426,-98.63425117507057,1565.0,-0.9863425117507058,-0.06302508062304829,0.0,1466.3657488249276,0.9909260856251084,313,15.0,9407,84,7000,1201,313,26,8,12,762.0,7131,1.0
original_v1_platt|prestart_c0_o1|age5|release0,original_v1_platt,prestart_c0_o1,prestart,0,1,5,0,100.0,0.19976041698757285,-99.80023958301243,1440.0,-0.9980023958301243,-0.06930572193264752,0.0,1340.1997604169862,0.9985783567403507,288,10.0,9407,46,7000,1207,288,26,8,12,819.0,7093,1.0
original_v1_platt|prestart_c0_o1|age5|release60,original_v1_platt,prestart_c0_o1,prestart,0,1,5,60,100.0,0.19976041698757285,-99.80023958301243,1440.0,-0.9980023958301243,-0.06930572193264752,0.0,1340.1997604169862,0.9985783567403507,288,10.0,9407,46,7000,1207,288,26,8,12,819.0,7093,1.0
original_v1_platt|prestart_c0_o1|age5|release300,original_v1_platt,prestart_c0_o1,prestart,0,1,5,300,100.0,0.19976041698757285,-99.80023958301243,1430.0,-0.9980023958301243,-0.06979037733077792,0.0,1330.1997604169862,0.9985783567403507,286,15.0,9407,46,7000,1207,286,26,8,12,821.0,7093,1.0
original_v1_platt|prestart_c0_o1|age30|release0,original_v1_platt,prestart_c0_o1,prestart,0,1,30,0,100.0,4.886034926791574,-95.11396507320842,1435.0,-0.9511396507320842,-0.06628150876181771,0.0,1339.8860349267904,0.9674528159387579,287,10.0,9407,29,7000,1208,287,26,8,12,836.0,7076,1.0
original_v1_platt|prestart_c0_o1|age30|release60,original_v1_platt,prestart_c0_o1,prestart,0,1,30,60,100.0,4.886034926791574,-95.11396507320842,1435.0,-0.9511396507320842,-0.06628150876181771,0.0,1339.8860349267904,0.9674528159387579,287,10.0,9407,29,7000,1208,287,26,8,12,836.0,7076,1.0
original_v1_platt|prestart_c0_o1|age30|release300,original_v1_platt,prestart_c0_o1,prestart,0,1,30,300,100.0,4.886034926791574,-95.11396507320842,1435.0,-0.9511396507320842,-0.06628150876181771,0.0,1339.8860349267904,0.9674528159387579,287,15.0,9407,29,7000,1208,287,26,8,12,836.0,7076,1.0
candidate_raw|prestart_c0_o1|age1|release0,candidate_raw,prestart_c0_o1,prestart,0,1,1,0,100.0,421.10132036123764,321.10132036123764,5080.0,3.211013203612376,0.0632089213309523,0.5,5401.1013203612565,0.33786358577534226,1016,10.0,9407,84,7000,1260,1016,26,8,12,,7131,1.0
candidate_raw|prestart_c0_o1|age1|release60,candidate_raw,prestart_c0_o1,prestart,0,1,1,60,100.0,421.10132036123764,321.10132036123764,5080.0,3.211013203612376,0.0632089213309523,0.5,5401.1013203612565,0.33786358577534226,1016,10.0,9407,84,7000,1260,1016,26,8,12,,7131,1.0
candidate_raw|prestart_c0_o1|age1|release300,candidate_raw,prestart_c0_o1,prestart,0,1,1,300,100.0,421.10132036123764,321.10132036123764,5080.0,3.211013203612376,0.0632089213309523,0.5,5401.1013203612565,0.33786358577534226,1016,15.0,9407,84,7000,1260,1016,26,8,12,,7131,1.0
candidate_raw|prestart_c0_o1|age5|release0,candidate_raw,prestart_c0_o1,prestart,0,1,5,0,100.0,461.04350236224326,361.04350236224326,5230.0,3.6104350236224327,0.06903317444784766,0.5,5591.043502362265,0.31825921997804507,1046,10.0,9407,46,7000,1268,1046,26,8,12,,7093,1.0
candidate_raw|prestart_c0_o1|age5|release60,candidate_raw,prestart_c0_o1,prestart,0,1,5,60,100.0,461.04350236224326,361.04350236224326,5230.0,3.6104350236224327,0.06903317444784766,0.5,5591.043502362265,0.31825921997804507,1046,10.0,9407,46,7000,1268,1046,26,8,12,,7093,1.0
candidate_raw|prestart_c0_o1|age5|release300,candidate_raw,prestart_c0_o1,prestart,0,1,5,300,100.0,461.04350236224326,361.04350236224326,5230.0,3.6104350236224327,0.06903317444784766,0.5,5591.043502362265,0.31825921997804507,1046,15.0,9407,46,7000,1268,1046,26,8,12,,7093,1.0
candidate_raw|prestart_c0_o1|age30|release0,candidate_raw,prestart_c0_o1,prestart,0,1,30,0,100.0,455.5336984406747,355.5336984406747,5295.0,3.555336984406747,0.06714517439861656,0.5,5650.533698440697,0.31415746435947767,1059,10.0,9407,29,7000,1272,1059,26,8,12,,7076,1.0
candidate_raw|prestart_c0_o1|age30|release60,candidate_raw,prestart_c0_o1,prestart,0,1,30,60,100.0,455.5336984406747,355.5336984406747,5295.0,3.555336984406747,0.06714517439861656,0.5,5650.533698440697,0.31415746435947767,1059,10.0,9407,29,7000,1272,1059,26,8,12,,7076,1.0
candidate_raw|prestart_c0_o1|age30|release300,candidate_raw,prestart_c0_o1,prestart,0,1,30,300,100.0,455.5336984406747,355.5336984406747,5295.0,3.555336984406747,0.06714517439861656,0.5,5650.533698440697,0.31415746435947767,1059,15.0,9407,29,7000,1272,1059,26,8,12,,7076,1.0
candidate_platt|prestart_c0_o1|age1|release0,candidate_platt,prestart_c0_o1,prestart,0,1,1,0,100.0,388.5286645935602,288.5286645935602,5150.0,2.885286645935602,0.056024983416225284,0.5,5438.528664593578,0.41959139583984467,1030,10.0,9407,84,7000,1246,1030,26,8,12,,7131,1.0
candidate_platt|prestart_c0_o1|age1|release60,candidate_platt,prestart_c0_o1,prestart,0,1,1,60,100.0,388.5286645935602,288.5286645935602,5150.0,2.885286645935602,0.056024983416225284,0.5,5438.528664593578,0.41959139583984467,1030,10.0,9407,84,7000,1246,1030,26,8,12,,7131,1.0
candidate_platt|prestart_c0_o1|age1|release300,candidate_platt,prestart_c0_o1,prestart,0,1,1,300,100.0,388.52866459356017,288.52866459356017,5150.0,2.8852866459356017,0.05602498341622528,0.5,5438.528664593578,0.41959139583984467,1030,15.0,9407,84,7000,1246,1030,26,8,12,,7131,1.0
candidate_platt|prestart_c0_o1|age5|release0,candidate_platt,prestart_c0_o1,prestart,0,1,5,0,100.0,428.66692502593827,328.66692502593827,5310.0,3.286669250259383,0.06189584275441399,0.5,5638.666925025958,0.4059926094760647,1062,10.0,9407,46,7000,1252,1062,26,8,12,,7093,1.0
candidate_platt|prestart_c0_o1|age5|release60,candidate_platt,prestart_c0_o1,prestart,0,1,5,60,100.0,428.66692502593827,328.66692502593827,5310.0,3.286669250259383,0.06189584275441399,0.5,5638.666925025958,0.4059926094760647,1062,10.0,9407,46,7000,1252,1062,26,8,12,,7093,1.0
candidate_platt|prestart_c0_o1|age5|release300,candidate_platt,prestart_c0_o1,prestart,0,1,5,300,100.0,428.66692502593827,328.66692502593827,5310.0,3.286669250259383,0.06189584275441399,0.5,5638.666925025958,0.4059926094760647,1062,15.0,9407,46,7000,1252,1062,26,8,12,,7093,1.0
candidate_platt|prestart_c0_o1|age30|release0,candidate_platt,prestart_c0_o1,prestart,0,1,30,0,100.0,418.15712110436965,318.15712110436965,5380.0,3.1815712110436967,0.05913701135768953,0.5,5698.157121104389,0.40669364431226174,1076,10.0,9407,29,7000,1255,1076,26,8,12,,7076,1.0
candidate_platt|prestart_c0_o1|age30|release60,candidate_platt,prestart_c0_o1,prestart,0,1,30,60,100.0,418.15712110436965,318.15712110436965,5380.0,3.1815712110436967,0.05913701135768953,0.5,5698.157121104389,0.40669364431226174,1076,10.0,9407,29,7000,1255,1076,26,8,12,,7076,1.0
candidate_platt|prestart_c0_o1|age30|release300,candidate_platt,prestart_c0_o1,prestart,0,1,30,300,100.0,418.15712110436965,318.15712110436965,5380.0,3.1815712110436967,0.05913701135768953,0.5,5698.157121104389,0.40669364431226174,1076,15.0,9407,29,7000,1255,1076,26,8,12,,7076,1.0
original_v1_raw|prestart_c0_o2|age1|release0,original_v1_raw,prestart_c0_o2,prestart,0,2,1,0,100.0,185.5774981977043,85.5774981977043,6225.0,0.855774981977043,0.013747389268707519,28.297578790000014,6310.577498197746,0.8803445718512809,1245,10.0,9407,75,7036,985,1245,45,8,12,,7177,1.0
original_v1_raw|prestart_c0_o2|age1|release60,original_v1_raw,prestart_c0_o2,prestart,0,2,1,60,100.0,185.5774981977043,85.5774981977043,6225.0,0.855774981977043,0.013747389268707519,28.297578790000014,6310.577498197746,0.8803445718512809,1245,10.0,9407,75,7036,985,1245,45,8,12,,7177,1.0
original_v1_raw|prestart_c0_o2|age1|release300,original_v1_raw,prestart_c0_o2,prestart,0,2,1,300,100.0,185.57749819770424,85.57749819770424,6225.0,0.8557749819770425,0.01374738926870751,28.297578790000014,6310.577498197746,0.8803445718512809,1245,15.0,9407,75,7036,985,1245,45,8,12,,7177,1.0
original_v1_raw|prestart_c0_o2|age5|release0,original_v1_raw,prestart_c0_o2,prestart,0,2,5,0,100.0,0.770888478827743,-99.22911152117226,1905.0,-0.9922911152117225,-0.05208877245205893,28.297578790000014,1805.7708884788256,0.9943604818685463,381,10.0,9407,42,7036,990,381,45,8,12,892.0,7144,1.0
original_v1_raw|prestart_c0_o2|age5|release60,original_v1_raw,prestart_c0_o2,prestart,0,2,5,60,100.0,0.770888478827743,-99.22911152117226,1905.0,-0.9922911152117225,-0.05208877245205893,28.297578790000014,1805.7708884788256,0.9943604818685463,381,10.0,9407,42,7036,990,381,45,8,12,892.0,7144,1.0
original_v1_raw|prestart_c0_o2|age5|release300,original_v1_raw,prestart_c0_o2,prestart,0,2,5,300,100.0,0.770888478827743,-99.22911152117226,1905.0,-0.9922911152117225,-0.05208877245205893,28.297578790000014,1805.7708884788256,0.9943604818685463,381,15.0,9407,42,7036,990,381,45,8,12,892.0,7144,1.0
original_v1_raw|prestart_c0_o2|age30|release0,original_v1_raw,prestart_c0_o2,prestart,0,2,30,0,100.0,1.1630453415728468,-98.83695465842715,1845.0,-0.9883695465842715,-0.05357016512651878,28.297578790000014,1746.1630453415708,0.9914916158800597,369,10.0,9407,31,7036,993,369,45,8,12,912.0,7133,1.0
original_v1_raw|prestart_c0_o2|age30|release60,original_v1_raw,prestart_c0_o2,prestart,0,2,30,60,100.0,1.1630453415728468,-98.83695465842715,1845.0,-0.9883695465842715,-0.05357016512651878,28.297578790000014,1746.1630453415708,0.9914916158800597,369,10.0,9407,31,7036,993,369,45,8,12,912.0,7133,1.0
original_v1_raw|prestart_c0_o2|age30|release300,original_v1_raw,prestart_c0_o2,prestart,0,2,30,300,100.0,1.1630453415728468,-98.83695465842715,1845.0,-0.9883695465842715,-0.05357016512651878,28.297578790000014,1746.1630453415708,0.9914916158800597,369,15.0,9407,31,7036,993,369,45,8,12,912.0,7133,1.0
original_v1_platt|prestart_c0_o2|age1|release0,original_v1_platt,prestart_c0_o2,prestart,0,2,1,0,100.0,1.5131998053215128,-98.4868001946785,1565.0,-0.9848680019467849,-0.06293086274420351,0.0,1466.5131998053198,0.9887034730921384,313,10.0,9407,75,7036,1163,313,45,8,12,754.0,7177,1.0
original_v1_platt|prestart_c0_o2|age1|release60,original_v1_platt,prestart_c0_o2,prestart,0,2,1,60,100.0,1.5131998053215128,-98.4868001946785,1565.0,-0.9848680019467849,-0.06293086274420351,0.0,1466.5131998053198,0.9887034730921384,313,10.0,9407,75,7036,1163,313,45,8,12,754.0,7177,1.0
original_v1_platt|prestart_c0_o2|age1|release300,original_v1_platt,prestart_c0_o2,prestart,0,2,1,300,100.0,1.5131998053215128,-98.4868001946785,1565.0,-0.9848680019467849,-0.06293086274420351,0.0,1466.5131998053198,0.9887034730921384,313,15.0,9407,75,7036,1163,313,45,8,12,754.0,7177,1.0
original_v1_platt|prestart_c0_o2|age5|release0,original_v1_platt,prestart_c0_o2,prestart,0,2,5,0,100.0,0.15113296600716808,-99.84886703399283,1440.0,-0.9984886703399283,-0.06933949099582835,0.0,1340.151132966006,0.9988717434332459,288,10.0,9407,42,7036,1169,288,45,8,12,806.0,7144,1.0
original_v1_platt|prestart_c0_o2|age5|release60,original_v1_platt,prestart_c0_o2,prestart,0,2,5,60,100.0,0.15113296600716808,-99.84886703399283,1440.0,-0.9984886703399283,-0.06933949099582835,0.0,1340.151132966006,0.9988717434332459,288,10.0,9407,42,7036,1169,288,45,8,12,806.0,7144,1.0
original_v1_platt|prestart_c0_o2|age5|release300,original_v1_platt,prestart_c0_o2,prestart,0,2,5,300,100.0,0.15113296600716808,-99.84886703399283,1440.0,-0.9984886703399283,-0.06933949099582835,0.0,1340.151132966006,0.9988717434332459,288,15.0,9407,42,7036,1169,288,45,8,12,806.0,7144,1.0
original_v1_platt|prestart_c0_o2|age30|release0,original_v1_platt,prestart_c0_o2,prestart,0,2,30,0,100.0,0.5432898287522576,-99.45671017124775,1380.0,-0.9945671017124775,-0.0720700798342375,0.0,1280.543289828751,0.9959441653721576,276,10.0,9407,31,7036,1171,276,45,8,12,827.0,7133,1.0
original_v1_platt|prestart_c0_o2|age30|release60,original_v1_platt,prestart_c0_o2,prestart,0,2,30,60,100.0,0.5432898287522576,-99.45671017124775,1380.0,-0.9945671017124775,-0.0720700798342375,0.0,1280.543289828751,0.9959441653721576,276,10.0,9407,31,7036,1171,276,45,8,12,827.0,7133,1.0
original_v1_platt|prestart_c0_o2|age30|release300,original_v1_platt,prestart_c0_o2,prestart,0,2,30,300,100.0,0.5432898287522576,-99.45671017124775,1380.0,-0.9945671017124775,-0.0720700798342375,0.0,1280.543289828751,0.9959441653721576,276,15.0,9407,31,7036,1171,276,45,8,12,827.0,7133,1.0
candidate_raw|prestart_c0_o2|age1|release0,candidate_raw,prestart_c0_o2,prestart,0,2,1,0,100.0,421.4847986756404,321.4847986756404,5060.0,3.214847986756404,0.0635345451928143,0.5,5381.4847986756595,0.3406165696990844,1012,10.0,9407,75,7036,1218,1012,45,8,12,,7177,1.0
candidate_raw|prestart_c0_o2|age1|release60,candidate_raw,prestart_c0_o2,prestart,0,2,1,60,100.0,421.4847986756404,321.4847986756404,5060.0,3.214847986756404,0.0635345451928143,0.5,5381.4847986756595,0.3406165696990844,1012,10.0,9407,75,7036,1218,1012,45,8,12,,7177,1.0
candidate_raw|prestart_c0_o2|age1|release300,candidate_raw,prestart_c0_o2,prestart,0,2,1,300,100.0,421.4847986756404,321.4847986756404,5060.0,3.214847986756404,0.0635345451928143,0.5,5381.4847986756595,0.3406165696990844,1012,15.0,9407,75,7036,1218,1012,45,8,12,,7177,1.0
candidate_raw|prestart_c0_o2|age5|release0,candidate_raw,prestart_c0_o2,prestart,0,2,5,0,100.0,466.426980676646,366.426980676646,5185.0,3.66426980676646,0.07067058450851417,0.5,5551.426980676667,0.3167011855761736,1037,10.0,9407,42,7036,1226,1037,45,8,12,,7144,1.0
candidate_raw|prestart_c0_o2|age5|release60,candidate_raw,prestart_c0_o2,prestart,0,2,5,60,100.0,466.426980676646,366.426980676646,5185.0,3.66426980676646,0.07067058450851417,0.5,5551.426980676667,0.3167011855761736,1037,10.0,9407,42,7036,1226,1037,45,8,12,,7144,1.0
candidate_raw|prestart_c0_o2|age5|release300,candidate_raw,prestart_c0_o2,prestart,0,2,5,300,100.0,466.426980676646,366.426980676646,5185.0,3.66426980676646,0.07067058450851417,0.5,5551.426980676667,0.3167011855761736,1037,15.0,9407,42,7036,1226,1037,45,8,12,,7144,1.0
candidate_raw|prestart_c0_o2|age30|release0,candidate_raw,prestart_c0_o2,prestart,0,2,30,0,100.0,456.42698067664594,356.42698067664594,5225.0,3.5642698067664593,0.06821569008165472,0.5,5581.426980676668,0.3258009190818991,1045,10.0,9407,31,7036,1229,1045,45,8,12,,7133,1.0
candidate_raw|prestart_c0_o2|age30|release60,candidate_raw,prestart_c0_o2,prestart,0,2,30,60,100.0,456.42698067664594,356.42698067664594,5225.0,3.5642698067664593,0.06821569008165472,0.5,5581.426980676668,0.3258009190818991,1045,10.0,9407,31,7036,1229,1045,45,8,12,,7133,1.0
candidate_raw|prestart_c0_o2|age30|release300,candidate_raw,prestart_c0_o2,prestart,0,2,30,300,100.0,456.42698067664594,356.42698067664594,5225.0,3.5642698067664593,0.06821569008165472,0.5,5581.426980676668,0.3258009190818991,1045,15.0,9407,31,7036,1229,1045,45,8,12,,7133,1.0
candidate_platt|prestart_c0_o2|age1|release0,candidate_platt,prestart_c0_o2,prestart,0,2,1,0,100.0,388.9121429079628,288.9121429079628,5140.0,2.889121429079628,0.05620858811438965,0.5,5428.9121429079805,0.38843045409595367,1028,10.0,9407,75,7036,1202,1028,45,8,12,,7177,1.0
candidate_platt|prestart_c0_o2|age1|release60,candidate_platt,prestart_c0_o2,prestart,0,2,1,60,100.0,388.9121429079628,288.9121429079628,5140.0,2.889121429079628,0.05620858811438965,0.5,5428.9121429079805,0.38843045409595367,1028,10.0,9407,75,7036,1202,1028,45,8,12,,7177,1.0
candidate_platt|prestart_c0_o2|age1|release300,candidate_platt,prestart_c0_o2,prestart,0,2,1,300,100.0,388.9121429079628,288.9121429079628,5140.0,2.889121429079628,0.05620858811438965,0.5,5428.9121429079805,0.38843045409595367,1028,15.0,9407,75,7036,1202,1028,45,8,12,,7177,1.0
candidate_platt|prestart_c0_o2|age5|release0,candidate_platt,prestart_c0_o2,prestart,0,2,5,0,100.0,434.0504033403409,334.0504033403409,5275.0,3.340504033403409,0.06332709068063334,0.5,5609.0504033403595,0.37625124399192744,1055,10.0,9407,42,7036,1208,1055,45,8,12,,7144,1.0
candidate_platt|prestart_c0_o2|age5|release60,candidate_platt,prestart_c0_o2,prestart,0,2,5,60,100.0,434.0504033403409,334.0504033403409,5275.0,3.340504033403409,0.06332709068063334,0.5,5609.0504033403595,0.37625124399192744,1055,10.0,9407,42,7036,1208,1055,45,8,12,,7144,1.0
candidate_platt|prestart_c0_o2|age5|release300,candidate_platt,prestart_c0_o2,prestart,0,2,5,300,100.0,434.0504033403409,334.0504033403409,5275.0,3.340504033403409,0.06332709068063334,0.5,5609.0504033403595,0.37625124399192744,1055,15.0,9407,42,7036,1208,1055,45,8,12,,7144,1.0
candidate_platt|prestart_c0_o2|age30|release0,candidate_platt,prestart_c0_o2,prestart,0,2,30,0,100.0,419.0504033403409,319.0504033403409,5320.0,3.1905040334034087,0.059971880327131744,0.5,5639.05040334036,0.3956560682207045,1064,10.0,9407,31,7036,1210,1064,45,8,12,,7133,1.0
candidate_platt|prestart_c0_o2|age30|release60,candidate_platt,prestart_c0_o2,prestart,0,2,30,60,100.0,419.0504033403409,319.0504033403409,5320.0,3.1905040334034087,0.059971880327131744,0.5,5639.05040334036,0.3956560682207045,1064,10.0,9407,31,7036,1210,1064,45,8,12,,7133,1.0
candidate_platt|prestart_c0_o2|age30|release300,candidate_platt,prestart_c0_o2,prestart,0,2,30,300,100.0,419.0504033403409,319.0504033403409,5320.0,3.1905040334034087,0.059971880327131744,0.5,5639.05040334036,0.3956560682207045,1064,15.0,9407,31,7036,1210,1064,45,8,12,,7133,1.0
original_v1_raw|prestart_c0_o5|age1|release0,original_v1_raw,prestart_c0_o5,prestart,0,5,1,0,100.0,122.39028157542887,22.390281575428872,2810.0,0.22390281575428872,0.007968071735028068,18.04976883,2832.3902815754313,0.6596715428350951,562,10.0,9407,957,7233,611,562,24,8,12,,8234,
original_v1_raw|prestart_c0_o5|age1|release60,original_v1_raw,prestart_c0_o5,prestart,0,5,1,60,100.0,122.39028157542887,22.390281575428872,2810.0,0.22390281575428872,0.007968071735028068,18.04976883,2832.3902815754313,0.6596715428350951,562,10.0,9407,957,7233,611,562,24,8,12,,8234,
original_v1_raw|prestart_c0_o5|age1|release300,original_v1_raw,prestart_c0_o5,prestart,0,5,1,300,100.0,122.39028157542887,22.390281575428872,2810.0,0.22390281575428872,0.007968071735028068,18.04976883,2832.3902815754313,0.6596715428350951,562,15.0,9407,957,7233,611,562,24,8,12,,8234,
original_v1_raw|prestart_c0_o5|age5|release0,original_v1_raw,prestart_c0_o5,prestart,0,5,5,0,100.0,170.98333925496152,70.98333925496152,5915.0,0.7098333925496152,0.01200056454014565,24.912512480000007,5985.983339255,0.9098107101585244,1183,10.0,9407,44,7233,901,1183,24,8,12,,7323,2.0
original_v1_raw|prestart_c0_o5|age5|release60,original_v1_raw,prestart_c0_o5,prestart,0,5,5,60,100.0,170.98333925496152,70.98333925496152,5915.0,0.7098333925496152,0.01200056454014565,24.912512480000007,5985.983339255,0.9098107101585244,1183,10.0,9407,44,7233,901,1183,24,8,12,,7323,2.0
original_v1_raw|prestart_c0_o5|age5|release300,original_v1_raw,prestart_c0_o5,prestart,0,5,5,300,100.0,170.98333925496144,70.98333925496144,5915.0,0.7098333925496143,0.012000564540145637,24.912512480000007,5985.983339255,0.9098107101585244,1183,15.0,9407,44,7233,901,1183,24,8,12,,7323,2.0
original_v1_raw|prestart_c0_o5|age30|release0,original_v1_raw,prestart_c0_o5,prestart,0,5,30,0,100.0,4.046142622514331,-95.95385737748566,2110.0,-0.9595385737748566,-0.04547576179027756,24.912512480000007,2014.0461426225118,0.9766421648547802,422,10.0,9407,29,7233,903,422,24,8,12,774.0,7308,2.0
original_v1_raw|prestart_c0_o5|age30|release60,original_v1_raw,prestart_c0_o5,prestart,0,5,30,60,100.0,4.046142622514331,-95.95385737748566,2110.0,-0.9595385737748566,-0.04547576179027756,24.912512480000007,2014.0461426225118,0.9766421648547802,422,10.0,9407,29,7233,903,422,24,8,12,774.0,7308,2.0
original_v1_raw|prestart_c0_o5|age30|release300,original_v1_raw,prestart_c0_o5,prestart,0,5,30,300,100.0,4.046142622514331,-95.95385737748566,2110.0,-0.9595385737748566,-0.04547576179027756,24.912512480000007,2014.0461426225118,0.9766421648547802,422,15.0,9407,29,7233,903,422,24,8,12,774.0,7308,2.0
original_v1_platt|prestart_c0_o5|age1|release0,original_v1_platt,prestart_c0_o5,prestart,0,5,1,0,100.0,113.65003183183899,13.650031831838987,2405.0,0.13650031831838988,0.005675688911367562,0.0,2418.650031831837,0.6857408817585755,481,10.0,9407,957,7233,692,481,24,8,12,,8234,
original_v1_platt|prestart_c0_o5|age1|release60,original_v1_platt,prestart_c0_o5,prestart,0,5,1,60,100.0,113.65003183183899,13.650031831838987,2405.0,0.13650031831838988,0.005675688911367562,0.0,2418.650031831837,0.6857408817585755,481,10.0,9407,957,7233,692,481,24,8,12,,8234,
original_v1_platt|prestart_c0_o5|age1|release300,original_v1_platt,prestart_c0_o5,prestart,0,5,1,300,100.0,113.65003183183899,13.650031831838987,2405.0,0.13650031831838988,0.005675688911367562,0.0,2418.650031831837,0.6857408817585755,481,15.0,9407,957,7233,692,481,24,8,12,,8234,
original_v1_platt|prestart_c0_o5|age5|release0,original_v1_platt,prestart_c0_o5,prestart,0,5,5,0,100.0,1.2626878056498825,-98.73731219435012,1280.0,-0.9873731219435012,-0.07713852515183603,0.0,1181.2626878056487,0.9912522815109733,256,10.0,9407,44,7233,1065,256,24,8,12,763.0,7323,2.0
original_v1_platt|prestart_c0_o5|age5|release60,original_v1_platt,prestart_c0_o5,prestart,0,5,5,60,100.0,1.2626878056498825,-98.73731219435012,1280.0,-0.9873731219435012,-0.07713852515183603,0.0,1181.2626878056487,0.9912522815109733,256,10.0,9407,44,7233,1065,256,24,8,12,763.0,7323,2.0
original_v1_platt|prestart_c0_o5|age5|release300,original_v1_platt,prestart_c0_o5,prestart,0,5,5,300,100.0,1.2706910069303952,-98.72930899306961,1320.0,-0.9872930899306961,-0.07479493105535577,0.0,1221.2706910069292,0.9911968364900428,264,15.0,9407,44,7233,1065,264,24,8,12,755.0,7323,2.0
original_v1_platt|prestart_c0_o5|age30|release0,original_v1_platt,prestart_c0_o5,prestart,0,5,30,0,100.0,1.4587662370224237,-98.54123376297758,1270.0,-0.9854123376297759,-0.07759152264801385,0.0,1171.4587662370213,0.9898938784981762,254,10.0,9407,29,7233,1066,254,24,8,12,779.0,7308,2.0
original_v1_platt|prestart_c0_o5|age30|release60,original_v1_platt,prestart_c0_o5,prestart,0,5,30,60,100.0,1.4587662370224237,-98.54123376297758,1270.0,-0.9854123376297759,-0.07759152264801385,0.0,1171.4587662370213,0.9898938784981762,254,10.0,9407,29,7233,1066,254,24,8,12,779.0,7308,2.0
original_v1_platt|prestart_c0_o5|age30|release300,original_v1_platt,prestart_c0_o5,prestart,0,5,30,300,100.0,1.4587662370224237,-98.54123376297758,1270.0,-0.9854123376297759,-0.07759152264801385,0.0,1171.4587662370213,0.9898938784981762,254,15.0,9407,29,7233,1066,254,24,8,12,779.0,7308,2.0
candidate_raw|prestart_c0_o5|age1|release0,candidate_raw,prestart_c0_o5,prestart,0,5,1,0,100.0,256.8480685850018,156.84806858500178,2180.0,1.5684806858500178,0.071948655314221,0.0,2336.8480685849986,0.39879117611055037,436,10.0,9407,957,7233,737,436,24,8,12,,8234,
candidate_raw|prestart_c0_o5|age1|release60,candidate_raw,prestart_c0_o5,prestart,0,5,1,60,100.0,256.8480685850018,156.84806858500178,2180.0,1.5684806858500178,0.071948655314221,0.0,2336.8480685849986,0.39879117611055037,436,10.0,9407,957,7233,737,436,24,8,12,,8234,
candidate_raw|prestart_c0_o5|age1|release300,candidate_raw,prestart_c0_o5,prestart,0,5,1,300,100.0,256.8480685850018,156.84806858500178,2180.0,1.5684806858500178,0.071948655314221,0.0,2336.8480685849986,0.39879117611055037,436,15.0,9407,957,7233,737,436,24,8,12,,8234,
candidate_raw|prestart_c0_o5|age5|release0,candidate_raw,prestart_c0_o5,prestart,0,5,5,0,100.0,419.1390399479068,319.1390399479068,4815.0,3.1913903994790678,0.06628017444400972,0.5,5134.139039947923,0.35046437315678947,963,10.0,9407,44,7233,1121,963,24,8,12,,7323,2.0
candidate_raw|prestart_c0_o5|age5|release60,candidate_raw,prestart_c0_o5,prestart,0,5,5,60,100.0,419.1390399479068,319.1390399479068,4815.0,3.1913903994790678,0.06628017444400972,0.5,5134.139039947923,0.35046437315678947,963,10.0,9407,44,7233,1121,963,24,8,12,,7323,2.0
candidate_raw|prestart_c0_o5|age5|release300,candidate_raw,prestart_c0_o5,prestart,0,5,5,300,100.0,419.1390399479068,319.1390399479068,4815.0,3.1913903994790678,0.06628017444400972,0.5,5134.139039947923,0.35046437315678947,963,15.0,9407,44,7233,1121,963,24,8,12,,7323,2.0
candidate_raw|prestart_c0_o5|age30|release0,candidate_raw,prestart_c0_o5,prestart,0,5,30,0,100.0,423.94296151653424,323.94296151653424,4870.0,3.2394296151653426,0.06651806191304604,0.5,5193.942961516552,0.3559602271027007,974,10.0,9407,29,7233,1125,974,24,8,12,,7308,2.0
candidate_raw|prestart_c0_o5|age30|release60,candidate_raw,prestart_c0_o5,prestart,0,5,30,60,100.0,423.94296151653424,323.94296151653424,4870.0,3.2394296151653426,0.06651806191304604,0.5,5193.942961516552,0.3559602271027007,974,10.0,9407,29,7233,1125,974,24,8,12,,7308,2.0
candidate_raw|prestart_c0_o5|age30|release300,candidate_raw,prestart_c0_o5,prestart,0,5,30,300,100.0,423.94296151653424,323.94296151653424,4870.0,3.2394296151653426,0.06651806191304604,0.5,5193.942961516552,0.3559602271027007,974,15.0,9407,29,7233,1125,974,24,8,12,,7308,2.0
candidate_platt|prestart_c0_o5|age1|release0,candidate_platt,prestart_c0_o5,prestart,0,5,1,0,100.0,229.39708819284465,129.39708819284465,2230.0,1.2939708819284466,0.05802560008647742,0.0,2359.397088192842,0.5586634450396696,446,10.0,9407,957,7233,727,446,24,8,12,,8234,
candidate_platt|prestart_c0_o5|age1|release60,candidate_platt,prestart_c0_o5,prestart,0,5,1,60,100.0,229.39708819284465,129.39708819284465,2230.0,1.2939708819284466,0.05802560008647742,0.0,2359.397088192842,0.5586634450396696,446,10.0,9407,957,7233,727,446,24,8,12,,8234,
candidate_platt|prestart_c0_o5|age1|release300,candidate_platt,prestart_c0_o5,prestart,0,5,1,300,100.0,229.39708819284465,129.39708819284465,2230.0,1.2939708819284466,0.05802560008647742,0.0,2359.397088192842,0.5586634450396696,446,15.0,9407,957,7233,727,446,24,8,12,,8234,
candidate_platt|prestart_c0_o5|age5|release0,candidate_platt,prestart_c0_o5,prestart,0,5,5,0,100.0,405.4286675551177,305.4286675551177,4885.0,3.054286675551177,0.0625237804616413,0.5,5190.428667555133,0.4012863717198395,977,10.0,9407,44,7233,1107,977,24,8,12,,7323,2.0
candidate_platt|prestart_c0_o5|age5|release60,candidate_platt,prestart_c0_o5,prestart,0,5,5,60,100.0,405.4286675551177,305.4286675551177,4885.0,3.054286675551177,0.0625237804616413,0.5,5190.428667555133,0.4012863717198395,977,10.0,9407,44,7233,1107,977,24,8,12,,7323,2.0
candidate_platt|prestart_c0_o5|age5|release300,candidate_platt,prestart_c0_o5,prestart,0,5,5,300,100.0,405.4286675551177,305.4286675551177,4885.0,3.054286675551177,0.0625237804616413,0.5,5190.428667555133,0.4012863717198395,977,15.0,9407,44,7233,1107,977,24,8,12,,7323,2.0
candidate_platt|prestart_c0_o5|age30|release0,candidate_platt,prestart_c0_o5,prestart,0,5,30,0,100.0,405.2325891237452,305.2325891237452,4955.0,3.052325891237452,0.06160092616019076,0.5,5260.2325891237615,0.42580293363798377,991,10.0,9407,29,7233,1108,991,24,8,12,,7308,2.0
candidate_platt|prestart_c0_o5|age30|release60,candidate_platt,prestart_c0_o5,prestart,0,5,30,60,100.0,405.2325891237452,305.2325891237452,4955.0,3.052325891237452,0.06160092616019076,0.5,5260.2325891237615,0.42580293363798377,991,10.0,9407,29,7233,1108,991,24,8,12,,7308,2.0
candidate_platt|prestart_c0_o5|age30|release300,candidate_platt,prestart_c0_o5,prestart,0,5,30,300,100.0,405.2325891237452,305.2325891237452,4955.0,3.052325891237452,0.06160092616019076,0.5,5260.2325891237615,0.42580293363798377,991,15.0,9407,29,7233,1108,991,24,8,12,,7308,2.0
original_v1_raw|prestart_c15_o0|age1|release0,original_v1_raw,prestart_c15_o0,prestart,15,0,1,0,100.0,206.56665465824668,106.56665465824668,970.0,1.0656665465824668,0.10986253057551204,5.343135519999999,1076.5666546582452,0.2551587406150965,194,10.0,9407,1547,7427,195,194,24,8,12,,9018,
original_v1_raw|prestart_c15_o0|age1|release60,original_v1_raw,prestart_c15_o0,prestart,15,0,1,60,100.0,206.56665465824668,106.56665465824668,970.0,1.0656665465824668,0.10986253057551204,5.343135519999999,1076.5666546582452,0.2551587406150965,194,10.0,9407,1547,7427,195,194,24,8,12,,9018,
original_v1_raw|prestart_c15_o0|age1|release300,original_v1_raw,prestart_c15_o0,prestart,15,0,1,300,100.0,206.56665465824668,106.56665465824668,970.0,1.0656665465824668,0.10986253057551204,5.343135519999999,1076.5666546582452,0.2551587406150965,194,15.0,9407,1547,7427,195,194,24,8,12,,9018,
original_v1_raw|prestart_c15_o0|age5|release0,original_v1_raw,prestart_c15_o0,prestart,15,0,5,0,100.0,2.54023822045351,-97.45976177954648,1520.0,-0.9745976177954648,-0.064118264328649,21.490190620000003,1422.5402382204522,0.9847923614960912,304,10.0,9407,204,7427,752,304,24,8,12,676.0,7675,
original_v1_raw|prestart_c15_o0|age5|release60,original_v1_raw,prestart_c15_o0,prestart,15,0,5,60,100.0,2.54023822045351,-97.45976177954648,1520.0,-0.9745976177954648,-0.064118264328649,21.490190620000003,1422.5402382204522,0.9847923614960912,304,10.0,9407,204,7427,752,304,24,8,12,676.0,7675,
original_v1_raw|prestart_c15_o0|age5|release300,original_v1_raw,prestart_c15_o0,prestart,15,0,5,300,100.0,4.299529492518012,-95.70047050748198,4130.0,-0.9570047050748198,-0.02317202675725956,21.490190620000003,4034.2995294925336,0.9742600163509724,826,15.0,9407,204,7427,752,826,24,8,12,154.0,7675,
original_v1_raw|prestart_c15_o0|age30|release0,original_v1_raw,prestart_c15_o0,prestart,15,0,30,0,100.0,194.0645644421029,94.06456444210289,5450.0,0.9406456444210289,0.017259553108642734,22.451728580000008,5544.064564442136,0.8193345861504229,1090,10.0,9407,24,7427,820,1090,24,8,12,,7497,2.0
original_v1_raw|prestart_c15_o0|age30|release60,original_v1_raw,prestart_c15_o0,prestart,15,0,30,60,100.0,194.0645644421029,94.06456444210289,5450.0,0.9406456444210289,0.017259553108642734,22.451728580000008,5544.064564442136,0.8193345861504229,1090,10.0,9407,24,7427,820,1090,24,8,12,,7497,2.0
original_v1_raw|prestart_c15_o0|age30|release300,original_v1_raw,prestart_c15_o0,prestart,15,0,30,300,100.0,194.0645644421029,94.06456444210289,5450.0,0.9406456444210289,0.017259553108642734,22.451728580000008,5544.064564442136,0.8193345861504229,1090,15.0,9407,24,7427,820,1090,24,8,12,,7497,2.0
original_v1_platt|prestart_c15_o0|age1|release0,original_v1_platt,prestart_c15_o0,prestart,15,0,1,0,100.0,170.38128161903091,70.38128161903091,795.0,0.7038128161903091,0.08852991398620241,0.0,865.38128161903,0.23005150316662154,159,10.0,9407,1547,7427,230,159,24,8,12,,9018,
original_v1_platt|prestart_c15_o0|age1|release60,original_v1_platt,prestart_c15_o0,prestart,15,0,1,60,100.0,170.38128161903091,70.38128161903091,795.0,0.7038128161903091,0.08852991398620241,0.0,865.38128161903,0.23005150316662154,159,10.0,9407,1547,7427,230,159,24,8,12,,9018,
original_v1_platt|prestart_c15_o0|age1|release300,original_v1_platt,prestart_c15_o0,prestart,15,0,1,300,100.0,170.38128161903091,70.38128161903091,795.0,0.7038128161903091,0.08852991398620241,0.0,865.38128161903,0.23005150316662154,159,15.0,9407,1547,7427,230,159,24,8,12,,9018,
original_v1_platt|prestart_c15_o0|age5|release0,original_v1_platt,prestart_c15_o0,prestart,15,0,5,0,100.0,2.918734487421723,-97.08126551257828,1050.0,-0.9708126551257829,-0.09245834810721741,0.0,952.9187344874211,0.9798633557305256,210,10.0,9407,204,7427,894,210,24,8,12,628.0,7675,
original_v1_platt|prestart_c15_o0|age5|release60,original_v1_platt,prestart_c15_o0,prestart,15,0,5,60,100.0,2.918734487421723,-97.08126551257828,1050.0,-0.9708126551257829,-0.09245834810721741,0.0,952.9187344874211,0.9798633557305256,210,10.0,9407,204,7427,894,210,24,8,12,628.0,7675,
original_v1_platt|prestart_c15_o0|age5|release300,original_v1_platt,prestart_c15_o0,prestart,15,0,5,300,100.0,2.918734487421723,-97.08126551257828,1050.0,-0.9708126551257829,-0.09245834810721741,0.0,952.9187344874211,0.9798633557305256,210,15.0,9407,204,7427,894,210,24,8,12,628.0,7675,
original_v1_platt|prestart_c15_o0|age30|release0,original_v1_platt,prestart_c15_o0,prestart,15,0,30,0,100.0,1.5047314246587717,-98.49526857534123,3835.0,-0.9849526857534123,-0.02568325125823761,0.0,3736.5047314246694,0.9905575516422747,767,10.0,9407,24,7427,971,767,24,8,12,172.0,7497,2.0
original_v1_platt|prestart_c15_o0|age30|release60,original_v1_platt,prestart_c15_o0,prestart,15,0,30,60,100.0,1.5047314246587717,-98.49526857534123,3835.0,-0.9849526857534123,-0.02568325125823761,0.0,3736.5047314246694,0.9905575516422747,767,10.0,9407,24,7427,971,767,24,8,12,172.0,7497,2.0
original_v1_platt|prestart_c15_o0|age30|release300,original_v1_platt,prestart_c15_o0,prestart,15,0,30,300,100.0,1.5047314246587717,-98.49526857534123,3835.0,-0.9849526857534123,-0.02568325125823761,0.0,3736.5047314246694,0.9905575516422747,767,15.0,9407,24,7427,971,767,24,8,12,172.0,7497,2.0
candidate_raw|prestart_c15_o0|age1|release0,candidate_raw,prestart_c15_o0,prestart,15,0,1,0,100.0,187.70782423607756,87.70782423607756,780.0,0.8770782423607756,0.11244592850779174,0.5,867.7078242360768,0.3392021467443464,156,10.0,9407,1547,7427,233,156,24,8,12,,9018,
candidate_raw|prestart_c15_o0|age1|release60,candidate_raw,prestart_c15_o0,prestart,15,0,1,60,100.0,187.70782423607756,87.70782423607756,780.0,0.8770782423607756,0.11244592850779174,0.5,867.7078242360768,0.3392021467443464,156,10.0,9407,1547,7427,233,156,24,8,12,,9018,
candidate_raw|prestart_c15_o0|age1|release300,candidate_raw,prestart_c15_o0,prestart,15,0,1,300,100.0,187.70782423607756,87.70782423607756,780.0,0.8770782423607756,0.11244592850779174,0.5,867.7078242360768,0.3392021467443464,156,15.0,9407,1547,7427,233,156,24,8,12,,9018,
candidate_raw|prestart_c15_o0|age5|release0,candidate_raw,prestart_c15_o0,prestart,15,0,5,0,100.0,263.80726745595274,163.80726745595274,3970.0,1.6380726745595273,0.041261276437267694,0.5,4133.807267455958,0.8112939229391726,794,10.0,9407,204,7427,938,794,24,8,12,,7675,
candidate_raw|prestart_c15_o0|age5|release60,candidate_raw,prestart_c15_o0,prestart,15,0,5,60,100.0,263.80726745595274,163.80726745595274,3970.0,1.6380726745595273,0.041261276437267694,0.5,4133.807267455958,0.8112939229391726,794,10.0,9407,204,7427,938,794,24,8,12,,7675,
candidate_raw|prestart_c15_o0|age5|release300,candidate_raw,prestart_c15_o0,prestart,15,0,5,300,100.0,263.80726745595274,163.80726745595274,3970.0,1.6380726745595273,0.041261276437267694,0.5,4133.807267455958,0.8112939229391726,794,15.0,9407,204,7427,938,794,24,8,12,,7675,
candidate_raw|prestart_c15_o0|age30|release0,candidate_raw,prestart_c15_o0,prestart,15,0,30,0,100.0,375.105524989736,275.105524989736,4405.0,2.75105524989736,0.06245301361855528,0.5,4680.105524989745,0.36368992039826203,881,10.0,9407,24,7427,1029,881,24,8,12,,7497,2.0
candidate_raw|prestart_c15_o0|age30|release60,candidate_raw,prestart_c15_o0,prestart,15,0,30,60,100.0,375.105524989736,275.105524989736,4405.0,2.75105524989736,0.06245301361855528,0.5,4680.105524989745,0.36368992039826203,881,10.0,9407,24,7427,1029,881,24,8,12,,7497,2.0
candidate_raw|prestart_c15_o0|age30|release300,candidate_raw,prestart_c15_o0,prestart,15,0,30,300,100.0,375.105524989736,275.105524989736,4405.0,2.75105524989736,0.06245301361855528,0.5,4680.105524989745,0.36368992039826203,881,15.0,9407,24,7427,1029,881,24,8,12,,7497,2.0
candidate_platt|prestart_c15_o0|age1|release0,candidate_platt,prestart_c15_o0,prestart,15,0,1,0,100.0,199.08837645696588,99.08837645696588,770.0,0.9908837645696588,0.12868620319086477,0.5,869.0883764569651,0.4117799471031084,154,10.0,9407,1547,7427,235,154,24,8,12,,9018,
candidate_platt|prestart_c15_o0|age1|release60,candidate_platt,prestart_c15_o0,prestart,15,0,1,60,100.0,199.08837645696588,99.08837645696588,770.0,0.9908837645696588,0.12868620319086477,0.5,869.0883764569651,0.4117799471031084,154,10.0,9407,1547,7427,235,154,24,8,12,,9018,
candidate_platt|prestart_c15_o0|age1|release300,candidate_platt,prestart_c15_o0,prestart,15,0,1,300,100.0,199.08837645696588,99.08837645696588,770.0,0.9908837645696588,0.12868620319086477,0.5,869.0883764569651,0.4117799471031084,154,15.0,9407,1547,7427,235,154,24,8,12,,9018,
candidate_platt|prestart_c15_o0|age5|release0,candidate_platt,prestart_c15_o0,prestart,15,0,5,0,100.0,253.5433505684427,153.5433505684427,4025.0,1.5354335056844268,0.03814741629029632,0.5,4178.543350568447,0.9548604616942845,805,10.0,9407,204,7427,926,805,24,8,12,1.0,7675,
candidate_platt|prestart_c15_o0|age5|release60,candidate_platt,prestart_c15_o0,prestart,15,0,5,60,100.0,253.5433505684427,153.5433505684427,4025.0,1.5354335056844268,0.03814741629029632,0.5,4178.543350568447,0.9548604616942845,805,10.0,9407,204,7427,926,805,24,8,12,1.0,7675,
candidate_platt|prestart_c15_o0|age5|release300,candidate_platt,prestart_c15_o0,prestart,15,0,5,300,100.0,253.54335056844275,153.54335056844275,4025.0,1.5354335056844275,0.03814741629029633,0.5,4178.543350568447,0.9548604616942845,805,15.0,9407,204,7427,926,805,24,8,12,1.0,7675,
candidate_platt|prestart_c15_o0|age30|release0,candidate_platt,prestart_c15_o0,prestart,15,0,30,0,100.0,380.23376496497116,280.23376496497116,4485.0,2.8023376496497114,0.06248244480824329,0.5,4765.233764964979,0.44130280347336387,897,10.0,9407,24,7427,1013,897,24,8,12,,7497,2.0
candidate_platt|prestart_c15_o0|age30|release60,candidate_platt,prestart_c15_o0,prestart,15,0,30,60,100.0,380.23376496497116,280.23376496497116,4485.0,2.8023376496497114,0.06248244480824329,0.5,4765.233764964979,0.44130280347336387,897,10.0,9407,24,7427,1013,897,24,8,12,,7497,2.0
candidate_platt|prestart_c15_o0|age30|release300,candidate_platt,prestart_c15_o0,prestart,15,0,30,300,100.0,380.23376496497116,280.23376496497116,4485.0,2.8023376496497114,0.06248244480824329,0.5,4765.233764964979,0.44130280347336387,897,15.0,9407,24,7427,1013,897,24,8,12,,7497,2.0
original_v1_raw|prestart_c15_o1|age1|release0,original_v1_raw,prestart_c15_o1,prestart,15,1,1,0,100.0,179.6681761447092,79.66817614470921,1175.0,0.796681761447092,0.06780270310188018,5.843135599999998,1254.6681761447069,0.3467498888311754,235,10.0,9407,1406,7454,271,235,21,8,12,,8901,
original_v1_raw|prestart_c15_o1|age1|release60,original_v1_raw,prestart_c15_o1,prestart,15,1,1,60,100.0,179.6681761447092,79.66817614470921,1175.0,0.796681761447092,0.06780270310188018,5.843135599999998,1254.6681761447069,0.3467498888311754,235,10.0,9407,1406,7454,271,235,21,8,12,,8901,
original_v1_raw|prestart_c15_o1|age1|release300,original_v1_raw,prestart_c15_o1,prestart,15,1,1,300,100.0,179.6681761447092,79.66817614470921,1175.0,0.796681761447092,0.06780270310188018,5.843135599999998,1254.6681761447069,0.3467498888311754,235,15.0,9407,1406,7454,271,235,21,8,12,,8901,
original_v1_raw|prestart_c15_o1|age5|release0,original_v1_raw,prestart_c15_o1,prestart,15,1,5,0,100.0,153.0851613862503,53.08516138625029,4800.0,0.5308516138625029,0.011059408622135477,20.490190620000003,4853.085161386275,0.8581562549264506,960,10.0,9407,216,7454,736,960,21,8,12,,7711,
original_v1_raw|prestart_c15_o1|age5|release60,original_v1_raw,prestart_c15_o1,prestart,15,1,5,60,100.0,153.0851613862503,53.08516138625029,4800.0,0.5308516138625029,0.011059408622135477,20.490190620000003,4853.085161386275,0.8581562549264506,960,10.0,9407,216,7454,736,960,21,8,12,,7711,
original_v1_raw|prestart_c15_o1|age5|release300,original_v1_raw,prestart_c15_o1,prestart,15,1,5,300,100.0,153.08516138625026,53.08516138625026,4800.0,0.5308516138625027,0.011059408622135471,20.490190620000003,4853.085161386275,0.8581562549264508,960,15.0,9407,216,7454,736,960,21,8,12,,7711,
original_v1_raw|prestart_c15_o1|age30|release0,original_v1_raw,prestart_c15_o1,prestart,15,1,30,0,100.0,175.33809385386752,75.33809385386752,5380.0,0.7533809385386752,0.014003363169863852,21.951728580000008,5455.3380938538985,0.9022470292339521,1076,10.0,9407,24,7454,810,1076,21,8,12,,7521,2.0
original_v1_raw|prestart_c15_o1|age30|release60,original_v1_raw,prestart_c15_o1,prestart,15,1,30,60,100.0,175.33809385386752,75.33809385386752,5380.0,0.7533809385386752,0.014003363169863852,21.951728580000008,5455.3380938538985,0.9022470292339521,1076,10.0,9407,24,7454,810,1076,21,8,12,,7521,2.0
original_v1_raw|prestart_c15_o1|age30|release300,original_v1_raw,prestart_c15_o1,prestart,15,1,30,300,100.0,175.33809385386752,75.33809385386752,5380.0,0.7533809385386752,0.014003363169863852,21.951728580000008,5455.3380938538985,0.9022470292339521,1076,15.0,9407,24,7454,810,1076,21,8,12,,7521,2.0
original_v1_platt|prestart_c15_o1|age1|release0,original_v1_platt,prestart_c15_o1,prestart,15,1,1,0,100.0,168.82322542826878,68.82322542826878,995.0,0.6882322542826879,0.06916907078217968,0.0,1063.8232254282673,0.28869044807920985,199,10.0,9407,1406,7454,307,199,21,8,12,,8901,
original_v1_platt|prestart_c15_o1|age1|release60,original_v1_platt,prestart_c15_o1,prestart,15,1,1,60,100.0,168.82322542826878,68.82322542826878,995.0,0.6882322542826879,0.06916907078217968,0.0,1063.8232254282673,0.28869044807920985,199,10.0,9407,1406,7454,307,199,21,8,12,,8901,
original_v1_platt|prestart_c15_o1|age1|release300,original_v1_platt,prestart_c15_o1,prestart,15,1,1,300,100.0,168.82322542826878,68.82322542826878,995.0,0.6882322542826879,0.06916907078217968,0.0,1063.8232254282673,0.28869044807920985,199,15.0,9407,1406,7454,307,199,21,8,12,,8901,
original_v1_platt|prestart_c15_o1|age5|release0,original_v1_platt,prestart_c15_o1,prestart,15,1,5,0,100.0,1.0882733160159432,-98.91172668398406,3410.0,-0.9891172668398406,-0.029006371461578903,0.0,3311.0882733160215,0.9922345232020929,682,10.0,9407,216,7454,873,682,21,8,12,141.0,7711,
original_v1_platt|prestart_c15_o1|age5|release60,original_v1_platt,prestart_c15_o1,prestart,15,1,5,60,100.0,1.0882733160159432,-98.91172668398406,3410.0,-0.9891172668398406,-0.029006371461578903,0.0,3311.0882733160215,0.9922345232020929,682,10.0,9407,216,7454,873,682,21,8,12,141.0,7711,
original_v1_platt|prestart_c15_o1|age5|release300,original_v1_platt,prestart_c15_o1,prestart,15,1,5,300,100.0,1.0882733160159432,-98.91172668398406,3410.0,-0.9891172668398406,-0.029006371461578903,0.0,3311.0882733160215,0.9922345232020929,682,15.0,9407,216,7454,873,682,21,8,12,141.0,7711,
original_v1_platt|prestart_c15_o1|age30|release0,original_v1_platt,prestart_c15_o1,prestart,15,1,30,0,100.0,2.7782608364234065,-97.22173916357659,3775.0,-0.9722173916357658,-0.025754103089689163,0.0,3677.7782608364328,0.9820240426295574,755,10.0,9407,24,7454,956,755,21,8,12,175.0,7521,2.0
original_v1_platt|prestart_c15_o1|age30|release60,original_v1_platt,prestart_c15_o1,prestart,15,1,30,60,100.0,2.7782608364234065,-97.22173916357659,3775.0,-0.9722173916357658,-0.025754103089689163,0.0,3677.7782608364328,0.9820240426295574,755,10.0,9407,24,7454,956,755,21,8,12,175.0,7521,2.0
original_v1_platt|prestart_c15_o1|age30|release300,original_v1_platt,prestart_c15_o1,prestart,15,1,30,300,100.0,2.7782608364234065,-97.22173916357659,3775.0,-0.9722173916357658,-0.025754103089689163,0.0,3677.7782608364328,0.9820240426295574,755,15.0,9407,24,7454,956,755,21,8,12,175.0,7521,2.0
candidate_raw|prestart_c15_o1|age1|release0,candidate_raw,prestart_c15_o1,prestart,15,1,1,0,100.0,277.74210608793464,177.74210608793464,1020.0,1.7774210608793464,0.1742569667528771,0.0,1197.7421060879335,0.16785548531647593,204,10.0,9407,1406,7454,302,204,21,8,12,,8901,
candidate_raw|prestart_c15_o1|age1|release60,candidate_raw,prestart_c15_o1,prestart,15,1,1,60,100.0,277.74210608793464,177.74210608793464,1020.0,1.7774210608793464,0.1742569667528771,0.0,1197.7421060879335,0.16785548531647593,204,10.0,9407,1406,7454,302,204,21,8,12,,8901,
candidate_raw|prestart_c15_o1|age1|release300,candidate_raw,prestart_c15_o1,prestart,15,1,1,300,100.0,277.74210608793464,177.74210608793464,1020.0,1.7774210608793464,0.1742569667528771,0.0,1197.7421060879335,0.16785548531647593,204,15.0,9407,1406,7454,302,204,21,8,12,,8901,
candidate_raw|prestart_c15_o1|age5|release0,candidate_raw,prestart_c15_o1,prestart,15,1,5,0,100.0,254.42009928099043,154.42009928099043,3900.0,1.5442009928099043,0.039594897251536004,0.5,4054.4200992809947,0.6685537594264925,780,10.0,9407,216,7454,916,780,21,8,12,,7711,
candidate_raw|prestart_c15_o1|age5|release60,candidate_raw,prestart_c15_o1,prestart,15,1,5,60,100.0,254.42009928099043,154.42009928099043,3900.0,1.5442009928099043,0.039594897251536004,0.5,4054.4200992809947,0.6685537594264925,780,10.0,9407,216,7454,916,780,21,8,12,,7711,
candidate_raw|prestart_c15_o1|age5|release300,candidate_raw,prestart_c15_o1,prestart,15,1,5,300,100.0,254.42009928099043,154.42009928099043,3900.0,1.5442009928099043,0.039594897251536004,0.5,4054.4200992809947,0.6685537594264925,780,15.0,9407,216,7454,916,780,21,8,12,,7711,
candidate_raw|prestart_c15_o1|age30|release0,candidate_raw,prestart_c15_o1,prestart,15,1,30,0,100.0,360.7108153366439,260.7108153366439,4360.0,2.6071081533664393,0.05979605856345044,0.5,4620.710815336653,0.38652715718184055,872,10.0,9407,24,7454,1014,872,21,8,12,,7521,2.0
candidate_raw|prestart_c15_o1|age30|release60,candidate_raw,prestart_c15_o1,prestart,15,1,30,60,100.0,360.7108153366439,260.7108153366439,4360.0,2.6071081533664393,0.05979605856345044,0.5,4620.710815336653,0.38652715718184055,872,10.0,9407,24,7454,1014,872,21,8,12,,7521,2.0
candidate_raw|prestart_c15_o1|age30|release300,candidate_raw,prestart_c15_o1,prestart,15,1,30,300,100.0,360.7108153366439,260.7108153366439,4360.0,2.6071081533664393,0.05979605856345044,0.5,4620.710815336653,0.38652715718184055,872,15.0,9407,24,7454,1014,872,21,8,12,,7521,2.0
candidate_platt|prestart_c15_o1|age1|release0,candidate_platt,prestart_c15_o1,prestart,15,1,1,0,100.0,288.72249824479735,188.72249824479735,1020.0,1.8872249824479734,0.1850220571027425,0.0,1208.7224982447963,0.1624416308514345,204,10.0,9407,1406,7454,302,204,21,8,12,,8901,
candidate_platt|prestart_c15_o1|age1|release60,candidate_platt,prestart_c15_o1,prestart,15,1,1,60,100.0,288.72249824479735,188.72249824479735,1020.0,1.8872249824479734,0.1850220571027425,0.0,1208.7224982447963,0.1624416308514345,204,10.0,9407,1406,7454,302,204,21,8,12,,8901,
candidate_platt|prestart_c15_o1|age1|release300,candidate_platt,prestart_c15_o1,prestart,15,1,1,300,100.0,288.72249824479735,188.72249824479735,1020.0,1.8872249824479734,0.1850220571027425,0.0,1208.7224982447963,0.1624416308514345,204,15.0,9407,1406,7454,302,204,21,8,12,,8901,
candidate_platt|prestart_c15_o1|age5|release0,candidate_platt,prestart_c15_o1,prestart,15,1,5,0,100.0,273.56794709936287,173.56794709936287,3975.0,1.7356794709936287,0.043664892352040977,0.5,4148.567947099367,0.6825688299296642,795,10.0,9407,216,7454,901,795,21,8,12,,7711,
candidate_platt|prestart_c15_o1|age5|release60,candidate_platt,prestart_c15_o1,prestart,15,1,5,60,100.0,273.56794709936287,173.56794709936287,3975.0,1.7356794709936287,0.043664892352040977,0.5,4148.567947099367,0.6825688299296642,795,10.0,9407,216,7454,901,795,21,8,12,,7711,
candidate_platt|prestart_c15_o1|age5|release300,candidate_platt,prestart_c15_o1,prestart,15,1,5,300,100.0,273.56794709936287,173.56794709936287,3975.0,1.7356794709936287,0.043664892352040977,0.5,4148.567947099367,0.6825688299296642,795,15.0,9407,216,7454,901,795,21,8,12,,7711,
candidate_platt|prestart_c15_o1|age30|release0,candidate_platt,prestart_c15_o1,prestart,15,1,30,0,100.0,375.6429768805066,275.6429768805066,4440.0,2.7564297688050656,0.062081751549663645,0.5,4715.642976880514,0.46929383595909085,888,10.0,9407,24,7454,998,888,21,8,12,,7521,2.0
candidate_platt|prestart_c15_o1|age30|release60,candidate_platt,prestart_c15_o1,prestart,15,1,30,60,100.0,375.6429768805066,275.6429768805066,4440.0,2.7564297688050656,0.062081751549663645,0.5,4715.642976880514,0.46929383595909085,888,10.0,9407,24,7454,998,888,21,8,12,,7521,2.0
candidate_platt|prestart_c15_o1|age30|release300,candidate_platt,prestart_c15_o1,prestart,15,1,30,300,100.0,375.6429768805066,275.6429768805066,4440.0,2.7564297688050656,0.062081751549663645,0.5,4715.642976880514,0.46929383595909085,888,15.0,9407,24,7454,998,888,21,8,12,,7521,2.0
original_v1_raw|prestart_c15_o2|age1|release0,original_v1_raw,prestart_c15_o2,prestart,15,2,1,0,100.0,109.69167670214122,9.691676702141223,1475.0,0.09691676702141222,0.006570628272638117,8.764703319999999,1484.691676702138,0.6602469186158489,295,10.0,9407,1282,7472,318,295,20,8,12,,8794,
original_v1_raw|prestart_c15_o2|age1|release60,original_v1_raw,prestart_c15_o2,prestart,15,2,1,60,100.0,109.69167670214122,9.691676702141223,1475.0,0.09691676702141222,0.006570628272638117,8.764703319999999,1484.691676702138,0.6602469186158489,295,10.0,9407,1282,7472,318,295,20,8,12,,8794,
original_v1_raw|prestart_c15_o2|age1|release300,original_v1_raw,prestart_c15_o2,prestart,15,2,1,300,100.0,109.69167670214122,9.691676702141223,1475.0,0.09691676702141222,0.006570628272638117,8.764703319999999,1484.691676702138,0.6602469186158489,295,15.0,9407,1282,7472,318,295,20,8,12,,8794,
original_v1_raw|prestart_c15_o2|age5|release0,original_v1_raw,prestart_c15_o2,prestart,15,2,5,0,100.0,242.86459719831151,142.86459719831151,4475.0,1.428645971983115,0.03192504965325397,19.990190620000003,4617.86459719833,0.5141577048303749,895,10.0,9407,287,7472,713,895,20,8,12,,7799,
original_v1_raw|prestart_c15_o2|age5|release60,original_v1_raw,prestart_c15_o2,prestart,15,2,5,60,100.0,242.86459719831151,142.86459719831151,4475.0,1.428645971983115,0.03192504965325397,19.990190620000003,4617.86459719833,0.5141577048303749,895,10.0,9407,287,7472,713,895,20,8,12,,7799,
original_v1_raw|prestart_c15_o2|age5|release300,original_v1_raw,prestart_c15_o2,prestart,15,2,5,300,100.0,242.86459719831151,142.86459719831151,4475.0,1.428645971983115,0.03192504965325397,19.990190620000003,4617.86459719833,0.5141577048303749,895,15.0,9407,287,7472,713,895,20,8,12,,7799,
original_v1_raw|prestart_c15_o2|age30|release0,original_v1_raw,prestart_c15_o2,prestart,15,2,30,0,100.0,200.51727391050582,100.51727391050582,5325.0,1.0051727391050582,0.01887648336347527,21.951728580000008,5425.5172739105365,0.7618539839470979,1065,10.0,9407,24,7472,804,1065,20,8,12,,7538,2.0
original_v1_raw|prestart_c15_o2|age30|release60,original_v1_raw,prestart_c15_o2,prestart,15,2,30,60,100.0,200.51727391050582,100.51727391050582,5325.0,1.0051727391050582,0.01887648336347527,21.951728580000008,5425.5172739105365,0.7618539839470979,1065,10.0,9407,24,7472,804,1065,20,8,12,,7538,2.0
original_v1_raw|prestart_c15_o2|age30|release300,original_v1_raw,prestart_c15_o2,prestart,15,2,30,300,100.0,200.51727391050582,100.51727391050582,5325.0,1.0051727391050582,0.01887648336347527,21.951728580000008,5425.5172739105365,0.761853983947098,1065,15.0,9407,24,7472,804,1065,20,8,12,,7538,2.0
original_v1_platt|prestart_c15_o2|age1|release0,original_v1_platt,prestart_c15_o2,prestart,15,2,1,0,100.0,94.49497355734474,-5.505026442655264,1245.0,-0.05505026442655264,-0.004421707986068485,0.0,1239.4949735573425,0.5701013000585422,249,10.0,9407,1282,7472,364,249,20,8,12,,8794,
original_v1_platt|prestart_c15_o2|age1|release60,original_v1_platt,prestart_c15_o2,prestart,15,2,1,60,100.0,94.49497355734474,-5.505026442655264,1245.0,-0.05505026442655264,-0.004421707986068485,0.0,1239.4949735573425,0.5701013000585422,249,10.0,9407,1282,7472,364,249,20,8,12,,8794,
original_v1_platt|prestart_c15_o2|age1|release300,original_v1_platt,prestart_c15_o2,prestart,15,2,1,300,100.0,94.49497355734474,-5.505026442655264,1245.0,-0.05505026442655264,-0.004421707986068485,0.0,1239.4949735573425,0.5701013000585422,249,15.0,9407,1282,7472,364,249,20,8,12,,8794,
original_v1_platt|prestart_c15_o2|age5|release0,original_v1_platt,prestart_c15_o2,prestart,15,2,5,0,100.0,196.48044054086205,96.48044054086205,3835.0,0.9648044054086204,0.025157872370498578,0.0,3931.48044054087,0.5666059708461897,767,10.0,9407,287,7472,841,767,20,8,12,,7799,
original_v1_platt|prestart_c15_o2|age5|release60,original_v1_platt,prestart_c15_o2,prestart,15,2,5,60,100.0,196.48044054086205,96.48044054086205,3835.0,0.9648044054086204,0.025157872370498578,0.0,3931.48044054087,0.5666059708461897,767,10.0,9407,287,7472,841,767,20,8,12,,7799,
original_v1_platt|prestart_c15_o2|age5|release300,original_v1_platt,prestart_c15_o2,prestart,15,2,5,300,100.0,196.48044054086202,96.48044054086202,3835.0,0.9648044054086202,0.02515787237049857,0.0,3931.48044054087,0.5666059708461897,767,15.0,9407,287,7472,841,767,20,8,12,,7799,
original_v1_platt|prestart_c15_o2|age30|release0,original_v1_platt,prestart_c15_o2,prestart,15,2,30,0,100.0,147.4830418382747,47.48304183827469,4605.0,0.47483041838274687,0.010311192581601451,0.0,4652.483041838293,0.9517877205887671,921,10.0,9407,24,7472,948,921,20,8,12,,7538,2.0
original_v1_platt|prestart_c15_o2|age30|release60,original_v1_platt,prestart_c15_o2,prestart,15,2,30,60,100.0,147.4830418382747,47.48304183827469,4605.0,0.47483041838274687,0.010311192581601451,0.0,4652.483041838293,0.9517877205887671,921,10.0,9407,24,7472,948,921,20,8,12,,7538,2.0
original_v1_platt|prestart_c15_o2|age30|release300,original_v1_platt,prestart_c15_o2,prestart,15,2,30,300,100.0,126.64066233328114,26.640662333281142,4565.0,0.2664066233328114,0.0058358515516497575,0.0,4591.640662333299,0.9555913192879429,913,15.0,9407,24,7472,948,913,20,8,12,8.0,7538,2.0
candidate_raw|prestart_c15_o2|age1|release0,candidate_raw,prestart_c15_o2,prestart,15,2,1,0,100.0,239.1214986289118,139.1214986289118,1165.0,1.391214986289118,0.11941759538962388,0.5,1304.1214986289106,0.4181713231711097,233,10.0,9407,1282,7472,380,233,20,8,12,,8794,
candidate_raw|prestart_c15_o2|age1|release60,candidate_raw,prestart_c15_o2,prestart,15,2,1,60,100.0,239.1214986289118,139.1214986289118,1165.0,1.391214986289118,0.11941759538962388,0.5,1304.1214986289106,0.4181713231711097,233,10.0,9407,1282,7472,380,233,20,8,12,,8794,
candidate_raw|prestart_c15_o2|age1|release300,candidate_raw,prestart_c15_o2,prestart,15,2,1,300,100.0,239.1214986289118,139.1214986289118,1165.0,1.391214986289118,0.11941759538962388,0.5,1304.1214986289106,0.4181713231711097,233,15.0,9407,1282,7472,380,233,20,8,12,,8794,
candidate_raw|prestart_c15_o2|age5|release0,candidate_raw,prestart_c15_o2,prestart,15,2,5,0,100.0,296.87644391049537,196.87644391049537,3660.0,1.9687644391049537,0.053791378117621684,0.5,3856.8764439104984,0.5064643205717189,732,10.0,9407,287,7472,876,732,20,8,12,,7799,
candidate_raw|prestart_c15_o2|age5|release60,candidate_raw,prestart_c15_o2,prestart,15,2,5,60,100.0,296.87644391049537,196.87644391049537,3660.0,1.9687644391049537,0.053791378117621684,0.5,3856.8764439104984,0.5064643205717189,732,10.0,9407,287,7472,876,732,20,8,12,,7799,
candidate_raw|prestart_c15_o2|age5|release300,candidate_raw,prestart_c15_o2,prestart,15,2,5,300,100.0,296.87644391049537,196.87644391049537,3660.0,1.9687644391049537,0.053791378117621684,0.5,3856.8764439104984,0.5064643205717189,732,15.0,9407,287,7472,876,732,20,8,12,,7799,
candidate_raw|prestart_c15_o2|age30|release0,candidate_raw,prestart_c15_o2,prestart,15,2,30,0,100.0,375.42160020378225,275.42160020378225,4315.0,2.7542160020378224,0.06382887606113145,0.5,4590.421600203791,0.4103270155372156,863,10.0,9407,24,7472,1006,863,20,8,12,,7538,2.0
candidate_raw|prestart_c15_o2|age30|release60,candidate_raw,prestart_c15_o2,prestart,15,2,30,60,100.0,375.42160020378225,275.42160020378225,4315.0,2.7542160020378224,0.06382887606113145,0.5,4590.421600203791,0.4103270155372156,863,10.0,9407,24,7472,1006,863,20,8,12,,7538,2.0
candidate_raw|prestart_c15_o2|age30|release300,candidate_raw,prestart_c15_o2,prestart,15,2,30,300,100.0,375.4216002037822,275.4216002037822,4315.0,2.754216002037822,0.06382887606113144,0.5,4590.421600203791,0.4103270155372156,863,15.0,9407,24,7472,1006,863,20,8,12,,7538,2.0
candidate_platt|prestart_c15_o2|age1|release0,candidate_platt,prestart_c15_o2,prestart,15,2,1,0,100.0,216.08228294263722,116.08228294263722,1160.0,1.1608228294263723,0.10007093357123899,0.5,1276.0822829426363,0.503941238047425,232,10.0,9407,1282,7472,381,232,20,8,12,,8794,
candidate_platt|prestart_c15_o2|age1|release60,candidate_platt,prestart_c15_o2,prestart,15,2,1,60,100.0,216.08228294263722,116.08228294263722,1160.0,1.1608228294263723,0.10007093357123899,0.5,1276.0822829426363,0.503941238047425,232,10.0,9407,1282,7472,381,232,20,8,12,,8794,
candidate_platt|prestart_c15_o2|age1|release300,candidate_platt,prestart_c15_o2,prestart,15,2,1,300,100.0,216.08228294263722,116.08228294263722,1160.0,1.1608228294263723,0.10007093357123899,0.5,1276.0822829426363,0.503941238047425,232,15.0,9407,1282,7472,381,232,20,8,12,,8794,
candidate_platt|prestart_c15_o2|age5|release0,candidate_platt,prestart_c15_o2,prestart,15,2,5,0,100.0,291.02429172886764,191.02429172886764,3720.0,1.9102429172886763,0.051350616056147214,0.5,3911.0242917288706,0.6703847522983486,744,10.0,9407,287,7472,864,744,20,8,12,,7799,
candidate_platt|prestart_c15_o2|age5|release60,candidate_platt,prestart_c15_o2,prestart,15,2,5,60,100.0,291.02429172886764,191.02429172886764,3720.0,1.9102429172886763,0.051350616056147214,0.5,3911.0242917288706,0.6703847522983486,744,10.0,9407,287,7472,864,744,20,8,12,,7799,
candidate_platt|prestart_c15_o2|age5|release300,candidate_platt,prestart_c15_o2,prestart,15,2,5,300,100.0,291.02429172886764,191.02429172886764,3720.0,1.9102429172886763,0.051350616056147214,0.5,3911.0242917288706,0.6703847522983486,744,15.0,9407,287,7472,864,744,20,8,12,,7799,
candidate_platt|prestart_c15_o2|age30|release0,candidate_platt,prestart_c15_o2,prestart,15,2,30,0,100.0,380.5498401790174,280.5498401790174,4385.0,2.805498401790174,0.06397943903740419,0.5,4665.549840179025,0.5102066568167933,877,10.0,9407,24,7472,992,877,20,8,12,,7538,2.0
candidate_platt|prestart_c15_o2|age30|release60,candidate_platt,prestart_c15_o2,prestart,15,2,30,60,100.0,380.5498401790174,280.5498401790174,4385.0,2.805498401790174,0.06397943903740419,0.5,4665.549840179025,0.5102066568167933,877,10.0,9407,24,7472,992,877,20,8,12,,7538,2.0
candidate_platt|prestart_c15_o2|age30|release300,candidate_platt,prestart_c15_o2,prestart,15,2,30,300,100.0,380.5498401790174,280.5498401790174,4385.0,2.805498401790174,0.06397943903740419,0.5,4665.549840179025,0.5102066568167933,877,15.0,9407,24,7472,992,877,20,8,12,,7538,2.0
original_v1_raw|prestart_c15_o5|age1|release0,original_v1_raw,prestart_c15_o5,prestart,15,5,1,0,100.0,155.30262570008722,55.30262570008722,820.0,0.5530262570008722,0.067442226463521,5.843135599999998,875.3026257000861,0.27889400480116694,164,10.0,9407,1485,7555,172,164,11,8,12,,9071,
original_v1_raw|prestart_c15_o5|age1|release60,original_v1_raw,prestart_c15_o5,prestart,15,5,1,60,100.0,155.30262570008722,55.30262570008722,820.0,0.5530262570008722,0.067442226463521,5.843135599999998,875.3026257000861,0.27889400480116694,164,10.0,9407,1485,7555,172,164,11,8,12,,9071,
original_v1_raw|prestart_c15_o5|age1|release300,original_v1_raw,prestart_c15_o5,prestart,15,5,1,300,100.0,155.30262570008722,55.30262570008722,820.0,0.5530262570008722,0.067442226463521,5.843135599999998,875.3026257000861,0.27889400480116694,164,15.0,9407,1485,7555,172,164,11,8,12,,9071,
original_v1_raw|prestart_c15_o5|age5|release0,original_v1_raw,prestart_c15_o5,prestart,15,5,5,0,100.0,2.2715015456298246,-97.72849845437017,3305.0,-0.9772849845437017,-0.02956989363218462,18.549768830000005,3207.2715015456356,0.9859443680254928,661,10.0,9407,334,7555,672,661,11,8,12,154.0,7920,
original_v1_raw|prestart_c15_o5|age5|release60,original_v1_raw,prestart_c15_o5,prestart,15,5,5,60,100.0,2.2715015456298246,-97.72849845437017,3305.0,-0.9772849845437017,-0.02956989363218462,18.549768830000005,3207.2715015456356,0.9859443680254928,661,10.0,9407,334,7555,672,661,11,8,12,154.0,7920,
original_v1_raw|prestart_c15_o5|age5|release300,original_v1_raw,prestart_c15_o5,prestart,15,5,5,300,100.0,2.2715015456298246,-97.72849845437017,3285.0,-0.9772849845437017,-0.029749923425987874,18.549768830000005,3187.2715015456356,0.9859443680254928,657,15.0,9407,334,7555,672,657,11,8,12,158.0,7920,
original_v1_raw|prestart_c15_o5|age30|release0,original_v1_raw,prestart_c15_o5,prestart,15,5,30,0,100.0,1.061807018913477,-98.93819298108653,4095.0,-0.9893819298108653,-0.024160730886712216,21.471336630000007,3996.061807018927,0.9943039020314235,819,10.0,9407,24,7555,766,819,11,8,12,210.0,7612,2.0
original_v1_raw|prestart_c15_o5|age30|release60,original_v1_raw,prestart_c15_o5,prestart,15,5,30,60,100.0,1.061807018913477,-98.93819298108653,4095.0,-0.9893819298108653,-0.024160730886712216,21.471336630000007,3996.061807018927,0.9943039020314235,819,10.0,9407,24,7555,766,819,11,8,12,210.0,7612,2.0
original_v1_raw|prestart_c15_o5|age30|release300,original_v1_raw,prestart_c15_o5,prestart,15,5,30,300,100.0,1.061807018913477,-98.93819298108653,4095.0,-0.9893819298108653,-0.024160730886712216,21.471336630000007,3996.061807018927,0.9943039020314235,819,15.0,9407,24,7555,766,819,11,8,12,210.0,7612,2.0
original_v1_platt|prestart_c15_o5|age1|release0,original_v1_platt,prestart_c15_o5,prestart,15,5,1,0,100.0,134.59680087354116,34.596800873541156,660.0,0.34596800873541156,0.05241939526294115,0.0,694.5968008735406,0.3264131310418891,132,10.0,9407,1485,7555,204,132,11,8,12,,9071,
original_v1_platt|prestart_c15_o5|age1|release60,original_v1_platt,prestart_c15_o5,prestart,15,5,1,60,100.0,134.59680087354116,34.596800873541156,660.0,0.34596800873541156,0.05241939526294115,0.0,694.5968008735406,0.3264131310418891,132,10.0,9407,1485,7555,204,132,11,8,12,,9071,
original_v1_platt|prestart_c15_o5|age1|release300,original_v1_platt,prestart_c15_o5,prestart,15,5,1,300,100.0,134.59680087354116,34.596800873541156,660.0,0.34596800873541156,0.05241939526294115,0.0,694.5968008735406,0.3264131310418891,132,15.0,9407,1485,7555,204,132,11,8,12,,9071,
original_v1_platt|prestart_c15_o5|age5|release0,original_v1_platt,prestart_c15_o5,prestart,15,5,5,0,100.0,1.8069697815394434,-98.19303021846056,1130.0,-0.9819303021846056,-0.08689648691899166,0.0,1031.806969781538,0.9875805743964701,226,10.0,9407,334,7555,789,226,11,8,12,472.0,7920,
original_v1_platt|prestart_c15_o5|age5|release60,original_v1_platt,prestart_c15_o5,prestart,15,5,5,60,100.0,1.8069697815394434,-98.19303021846056,1130.0,-0.9819303021846056,-0.08689648691899166,0.0,1031.806969781538,0.9875805743964701,226,10.0,9407,334,7555,789,226,11,8,12,472.0,7920,
original_v1_platt|prestart_c15_o5|age5|release300,original_v1_platt,prestart_c15_o5,prestart,15,5,5,300,100.0,1.8069697815394434,-98.19303021846056,1130.0,-0.9819303021846056,-0.08689648691899166,0.0,1031.806969781538,0.9875805743964701,226,15.0,9407,334,7555,789,226,11,8,12,472.0,7920,
original_v1_platt|prestart_c15_o5|age30|release0,original_v1_platt,prestart_c15_o5,prestart,15,5,30,0,100.0,0.79759265276207,-99.20240734723794,3510.0,-0.9920240734723794,-0.028262794116022203,0.0,3410.7975926527683,0.9948446328546965,702,10.0,9407,24,7555,909,702,11,8,12,184.0,7612,2.0
original_v1_platt|prestart_c15_o5|age30|release60,original_v1_platt,prestart_c15_o5,prestart,15,5,30,60,100.0,0.79759265276207,-99.20240734723794,3510.0,-0.9920240734723794,-0.028262794116022203,0.0,3410.7975926527683,0.9948446328546965,702,10.0,9407,24,7555,909,702,11,8,12,184.0,7612,2.0
original_v1_platt|prestart_c15_o5|age30|release300,original_v1_platt,prestart_c15_o5,prestart,15,5,30,300,100.0,0.7975926527620416,-99.20240734723797,3510.0,-0.9920240734723796,-0.028262794116022213,0.0,3410.7975926527683,0.9948446328546967,702,15.0,9407,24,7555,909,702,11,8,12,184.0,7612,2.0
candidate_raw|prestart_c15_o5|age1|release0,candidate_raw,prestart_c15_o5,prestart,15,5,1,0,100.0,207.43442754628384,107.43442754628384,620.0,1.0743442754628385,0.17328133475207072,0.5,727.4344275462831,0.11349828914596936,124,10.0,9407,1485,7555,212,124,11,8,12,,9071,
candidate_raw|prestart_c15_o5|age1|release60,candidate_raw,prestart_c15_o5,prestart,15,5,1,60,100.0,207.43442754628384,107.43442754628384,620.0,1.0743442754628385,0.17328133475207072,0.5,727.4344275462831,0.11349828914596936,124,10.0,9407,1485,7555,212,124,11,8,12,,9071,
candidate_raw|prestart_c15_o5|age1|release300,candidate_raw,prestart_c15_o5,prestart,15,5,1,300,100.0,207.43442754628384,107.43442754628384,620.0,1.0743442754628385,0.17328133475207072,0.5,727.4344275462831,0.11349828914596936,124,15.0,9407,1485,7555,212,124,11,8,12,,9071,
candidate_raw|prestart_c15_o5|age5|release0,candidate_raw,prestart_c15_o5,prestart,15,5,5,0,100.0,296.83333495117836,196.83333495117836,3290.0,1.9683333495117836,0.05982776138333689,0.5,3486.83333495118,0.40723527334449183,658,10.0,9407,334,7555,829,658,11,8,12,,7920,
candidate_raw|prestart_c15_o5|age5|release60,candidate_raw,prestart_c15_o5,prestart,15,5,5,60,100.0,296.83333495117836,196.83333495117836,3290.0,1.9683333495117836,0.05982776138333689,0.5,3486.83333495118,0.40723527334449183,658,10.0,9407,334,7555,829,658,11,8,12,,7920,
candidate_raw|prestart_c15_o5|age5|release300,candidate_raw,prestart_c15_o5,prestart,15,5,5,300,100.0,296.83333495117836,196.83333495117836,3290.0,1.9683333495117836,0.05982776138333689,0.5,3486.83333495118,0.40723527334449183,658,15.0,9407,334,7555,829,658,11,8,12,,7920,
candidate_raw|prestart_c15_o5|age30|release0,candidate_raw,prestart_c15_o5,prestart,15,5,30,0,100.0,387.04817674073735,287.04817674073735,4165.0,2.8704817674073735,0.06891913006980488,0.5,4452.048176740745,0.34250910523011685,833,10.0,9407,24,7555,962,833,11,8,12,,7612,2.0
candidate_raw|prestart_c15_o5|age30|release60,candidate_raw,prestart_c15_o5,prestart,15,5,30,60,100.0,387.04817674073735,287.04817674073735,4165.0,2.8704817674073735,0.06891913006980488,0.5,4452.048176740745,0.34250910523011685,833,10.0,9407,24,7555,962,833,11,8,12,,7612,2.0
candidate_raw|prestart_c15_o5|age30|release300,candidate_raw,prestart_c15_o5,prestart,15,5,30,300,100.0,387.04817674073735,287.04817674073735,4165.0,2.8704817674073735,0.06891913006980488,0.5,4452.048176740745,0.34250910523011685,833,15.0,9407,24,7555,962,833,11,8,12,,7612,2.0
candidate_platt|prestart_c15_o5|age1|release0,candidate_platt,prestart_c15_o5,prestart,15,5,1,0,100.0,168.41481970314655,68.41481970314655,640.0,0.6841481970314655,0.10689815578616649,0.5,708.4148197031459,0.24762697318804747,128,10.0,9407,1485,7555,208,128,11,8,12,,9071,
candidate_platt|prestart_c15_o5|age1|release60,candidate_platt,prestart_c15_o5,prestart,15,5,1,60,100.0,168.41481970314655,68.41481970314655,640.0,0.6841481970314655,0.10689815578616649,0.5,708.4148197031459,0.24762697318804747,128,10.0,9407,1485,7555,208,128,11,8,12,,9071,
candidate_platt|prestart_c15_o5|age1|release300,candidate_platt,prestart_c15_o5,prestart,15,5,1,300,100.0,168.41481970314655,68.41481970314655,640.0,0.6841481970314655,0.10689815578616649,0.5,708.4148197031459,0.24762697318804747,128,15.0,9407,1485,7555,208,128,11,8,12,,9071,
candidate_platt|prestart_c15_o5|age5|release0,candidate_platt,prestart_c15_o5,prestart,15,5,5,0,100.0,276.5396790272701,176.5396790272701,3355.0,1.765396790272701,0.052619874523776484,0.5,3531.5396790272716,0.5555177628800484,671,10.0,9407,334,7555,816,671,11,8,12,,7920,
candidate_platt|prestart_c15_o5|age5|release60,candidate_platt,prestart_c15_o5,prestart,15,5,5,60,100.0,276.5396790272701,176.5396790272701,3355.0,1.765396790272701,0.052619874523776484,0.5,3531.5396790272716,0.5555177628800484,671,10.0,9407,334,7555,816,671,11,8,12,,7920,
candidate_platt|prestart_c15_o5|age5|release300,candidate_platt,prestart_c15_o5,prestart,15,5,5,300,100.0,276.5396790272701,176.5396790272701,3355.0,1.765396790272701,0.052619874523776484,0.5,3531.5396790272716,0.5555177628800484,671,15.0,9407,334,7555,816,671,11,8,12,,7920,
candidate_platt|prestart_c15_o5|age30|release0,candidate_platt,prestart_c15_o5,prestart,15,5,30,0,100.0,377.3649536692153,277.3649536692153,4230.0,2.773649536692153,0.06557091103291142,0.5,4507.364953669221,0.4300845603200815,846,10.0,9407,24,7555,949,846,11,8,12,,7612,2.0
candidate_platt|prestart_c15_o5|age30|release60,candidate_platt,prestart_c15_o5,prestart,15,5,30,60,100.0,377.3649536692153,277.3649536692153,4230.0,2.773649536692153,0.06557091103291142,0.5,4507.364953669221,0.4300845603200815,846,10.0,9407,24,7555,949,846,11,8,12,,7612,2.0
candidate_platt|prestart_c15_o5|age30|release300,candidate_platt,prestart_c15_o5,prestart,15,5,30,300,100.0,377.3649536692153,277.3649536692153,4230.0,2.773649536692153,0.06557091103291142,0.5,4507.364953669221,0.4300845603200815,846,15.0,9407,24,7555,949,846,11,8,12,,7612,2.0
original_v1_raw|prestart_c45_o0|age1|release0,original_v1_raw,prestart_c45_o0,prestart,45,0,1,0,100.0,116.10050360399572,16.10050360399572,775.0,0.1610050360399572,0.020774843359994476,8.823527069999997,791.1005036039949,0.47479348758434886,155,10.0,9407,651,8291,256,155,34,8,12,,8996,
original_v1_raw|prestart_c45_o0|age1|release60,original_v1_raw,prestart_c45_o0,prestart,45,0,1,60,100.0,116.10050360399572,16.10050360399572,775.0,0.1610050360399572,0.020774843359994476,8.823527069999997,791.1005036039949,0.47479348758434886,155,10.0,9407,651,8291,256,155,34,8,12,,8996,
original_v1_raw|prestart_c45_o0|age1|release300,original_v1_raw,prestart_c45_o0,prestart,45,0,1,300,100.0,116.10050360399572,16.10050360399572,775.0,0.1610050360399572,0.020774843359994476,8.823527069999997,791.1005036039949,0.47479348758434886,155,10.0,9407,651,8291,256,155,34,8,12,,8996,
original_v1_raw|prestart_c45_o0|age5|release0,original_v1_raw,prestart_c45_o0,prestart,45,0,5,0,100.0,145.55727846136983,45.55727846136983,2885.0,0.4555727846136983,0.015791084388689716,13.681228189999997,2930.5572784613732,0.5780470765378191,577,10.0,9407,56,8291,429,577,34,8,12,,8401,
original_v1_raw|prestart_c45_o0|age5|release60,original_v1_raw,prestart_c45_o0,prestart,45,0,5,60,100.0,145.55727846136983,45.55727846136983,2885.0,0.4555727846136983,0.015791084388689716,13.681228189999997,2930.5572784613732,0.5780470765378191,577,10.0,9407,56,8291,429,577,34,8,12,,8401,
original_v1_raw|prestart_c45_o0|age5|release300,original_v1_raw,prestart_c45_o0,prestart,45,0,5,300,100.0,145.55727846136983,45.55727846136983,2885.0,0.4555727846136983,0.015791084388689716,13.681228189999997,2930.5572784613732,0.5780470765378191,577,15.0,9407,56,8291,429,577,34,8,12,,8401,
original_v1_raw|prestart_c45_o0|age30|release0,original_v1_raw,prestart_c45_o0,prestart,45,0,30,0,100.0,159.1677309500577,59.16773095005769,2970.0,0.5916773095005768,0.019921794932679357,13.681228189999997,3029.1677309500615,0.5365764830691744,594,10.0,9407,25,8291,442,594,34,8,12,,8371,1.0
original_v1_raw|prestart_c45_o0|age30|release60,original_v1_raw,prestart_c45_o0,prestart,45,0,30,60,100.0,159.1677309500577,59.16773095005769,2970.0,0.5916773095005768,0.019921794932679357,13.681228189999997,3029.1677309500615,0.5365764830691744,594,10.0,9407,25,8291,442,594,34,8,12,,8371,1.0
original_v1_raw|prestart_c45_o0|age30|release300,original_v1_raw,prestart_c45_o0,prestart,45,0,30,300,100.0,159.1677309500577,59.16773095005769,2970.0,0.5916773095005768,0.019921794932679357,13.681228189999997,3029.1677309500615,0.5365764830691745,594,15.0,9407,25,8291,442,594,34,8,12,,8371,1.0
original_v1_platt|prestart_c45_o0|age1|release0,original_v1_platt,prestart_c45_o0,prestart,45,0,1,0,100.0,128.41298057684634,28.412980576846337,655.0,0.28412980576846336,0.04337859630052876,0.0,683.4129805768457,0.4364078931724597,131,10.0,9407,651,8291,280,131,34,8,12,,8996,
original_v1_platt|prestart_c45_o0|age1|release60,original_v1_platt,prestart_c45_o0,prestart,45,0,1,60,100.0,128.41298057684634,28.412980576846337,655.0,0.28412980576846336,0.04337859630052876,0.0,683.4129805768457,0.4364078931724597,131,10.0,9407,651,8291,280,131,34,8,12,,8996,
original_v1_platt|prestart_c45_o0|age1|release300,original_v1_platt,prestart_c45_o0,prestart,45,0,1,300,100.0,128.41298057684634,28.412980576846337,655.0,0.28412980576846336,0.04337859630052876,0.0,683.4129805768457,0.4364078931724597,131,10.0,9407,651,8291,280,131,34,8,12,,8996,
original_v1_platt|prestart_c45_o0|age5|release0,original_v1_platt,prestart_c45_o0,prestart,45,0,5,0,100.0,186.38467007088653,86.38467007088653,2515.0,0.8638467007088653,0.03434778134031274,0.0,2601.3846700708855,0.5131231560298861,503,10.0,9407,56,8291,503,503,34,8,12,,8401,
original_v1_platt|prestart_c45_o0|age5|release60,original_v1_platt,prestart_c45_o0,prestart,45,0,5,60,100.0,186.38467007088653,86.38467007088653,2515.0,0.8638467007088653,0.03434778134031274,0.0,2601.3846700708855,0.5131231560298861,503,10.0,9407,56,8291,503,503,34,8,12,,8401,
original_v1_platt|prestart_c45_o0|age5|release300,original_v1_platt,prestart_c45_o0,prestart,45,0,5,300,100.0,186.38467007088653,86.38467007088653,2515.0,0.8638467007088653,0.03434778134031274,0.0,2601.3846700708855,0.5131231560298861,503,15.0,9407,56,8291,503,503,34,8,12,,8401,
original_v1_platt|prestart_c45_o0|age30|release0,original_v1_platt,prestart_c45_o0,prestart,45,0,30,0,100.0,205.20819948265134,105.20819948265134,2585.0,1.0520819948265134,0.040699496898511156,0.0,2690.2081994826517,0.47214714476868375,517,10.0,9407,25,8291,519,517,34,8,12,,8371,1.0
original_v1_platt|prestart_c45_o0|age30|release60,original_v1_platt,prestart_c45_o0,prestart,45,0,30,60,100.0,205.20819948265134,105.20819948265134,2585.0,1.0520819948265134,0.040699496898511156,0.0,2690.2081994826517,0.47214714476868375,517,10.0,9407,25,8291,519,517,34,8,12,,8371,1.0
original_v1_platt|prestart_c45_o0|age30|release300,original_v1_platt,prestart_c45_o0,prestart,45,0,30,300,100.0,205.20819948265134,105.20819948265134,2585.0,1.0520819948265134,0.040699496898511156,0.0,2690.2081994826517,0.47214714476868375,517,15.0,9407,25,8291,519,517,34,8,12,,8371,1.0
candidate_raw|prestart_c45_o0|age1|release0,candidate_raw,prestart_c45_o0,prestart,45,0,1,0,100.0,77.13378335949773,-22.866216640502273,550.0,-0.22866216640502274,-0.041574939346367766,0.5,527.1337833594978,0.6984775477941493,110,10.0,9407,651,8291,301,110,34,8,12,,8996,
candidate_raw|prestart_c45_o0|age1|release60,candidate_raw,prestart_c45_o0,prestart,45,0,1,60,100.0,77.13378335949773,-22.866216640502273,550.0,-0.22866216640502274,-0.041574939346367766,0.5,527.1337833594978,0.6984775477941493,110,10.0,9407,651,8291,301,110,34,8,12,,8996,
candidate_raw|prestart_c45_o0|age1|release300,candidate_raw,prestart_c45_o0,prestart,45,0,1,300,100.0,77.13378335949773,-22.866216640502273,550.0,-0.22866216640502274,-0.041574939346367766,0.5,527.1337833594978,0.6984775477941493,110,10.0,9407,651,8291,301,110,34,8,12,,8996,
candidate_raw|prestart_c45_o0|age5|release0,candidate_raw,prestart_c45_o0,prestart,45,0,5,0,100.0,285.0726446583992,185.0726446583992,2265.0,1.850726446583992,0.08170977689112548,0.5,2450.072644658397,0.28983821309615,453,10.0,9407,56,8291,553,453,34,8,12,,8401,
candidate_raw|prestart_c45_o0|age5|release60,candidate_raw,prestart_c45_o0,prestart,45,0,5,60,100.0,285.0726446583992,185.0726446583992,2265.0,1.850726446583992,0.08170977689112548,0.5,2450.072644658397,0.28983821309615,453,10.0,9407,56,8291,553,453,34,8,12,,8401,
candidate_raw|prestart_c45_o0|age5|release300,candidate_raw,prestart_c45_o0,prestart,45,0,5,300,100.0,285.0726446583992,185.0726446583992,2265.0,1.850726446583992,0.08170977689112548,0.5,2450.072644658397,0.2898382130961501,453,15.0,9407,56,8291,553,453,34,8,12,,8401,
candidate_raw|prestart_c45_o0|age30|release0,candidate_raw,prestart_c45_o0,prestart,45,0,30,0,100.0,290.3187856679945,190.31878566799452,2330.0,1.9031878566799452,0.08168188226094185,0.5,2520.318785667993,0.29693407410788014,466,10.0,9407,25,8291,570,466,34,8,12,,8371,1.0
candidate_raw|prestart_c45_o0|age30|release60,candidate_raw,prestart_c45_o0,prestart,45,0,30,60,100.0,290.3187856679945,190.31878566799452,2330.0,1.9031878566799452,0.08168188226094185,0.5,2520.318785667993,0.29693407410788014,466,10.0,9407,25,8291,570,466,34,8,12,,8371,1.0
candidate_raw|prestart_c45_o0|age30|release300,candidate_raw,prestart_c45_o0,prestart,45,0,30,300,100.0,290.3187856679945,190.31878566799452,2330.0,1.9031878566799452,0.08168188226094185,0.5,2520.318785667993,0.29693407410788014,466,15.0,9407,25,8291,570,466,34,8,12,,8371,1.0
candidate_platt|prestart_c45_o0|age1|release0,candidate_platt,prestart_c45_o0,prestart,45,0,1,0,100.0,73.1353310554992,-26.864668944500806,535.0,-0.2686466894450081,-0.05021433447570244,0.5,508.13533105549925,0.6516849797131419,107,5.0,9407,651,8291,304,107,34,8,12,,8996,
candidate_platt|prestart_c45_o0|age1|release60,candidate_platt,prestart_c45_o0,prestart,45,0,1,60,100.0,73.1353310554992,-26.864668944500806,535.0,-0.2686466894450081,-0.05021433447570244,0.5,508.13533105549925,0.6516849797131419,107,5.0,9407,651,8291,304,107,34,8,12,,8996,
candidate_platt|prestart_c45_o0|age1|release300,candidate_platt,prestart_c45_o0,prestart,45,0,1,300,100.0,73.1353310554992,-26.864668944500806,535.0,-0.2686466894450081,-0.05021433447570244,0.5,508.13533105549925,0.6516849797131419,107,10.0,9407,651,8291,304,107,34,8,12,,8996,
candidate_platt|prestart_c45_o0|age5|release0,candidate_platt,prestart_c45_o0,prestart,45,0,5,0,100.0,303.6941203255888,203.6941203255888,2310.0,2.0369412032558882,0.08817927286822026,0.5,2513.694120325588,0.23981582831566917,462,10.0,9407,56,8291,544,462,34,8,12,,8401,
candidate_platt|prestart_c45_o0|age5|release60,candidate_platt,prestart_c45_o0,prestart,45,0,5,60,100.0,303.6941203255888,203.6941203255888,2310.0,2.0369412032558882,0.08817927286822026,0.5,2513.694120325588,0.23981582831566917,462,10.0,9407,56,8291,544,462,34,8,12,,8401,
candidate_platt|prestart_c45_o0|age5|release300,candidate_platt,prestart_c45_o0,prestart,45,0,5,300,100.0,303.6941203255888,203.6941203255888,2310.0,2.0369412032558882,0.08817927286822026,0.5,2513.694120325588,0.23981582831566917,462,15.0,9407,56,8291,544,462,34,8,12,,8401,
candidate_platt|prestart_c45_o0|age30|release0,candidate_platt,prestart_c45_o0,prestart,45,0,30,0,100.0,303.94026133518435,203.94026133518435,2380.0,2.0394026133518435,0.08568918543495141,0.5,2583.9402613351835,0.23358815677709002,476,10.0,9407,25,8291,560,476,34,8,12,,8371,1.0
candidate_platt|prestart_c45_o0|age30|release60,candidate_platt,prestart_c45_o0,prestart,45,0,30,60,100.0,303.94026133518435,203.94026133518435,2380.0,2.0394026133518435,0.08568918543495141,0.5,2583.9402613351835,0.23358815677709002,476,10.0,9407,25,8291,560,476,34,8,12,,8371,1.0
candidate_platt|prestart_c45_o0|age30|release300,candidate_platt,prestart_c45_o0,prestart,45,0,30,300,100.0,303.9402613351843,203.9402613351843,2380.0,2.039402613351843,0.08568918543495138,0.5,2583.9402613351835,0.23358815677709002,476,15.0,9407,25,8291,560,476,34,8,12,,8371,1.0
original_v1_raw|prestart_c45_o1|age1|release0,original_v1_raw,prestart_c45_o1,prestart,45,1,1,0,100.0,188.6614311861376,88.6614311861376,2350.0,0.8866143118613761,0.03772826858984579,9.748122099999998,2438.6614311861363,0.3668128247767897,470,10.0,9407,193,8329,359,470,36,8,12,,8578,
original_v1_raw|prestart_c45_o1|age1|release60,original_v1_raw,prestart_c45_o1,prestart,45,1,1,60,100.0,188.6614311861376,88.6614311861376,2350.0,0.8866143118613761,0.03772826858984579,9.748122099999998,2438.6614311861363,0.3668128247767897,470,10.0,9407,193,8329,359,470,36,8,12,,8578,
original_v1_raw|prestart_c45_o1|age1|release300,original_v1_raw,prestart_c45_o1,prestart,45,1,1,300,100.0,188.6614311861376,88.6614311861376,2350.0,0.8866143118613761,0.03772826858984579,9.748122099999998,2438.6614311861363,0.3668128247767897,470,15.0,9407,193,8329,359,470,36,8,12,,8578,
original_v1_raw|prestart_c45_o1|age5|release0,original_v1_raw,prestart_c45_o1,prestart,45,1,5,0,100.0,176.35043594636403,76.35043594636403,2815.0,0.7635043594636403,0.0271227125919588,12.708905999999997,2891.3504359463673,0.37694148746714545,563,10.0,9407,54,8329,405,563,36,8,12,,8439,
original_v1_raw|prestart_c45_o1|age5|release60,original_v1_raw,prestart_c45_o1,prestart,45,1,5,60,100.0,176.35043594636403,76.35043594636403,2815.0,0.7635043594636403,0.0271227125919588,12.708905999999997,2891.3504359463673,0.37694148746714545,563,10.0,9407,54,8329,405,563,36,8,12,,8439,
original_v1_raw|prestart_c45_o1|age5|release300,original_v1_raw,prestart_c45_o1,prestart,45,1,5,300,100.0,176.35043594636403,76.35043594636403,2815.0,0.7635043594636403,0.0271227125919588,12.708905999999997,2891.3504359463673,0.37694148746714545,563,15.0,9407,54,8329,405,563,36,8,12,,8439,
original_v1_raw|prestart_c45_o1|age30|release0,original_v1_raw,prestart_c45_o1,prestart,45,1,30,0,100.0,160.7622006522463,60.76220065224629,2890.0,0.6076220065224629,0.021024982924652696,12.708905999999997,2950.7622006522497,0.46488329545169804,578,10.0,9407,25,8329,418,578,36,8,12,,8411,1.0
original_v1_raw|prestart_c45_o1|age30|release60,original_v1_raw,prestart_c45_o1,prestart,45,1,30,60,100.0,160.7622006522463,60.76220065224629,2890.0,0.6076220065224629,0.021024982924652696,12.708905999999997,2950.7622006522497,0.46488329545169804,578,10.0,9407,25,8329,418,578,36,8,12,,8411,1.0
original_v1_raw|prestart_c45_o1|age30|release300,original_v1_raw,prestart_c45_o1,prestart,45,1,30,300,100.0,160.7622006522463,60.76220065224629,2890.0,0.6076220065224629,0.021024982924652696,12.708905999999997,2950.7622006522497,0.46488329545169804,578,15.0,9407,25,8329,418,578,36,8,12,,8411,1.0
original_v1_platt|prestart_c45_o1|age1|release0,original_v1_platt,prestart_c45_o1,prestart,45,1,1,0,100.0,207.23233660541217,107.23233660541217,2105.0,1.0723233660541218,0.050941727603521225,0.0,2212.232336605409,0.4020165773818563,421,10.0,9407,193,8329,408,421,36,8,12,,8578,
original_v1_platt|prestart_c45_o1|age1|release60,original_v1_platt,prestart_c45_o1,prestart,45,1,1,60,100.0,207.23233660541217,107.23233660541217,2105.0,1.0723233660541218,0.050941727603521225,0.0,2212.232336605409,0.4020165773818563,421,10.0,9407,193,8329,408,421,36,8,12,,8578,
original_v1_platt|prestart_c45_o1|age1|release300,original_v1_platt,prestart_c45_o1,prestart,45,1,1,300,100.0,207.23233660541217,107.23233660541217,2105.0,1.0723233660541218,0.050941727603521225,0.0,2212.232336605409,0.4020165773818563,421,15.0,9407,193,8329,408,421,36,8,12,,8578,
original_v1_platt|prestart_c45_o1|age5|release0,original_v1_platt,prestart_c45_o1,prestart,45,1,5,0,100.0,201.039804124508,101.03980412450801,2470.0,1.0103980412450801,0.0409068032892745,0.0,2571.0398041245066,0.43648017647119053,494,10.0,9407,54,8329,474,494,36,8,12,,8439,
original_v1_platt|prestart_c45_o1|age5|release60,original_v1_platt,prestart_c45_o1,prestart,45,1,5,60,100.0,201.039804124508,101.03980412450801,2470.0,1.0103980412450801,0.0409068032892745,0.0,2571.0398041245066,0.43648017647119053,494,10.0,9407,54,8329,474,494,36,8,12,,8439,
original_v1_platt|prestart_c45_o1|age5|release300,original_v1_platt,prestart_c45_o1,prestart,45,1,5,300,100.0,201.039804124508,101.03980412450801,2470.0,1.0103980412450801,0.0409068032892745,0.0,2571.0398041245066,0.43648017647119053,494,15.0,9407,54,8329,474,494,36,8,12,,8439,
original_v1_platt|prestart_c45_o1|age30|release0,original_v1_platt,prestart_c45_o1,prestart,45,1,30,0,100.0,195.45156883039039,95.45156883039039,2535.0,0.9545156883039039,0.037653478828556367,0.0,2630.4515688303904,0.44850403726568144,507,10.0,9407,25,8329,489,507,36,8,12,,8411,1.0
original_v1_platt|prestart_c45_o1|age30|release60,original_v1_platt,prestart_c45_o1,prestart,45,1,30,60,100.0,195.45156883039039,95.45156883039039,2535.0,0.9545156883039039,0.037653478828556367,0.0,2630.4515688303904,0.44850403726568144,507,10.0,9407,25,8329,489,507,36,8,12,,8411,1.0
original_v1_platt|prestart_c45_o1|age30|release300,original_v1_platt,prestart_c45_o1,prestart,45,1,30,300,100.0,195.45156883039039,95.45156883039039,2535.0,0.9545156883039039,0.037653478828556367,0.0,2630.4515688303904,0.44850403726568144,507,15.0,9407,25,8329,489,507,36,8,12,,8411,1.0
candidate_raw|prestart_c45_o1|age1|release0,candidate_raw,prestart_c45_o1,prestart,45,1,1,0,100.0,275.6988143503561,175.6988143503561,1915.0,1.7569881435035608,0.09174872812029039,0.5,2090.6988143503527,0.21297062949462195,383,10.0,9407,193,8329,446,383,36,8,12,,8578,
candidate_raw|prestart_c45_o1|age1|release60,candidate_raw,prestart_c45_o1,prestart,45,1,1,60,100.0,275.6988143503561,175.6988143503561,1915.0,1.7569881435035608,0.09174872812029039,0.5,2090.6988143503527,0.21297062949462195,383,10.0,9407,193,8329,446,383,36,8,12,,8578,
candidate_raw|prestart_c45_o1|age1|release300,candidate_raw,prestart_c45_o1,prestart,45,1,1,300,100.0,275.6988143503561,175.6988143503561,1915.0,1.7569881435035608,0.09174872812029039,0.5,2090.6988143503527,0.21297062949462195,383,15.0,9407,193,8329,446,383,36,8,12,,8578,
candidate_raw|prestart_c45_o1|age5|release0,candidate_raw,prestart_c45_o1,prestart,45,1,5,0,100.0,295.4484700654851,195.44847006548508,2235.0,1.954484700654851,0.08744897989507162,0.5,2430.4484700654834,0.2305245711113347,447,10.0,9407,54,8329,521,447,36,8,12,,8439,
candidate_raw|prestart_c45_o1|age5|release60,candidate_raw,prestart_c45_o1,prestart,45,1,5,60,100.0,295.4484700654851,195.44847006548508,2235.0,1.954484700654851,0.08744897989507162,0.5,2430.4484700654834,0.2305245711113347,447,10.0,9407,54,8329,521,447,36,8,12,,8439,
candidate_raw|prestart_c45_o1|age5|release300,candidate_raw,prestart_c45_o1,prestart,45,1,5,300,100.0,295.4484700654851,195.44847006548508,2235.0,1.954484700654851,0.08744897989507162,0.5,2430.4484700654834,0.2305245711113347,447,15.0,9407,54,8329,521,447,36,8,12,,8439,
candidate_raw|prestart_c45_o1|age30|release0,candidate_raw,prestart_c45_o1,prestart,45,1,30,0,100.0,291.0867679378255,191.08676793782553,2290.0,1.9108676793782553,0.08344400346629936,0.5,2481.0867679378234,0.24776547677449695,458,10.0,9407,25,8329,538,458,36,8,12,,8411,1.0
candidate_raw|prestart_c45_o1|age30|release60,candidate_raw,prestart_c45_o1,prestart,45,1,30,60,100.0,291.0867679378255,191.08676793782553,2290.0,1.9108676793782553,0.08344400346629936,0.5,2481.0867679378234,0.24776547677449695,458,10.0,9407,25,8329,538,458,36,8,12,,8411,1.0
candidate_raw|prestart_c45_o1|age30|release300,candidate_raw,prestart_c45_o1,prestart,45,1,30,300,100.0,291.0867679378255,191.08676793782553,2290.0,1.9108676793782553,0.08344400346629936,0.5,2481.0867679378234,0.24776547677449695,458,15.0,9407,25,8329,538,458,36,8,12,,8411,1.0
candidate_platt|prestart_c45_o1|age1|release0,candidate_platt,prestart_c45_o1,prestart,45,1,1,0,100.0,268.65599722350527,168.65599722350527,1915.0,1.6865599722350526,0.0880710168268957,0.5,2083.6559972235023,0.20946530501167784,383,10.0,9407,193,8329,446,383,36,8,12,,8578,
candidate_platt|prestart_c45_o1|age1|release60,candidate_platt,prestart_c45_o1,prestart,45,1,1,60,100.0,268.65599722350527,168.65599722350527,1915.0,1.6865599722350526,0.0880710168268957,0.5,2083.6559972235023,0.20946530501167784,383,10.0,9407,193,8329,446,383,36,8,12,,8578,
candidate_platt|prestart_c45_o1|age1|release300,candidate_platt,prestart_c45_o1,prestart,45,1,1,300,100.0,268.65599722350527,168.65599722350527,1915.0,1.6865599722350526,0.0880710168268957,0.5,2083.6559972235023,0.20946530501167784,383,15.0,9407,193,8329,446,383,36,8,12,,8578,
candidate_platt|prestart_c45_o1|age5|release0,candidate_platt,prestart_c45_o1,prestart,45,1,5,0,100.0,283.79780980137923,183.79780980137923,2270.0,1.8379780980137923,0.08096819815038733,0.5,2453.7978098013778,0.272420184615408,454,10.0,9407,54,8329,514,454,36,8,12,,8439,
candidate_platt|prestart_c45_o1|age5|release60,candidate_platt,prestart_c45_o1,prestart,45,1,5,60,100.0,283.79780980137923,183.79780980137923,2270.0,1.8379780980137923,0.08096819815038733,0.5,2453.7978098013778,0.272420184615408,454,10.0,9407,54,8329,514,454,36,8,12,,8439,
candidate_platt|prestart_c45_o1|age5|release300,candidate_platt,prestart_c45_o1,prestart,45,1,5,300,100.0,283.79780980137923,183.79780980137923,2270.0,1.8379780980137923,0.08096819815038733,0.5,2453.7978098013778,0.272420184615408,454,15.0,9407,54,8329,514,454,36,8,12,,8439,
candidate_platt|prestart_c45_o1|age30|release0,candidate_platt,prestart_c45_o1,prestart,45,1,30,0,100.0,274.4361076737196,174.43610767371962,2330.0,1.7443610767371962,0.07486528226339897,0.5,2504.436107673718,0.27165520537718,466,10.0,9407,25,8329,530,466,36,8,12,,8411,1.0
candidate_platt|prestart_c45_o1|age30|release60,candidate_platt,prestart_c45_o1,prestart,45,1,30,60,100.0,274.4361076737196,174.43610767371962,2330.0,1.7443610767371962,0.07486528226339897,0.5,2504.436107673718,0.27165520537718,466,10.0,9407,25,8329,530,466,36,8,12,,8411,1.0
candidate_platt|prestart_c45_o1|age30|release300,candidate_platt,prestart_c45_o1,prestart,45,1,30,300,100.0,274.4361076737196,174.43610767371962,2330.0,1.7443610767371962,0.07486528226339897,0.5,2504.436107673718,0.27165520537718,466,15.0,9407,25,8329,530,466,36,8,12,,8411,1.0
original_v1_raw|prestart_c45_o2|age1|release0,original_v1_raw,prestart_c45_o2,prestart,45,2,1,0,100.0,161.82040886959217,61.82040886959217,2385.0,0.6182040886959217,0.02592050686356066,11.728514129999997,2446.8204088695893,0.44047076688719944,477,10.0,9407,123,8367,380,477,39,8,12,,8550,1.0
original_v1_raw|prestart_c45_o2|age1|release60,original_v1_raw,prestart_c45_o2,prestart,45,2,1,60,100.0,161.82040886959217,61.82040886959217,2385.0,0.6182040886959217,0.02592050686356066,11.728514129999997,2446.8204088695893,0.44047076688719944,477,10.0,9407,123,8367,380,477,39,8,12,,8550,1.0
original_v1_raw|prestart_c45_o2|age1|release300,original_v1_raw,prestart_c45_o2,prestart,45,2,1,300,100.0,161.82040886959217,61.82040886959217,2385.0,0.6182040886959217,0.02592050686356066,11.728514129999997,2446.8204088695893,0.44047076688719944,477,15.0,9407,123,8367,380,477,39,8,12,,8550,1.0
original_v1_raw|prestart_c45_o2|age5|release0,original_v1_raw,prestart_c45_o2,prestart,45,2,5,0,100.0,168.15670899196346,68.15670899196346,2705.0,0.6815670899196346,0.025196565246566896,11.728514129999997,2773.1567089919645,0.4891859185892292,541,10.0,9407,45,8367,394,541,39,8,12,,8472,1.0
original_v1_raw|prestart_c45_o2|age5|release60,original_v1_raw,prestart_c45_o2,prestart,45,2,5,60,100.0,168.15670899196346,68.15670899196346,2705.0,0.6815670899196346,0.025196565246566896,11.728514129999997,2773.1567089919645,0.4891859185892292,541,10.0,9407,45,8367,394,541,39,8,12,,8472,1.0
original_v1_raw|prestart_c45_o2|age5|release300,original_v1_raw,prestart_c45_o2,prestart,45,2,5,300,100.0,168.15670899196346,68.15670899196346,2705.0,0.6815670899196346,0.025196565246566896,11.728514129999997,2773.1567089919645,0.4891859185892292,541,15.0,9407,45,8367,394,541,39,8,12,,8472,1.0
original_v1_raw|prestart_c45_o2|age30|release0,original_v1_raw,prestart_c45_o2,prestart,45,2,30,0,100.0,157.56847369784577,57.568473697845775,2775.0,0.5756847369784578,0.02074539592715163,11.728514129999997,2832.568473697848,0.5318255583984831,555,10.0,9407,24,8367,401,555,39,8,12,,8451,1.0
original_v1_raw|prestart_c45_o2|age30|release60,original_v1_raw,prestart_c45_o2,prestart,45,2,30,60,100.0,157.56847369784577,57.568473697845775,2775.0,0.5756847369784578,0.02074539592715163,11.728514129999997,2832.568473697848,0.5318255583984831,555,10.0,9407,24,8367,401,555,39,8,12,,8451,1.0
original_v1_raw|prestart_c45_o2|age30|release300,original_v1_raw,prestart_c45_o2,prestart,45,2,30,300,100.0,157.56847369784577,57.568473697845775,2775.0,0.5756847369784578,0.02074539592715163,11.728514129999997,2832.568473697848,0.5318255583984831,555,15.0,9407,24,8367,401,555,39,8,12,,8451,1.0
original_v1_platt|prestart_c45_o2|age1|release0,original_v1_platt,prestart_c45_o2,prestart,45,2,1,0,100.0,165.5602905696064,65.5602905696064,2080.0,0.6556029056960639,0.031519370466156924,0.0,2145.5602905696023,0.49967119542398525,416,10.0,9407,123,8367,441,416,39,8,12,,8550,1.0
original_v1_platt|prestart_c45_o2|age1|release60,original_v1_platt,prestart_c45_o2,prestart,45,2,1,60,100.0,165.5602905696064,65.5602905696064,2080.0,0.6556029056960639,0.031519370466156924,0.0,2145.5602905696023,0.49967119542398525,416,10.0,9407,123,8367,441,416,39,8,12,,8550,1.0
original_v1_platt|prestart_c45_o2|age1|release300,original_v1_platt,prestart_c45_o2,prestart,45,2,1,300,100.0,165.5602905696064,65.5602905696064,2080.0,0.6556029056960639,0.031519370466156924,0.0,2145.5602905696023,0.49967119542398525,416,15.0,9407,123,8367,441,416,39,8,12,,8550,1.0
original_v1_platt|prestart_c45_o2|age5|release0,original_v1_platt,prestart_c45_o2,prestart,45,2,5,0,100.0,167.4772845079657,67.47728450796569,2375.0,0.674772845079657,0.02841148821388029,0.0,2442.4772845079638,0.4579369563118637,475,10.0,9407,45,8367,460,475,39,8,12,,8472,1.0
original_v1_platt|prestart_c45_o2|age5|release60,original_v1_platt,prestart_c45_o2,prestart,45,2,5,60,100.0,167.4772845079657,67.47728450796569,2375.0,0.674772845079657,0.02841148821388029,0.0,2442.4772845079638,0.4579369563118637,475,10.0,9407,45,8367,460,475,39,8,12,,8472,1.0
original_v1_platt|prestart_c45_o2|age5|release300,original_v1_platt,prestart_c45_o2,prestart,45,2,5,300,100.0,167.4772845079657,67.47728450796569,2375.0,0.674772845079657,0.02841148821388029,0.0,2442.4772845079638,0.4579369563118637,475,15.0,9407,45,8367,460,475,39,8,12,,8472,1.0
original_v1_platt|prestart_c45_o2|age30|release0,original_v1_platt,prestart_c45_o2,prestart,45,2,30,0,100.0,161.88904921384795,61.889049213847954,2440.0,0.6188904921384796,0.0253643644319049,0.0,2501.8890492138466,0.47283740854862866,488,10.0,9407,24,8367,468,488,39,8,12,,8451,1.0
original_v1_platt|prestart_c45_o2|age30|release60,original_v1_platt,prestart_c45_o2,prestart,45,2,30,60,100.0,161.88904921384795,61.889049213847954,2440.0,0.6188904921384796,0.0253643644319049,0.0,2501.8890492138466,0.47283740854862866,488,10.0,9407,24,8367,468,488,39,8,12,,8451,1.0
original_v1_platt|prestart_c45_o2|age30|release300,original_v1_platt,prestart_c45_o2,prestart,45,2,30,300,100.0,161.88904921384795,61.889049213847954,2440.0,0.6188904921384796,0.0253643644319049,0.0,2501.8890492138466,0.47283740854862866,488,15.0,9407,24,8367,468,488,39,8,12,,8451,1.0
candidate_raw|prestart_c45_o2|age1|release0,candidate_raw,prestart_c45_o2,prestart,45,2,1,0,100.0,212.8039176358174,112.80391763581741,1900.0,1.128039176358174,0.05937048296621969,0.5,2012.8039176358143,0.3607093373985129,380,10.0,9407,123,8367,477,380,39,8,12,,8550,1.0
candidate_raw|prestart_c45_o2|age1|release60,candidate_raw,prestart_c45_o2,prestart,45,2,1,60,100.0,212.8039176358174,112.80391763581741,1900.0,1.128039176358174,0.05937048296621969,0.5,2012.8039176358143,0.3607093373985129,380,10.0,9407,123,8367,477,380,39,8,12,,8550,1.0
candidate_raw|prestart_c45_o2|age1|release300,candidate_raw,prestart_c45_o2,prestart,45,2,1,300,100.0,212.8039176358174,112.80391763581741,1900.0,1.128039176358174,0.05937048296621969,0.5,2012.8039176358143,0.3607093373985129,380,15.0,9407,123,8367,477,380,39,8,12,,8550,1.0
candidate_raw|prestart_c45_o2|age5|release0,candidate_raw,prestart_c45_o2,prestart,45,2,5,0,100.0,281.59293724366063,181.59293724366063,2130.0,1.8159293724366063,0.08525490011439465,0.5,2311.5929372436576,0.24460888128215835,426,10.0,9407,45,8367,509,426,39,8,12,,8472,1.0
candidate_raw|prestart_c45_o2|age5|release60,candidate_raw,prestart_c45_o2,prestart,45,2,5,60,100.0,281.59293724366063,181.59293724366063,2130.0,1.8159293724366063,0.08525490011439465,0.5,2311.5929372436576,0.24460888128215835,426,10.0,9407,45,8367,509,426,39,8,12,,8472,1.0
candidate_raw|prestart_c45_o2|age5|release300,candidate_raw,prestart_c45_o2,prestart,45,2,5,300,100.0,281.5929372436606,181.59293724366057,2130.0,1.8159293724366057,0.08525490011439464,0.5,2311.5929372436576,0.24460888128215846,426,15.0,9407,45,8367,509,426,39,8,12,,8472,1.0
candidate_raw|prestart_c45_o2|age30|release0,candidate_raw,prestart_c45_o2,prestart,45,2,30,0,100.0,276.3968588122881,176.3968588122881,2185.0,1.7639685881228808,0.08073082783171079,0.5,2361.3968588122857,0.2639561129533219,437,10.0,9407,24,8367,519,437,39,8,12,,8451,1.0
candidate_raw|prestart_c45_o2|age30|release60,candidate_raw,prestart_c45_o2,prestart,45,2,30,60,100.0,276.3968588122881,176.3968588122881,2185.0,1.7639685881228808,0.08073082783171079,0.5,2361.3968588122857,0.2639561129533219,437,10.0,9407,24,8367,519,437,39,8,12,,8451,1.0
candidate_raw|prestart_c45_o2|age30|release300,candidate_raw,prestart_c45_o2,prestart,45,2,30,300,100.0,276.3968588122881,176.3968588122881,2185.0,1.7639685881228808,0.08073082783171079,0.5,2361.3968588122857,0.2639561129533219,437,15.0,9407,24,8367,519,437,39,8,12,,8451,1.0
candidate_platt|prestart_c45_o2|age1|release0,candidate_platt,prestart_c45_o2,prestart,45,2,1,0,100.0,225.8611005089666,125.86110050896659,1910.0,1.258611005089666,0.0658958641408202,0.5,2035.8611005089638,0.3300001191041364,382,10.0,9407,123,8367,475,382,39,8,12,,8550,1.0
candidate_platt|prestart_c45_o2|age1|release60,candidate_platt,prestart_c45_o2,prestart,45,2,1,60,100.0,225.8611005089666,125.86110050896659,1910.0,1.258611005089666,0.0658958641408202,0.5,2035.8611005089638,0.3300001191041364,382,10.0,9407,123,8367,475,382,39,8,12,,8550,1.0
candidate_platt|prestart_c45_o2|age1|release300,candidate_platt,prestart_c45_o2,prestart,45,2,1,300,100.0,225.8611005089666,125.86110050896659,1910.0,1.258611005089666,0.0658958641408202,0.5,2035.8611005089638,0.3300001191041364,382,15.0,9407,123,8367,475,382,39,8,12,,8550,1.0
candidate_platt|prestart_c45_o2|age5|release0,candidate_platt,prestart_c45_o2,prestart,45,2,5,0,100.0,279.6501201168098,179.65012011680977,2175.0,1.7965012011680976,0.08259775637554473,0.5,2354.650120116807,0.32341009197669424,435,10.0,9407,45,8367,500,435,39,8,12,,8472,1.0
candidate_platt|prestart_c45_o2|age5|release60,candidate_platt,prestart_c45_o2,prestart,45,2,5,60,100.0,279.6501201168098,179.65012011680977,2175.0,1.7965012011680976,0.08259775637554473,0.5,2354.650120116807,0.32341009197669424,435,10.0,9407,45,8367,500,435,39,8,12,,8472,1.0
candidate_platt|prestart_c45_o2|age5|release300,candidate_platt,prestart_c45_o2,prestart,45,2,5,300,100.0,279.6501201168098,179.65012011680977,2175.0,1.7965012011680976,0.08259775637554473,0.5,2354.650120116807,0.32341009197669424,435,15.0,9407,45,8367,500,435,39,8,12,,8472,1.0
candidate_platt|prestart_c45_o2|age30|release0,candidate_platt,prestart_c45_o2,prestart,45,2,30,0,100.0,269.45404168543723,169.45404168543723,2235.0,1.6945404168543723,0.075818363170218,0.5,2404.4540416854347,0.32369618294111596,447,10.0,9407,24,8367,509,447,39,8,12,,8451,1.0
candidate_platt|prestart_c45_o2|age30|release60,candidate_platt,prestart_c45_o2,prestart,45,2,30,60,100.0,269.45404168543723,169.45404168543723,2235.0,1.6945404168543723,0.075818363170218,0.5,2404.4540416854347,0.32369618294111596,447,10.0,9407,24,8367,509,447,39,8,12,,8451,1.0
candidate_platt|prestart_c45_o2|age30|release300,candidate_platt,prestart_c45_o2,prestart,45,2,30,300,100.0,269.45404168543723,169.45404168543723,2235.0,1.6945404168543723,0.075818363170218,0.5,2404.4540416854347,0.32369618294111596,447,15.0,9407,24,8367,509,447,39,8,12,,8451,1.0
original_v1_raw|prestart_c45_o5|age1|release0,original_v1_raw,prestart_c45_o5,prestart,45,5,1,0,100.0,145.05029014571832,45.05029014571832,770.0,0.4505029014571832,0.0585068703191147,6.824281289999998,815.0502901457178,0.2634700717111254,154,10.0,9407,485,8493,222,154,33,8,12,,9031,
original_v1_raw|prestart_c45_o5|age1|release60,original_v1_raw,prestart_c45_o5,prestart,45,5,1,60,100.0,145.05029014571832,45.05029014571832,770.0,0.4505029014571832,0.0585068703191147,6.824281289999998,815.0502901457178,0.2634700717111254,154,10.0,9407,485,8493,222,154,33,8,12,,9031,
original_v1_raw|prestart_c45_o5|age1|release300,original_v1_raw,prestart_c45_o5,prestart,45,5,1,300,100.0,145.05029014571832,45.05029014571832,770.0,0.4505029014571832,0.0585068703191147,6.824281289999998,815.0502901457178,0.2634700717111254,154,15.0,9407,485,8493,222,154,33,8,12,,9031,
original_v1_raw|prestart_c45_o5|age5|release0,original_v1_raw,prestart_c45_o5,prestart,45,5,5,0,100.0,142.98114754620255,42.98114754620255,2335.0,0.42981147546202547,0.01840734370287047,10.285065109999998,2377.9811475462006,0.49618163704131674,467,10.0,9407,44,8493,349,467,33,8,12,,8591,1.0
original_v1_raw|prestart_c45_o5|age5|release60,original_v1_raw,prestart_c45_o5,prestart,45,5,5,60,100.0,142.98114754620255,42.98114754620255,2335.0,0.42981147546202547,0.01840734370287047,10.285065109999998,2377.9811475462006,0.49618163704131674,467,10.0,9407,44,8493,349,467,33,8,12,,8591,1.0
original_v1_raw|prestart_c45_o5|age5|release300,original_v1_raw,prestart_c45_o5,prestart,45,5,5,300,100.0,142.98114754620255,42.98114754620255,2335.0,0.42981147546202547,0.01840734370287047,10.285065109999998,2377.9811475462006,0.49618163704131674,467,15.0,9407,44,8493,349,467,33,8,12,,8591,1.0
original_v1_raw|prestart_c45_o5|age30|release0,original_v1_raw,prestart_c45_o5,prestart,45,5,30,0,100.0,137.80957891875153,37.80957891875153,2410.0,0.37809578918751524,0.015688621957988185,10.285065109999998,2447.8095789187505,0.49755558721049553,482,10.0,9407,22,8493,356,482,33,8,12,,8569,1.0
original_v1_raw|prestart_c45_o5|age30|release60,original_v1_raw,prestart_c45_o5,prestart,45,5,30,60,100.0,137.80957891875153,37.80957891875153,2410.0,0.37809578918751524,0.015688621957988185,10.285065109999998,2447.8095789187505,0.49755558721049553,482,10.0,9407,22,8493,356,482,33,8,12,,8569,1.0
original_v1_raw|prestart_c45_o5|age30|release300,original_v1_raw,prestart_c45_o5,prestart,45,5,30,300,100.0,137.8095789187515,37.8095789187515,2410.0,0.37809578918751496,0.015688621957988175,10.285065109999998,2447.8095789187505,0.4975555872104956,482,15.0,9407,22,8493,356,482,33,8,12,,8569,1.0
original_v1_platt|prestart_c45_o5|age1|release0,original_v1_platt,prestart_c45_o5,prestart,45,5,1,0,100.0,119.95597521470145,19.955975214701454,645.0,0.19955975214701455,0.03093949645690148,0.0,664.9559752147012,0.33684318291557347,129,10.0,9407,485,8493,247,129,33,8,12,,9031,
original_v1_platt|prestart_c45_o5|age1|release60,original_v1_platt,prestart_c45_o5,prestart,45,5,1,60,100.0,119.95597521470145,19.955975214701454,645.0,0.19955975214701455,0.03093949645690148,0.0,664.9559752147012,0.33684318291557347,129,10.0,9407,485,8493,247,129,33,8,12,,9031,
original_v1_platt|prestart_c45_o5|age1|release300,original_v1_platt,prestart_c45_o5,prestart,45,5,1,300,100.0,119.95597521470145,19.955975214701454,645.0,0.19955975214701455,0.03093949645690148,0.0,664.9559752147012,0.33684318291557347,129,15.0,9407,485,8493,247,129,33,8,12,,9031,
original_v1_platt|prestart_c45_o5|age5|release0,original_v1_platt,prestart_c45_o5,prestart,45,5,5,0,100.0,116.17207645376638,16.17207645376638,2040.0,0.1617207645376638,0.007927488457728617,0.0,2056.1720764537627,0.6779930476977839,408,10.0,9407,44,8493,408,408,33,8,12,,8591,1.0
original_v1_platt|prestart_c45_o5|age5|release60,original_v1_platt,prestart_c45_o5,prestart,45,5,5,60,100.0,116.17207645376638,16.17207645376638,2040.0,0.1617207645376638,0.007927488457728617,0.0,2056.1720764537627,0.6779930476977839,408,10.0,9407,44,8493,408,408,33,8,12,,8591,1.0
original_v1_platt|prestart_c45_o5|age5|release300,original_v1_platt,prestart_c45_o5,prestart,45,5,5,300,100.0,116.17207645376638,16.17207645376638,2040.0,0.1617207645376638,0.007927488457728617,0.0,2056.1720764537627,0.6779930476977839,408,15.0,9407,44,8493,408,408,33,8,12,,8591,1.0
original_v1_platt|prestart_c45_o5|age30|release0,original_v1_platt,prestart_c45_o5,prestart,45,5,30,0,100.0,116.00050782631536,16.000507826315356,2110.0,0.16000507826315358,0.0075831790646044344,0.0,2126.000507826312,0.6701367558696727,422,10.0,9407,22,8493,416,422,33,8,12,,8569,1.0
original_v1_platt|prestart_c45_o5|age30|release60,original_v1_platt,prestart_c45_o5,prestart,45,5,30,60,100.0,116.00050782631536,16.000507826315356,2110.0,0.16000507826315358,0.0075831790646044344,0.0,2126.000507826312,0.6701367558696727,422,10.0,9407,22,8493,416,422,33,8,12,,8569,1.0
original_v1_platt|prestart_c45_o5|age30|release300,original_v1_platt,prestart_c45_o5,prestart,45,5,30,300,100.0,116.00050782631536,16.000507826315356,2110.0,0.16000507826315358,0.0075831790646044344,0.0,2126.000507826312,0.6701367558696727,422,15.0,9407,22,8493,416,422,33,8,12,,8569,1.0
candidate_raw|prestart_c45_o5|age1|release0,candidate_raw,prestart_c45_o5,prestart,45,5,1,0,100.0,123.46092683227144,23.46092683227144,625.0,0.2346092683227144,0.0375374829316343,0.0,648.4609268322713,0.3005754037524081,125,10.0,9407,485,8493,251,125,33,8,12,,9031,
candidate_raw|prestart_c45_o5|age1|release60,candidate_raw,prestart_c45_o5,prestart,45,5,1,60,100.0,123.46092683227144,23.46092683227144,625.0,0.2346092683227144,0.0375374829316343,0.0,648.4609268322713,0.3005754037524081,125,10.0,9407,485,8493,251,125,33,8,12,,9031,
candidate_raw|prestart_c45_o5|age1|release300,candidate_raw,prestart_c45_o5,prestart,45,5,1,300,100.0,123.46092683227144,23.46092683227144,625.0,0.2346092683227144,0.0375374829316343,0.0,648.4609268322713,0.3005754037524081,125,15.0,9407,485,8493,251,125,33,8,12,,9031,
candidate_raw|prestart_c45_o5|age5|release0,candidate_raw,prestart_c45_o5,prestart,45,5,5,0,100.0,209.49864156288677,109.49864156288677,1835.0,1.0949864156288678,0.05967228423045601,0.5,1944.4986415628846,0.37008896868344304,367,10.0,9407,44,8493,449,367,33,8,12,,8591,1.0
candidate_raw|prestart_c45_o5|age5|release60,candidate_raw,prestart_c45_o5,prestart,45,5,5,60,100.0,209.49864156288677,109.49864156288677,1835.0,1.0949864156288678,0.05967228423045601,0.5,1944.4986415628846,0.37008896868344304,367,10.0,9407,44,8493,449,367,33,8,12,,8591,1.0
candidate_raw|prestart_c45_o5|age5|release300,candidate_raw,prestart_c45_o5,prestart,45,5,5,300,100.0,209.49864156288677,109.49864156288677,1835.0,1.0949864156288678,0.05967228423045601,0.5,1944.4986415628846,0.37008896868344304,367,15.0,9407,44,8493,449,367,33,8,12,,8591,1.0
candidate_raw|prestart_c45_o5|age30|release0,candidate_raw,prestart_c45_o5,prestart,45,5,30,0,100.0,214.71922979818092,114.71922979818092,1890.0,1.1471922979818092,0.060698005184222706,0.5,2004.7192297981787,0.36190060900168747,378,10.0,9407,22,8493,460,378,33,8,12,,8569,1.0
candidate_raw|prestart_c45_o5|age30|release60,candidate_raw,prestart_c45_o5,prestart,45,5,30,60,100.0,214.71922979818092,114.71922979818092,1890.0,1.1471922979818092,0.060698005184222706,0.5,2004.7192297981787,0.36190060900168747,378,10.0,9407,22,8493,460,378,33,8,12,,8569,1.0
candidate_raw|prestart_c45_o5|age30|release300,candidate_raw,prestart_c45_o5,prestart,45,5,30,300,100.0,214.71922979818092,114.71922979818092,1890.0,1.1471922979818092,0.060698005184222706,0.5,2004.7192297981787,0.36190060900168747,378,15.0,9407,22,8493,460,378,33,8,12,,8569,1.0
candidate_platt|prestart_c45_o5|age1|release0,candidate_platt,prestart_c45_o5,prestart,45,5,1,0,100.0,128.85308369501655,28.85308369501655,620.0,0.2885308369501655,0.04653723176615573,0.0,648.8530836950164,0.3000810694977304,124,10.0,9407,485,8493,252,124,33,8,12,,9031,
candidate_platt|prestart_c45_o5|age1|release60,candidate_platt,prestart_c45_o5,prestart,45,5,1,60,100.0,128.85308369501655,28.85308369501655,620.0,0.2885308369501655,0.04653723176615573,0.0,648.8530836950164,0.3000810694977304,124,10.0,9407,485,8493,252,124,33,8,12,,9031,
candidate_platt|prestart_c45_o5|age1|release300,candidate_platt,prestart_c45_o5,prestart,45,5,1,300,100.0,128.85308369501655,28.85308369501655,620.0,0.2885308369501655,0.04653723176615573,0.0,648.8530836950164,0.3000810694977304,124,10.0,9407,485,8493,252,124,33,8,12,,9031,
candidate_platt|prestart_c45_o5|age5|release0,candidate_platt,prestart_c45_o5,prestart,45,5,5,0,100.0,181.87408443234216,81.87408443234216,1875.0,0.8187408443234215,0.04366617836391582,0.5,1956.8740844323406,0.41471116625504345,375,10.0,9407,44,8493,441,375,33,8,12,,8591,1.0
candidate_platt|prestart_c45_o5|age5|release60,candidate_platt,prestart_c45_o5,prestart,45,5,5,60,100.0,181.87408443234216,81.87408443234216,1875.0,0.8187408443234215,0.04366617836391582,0.5,1956.8740844323406,0.41471116625504345,375,10.0,9407,44,8493,441,375,33,8,12,,8591,1.0
candidate_platt|prestart_c45_o5|age5|release300,candidate_platt,prestart_c45_o5,prestart,45,5,5,300,100.0,181.87408443234216,81.87408443234216,1875.0,0.8187408443234215,0.04366617836391582,0.5,1956.8740844323406,0.41471116625504345,375,15.0,9407,44,8493,441,375,33,8,12,,8591,1.0
candidate_platt|prestart_c45_o5|age30|release0,candidate_platt,prestart_c45_o5,prestart,45,5,30,0,100.0,182.09467266763627,82.09467266763627,1935.0,0.8209467266763627,0.04242618742513503,0.5,2017.0946726676343,0.40398426015543415,387,10.0,9407,22,8493,451,387,33,8,12,,8569,1.0
candidate_platt|prestart_c45_o5|age30|release60,candidate_platt,prestart_c45_o5,prestart,45,5,30,60,100.0,182.09467266763627,82.09467266763627,1935.0,0.8209467266763627,0.04242618742513503,0.5,2017.0946726676343,0.40398426015543415,387,10.0,9407,22,8493,451,387,33,8,12,,8569,1.0
candidate_platt|prestart_c45_o5|age30|release300,candidate_platt,prestart_c45_o5,prestart,45,5,30,300,100.0,182.09467266763627,82.09467266763627,1935.0,0.8209467266763627,0.04242618742513503,0.5,2017.0946726676343,0.40398426015543415,387,15.0,9407,22,8493,451,387,33,8,12,,8569,1.0
original_v1_raw|market_start_c45_o0|age1|release0,original_v1_raw,market_start_c45_o0,market_start_fallback,45,0,1,0,100.0,100.86436184174295,0.864361841742948,1440.0,0.008643618417429479,0.0006002512789881583,6.382351379999999,1440.8643618417404,0.5298999025890967,288,10.0,9407,50,8784,198,288,66,8,12,,8921,1.0
original_v1_raw|market_start_c45_o0|age1|release60,original_v1_raw,market_start_c45_o0,market_start_fallback,45,0,1,60,100.0,100.86436184174295,0.864361841742948,1440.0,0.008643618417429479,0.0006002512789881583,6.382351379999999,1440.8643618417404,0.5298999025890967,288,10.0,9407,50,8784,198,288,66,8,12,,8921,1.0
original_v1_raw|market_start_c45_o0|age1|release300,original_v1_raw,market_start_c45_o0,market_start_fallback,45,0,1,300,100.0,100.86436184174295,0.864361841742948,1440.0,0.008643618417429479,0.0006002512789881583,6.382351379999999,1440.8643618417404,0.5298999025890967,288,15.0,9407,50,8784,198,288,66,8,12,,8921,1.0
original_v1_raw|market_start_c45_o0|age5|release0,original_v1_raw,market_start_c45_o0,market_start_fallback,45,0,5,0,100.0,105.56004811625283,5.56004811625283,1505.0,0.0556004811625283,0.0036943841304005512,6.382351379999999,1510.56004811625,0.5291061966164281,301,10.0,9407,36,8784,199,301,66,8,12,,8907,1.0
original_v1_raw|market_start_c45_o0|age5|release60,original_v1_raw,market_start_c45_o0,market_start_fallback,45,0,5,60,100.0,105.56004811625283,5.56004811625283,1505.0,0.0556004811625283,0.0036943841304005512,6.382351379999999,1510.56004811625,0.5291061966164281,301,10.0,9407,36,8784,199,301,66,8,12,,8907,1.0
original_v1_raw|market_start_c45_o0|age5|release300,original_v1_raw,market_start_c45_o0,market_start_fallback,45,0,5,300,100.0,105.56004811625283,5.56004811625283,1505.0,0.0556004811625283,0.0036943841304005512,6.382351379999999,1510.56004811625,0.5291061966164281,301,15.0,9407,36,8784,199,301,66,8,12,,8907,1.0
original_v1_raw|market_start_c45_o0|age30|release0,original_v1_raw,market_start_c45_o0,market_start_fallback,45,0,30,0,100.0,109.9718128221352,9.971812822135206,1570.0,0.09971812822135206,0.006351473135117965,6.382351379999999,1579.9718128221323,0.502560601012049,314,10.0,9407,23,8784,199,314,66,8,12,,8894,1.0
original_v1_raw|market_start_c45_o0|age30|release60,original_v1_raw,market_start_c45_o0,market_start_fallback,45,0,30,60,100.0,109.9718128221352,9.971812822135206,1570.0,0.09971812822135206,0.006351473135117965,6.382351379999999,1579.9718128221323,0.502560601012049,314,10.0,9407,23,8784,199,314,66,8,12,,8894,1.0
original_v1_raw|market_start_c45_o0|age30|release300,original_v1_raw,market_start_c45_o0,market_start_fallback,45,0,30,300,100.0,109.9718128221352,9.971812822135206,1570.0,0.09971812822135206,0.006351473135117965,6.382351379999999,1579.9718128221323,0.502560601012049,314,15.0,9407,23,8784,199,314,66,8,12,,8894,1.0
original_v1_platt|market_start_c45_o0|age1|release0,original_v1_platt,market_start_c45_o0,market_start_fallback,45,0,1,0,100.0,98.50078545777305,-1.4992145422269516,1235.0,-0.014992145422269516,-0.0012139389005886249,0.0,1233.5007854577714,0.5858724098472746,247,10.0,9407,50,8784,239,247,66,8,12,,8921,1.0
original_v1_platt|market_start_c45_o0|age1|release60,original_v1_platt,market_start_c45_o0,market_start_fallback,45,0,1,60,100.0,98.50078545777305,-1.4992145422269516,1235.0,-0.014992145422269516,-0.0012139389005886249,0.0,1233.5007854577714,0.5858724098472746,247,10.0,9407,50,8784,239,247,66,8,12,,8921,1.0
original_v1_platt|market_start_c45_o0|age1|release300,original_v1_platt,market_start_c45_o0,market_start_fallback,45,0,1,300,100.0,98.50078545777305,-1.4992145422269516,1235.0,-0.014992145422269516,-0.0012139389005886249,0.0,1233.5007854577714,0.5858724098472746,247,15.0,9407,50,8784,239,247,66,8,12,,8921,1.0
original_v1_platt|market_start_c45_o0|age5|release0,original_v1_platt,market_start_c45_o0,market_start_fallback,45,0,5,0,100.0,93.32921683032211,-6.67078316967789,1290.0,-0.0667078316967789,-0.005171149743936348,0.0,1283.3292168303203,0.618674314834617,258,10.0,9407,36,8784,242,258,66,8,12,,8907,1.0
original_v1_platt|market_start_c45_o0|age5|release60,original_v1_platt,market_start_c45_o0,market_start_fallback,45,0,5,60,100.0,93.32921683032211,-6.67078316967789,1290.0,-0.0667078316967789,-0.005171149743936348,0.0,1283.3292168303203,0.618674314834617,258,10.0,9407,36,8784,242,258,66,8,12,,8907,1.0
original_v1_platt|market_start_c45_o0|age5|release300,original_v1_platt,market_start_c45_o0,market_start_fallback,45,0,5,300,100.0,93.32921683032211,-6.67078316967789,1290.0,-0.0667078316967789,-0.005171149743936348,0.0,1283.3292168303203,0.618674314834617,258,15.0,9407,36,8784,242,258,66,8,12,,8907,1.0
original_v1_platt|market_start_c45_o0|age30|release0,original_v1_platt,market_start_c45_o0,market_start_fallback,45,0,30,0,100.0,108.61054675359577,8.61054675359577,1355.0,0.0861054675359577,0.006354647050624184,0.0,1363.6105467535936,0.5506747239102505,271,10.0,9407,23,8784,242,271,66,8,12,,8894,1.0
original_v1_platt|market_start_c45_o0|age30|release60,original_v1_platt,market_start_c45_o0,market_start_fallback,45,0,30,60,100.0,108.61054675359577,8.61054675359577,1355.0,0.0861054675359577,0.006354647050624184,0.0,1363.6105467535936,0.5506747239102505,271,10.0,9407,23,8784,242,271,66,8,12,,8894,1.0
original_v1_platt|market_start_c45_o0|age30|release300,original_v1_platt,market_start_c45_o0,market_start_fallback,45,0,30,300,100.0,108.61054675359577,8.61054675359577,1355.0,0.0861054675359577,0.006354647050624184,0.0,1363.6105467535936,0.5506747239102505,271,15.0,9407,23,8784,242,271,66,8,12,,8894,1.0
candidate_raw|market_start_c45_o0|age1|release0,candidate_raw,market_start_c45_o0,market_start_fallback,45,0,1,0,100.0,127.96929563107304,27.969295631073038,1190.0,0.2796929563107304,0.023503609774010958,0.0,1217.969295631072,0.44910065373240693,238,10.0,9407,50,8784,248,238,66,8,12,,8921,1.0
candidate_raw|market_start_c45_o0|age1|release60,candidate_raw,market_start_c45_o0,market_start_fallback,45,0,1,60,100.0,127.96929563107304,27.969295631073038,1190.0,0.2796929563107304,0.023503609774010958,0.0,1217.969295631072,0.44910065373240693,238,10.0,9407,50,8784,248,238,66,8,12,,8921,1.0
candidate_raw|market_start_c45_o0|age1|release300,candidate_raw,market_start_c45_o0,market_start_fallback,45,0,1,300,100.0,127.96929563107304,27.969295631073038,1190.0,0.2796929563107304,0.023503609774010958,0.0,1217.969295631072,0.44910065373240693,238,15.0,9407,50,8784,248,238,66,8,12,,8921,1.0
candidate_raw|market_start_c45_o0|age5|release0,candidate_raw,market_start_c45_o0,market_start_fallback,45,0,5,0,100.0,127.99380543499461,27.993805434994613,1230.0,0.2799380543499461,0.022759191410564726,0.0,1257.9938054349936,0.4657229286350819,246,10.0,9407,36,8784,254,246,66,8,12,,8907,1.0
candidate_raw|market_start_c45_o0|age5|release60,candidate_raw,market_start_c45_o0,market_start_fallback,45,0,5,60,100.0,127.99380543499461,27.993805434994613,1230.0,0.2799380543499461,0.022759191410564726,0.0,1257.9938054349936,0.4657229286350819,246,10.0,9407,36,8784,254,246,66,8,12,,8907,1.0
candidate_raw|market_start_c45_o0|age5|release300,candidate_raw,market_start_c45_o0,market_start_fallback,45,0,5,300,100.0,127.99380543499461,27.993805434994613,1230.0,0.2799380543499461,0.022759191410564726,0.0,1257.9938054349936,0.4657229286350819,246,15.0,9407,36,8784,254,246,66,8,12,,8907,1.0
candidate_raw|market_start_c45_o0|age30|release0,candidate_raw,market_start_c45_o0,market_start_fallback,45,0,30,0,100.0,138.6672922210135,38.6672922210135,1280.0,0.386672922210135,0.030208822047666794,0.0,1318.6672922210123,0.42095861937664947,256,10.0,9407,23,8784,257,256,66,8,12,,8894,1.0
candidate_raw|market_start_c45_o0|age30|release60,candidate_raw,market_start_c45_o0,market_start_fallback,45,0,30,60,100.0,138.6672922210135,38.6672922210135,1280.0,0.386672922210135,0.030208822047666794,0.0,1318.6672922210123,0.42095861937664947,256,10.0,9407,23,8784,257,256,66,8,12,,8894,1.0
candidate_raw|market_start_c45_o0|age30|release300,candidate_raw,market_start_c45_o0,market_start_fallback,45,0,30,300,100.0,138.6672922210135,38.6672922210135,1280.0,0.386672922210135,0.030208822047666794,0.0,1318.6672922210123,0.42095861937664947,256,15.0,9407,23,8784,257,256,66,8,12,,8894,1.0
candidate_platt|market_start_c45_o0|age1|release0,candidate_platt,market_start_c45_o0,market_start_fallback,45,0,1,0,100.0,105.67355448846206,5.6735544884620595,1195.0,0.0567355448846206,0.0047477443418092544,0.0,1200.6735544884611,0.5792759610872099,239,10.0,9407,50,8784,247,239,66,8,12,,8921,1.0
candidate_platt|market_start_c45_o0|age1|release60,candidate_platt,market_start_c45_o0,market_start_fallback,45,0,1,60,100.0,105.67355448846206,5.6735544884620595,1195.0,0.0567355448846206,0.0047477443418092544,0.0,1200.6735544884611,0.5792759610872099,239,10.0,9407,50,8784,247,239,66,8,12,,8921,1.0
candidate_platt|market_start_c45_o0|age1|release300,candidate_platt,market_start_c45_o0,market_start_fallback,45,0,1,300,100.0,105.67355448846206,5.6735544884620595,1195.0,0.0567355448846206,0.0047477443418092544,0.0,1200.6735544884611,0.5792759610872099,239,15.0,9407,50,8784,247,239,66,8,12,,8921,1.0
candidate_platt|market_start_c45_o0|age5|release0,candidate_platt,market_start_c45_o0,market_start_fallback,45,0,5,0,100.0,100.69806429238363,0.6980642923836342,1240.0,0.006980642923836342,0.0005629550745029308,0.0,1240.698064292383,0.6174031950268065,248,10.0,9407,36,8784,252,248,66,8,12,,8907,1.0
candidate_platt|market_start_c45_o0|age5|release60,candidate_platt,market_start_c45_o0,market_start_fallback,45,0,5,60,100.0,100.69806429238363,0.6980642923836342,1240.0,0.006980642923836342,0.0005629550745029308,0.0,1240.698064292383,0.6174031950268065,248,10.0,9407,36,8784,252,248,66,8,12,,8907,1.0
candidate_platt|market_start_c45_o0|age5|release300,candidate_platt,market_start_c45_o0,market_start_fallback,45,0,5,300,100.0,100.69806429238363,0.6980642923836342,1240.0,0.006980642923836342,0.0005629550745029308,0.0,1240.698064292383,0.6174031950268065,248,15.0,9407,36,8784,252,248,66,8,12,,8907,1.0
candidate_platt|market_start_c45_o0|age30|release0,candidate_platt,market_start_c45_o0,market_start_fallback,45,0,30,0,100.0,106.3715510784024,6.371551078402405,1295.0,0.06371551078402404,0.004920116662859,0.0,1301.3715510784016,0.5761998070168716,259,10.0,9407,23,8784,254,259,66,8,12,,8894,1.0
candidate_platt|market_start_c45_o0|age30|release60,candidate_platt,market_start_c45_o0,market_start_fallback,45,0,30,60,100.0,106.3715510784024,6.371551078402405,1295.0,0.06371551078402404,0.004920116662859,0.0,1301.3715510784016,0.5761998070168716,259,10.0,9407,23,8784,254,259,66,8,12,,8894,1.0
candidate_platt|market_start_c45_o0|age30|release300,candidate_platt,market_start_c45_o0,market_start_fallback,45,0,30,300,100.0,106.3715510784024,6.371551078402405,1295.0,0.06371551078402404,0.004920116662859,0.0,1301.3715510784016,0.5761998070168716,259,15.0,9407,23,8784,254,259,66,8,12,,8894,1.0
original_v1_raw|market_start_c45_o1|age1|release0,original_v1_raw,market_start_c45_o1,market_start_fallback,45,1,1,0,100.0,153.21679701402826,53.21679701402826,1335.0,0.5321679701402826,0.03986276929889757,4.46078345,1388.2167970140263,0.3670743633687638,267,10.0,9407,42,8864,177,267,36,8,12,,8963,1.0
original_v1_raw|market_start_c45_o1|age1|release60,original_v1_raw,market_start_c45_o1,market_start_fallback,45,1,1,60,100.0,153.21679701402826,53.21679701402826,1335.0,0.5321679701402826,0.03986276929889757,4.46078345,1388.2167970140263,0.3670743633687638,267,10.0,9407,42,8864,177,267,36,8,12,,8963,1.0
original_v1_raw|market_start_c45_o1|age1|release300,original_v1_raw,market_start_c45_o1,market_start_fallback,45,1,1,300,100.0,153.21679701402826,53.21679701402826,1335.0,0.5321679701402826,0.03986276929889757,4.46078345,1388.2167970140263,0.3670743633687638,267,15.0,9407,42,8864,177,267,36,8,12,,8963,1.0
original_v1_raw|market_start_c45_o1|age5|release0,original_v1_raw,market_start_c45_o1,market_start_fallback,45,1,5,0,100.0,148.43738524932238,48.437385249322375,1380.0,0.48437385249322373,0.035099554528494475,4.46078345,1428.4373852493202,0.37682531831588506,276,10.0,9407,33,8864,177,276,36,8,12,,8954,1.0
original_v1_raw|market_start_c45_o1|age5|release60,original_v1_raw,market_start_c45_o1,market_start_fallback,45,1,5,60,100.0,148.43738524932238,48.437385249322375,1380.0,0.48437385249322373,0.035099554528494475,4.46078345,1428.4373852493202,0.37682531831588506,276,10.0,9407,33,8864,177,276,36,8,12,,8954,1.0
original_v1_raw|market_start_c45_o1|age5|release300,original_v1_raw,market_start_c45_o1,market_start_fallback,45,1,5,300,100.0,148.43738524932238,48.437385249322375,1380.0,0.48437385249322373,0.035099554528494475,4.46078345,1428.4373852493202,0.37682531831588506,276,15.0,9407,33,8864,177,276,36,8,12,,8954,1.0
original_v1_raw|market_start_c45_o1|age30|release0,original_v1_raw,market_start_c45_o1,market_start_fallback,45,1,30,0,100.0,147.84914995520475,47.84914995520475,1440.0,0.4784914995520475,0.03322857635778108,4.46078345,1487.8491499552022,0.38748450099898507,288,10.0,9407,21,8864,177,288,36,8,12,,8942,1.0
original_v1_raw|market_start_c45_o1|age30|release60,original_v1_raw,market_start_c45_o1,market_start_fallback,45,1,30,60,100.0,147.84914995520475,47.84914995520475,1440.0,0.4784914995520475,0.03322857635778108,4.46078345,1487.8491499552022,0.38748450099898507,288,10.0,9407,21,8864,177,288,36,8,12,,8942,1.0
original_v1_raw|market_start_c45_o1|age30|release300,original_v1_raw,market_start_c45_o1,market_start_fallback,45,1,30,300,100.0,147.84914995520472,47.84914995520472,1440.0,0.47849149955204723,0.03322857635778106,4.46078345,1487.8491499552022,0.38748450099898524,288,15.0,9407,21,8864,177,288,36,8,12,,8942,1.0
original_v1_platt|market_start_c45_o1|age1|release0,original_v1_platt,market_start_c45_o1,market_start_fallback,45,1,1,0,100.0,187.74265638480395,87.74265638480395,1170.0,0.8774265638480395,0.07499372340581534,0.4999996299999999,1257.7426563848023,0.27904282432228406,234,10.0,9407,42,8864,210,234,36,8,12,,8963,1.0
original_v1_platt|market_start_c45_o1|age1|release60,original_v1_platt,market_start_c45_o1,market_start_fallback,45,1,1,60,100.0,187.74265638480395,87.74265638480395,1170.0,0.8774265638480395,0.07499372340581534,0.4999996299999999,1257.7426563848023,0.27904282432228406,234,10.0,9407,42,8864,210,234,36,8,12,,8963,1.0
original_v1_platt|market_start_c45_o1|age1|release300,original_v1_platt,market_start_c45_o1,market_start_fallback,45,1,1,300,100.0,187.74265638480395,87.74265638480395,1170.0,0.8774265638480395,0.07499372340581534,0.4999996299999999,1257.7426563848023,0.27904282432228406,234,15.0,9407,42,8864,210,234,36,8,12,,8963,1.0
original_v1_platt|market_start_c45_o1|age5|release0,original_v1_platt,market_start_c45_o1,market_start_fallback,45,1,5,0,100.0,177.96324462009804,77.96324462009804,1210.0,0.7796324462009804,0.06443243357032896,0.4999996299999999,1287.9632446200962,0.3549509960712675,242,10.0,9407,33,8864,211,242,36,8,12,,8954,1.0
original_v1_platt|market_start_c45_o1|age5|release60,original_v1_platt,market_start_c45_o1,market_start_fallback,45,1,5,60,100.0,177.96324462009804,77.96324462009804,1210.0,0.7796324462009804,0.06443243357032896,0.4999996299999999,1287.9632446200962,0.3549509960712675,242,10.0,9407,33,8864,211,242,36,8,12,,8954,1.0
original_v1_platt|market_start_c45_o1|age5|release300,original_v1_platt,market_start_c45_o1,market_start_fallback,45,1,5,300,100.0,177.96324462009804,77.96324462009804,1210.0,0.7796324462009804,0.06443243357032896,0.4999996299999999,1287.9632446200962,0.3549509960712675,242,15.0,9407,33,8864,211,242,36,8,12,,8954,1.0
original_v1_platt|market_start_c45_o1|age30|release0,original_v1_platt,market_start_c45_o1,market_start_fallback,45,1,30,0,100.0,188.24457454337173,88.24457454337173,1270.0,0.8824457454337172,0.06948391696328482,0.4999996299999999,1358.24457454337,0.3347007419909107,254,10.0,9407,21,8864,211,254,36,8,12,,8942,1.0
original_v1_platt|market_start_c45_o1|age30|release60,original_v1_platt,market_start_c45_o1,market_start_fallback,45,1,30,60,100.0,188.24457454337173,88.24457454337173,1270.0,0.8824457454337172,0.06948391696328482,0.4999996299999999,1358.24457454337,0.3347007419909107,254,10.0,9407,21,8864,211,254,36,8,12,,8942,1.0
original_v1_platt|market_start_c45_o1|age30|release300,original_v1_platt,market_start_c45_o1,market_start_fallback,45,1,30,300,100.0,188.24457454337173,88.24457454337173,1270.0,0.8824457454337172,0.06948391696328482,0.4999996299999999,1358.24457454337,0.3347007419909107,254,15.0,9407,21,8864,211,254,36,8,12,,8942,1.0
candidate_raw|market_start_c45_o1|age1|release0,candidate_raw,market_start_c45_o1,market_start_fallback,45,1,1,0,100.0,119.15010528744168,19.150105287441676,1075.0,0.19150105287441677,0.017814051430178304,0.4999996299999999,1094.1501052874407,0.6362122394756158,215,10.0,9407,42,8864,229,215,36,8,12,,8963,1.0
candidate_raw|market_start_c45_o1|age1|release60,candidate_raw,market_start_c45_o1,market_start_fallback,45,1,1,60,100.0,119.15010528744168,19.150105287441676,1075.0,0.19150105287441677,0.017814051430178304,0.4999996299999999,1094.1501052874407,0.6362122394756158,215,10.0,9407,42,8864,229,215,36,8,12,,8963,1.0
candidate_raw|market_start_c45_o1|age1|release300,candidate_raw,market_start_c45_o1,market_start_fallback,45,1,1,300,100.0,119.15010528744168,19.150105287441676,1075.0,0.19150105287441677,0.017814051430178304,0.4999996299999999,1094.1501052874407,0.6362122394756158,215,15.0,9407,42,8864,229,215,36,8,12,,8963,1.0
candidate_raw|market_start_c45_o1|age5|release0,candidate_raw,market_start_c45_o1,market_start_fallback,45,1,5,0,100.0,119.37069352273576,19.370693522735763,1105.0,0.19370693522735763,0.01753003938709119,0.4999996299999999,1124.3706935227347,0.6474919446186521,221,10.0,9407,33,8864,232,221,36,8,12,,8954,1.0
candidate_raw|market_start_c45_o1|age5|release60,candidate_raw,market_start_c45_o1,market_start_fallback,45,1,5,60,100.0,119.37069352273576,19.370693522735763,1105.0,0.19370693522735763,0.01753003938709119,0.4999996299999999,1124.3706935227347,0.6474919446186521,221,10.0,9407,33,8864,232,221,36,8,12,,8954,1.0
candidate_raw|market_start_c45_o1|age5|release300,candidate_raw,market_start_c45_o1,market_start_fallback,45,1,5,300,100.0,119.37069352273576,19.370693522735763,1105.0,0.19370693522735763,0.01753003938709119,0.4999996299999999,1124.3706935227347,0.6474919446186521,221,15.0,9407,33,8864,232,221,36,8,12,,8954,1.0
candidate_raw|market_start_c45_o1|age30|release0,candidate_raw,market_start_c45_o1,market_start_fallback,45,1,30,0,100.0,125.04418030875456,25.044180308754562,1150.0,0.2504418030875456,0.021777548094569183,0.4999996299999999,1175.0441803087535,0.6111276075882107,230,10.0,9407,21,8864,235,230,36,8,12,,8942,1.0
candidate_raw|market_start_c45_o1|age30|release60,candidate_raw,market_start_c45_o1,market_start_fallback,45,1,30,60,100.0,125.04418030875456,25.044180308754562,1150.0,0.2504418030875456,0.021777548094569183,0.4999996299999999,1175.0441803087535,0.6111276075882107,230,10.0,9407,21,8864,235,230,36,8,12,,8942,1.0
candidate_raw|market_start_c45_o1|age30|release300,candidate_raw,market_start_c45_o1,market_start_fallback,45,1,30,300,100.0,125.04418030875456,25.044180308754562,1150.0,0.2504418030875456,0.021777548094569183,0.4999996299999999,1175.0441803087535,0.6111276075882107,230,15.0,9407,21,8864,235,230,36,8,12,,8942,1.0
candidate_platt|market_start_c45_o1|age1|release0,candidate_platt,market_start_c45_o1,market_start_fallback,45,1,1,0,100.0,127.4086363921912,27.408636392191198,1050.0,0.274086363921912,0.026103463230658284,0.4999996299999999,1077.4086363921904,0.6421131291647973,210,10.0,9407,42,8864,234,210,36,8,12,,8963,1.0
candidate_platt|market_start_c45_o1|age1|release60,candidate_platt,market_start_c45_o1,market_start_fallback,45,1,1,60,100.0,127.4086363921912,27.408636392191198,1050.0,0.274086363921912,0.026103463230658284,0.4999996299999999,1077.4086363921904,0.6421131291647973,210,10.0,9407,42,8864,234,210,36,8,12,,8963,1.0
candidate_platt|market_start_c45_o1|age1|release300,candidate_platt,market_start_c45_o1,market_start_fallback,45,1,1,300,100.0,127.4086363921912,27.408636392191198,1050.0,0.274086363921912,0.026103463230658284,0.4999996299999999,1077.4086363921904,0.6421131291647973,210,15.0,9407,42,8864,234,210,36,8,12,,8963,1.0
candidate_platt|market_start_c45_o1|age5|release0,candidate_platt,market_start_c45_o1,market_start_fallback,45,1,5,0,100.0,122.62922462748534,22.629224627485343,1085.0,0.22629224627485342,0.02085642822809709,0.4999996299999999,1107.6292246274845,0.6782605477787026,217,10.0,9407,33,8864,236,217,36,8,12,,8954,1.0
candidate_platt|market_start_c45_o1|age5|release60,candidate_platt,market_start_c45_o1,market_start_fallback,45,1,5,60,100.0,122.62922462748534,22.629224627485343,1085.0,0.22629224627485342,0.02085642822809709,0.4999996299999999,1107.6292246274845,0.6782605477787026,217,10.0,9407,33,8864,236,217,36,8,12,,8954,1.0
candidate_platt|market_start_c45_o1|age5|release300,candidate_platt,market_start_c45_o1,market_start_fallback,45,1,5,300,100.0,122.62922462748534,22.629224627485343,1085.0,0.22629224627485342,0.02085642822809709,0.4999996299999999,1107.6292246274845,0.6782605477787026,217,15.0,9407,33,8864,236,217,36,8,12,,8954,1.0
candidate_platt|market_start_c45_o1|age30|release0,candidate_platt,market_start_c45_o1,market_start_fallback,45,1,30,0,100.0,123.30271141350408,23.302711413504085,1135.0,0.23302711413504085,0.020531023271809765,0.4999996299999999,1158.3027114135032,0.662381574869057,227,10.0,9407,21,8864,238,227,36,8,12,,8942,1.0
candidate_platt|market_start_c45_o1|age30|release60,candidate_platt,market_start_c45_o1,market_start_fallback,45,1,30,60,100.0,123.30271141350408,23.302711413504085,1135.0,0.23302711413504085,0.020531023271809765,0.4999996299999999,1158.3027114135032,0.662381574869057,227,10.0,9407,21,8864,238,227,36,8,12,,8942,1.0
candidate_platt|market_start_c45_o1|age30|release300,candidate_platt,market_start_c45_o1,market_start_fallback,45,1,30,300,100.0,123.30271141350408,23.302711413504085,1135.0,0.23302711413504085,0.020531023271809765,0.4999996299999999,1158.3027114135032,0.662381574869057,227,15.0,9407,21,8864,238,227,36,8,12,,8942,1.0
original_v1_raw|market_start_c45_o2|age1|release0,original_v1_raw,market_start_c45_o2,market_start_fallback,45,2,1,0,100.0,165.02649041866547,65.02649041866547,1255.0,0.6502649041866547,0.051813936588578066,5.452312279999999,1320.0264904186638,0.3592889569424197,251,10.0,9407,35,8918,153,251,28,8,12,,9003,2.0
original_v1_raw|market_start_c45_o2|age1|release60,original_v1_raw,market_start_c45_o2,market_start_fallback,45,2,1,60,100.0,165.02649041866547,65.02649041866547,1255.0,0.6502649041866547,0.051813936588578066,5.452312279999999,1320.0264904186638,0.3592889569424197,251,10.0,9407,35,8918,153,251,28,8,12,,9003,2.0
original_v1_raw|market_start_c45_o2|age1|release300,original_v1_raw,market_start_c45_o2,market_start_fallback,45,2,1,300,100.0,165.02649041866547,65.02649041866547,1255.0,0.6502649041866547,0.051813936588578066,5.452312279999999,1320.0264904186638,0.3592889569424197,251,15.0,9407,35,8918,153,251,28,8,12,,9003,2.0
original_v1_raw|market_start_c45_o2|age5|release0,original_v1_raw,market_start_c45_o2,market_start_fallback,45,2,5,0,100.0,154.68206734174237,54.68206734174237,1295.0,0.5468206734174237,0.042225534626828085,5.452312279999999,1349.6820673417405,0.38004562477494236,259,10.0,9407,26,8918,153,259,28,8,12,,8995,3.0
original_v1_raw|market_start_c45_o2|age5|release60,original_v1_raw,market_start_c45_o2,market_start_fallback,45,2,5,60,100.0,154.68206734174237,54.68206734174237,1295.0,0.5468206734174237,0.042225534626828085,5.452312279999999,1349.6820673417405,0.38004562477494236,259,10.0,9407,26,8918,153,259,28,8,12,,8995,3.0
original_v1_raw|market_start_c45_o2|age5|release300,original_v1_raw,market_start_c45_o2,market_start_fallback,45,2,5,300,100.0,154.68206734174237,54.68206734174237,1295.0,0.5468206734174237,0.042225534626828085,5.452312279999999,1349.6820673417405,0.38004562477494236,259,15.0,9407,26,8918,153,259,28,8,12,,8995,3.0
original_v1_raw|market_start_c45_o2|age30|release0,original_v1_raw,market_start_c45_o2,market_start_fallback,45,2,30,0,100.0,169.28991047899729,69.28991047899729,1330.0,0.6928991047899729,0.05209767705187766,5.452312279999999,1399.2899104789954,0.35940876752058587,266,10.0,9407,19,8918,153,266,28,8,12,,8988,3.0
original_v1_raw|market_start_c45_o2|age30|release60,original_v1_raw,market_start_c45_o2,market_start_fallback,45,2,30,60,100.0,169.28991047899729,69.28991047899729,1330.0,0.6928991047899729,0.05209767705187766,5.452312279999999,1399.2899104789954,0.35940876752058587,266,10.0,9407,19,8918,153,266,28,8,12,,8988,3.0
original_v1_raw|market_start_c45_o2|age30|release300,original_v1_raw,market_start_c45_o2,market_start_fallback,45,2,30,300,100.0,169.28991047899729,69.28991047899729,1330.0,0.6928991047899729,0.05209767705187766,5.452312279999999,1399.2899104789954,0.35940876752058587,266,15.0,9407,19,8918,153,266,28,8,12,,8988,3.0
original_v1_platt|market_start_c45_o2|age1|release0,original_v1_platt,market_start_c45_o2,market_start_fallback,45,2,1,0,100.0,161.1628165699926,61.1628165699926,1120.0,0.611628165699926,0.05460965765177911,0.99999955,1181.1628165699913,0.32072867337711014,224,10.0,9407,35,8918,180,224,28,8,12,,9003,2.0
original_v1_platt|market_start_c45_o2|age1|release60,original_v1_platt,market_start_c45_o2,market_start_fallback,45,2,1,60,100.0,161.1628165699926,61.1628165699926,1120.0,0.611628165699926,0.05460965765177911,0.99999955,1181.1628165699913,0.32072867337711014,224,10.0,9407,35,8918,180,224,28,8,12,,9003,2.0
original_v1_platt|market_start_c45_o2|age1|release300,original_v1_platt,market_start_c45_o2,market_start_fallback,45,2,1,300,100.0,161.16281656999254,61.16281656999254,1120.0,0.6116281656999254,0.05460965765177905,0.99999955,1181.1628165699913,0.3207286733771102,224,15.0,9407,35,8918,180,224,28,8,12,,9003,2.0
original_v1_platt|market_start_c45_o2|age5|release0,original_v1_platt,market_start_c45_o2,market_start_fallback,45,2,5,0,100.0,145.81839349306946,45.818393493069465,1155.0,0.45818393493069465,0.0396696047559043,0.99999955,1200.8183934930682,0.3595890507479539,231,10.0,9407,26,8918,181,231,28,8,12,,8995,3.0
original_v1_platt|market_start_c45_o2|age5|release60,original_v1_platt,market_start_c45_o2,market_start_fallback,45,2,5,60,100.0,145.81839349306946,45.818393493069465,1155.0,0.45818393493069465,0.0396696047559043,0.99999955,1200.8183934930682,0.3595890507479539,231,10.0,9407,26,8918,181,231,28,8,12,,8995,3.0
original_v1_platt|market_start_c45_o2|age5|release300,original_v1_platt,market_start_c45_o2,market_start_fallback,45,2,5,300,100.0,145.81839349306946,45.818393493069465,1155.0,0.45818393493069465,0.0396696047559043,0.99999955,1200.8183934930682,0.3595890507479539,231,15.0,9407,26,8918,181,231,28,8,12,,8995,3.0
original_v1_platt|market_start_c45_o2|age30|release0,original_v1_platt,market_start_c45_o2,market_start_fallback,45,2,30,0,100.0,160.42623663032438,60.42623663032438,1190.0,0.6042623663032438,0.050778350109516285,0.99999955,1250.426236630323,0.3351002086119353,238,10.0,9407,19,8918,181,238,28,8,12,,8988,3.0
original_v1_platt|market_start_c45_o2|age30|release60,original_v1_platt,market_start_c45_o2,market_start_fallback,45,2,30,60,100.0,160.42623663032438,60.42623663032438,1190.0,0.6042623663032438,0.050778350109516285,0.99999955,1250.426236630323,0.3351002086119353,238,10.0,9407,19,8918,181,238,28,8,12,,8988,3.0
original_v1_platt|market_start_c45_o2|age30|release300,original_v1_platt,market_start_c45_o2,market_start_fallback,45,2,30,300,100.0,160.42623663032438,60.42623663032438,1190.0,0.6042623663032438,0.050778350109516285,0.99999955,1250.426236630323,0.3351002086119353,238,15.0,9407,19,8918,181,238,28,8,12,,8988,3.0
candidate_raw|market_start_c45_o2|age1|release0,candidate_raw,market_start_c45_o2,market_start_fallback,45,2,1,0,100.0,127.23558238335548,27.235582383355478,1040.0,0.2723558238335548,0.026188059983995652,0.99999955,1067.2355823833548,0.5055368445346945,208,10.0,9407,35,8918,196,208,28,8,12,,9003,2.0
candidate_raw|market_start_c45_o2|age1|release60,candidate_raw,market_start_c45_o2,market_start_fallback,45,2,1,60,100.0,127.23558238335548,27.235582383355478,1040.0,0.2723558238335548,0.026188059983995652,0.99999955,1067.2355823833548,0.5055368445346945,208,10.0,9407,35,8918,196,208,28,8,12,,9003,2.0
candidate_raw|market_start_c45_o2|age1|release300,candidate_raw,market_start_c45_o2,market_start_fallback,45,2,1,300,100.0,127.23558238335548,27.235582383355478,1040.0,0.2723558238335548,0.026188059983995652,0.99999955,1067.2355823833548,0.5055368445346945,208,15.0,9407,35,8918,196,208,28,8,12,,9003,2.0
candidate_raw|market_start_c45_o2|age5|release0,candidate_raw,market_start_c45_o2,market_start_fallback,45,2,5,0,100.0,112.23558238335542,12.235582383355421,1065.0,0.12235582383355421,0.011488809749629503,0.99999955,1077.2355823833548,0.5979491901564243,213,10.0,9407,26,8918,199,213,28,8,12,,8995,3.0
candidate_raw|market_start_c45_o2|age5|release60,candidate_raw,market_start_c45_o2,market_start_fallback,45,2,5,60,100.0,112.23558238335542,12.235582383355421,1065.0,0.12235582383355421,0.011488809749629503,0.99999955,1077.2355823833548,0.5979491901564243,213,10.0,9407,26,8918,199,213,28,8,12,,8995,3.0
candidate_raw|market_start_c45_o2|age5|release300,candidate_raw,market_start_c45_o2,market_start_fallback,45,2,5,300,100.0,112.23558238335542,12.235582383355421,1065.0,0.12235582383355421,0.011488809749629503,0.99999955,1077.2355823833548,0.5979491901564243,213,15.0,9407,26,8918,199,213,28,8,12,,8995,3.0
candidate_raw|market_start_c45_o2|age30|release0,candidate_raw,market_start_c45_o2,market_start_fallback,45,2,30,0,100.0,112.23558238335542,12.235582383355421,1095.0,0.12235582383355421,0.01117404783868075,0.99999955,1107.2355823833548,0.5979491901564243,219,10.0,9407,19,8918,200,219,28,8,12,,8988,3.0
candidate_raw|market_start_c45_o2|age30|release60,candidate_raw,market_start_c45_o2,market_start_fallback,45,2,30,60,100.0,112.23558238335542,12.235582383355421,1095.0,0.12235582383355421,0.01117404783868075,0.99999955,1107.2355823833548,0.5979491901564243,219,10.0,9407,19,8918,200,219,28,8,12,,8988,3.0
candidate_raw|market_start_c45_o2|age30|release300,candidate_raw,market_start_c45_o2,market_start_fallback,45,2,30,300,100.0,112.23558238335542,12.235582383355421,1095.0,0.12235582383355421,0.01117404783868075,0.99999955,1107.2355823833548,0.5979491901564243,219,15.0,9407,19,8918,200,219,28,8,12,,8988,3.0
candidate_platt|market_start_c45_o2|age1|release0,candidate_platt,market_start_c45_o2,market_start_fallback,45,2,1,0,100.0,109.19682842023164,9.19682842023164,1030.0,0.0919682842023164,0.008928959631292853,1.4999991799999999,1039.1968284202312,0.5467864184450225,206,10.0,9407,35,8918,198,206,28,8,12,,9003,2.0
candidate_platt|market_start_c45_o2|age1|release60,candidate_platt,market_start_c45_o2,market_start_fallback,45,2,1,60,100.0,109.19682842023164,9.19682842023164,1030.0,0.0919682842023164,0.008928959631292853,1.4999991799999999,1039.1968284202312,0.5467864184450225,206,10.0,9407,35,8918,198,206,28,8,12,,9003,2.0
candidate_platt|market_start_c45_o2|age1|release300,candidate_platt,market_start_c45_o2,market_start_fallback,45,2,1,300,100.0,109.19682842023164,9.19682842023164,1030.0,0.0919682842023164,0.008928959631292853,1.4999991799999999,1039.1968284202312,0.5467864184450225,206,15.0,9407,35,8918,198,206,28,8,12,,9003,2.0
candidate_platt|market_start_c45_o2|age5|release0,candidate_platt,market_start_c45_o2,market_start_fallback,45,2,5,0,100.0,94.19682842023167,-5.803171579768332,1055.0,-0.05803171579768332,-0.005500636568500789,1.4999991799999999,1049.1968284202312,0.6713574119497022,211,10.0,9407,26,8918,201,211,28,8,12,,8995,3.0
candidate_platt|market_start_c45_o2|age5|release60,candidate_platt,market_start_c45_o2,market_start_fallback,45,2,5,60,100.0,94.19682842023167,-5.803171579768332,1055.0,-0.05803171579768332,-0.005500636568500789,1.4999991799999999,1049.1968284202312,0.6713574119497022,211,10.0,9407,26,8918,201,211,28,8,12,,8995,3.0
candidate_platt|market_start_c45_o2|age5|release300,candidate_platt,market_start_c45_o2,market_start_fallback,45,2,5,300,100.0,94.19682842023167,-5.803171579768332,1055.0,-0.05803171579768332,-0.005500636568500789,1.4999991799999999,1049.1968284202312,0.6713574119497022,211,15.0,9407,26,8918,201,211,28,8,12,,8995,3.0
candidate_platt|market_start_c45_o2|age30|release0,candidate_platt,market_start_c45_o2,market_start_fallback,45,2,30,0,100.0,94.19682842023167,-5.803171579768332,1085.0,-0.05803171579768332,-0.005348545234809522,1.4999991799999999,1079.1968284202312,0.6713574119497022,217,10.0,9407,19,8918,202,217,28,8,12,,8988,3.0
candidate_platt|market_start_c45_o2|age30|release60,candidate_platt,market_start_c45_o2,market_start_fallback,45,2,30,60,100.0,94.19682842023167,-5.803171579768332,1085.0,-0.05803171579768332,-0.005348545234809522,1.4999991799999999,1079.1968284202312,0.6713574119497022,217,10.0,9407,19,8918,202,217,28,8,12,,8988,3.0
candidate_platt|market_start_c45_o2|age30|release300,candidate_platt,market_start_c45_o2,market_start_fallback,45,2,30,300,100.0,94.19682842023167,-5.803171579768332,1085.0,-0.05803171579768332,-0.005348545234809522,1.4999991799999999,1079.1968284202312,0.6713574119497022,217,15.0,9407,19,8918,202,217,28,8,12,,8988,3.0
original_v1_raw|market_start_c45_o5|age1|release0,original_v1_raw,market_start_c45_o5,market_start_fallback,45,5,1,0,100.0,100.50685764416335,0.5068576441633468,780.0,0.005068576441633468,0.0006498174925171112,3.99999883,780.5068576441631,0.42488374670915613,156,10.0,9407,51,9067,87,156,26,8,12,,9164,
original_v1_raw|market_start_c45_o5|age1|release60,original_v1_raw,market_start_c45_o5,market_start_fallback,45,5,1,60,100.0,100.50685764416335,0.5068576441633468,780.0,0.005068576441633468,0.0006498174925171112,3.99999883,780.5068576441631,0.42488374670915613,156,10.0,9407,51,9067,87,156,26,8,12,,9164,
original_v1_raw|market_start_c45_o5|age1|release300,original_v1_raw,market_start_c45_o5,market_start_fallback,45,5,1,300,100.0,100.50685764416335,0.5068576441633468,780.0,0.005068576441633468,0.0006498174925171112,3.99999883,780.5068576441631,0.42488374670915613,156,15.0,9407,51,9067,87,156,26,8,12,,9164,
original_v1_raw|market_start_c45_o5|age5|release0,original_v1_raw,market_start_c45_o5,market_start_fallback,45,5,5,0,100.0,96.5805044942077,-3.419495505792298,815.0,-0.034194955057922985,-0.0041957000071071145,3.99999883,811.5805044942074,0.4602153624226771,163,10.0,9407,27,9067,103,163,26,8,12,,9141,1.0
original_v1_raw|market_start_c45_o5|age5|release60,original_v1_raw,market_start_c45_o5,market_start_fallback,45,5,5,60,100.0,96.5805044942077,-3.419495505792298,815.0,-0.034194955057922985,-0.0041957000071071145,3.99999883,811.5805044942074,0.4602153624226771,163,10.0,9407,27,9067,103,163,26,8,12,,9141,1.0
original_v1_raw|market_start_c45_o5|age5|release300,original_v1_raw,market_start_c45_o5,market_start_fallback,45,5,5,300,100.0,96.5805044942077,-3.419495505792298,815.0,-0.034194955057922985,-0.0041957000071071145,3.99999883,811.5805044942074,0.4602153624226771,163,15.0,9407,27,9067,103,163,26,8,12,,9141,1.0
original_v1_raw|market_start_c45_o5|age30|release0,original_v1_raw,market_start_c45_o5,market_start_fallback,45,5,30,0,100.0,91.38442606283516,-8.61557393716484,850.0,-0.08615573937164839,-0.010135969337840988,3.99999883,841.3844260628348,0.479592517139275,170,10.0,9407,20,9067,103,170,26,8,12,,9134,1.0
original_v1_raw|market_start_c45_o5|age30|release60,original_v1_raw,market_start_c45_o5,market_start_fallback,45,5,30,60,100.0,91.38442606283516,-8.61557393716484,850.0,-0.08615573937164839,-0.010135969337840988,3.99999883,841.3844260628348,0.479592517139275,170,10.0,9407,20,9067,103,170,26,8,12,,9134,1.0
original_v1_raw|market_start_c45_o5|age30|release300,original_v1_raw,market_start_c45_o5,market_start_fallback,45,5,30,300,100.0,91.38442606283516,-8.61557393716484,850.0,-0.08615573937164839,-0.010135969337840988,3.99999883,841.3844260628348,0.479592517139275,170,15.0,9407,20,9067,103,170,26,8,12,,9134,1.0
original_v1_platt|market_start_c45_o5|age1|release0,original_v1_platt,market_start_c45_o5,market_start_fallback,45,5,1,0,100.0,114.61954241037759,14.61954241037759,700.0,0.1461954241037759,0.020885060586253702,1.9999992299999998,714.6195424103773,0.3535425931981525,140,10.0,9407,51,9067,103,140,26,8,12,,9164,
original_v1_platt|market_start_c45_o5|age1|release60,original_v1_platt,market_start_c45_o5,market_start_fallback,45,5,1,60,100.0,114.61954241037759,14.61954241037759,700.0,0.1461954241037759,0.020885060586253702,1.9999992299999998,714.6195424103773,0.3535425931981525,140,10.0,9407,51,9067,103,140,26,8,12,,9164,
original_v1_platt|market_start_c45_o5|age1|release300,original_v1_platt,market_start_c45_o5,market_start_fallback,45,5,1,300,100.0,114.61954241037759,14.61954241037759,700.0,0.1461954241037759,0.020885060586253702,1.9999992299999998,714.6195424103773,0.3535425931981525,140,15.0,9407,51,9067,103,140,26,8,12,,9164,
original_v1_platt|market_start_c45_o5|age5|release0,original_v1_platt,market_start_c45_o5,market_start_fallback,45,5,5,0,100.0,110.69318926042195,10.693189260421946,735.0,0.10693189260421945,0.014548556816900607,1.9999992299999998,745.6931892604217,0.38753849209369706,147,10.0,9407,27,9067,119,147,26,8,12,,9141,1.0
original_v1_platt|market_start_c45_o5|age5|release60,original_v1_platt,market_start_c45_o5,market_start_fallback,45,5,5,60,100.0,110.69318926042195,10.693189260421946,735.0,0.10693189260421945,0.014548556816900607,1.9999992299999998,745.6931892604217,0.38753849209369706,147,10.0,9407,27,9067,119,147,26,8,12,,9141,1.0
original_v1_platt|market_start_c45_o5|age5|release300,original_v1_platt,market_start_c45_o5,market_start_fallback,45,5,5,300,100.0,110.69318926042195,10.693189260421946,735.0,0.10693189260421945,0.014548556816900607,1.9999992299999998,745.6931892604217,0.38753849209369706,147,15.0,9407,27,9067,119,147,26,8,12,,9141,1.0
original_v1_platt|market_start_c45_o5|age30|release0,original_v1_platt,market_start_c45_o5,market_start_fallback,45,5,30,0,100.0,110.4971108290494,10.497110829049404,765.0,0.10497110829049404,0.013721713502025366,1.9999992299999998,775.497110829049,0.38809902874987184,153,10.0,9407,20,9067,120,153,26,8,12,,9134,1.0
original_v1_platt|market_start_c45_o5|age30|release60,original_v1_platt,market_start_c45_o5,market_start_fallback,45,5,30,60,100.0,110.4971108290494,10.497110829049404,765.0,0.10497110829049404,0.013721713502025366,1.9999992299999998,775.497110829049,0.38809902874987184,153,10.0,9407,20,9067,120,153,26,8,12,,9134,1.0
original_v1_platt|market_start_c45_o5|age30|release300,original_v1_platt,market_start_c45_o5,market_start_fallback,45,5,30,300,100.0,110.4971108290494,10.497110829049404,765.0,0.10497110829049404,0.013721713502025366,1.9999992299999998,775.497110829049,0.38809902874987184,153,15.0,9407,20,9067,120,153,26,8,12,,9134,1.0
candidate_raw|market_start_c45_o5|age1|release0,candidate_raw,market_start_c45_o5,market_start_fallback,45,5,1,0,100.0,148.06375372501788,48.063753725017875,710.0,0.48063753725017877,0.06769542778171532,1.9999992299999998,758.0637537250179,0.3391653521701924,142,10.0,9407,51,9067,101,142,26,8,12,,9164,
candidate_raw|market_start_c45_o5|age1|release60,candidate_raw,market_start_c45_o5,market_start_fallback,45,5,1,60,100.0,148.06375372501788,48.063753725017875,710.0,0.48063753725017877,0.06769542778171532,1.9999992299999998,758.0637537250179,0.3391653521701924,142,10.0,9407,51,9067,101,142,26,8,12,,9164,
candidate_raw|market_start_c45_o5|age1|release300,candidate_raw,market_start_c45_o5,market_start_fallback,45,5,1,300,100.0,148.06375372501788,48.063753725017875,710.0,0.48063753725017877,0.06769542778171532,1.9999992299999998,758.0637537250179,0.3391653521701924,142,15.0,9407,51,9067,101,142,26,8,12,,9164,
candidate_raw|market_start_c45_o5|age5|release0,candidate_raw,market_start_c45_o5,market_start_fallback,45,5,5,0,100.0,144.13740057506223,44.13740057506223,745.0,0.4413740057506223,0.05924483298666071,1.9999992299999998,789.1374005750623,0.33672262231739103,149,10.0,9407,27,9067,117,149,26,8,12,,9141,1.0
candidate_raw|market_start_c45_o5|age5|release60,candidate_raw,market_start_c45_o5,market_start_fallback,45,5,5,60,100.0,144.13740057506223,44.13740057506223,745.0,0.4413740057506223,0.05924483298666071,1.9999992299999998,789.1374005750623,0.33672262231739103,149,10.0,9407,27,9067,117,149,26,8,12,,9141,1.0
candidate_raw|market_start_c45_o5|age5|release300,candidate_raw,market_start_c45_o5,market_start_fallback,45,5,5,300,100.0,144.13740057506223,44.13740057506223,745.0,0.4413740057506223,0.05924483298666071,1.9999992299999998,789.1374005750623,0.33672262231739103,149,15.0,9407,27,9067,117,149,26,8,12,,9141,1.0
candidate_raw|market_start_c45_o5|age30|release0,candidate_raw,market_start_c45_o5,market_start_fallback,45,5,30,0,100.0,139.77569844740265,39.77569844740265,780.0,0.39775698447402646,0.05099448518897775,1.9999992299999998,819.7756984474026,0.3468717192815943,156,10.0,9407,20,9067,117,156,26,8,12,,9134,1.0
candidate_raw|market_start_c45_o5|age30|release60,candidate_raw,market_start_c45_o5,market_start_fallback,45,5,30,60,100.0,139.77569844740265,39.77569844740265,780.0,0.39775698447402646,0.05099448518897775,1.9999992299999998,819.7756984474026,0.3468717192815943,156,10.0,9407,20,9067,117,156,26,8,12,,9134,1.0
candidate_raw|market_start_c45_o5|age30|release300,candidate_raw,market_start_c45_o5,market_start_fallback,45,5,30,300,100.0,139.77569844740265,39.77569844740265,780.0,0.39775698447402646,0.05099448518897775,1.9999992299999998,819.7756984474026,0.3468717192815943,156,15.0,9407,20,9067,117,156,26,8,12,,9134,1.0
candidate_platt|market_start_c45_o5|age1|release0,candidate_platt,market_start_c45_o5,market_start_fallback,45,5,1,0,100.0,129.0441458818806,29.04414588188061,710.0,0.2904414588188061,0.040907247720958606,1.9999992299999998,739.0441458818806,0.35247765868901504,142,10.0,9407,51,9067,101,142,26,8,12,,9164,
candidate_platt|market_start_c45_o5|age1|release60,candidate_platt,market_start_c45_o5,market_start_fallback,45,5,1,60,100.0,129.0441458818806,29.04414588188061,710.0,0.2904414588188061,0.040907247720958606,1.9999992299999998,739.0441458818806,0.35247765868901504,142,10.0,9407,51,9067,101,142,26,8,12,,9164,
candidate_platt|market_start_c45_o5|age1|release300,candidate_platt,market_start_c45_o5,market_start_fallback,45,5,1,300,100.0,129.0441458818806,29.04414588188061,710.0,0.2904414588188061,0.040907247720958606,1.9999992299999998,739.0441458818806,0.35247765868901504,142,15.0,9407,51,9067,101,142,26,8,12,,9164,
candidate_platt|market_start_c45_o5|age5|release0,candidate_platt,market_start_c45_o5,market_start_fallback,45,5,5,0,100.0,125.11779273192496,25.117792731924965,745.0,0.25117792731924965,0.03371515802942948,1.9999992299999998,770.1177927319251,0.35305655003106406,149,10.0,9407,27,9067,117,149,26,8,12,,9141,1.0
candidate_platt|market_start_c45_o5|age5|release60,candidate_platt,market_start_c45_o5,market_start_fallback,45,5,5,60,100.0,125.11779273192496,25.117792731924965,745.0,0.25117792731924965,0.03371515802942948,1.9999992299999998,770.1177927319251,0.35305655003106406,149,10.0,9407,27,9067,117,149,26,8,12,,9141,1.0
candidate_platt|market_start_c45_o5|age5|release300,candidate_platt,market_start_c45_o5,market_start_fallback,45,5,5,300,100.0,125.11779273192496,25.117792731924965,745.0,0.25117792731924965,0.03371515802942948,1.9999992299999998,770.1177927319251,0.35305655003106406,149,15.0,9407,27,9067,117,149,26,8,12,,9141,1.0
candidate_platt|market_start_c45_o5|age30|release0,candidate_platt,market_start_c45_o5,market_start_fallback,45,5,30,0,100.0,120.75609060426538,20.75609060426538,780.0,0.20756090604265381,0.026610372569571,1.9999992299999998,800.7560906042654,0.3648927736836322,156,10.0,9407,20,9067,117,156,26,8,12,,9134,1.0
candidate_platt|market_start_c45_o5|age30|release60,candidate_platt,market_start_c45_o5,market_start_fallback,45,5,30,60,100.0,120.75609060426538,20.75609060426538,780.0,0.20756090604265381,0.026610372569571,1.9999992299999998,800.7560906042654,0.3648927736836322,156,10.0,9407,20,9067,117,156,26,8,12,,9134,1.0
candidate_platt|market_start_c45_o5|age30|release300,candidate_platt,market_start_c45_o5,market_start_fallback,45,5,30,300,100.0,120.75609060426538,20.75609060426538,780.0,0.20756090604265381,0.026610372569571,1.9999992299999998,800.7560906042654,0.3648927736836322,156,15.0,9407,20,9067,117,156,26,8,12,,9134,1.0
