condition_id,market_start_utc,trajectory_rows,unique_sample_seconds,first_offset_seconds,last_offset_seconds,internal_gaps,duplicate_seconds,up_bid_size_missing,down_bid_size_missing,up_bid_price_missing,down_bid_price_missing,market_start,market_end,recorded_at,n_ticks,token_ids_match,outcome,target_polymarket_up,expected_300s_coverage
0x327e4a0fd72ef26c87c25b41ffd4daa8f66d53e26252e003c77ebfc5c9f573d8,2026-04-15 17:05:00+00:00,300,300,0,299,0,0,9,0,0,0,2026-04-15 17:05:00+00:00,2026-04-15 17:10:00+00:00,2026-04-15 17:10:00.537578+00:00,300,True,Down,0,True
0x8ae0371ab2021a553ee3f7a237ee701964bf2e017ae8a6c0d78fb43179db95d5,2026-04-15 17:10:00+00:00,300,300,0,299,0,0,1,0,0,0,2026-04-15 17:10:00+00:00,2026-04-15 17:15:00+00:00,2026-04-15 17:15:00.594719+00:00,300,True,Down,0,True
0xbfce6d9d7d56a21735df7f001ed96809cf47c12bdfd86d2fdf043c3dd6fc57e5,2026-04-15 17:15:00+00:00,300,300,0,299,0,0,1,0,0,0,2026-04-15 17:15:00+00:00,2026-04-15 17:20:00+00:00,2026-04-15 17:20:00.599374+00:00,300,True,Down,0,True
0x32c5f5ee4865cd1460df23270cbad1a049433970e537defc40173b45e3131261,2026-04-15 17:20:00+00:00,300,300,0,299,0,0,0,0,0,0,2026-04-15 17:20:00+00:00,2026-04-15 17:25:00+00:00,2026-04-15 17:25:00.511942+00:00,300,True,Down,0,True
0x62b58c7b640adb70e6c632137f9f2ee0a5fae333d554442208910156126b3371,2026-04-15 17:30:00+00:00,300,300,0,299,0,0,0,1,0,0,2026-04-15 17:30:00+00:00,2026-04-15 17:35:00+00:00,2026-04-15 17:35:00.458601+00:00,300,True,Up,1,True
0x308df9f858ec2e611c08c47cbd19a348bc04c414f462a474c6914fb726aeefb1,2026-04-15 17:35:00+00:00,300,300,0,299,0,0,18,0,0,0,2026-04-15 17:35:00+00:00,2026-04-15 17:40:00+00:00,2026-04-15 17:40:00.616660+00:00,300,True,Down,0,True
0xdfe59fd2e34e9a888f2eca04445889c417ec0f8ce3ac37674a2e0e5c8010b5a2,2026-04-15 17:40:00+00:00,300,300,0,299,0,0,77,0,0,0,2026-04-15 17:40:00+00:00,2026-04-15 17:45:00+00:00,2026-04-15 17:45:00.638475+00:00,300,True,Down,0,True
0xbbdef246bd2e45a0b1e4d2726bc081131ce941a80ad30ccdf150408435324c2e,2026-04-15 17:45:00+00:00,300,300,0,299,0,0,0,2,0,0,2026-04-15 17:45:00+00:00,2026-04-15 17:50:00+00:00,2026-04-15 17:50:00.530833+00:00,300,True,Up,1,True
0x2bebcbc5bbeae8516265d3591165aea03b65758b56b86b1596cbb7d250989827,2026-04-15 17:50:00+00:00,300,300,0,299,0,0,0,79,0,0,2026-04-15 17:50:00+00:00,2026-04-15 17:55:00+00:00,2026-04-15 17:55:00.423093+00:00,300,True,Up,1,True
0x41718d20799fcc65c77ae0fe552780d8a67bbc9acf0e8fd5093e83f877df60a9,2026-04-15 17:55:00+00:00,300,300,0,299,0,0,0,0,0,0,2026-04-15 17:55:00+00:00,2026-04-15 18:00:00+00:00,2026-04-15 18:00:00.599889+00:00,300,True,Up,1,True
0xe916dab24459ad63ba1780c0914e2ac442a94ce1fce30fedaf7ae52cce40865d,2026-04-15 18:00:00+00:00,300,300,0,299,0,0,0,0,0,0,2026-04-15 18:00:00+00:00,2026-04-15 18:05:00+00:00,2026-04-15 18:05:00.815032+00:00,300,True,Up,1,True
0xb86a61b2385d9921bd4c6c58679aabfa0ed0d4b10a5ad040e85d8f3aea457947,2026-04-15 18:05:00+00:00,300,300,0,299,0,0,1,0,0,0,2026-04-15 18:05:00+00:00,2026-04-15 18:10:00+00:00,2026-04-15 18:10:00.514196+00:00,300,True,Down,0,True
0xc04b3883115d242f2b227edab92c3c251d2381fc73e704fe754a833a97b50c6f,2026-04-15 18:15:00+00:00,300,300,0,299,0,0,0,4,0,0,2026-04-15 18:15:00+00:00,2026-04-15 18:20:00+00:00,2026-04-15 18:20:00.602700+00:00,300,True,Up,1,True
0x058c227e90e7ce858d027efd69d106ebdcbcb91f9f655b8195056f940ded5e7e,2026-04-15 18:25:00+00:00,300,300,0,299,0,0,55,0,0,0,2026-04-15 18:25:00+00:00,2026-04-15 18:30:00+00:00,2026-04-15 18:30:00.536530+00:00,300,True,Down,0,True
0xfb263b49a5f2f106dd7adab3e7d396b3ea32db85c63f5594c77ca9865813b61e,2026-04-15 18:30:00+00:00,300,300,0,299,0,0,0,56,0,0,2026-04-15 18:30:00+00:00,2026-04-15 18:35:00+00:00,2026-04-15 18:35:00.558387+00:00,300,True,Up,1,True
0xc58bb9a0f8442b6cb33ae1de4d205c286cb79949a7f101d5353c82ab0f0e43e8,2026-04-15 18:35:00+00:00,300,300,0,299,0,0,33,0,0,0,2026-04-15 18:35:00+00:00,2026-04-15 18:40:00+00:00,2026-04-15 18:40:00.583170+00:00,300,True,Down,0,True
0xce0d45dcac26d73082bc8d25424cd43f803f55fef1ec1aa072808bce646a0ad2,2026-04-15 18:40:00+00:00,300,300,0,299,0,0,0,18,0,0,2026-04-15 18:40:00+00:00,2026-04-15 18:45:00+00:00,2026-04-15 18:45:00.661764+00:00,300,True,Up,1,True
0xeeefd1a49f25e49aeb124f8cd072e4489a8a29687c30a4dc64a86fd545d26789,2026-04-15 18:45:00+00:00,300,300,0,299,0,0,0,5,0,0,2026-04-15 18:45:00+00:00,2026-04-15 18:50:00+00:00,2026-04-15 18:50:00.589420+00:00,300,True,Up,1,True
0xca0c8b954f2451ceeee8d7675b7bcb4a40b0d5a76e9f3a1ea8c3ff8074429895,2026-04-15 18:50:00+00:00,300,300,0,299,0,0,0,3,0,0,2026-04-15 18:50:00+00:00,2026-04-15 18:55:00+00:00,2026-04-15 18:55:00.530066+00:00,300,True,Up,1,True
0xe7ce043bf5a3a16d519e74ef69db929bda6fbeae6c66877cfb547e002698358e,2026-04-15 18:55:00+00:00,300,300,0,299,0,0,0,5,0,0,2026-04-15 18:55:00+00:00,2026-04-15 19:00:00+00:00,2026-04-15 19:00:00.844462+00:00,300,True,Up,1,True
0xb30f084b8a8f3bb99c8616f7a1a9ffd0264ba9c0594518211386907ec9da2033,2026-04-15 19:00:00+00:00,300,300,0,299,0,0,0,19,0,0,2026-04-15 19:00:00+00:00,2026-04-15 19:05:00+00:00,2026-04-15 19:05:00.560926+00:00,300,True,Up,1,True
0xd6b8dccf87aff862eb32895091fc01524656741527790ee88c8a9fb979d3ee68,2026-04-15 20:00:00+00:00,300,300,0,299,0,0,49,0,0,0,2026-04-15 20:00:00+00:00,2026-04-15 20:05:00+00:00,2026-04-15 20:05:00.613809+00:00,300,True,Down,0,True
0xa7a8e1b6aa85e94a488968ce509da55189d05219f5b79c65c61df26d9bb9d8dc,2026-04-15 20:05:00+00:00,300,300,0,299,0,0,46,0,0,0,2026-04-15 20:05:00+00:00,2026-04-15 20:10:00+00:00,2026-04-15 20:10:00.568929+00:00,300,True,Down,0,True
0x6b270e106150665e2d153b196103e0e4015c0cc684e54f7c5ea5bb0c0bed1183,2026-04-15 20:25:00+00:00,300,300,0,299,0,0,0,44,0,0,2026-04-15 20:25:00+00:00,2026-04-15 20:30:00+00:00,2026-04-15 20:30:00.632096+00:00,300,True,Up,1,True
0xd9a4cf519373ebde2844920e762015d5b82463075740e1ce2539e1c0f6d34700,2026-04-15 20:40:00+00:00,300,300,0,299,0,0,0,33,0,0,2026-04-15 20:40:00+00:00,2026-04-15 20:45:00+00:00,2026-04-15 20:45:00.694467+00:00,300,True,Up,1,True
0x8f694abe42b8e94c864d2109f6b2090d1b949722e8bfe718466e28bff50d9004,2026-04-15 20:50:00+00:00,300,300,0,299,0,0,0,20,0,0,2026-04-15 20:50:00+00:00,2026-04-15 20:55:00+00:00,2026-04-15 20:55:00.551347+00:00,300,True,Up,1,True
0xdae2fde4d80d87a1d1dab77fdab4b8236703c5609fcd712befb3973fda316230,2026-04-15 20:55:00+00:00,300,300,0,299,0,0,0,0,0,0,2026-04-15 20:55:00+00:00,2026-04-15 21:00:00+00:00,2026-04-15 21:00:00.563834+00:00,300,True,,0,True
0xde62269aac91de6f13e2fa930b93cb782048f39b1dfa9b5cc18bd6b246710f8a,2026-04-15 21:00:00+00:00,300,300,0,299,0,0,5,0,0,0,2026-04-15 21:00:00+00:00,2026-04-15 21:05:00+00:00,2026-04-15 21:05:00.512405+00:00,300,True,Down,0,True
0x66d08d718af47f8580f39e33f07aabc031dee7339a180e1603f2acbbef265f68,2026-04-15 21:05:00+00:00,300,300,0,299,0,0,12,0,0,0,2026-04-15 21:05:00+00:00,2026-04-15 21:10:00+00:00,2026-04-15 21:10:00.526173+00:00,300,True,Down,0,True
0xc1b1e8056142edb1da51457bc927eac8027bbb4d078956a43ec4399cfcb95dd8,2026-04-15 21:10:00+00:00,300,300,0,299,0,0,5,0,0,0,2026-04-15 21:10:00+00:00,2026-04-15 21:15:00+00:00,2026-04-15 21:15:00.524812+00:00,300,True,Down,0,True
0xc99e4a0168b34e99126a3fc8d8fb7b8fc624b31494378157a44cda290e41ebca,2026-04-15 21:15:00+00:00,300,300,0,299,0,0,22,0,0,0,2026-04-15 21:15:00+00:00,2026-04-15 21:20:00+00:00,2026-04-15 21:20:00.770058+00:00,300,True,Down,0,True
0x47ad2fc87ce32d4dac1fbc1f73fd1909966241bb744198745086a3ba0cbdcee7,2026-04-15 21:45:00+00:00,300,300,0,299,0,0,0,0,0,0,2026-04-15 21:45:00+00:00,2026-04-15 21:50:00+00:00,2026-04-15 21:50:00.498319+00:00,300,True,,0,True
0xaa3741f00657ce1f8c125e924d3e392b2fd3cd1772d6c0d742a0bc63a8c04f38,2026-04-15 21:50:00+00:00,300,300,0,299,0,0,0,34,0,0,2026-04-15 21:50:00+00:00,2026-04-15 21:55:00+00:00,2026-04-15 21:55:00.421986+00:00,300,True,Up,1,True
0x679951386d44030ad4bddf5d178604b242625596a82b70df63b0603f13aee94e,2026-04-15 22:10:00+00:00,300,300,0,299,0,0,12,0,0,0,2026-04-15 22:10:00+00:00,2026-04-15 22:15:00+00:00,2026-04-15 22:15:00.560977+00:00,300,True,Down,0,True
0xe977bc04857a1fbbee1e9eafdb620f66eadeeacb9aa9625e30c755676523a411,2026-04-15 22:15:00+00:00,300,300,0,299,0,0,29,0,0,0,2026-04-15 22:15:00+00:00,2026-04-15 22:20:00+00:00,2026-04-15 22:20:00.633678+00:00,300,True,Down,0,True
0x93e73b849ac854f347ab5565f96e707d4eb9da1a088153181fb6b95a510b0bcd,2026-04-15 22:35:00+00:00,300,300,0,299,0,0,0,52,0,0,2026-04-15 22:35:00+00:00,2026-04-15 22:40:00+00:00,2026-04-15 22:40:00.575153+00:00,300,True,Up,1,True
0x604f611d38d112852cae0a936982ef5639565bd56baafd06a32401a6f13186d7,2026-04-15 22:50:00+00:00,300,300,0,299,0,0,1,0,0,0,2026-04-15 22:50:00+00:00,2026-04-15 22:55:00+00:00,2026-04-15 22:55:00.486971+00:00,300,True,Down,0,True
0x42788e39a222681fc779a510913ecfd0166fd96cde36a0d1c41a4c04b2c3a104,2026-04-15 22:55:00+00:00,300,300,0,299,0,0,40,0,0,0,2026-04-15 22:55:00+00:00,2026-04-15 23:00:00+00:00,2026-04-15 23:00:00.870579+00:00,300,True,Down,0,True
0x82a53d5000c64bfb665b24e178d18dbd0fce6ed6c9acfd1d83e65b198cb3cf03,2026-04-15 23:00:00+00:00,300,300,0,299,0,0,24,0,0,0,2026-04-15 23:00:00+00:00,2026-04-15 23:05:00+00:00,2026-04-15 23:05:00.562952+00:00,300,True,Down,0,True
0x8d3b14d9f6e4eccc7df3003b52e278f2efa2aa0fbe9e25f9f8744e91da2b91ed,2026-04-15 23:35:00+00:00,300,300,0,299,0,0,17,0,0,0,2026-04-15 23:35:00+00:00,2026-04-15 23:40:00+00:00,2026-04-15 23:40:00.524361+00:00,300,True,Down,0,True
0xbe21bac92d407c7abd494e5a87dee439ab92198a22f79b09dbb875894228df7a,2026-04-15 23:50:00+00:00,300,300,0,299,0,0,0,18,0,0,2026-04-15 23:50:00+00:00,2026-04-15 23:55:00+00:00,2026-04-15 23:55:01.902057+00:00,300,True,Up,1,True
0x6be08c3f261e631d2bf9228a80afed846fcf743ba11eb9b71d6f963fe666a070,2026-04-15 23:55:00+00:00,300,300,0,299,0,0,0,0,0,0,2026-04-15 23:55:00+00:00,2026-04-16 00:00:00+00:00,2026-04-16 00:00:00.633570+00:00,300,True,,1,True
0x44326ff92d7d404206f7f6b5a70d8f69b39f1d6589bf3ddc395fea322bc66f0c,2026-04-16 00:00:00+00:00,300,300,0,299,0,0,45,0,0,0,2026-04-16 00:00:00+00:00,2026-04-16 00:05:00+00:00,2026-04-16 00:05:00.586875+00:00,300,True,Down,0,True
0xdc508e8e680a135504147104f2b0500eef79d485ed88141cb78df351ce4315dc,2026-04-16 00:05:00+00:00,300,300,0,299,0,0,0,0,0,0,2026-04-16 00:05:00+00:00,2026-04-16 00:10:00+00:00,2026-04-16 00:10:00.548809+00:00,300,True,Down,0,True
0x4364b6aadd880131e7fb5b93e73f8630f36c6d382beb066911e2346302ed4c06,2026-04-16 00:10:00+00:00,300,300,0,299,0,0,1,0,0,0,2026-04-16 00:10:00+00:00,2026-04-16 00:15:00+00:00,2026-04-16 00:15:00.576969+00:00,300,True,Down,0,True
0x526bfe4462dacc69da9a02aeff1cc16e77ecb8f015e1abbb89fb7f5fc2bf1080,2026-04-16 00:15:00+00:00,300,300,0,299,0,0,1,0,0,0,2026-04-16 00:15:00+00:00,2026-04-16 00:20:00+00:00,2026-04-16 00:20:00.488619+00:00,300,True,Down,0,True
0xac351e90ec22716c5cb7a356a631725dcfd41bcde28fba287a2a685cdfe74d36,2026-04-16 00:20:00+00:00,300,300,0,299,0,0,0,0,0,0,2026-04-16 00:20:00+00:00,2026-04-16 00:25:00+00:00,2026-04-16 00:25:00.505264+00:00,300,True,Down,0,True
0xae4c06e1f4348fecabf47aca5f8704b8dc51272c815093f6734b5d983cea1f1d,2026-04-16 00:40:00+00:00,300,300,0,299,0,0,0,0,0,0,2026-04-16 00:40:00+00:00,2026-04-16 00:45:00+00:00,2026-04-16 00:45:00.595246+00:00,300,True,,0,True
0x0e3de4316188b59ffa8cad54c9552733ec567f99329332253096f687bf0b9f8a,2026-04-16 00:45:00+00:00,300,300,0,299,0,0,4,0,0,0,2026-04-16 00:45:00+00:00,2026-04-16 00:50:00+00:00,2026-04-16 00:50:00.512349+00:00,300,True,Down,0,True
0x2c7aed71a86aa571a92f9f293f93d056e71dbbfe8806601b1df20b061d11f61d,2026-04-16 00:50:00+00:00,300,300,0,299,0,0,0,46,0,0,2026-04-16 00:50:00+00:00,2026-04-16 00:55:00+00:00,2026-04-16 00:55:00.646877+00:00,300,True,Up,1,True
0x721788e7fa846aea354c864e40d9d0ac7ff30c5ba835bdf4c4d61167b997abf4,2026-04-16 00:55:00+00:00,300,300,0,299,0,0,0,8,0,0,2026-04-16 00:55:00+00:00,2026-04-16 01:00:00+00:00,2026-04-16 01:00:00.346277+00:00,300,True,Up,1,True
0x192b0a46e3a4e3cc091840597146877e3b71122a6f9f5cf1a7a89244f3634f1e,2026-04-16 01:00:00+00:00,300,300,0,299,0,0,48,0,0,0,2026-04-16 01:00:00+00:00,2026-04-16 01:05:00+00:00,2026-04-16 01:05:00.557949+00:00,300,True,Down,0,True
0x5f6d16ea415410c6ef29a00367122b4343fbe641d5fefbeae11ca339358ac16e,2026-04-16 01:05:00+00:00,300,300,0,299,0,0,61,0,0,0,2026-04-16 01:05:00+00:00,2026-04-16 01:10:00+00:00,2026-04-16 01:10:00.500456+00:00,300,True,Down,0,True
0x10e8c7c11ad4fc49c27e957f2500bdf83e26708e09b414186081f99a6c6b693c,2026-04-16 01:15:00+00:00,300,300,0,299,0,0,0,12,0,0,2026-04-16 01:15:00+00:00,2026-04-16 01:20:00+00:00,2026-04-16 01:20:00.536959+00:00,300,True,Up,1,True
0x6e43d00f54771a82dc86b450c5b9cfef4ec1d6a3a912a7840cd29783049759c9,2026-04-16 01:20:00+00:00,300,300,0,299,0,0,13,0,0,0,2026-04-16 01:20:00+00:00,2026-04-16 01:25:00+00:00,2026-04-16 01:25:00.514206+00:00,300,True,Down,0,True
0x2fe6e0e09111f2d195e8d1353ec2936dd9572ac13d99af4974de5a6948113794,2026-04-16 01:25:00+00:00,300,300,0,299,0,0,0,1,0,0,2026-04-16 01:25:00+00:00,2026-04-16 01:30:00+00:00,2026-04-16 01:30:00.611990+00:00,300,True,Up,1,True
0xa25d1fafba9e4d104f3b0e4ec389fda8689dc1f61b3250834ae9460e6bdf522a,2026-04-16 01:30:00+00:00,300,300,0,299,0,0,0,10,0,0,2026-04-16 01:30:00+00:00,2026-04-16 01:35:00+00:00,2026-04-16 01:35:00.565612+00:00,300,True,Up,1,True
0x69d96f430833d5786f3419035e33deb67b557f572b6769253fc3540acb2f7f68,2026-04-16 01:35:00+00:00,300,300,0,299,0,0,9,0,0,0,2026-04-16 01:35:00+00:00,2026-04-16 01:40:00+00:00,2026-04-16 01:40:00.562886+00:00,300,True,Down,0,True
0x1ea147b343311a2fd9f4a01669f8ed8c29ab1ae874ef81144f034e8b307a5369,2026-04-16 01:40:00+00:00,300,300,0,299,0,0,0,23,0,0,2026-04-16 01:40:00+00:00,2026-04-16 01:45:00+00:00,2026-04-16 01:45:00.437742+00:00,300,True,Up,1,True
0x4bf75f981b37d5ebc470343c6abfdecac45109c963f6fc58ec5d2f2bf64e3d14,2026-04-16 01:45:00+00:00,300,300,0,299,0,0,0,1,0,0,2026-04-16 01:45:00+00:00,2026-04-16 01:50:00+00:00,2026-04-16 01:50:00.544666+00:00,300,True,Up,1,True
0x3682271cac21a653d1a4b5112d011a02699b50b1c87e0341dfba05998664f574,2026-04-16 01:50:00+00:00,300,300,0,299,0,0,18,0,0,0,2026-04-16 01:50:00+00:00,2026-04-16 01:55:00+00:00,2026-04-16 01:55:00.547111+00:00,300,True,Down,0,True
0x5dc1aad744e13a28ed6c6de5b374c59925f01ef315de981e35c078837ea900e6,2026-04-16 01:55:00+00:00,300,300,0,299,0,0,6,0,0,0,2026-04-16 01:55:00+00:00,2026-04-16 02:00:00+00:00,2026-04-16 02:00:00.640277+00:00,300,True,Up,1,True
0x9fe2b7d01d5db4a6710c1e9edc5471742064a0afd122ed68ba5d66a57142be1d,2026-04-16 02:00:00+00:00,300,300,0,299,0,0,0,0,0,0,2026-04-16 02:00:00+00:00,2026-04-16 02:05:00+00:00,2026-04-16 02:05:00.545506+00:00,300,True,,1,True
0x631b45cab306124204d952dc5ca08ea97e404b6828dcbe393feb2e25bfbbad1c,2026-04-16 02:05:00+00:00,300,300,0,299,0,0,20,0,0,0,2026-04-16 02:05:00+00:00,2026-04-16 02:10:00+00:00,2026-04-16 02:10:00.495251+00:00,300,True,Down,0,True
0x5b6388c2a4a3edcfdf60ccfc8a4ae46d6b9f502381702677d6bd58b29d0f021e,2026-04-16 02:15:00+00:00,300,300,0,299,0,0,22,0,0,0,2026-04-16 02:15:00+00:00,2026-04-16 02:20:00+00:00,2026-04-16 02:20:00.557859+00:00,300,True,Down,0,True
0x3c731bf3af06d7460a01f7719d8c085757e54da516b4ef4f21a9fa5633f835c9,2026-04-16 02:30:00+00:00,300,300,0,299,0,0,0,1,0,0,2026-04-16 02:30:00+00:00,2026-04-16 02:35:00+00:00,2026-04-16 02:35:00.538221+00:00,300,True,Up,1,True
0x9648dee2d16d1b3afc72d6d6ff5387b7ba779cbb66d23fee30362583bb7420bb,2026-04-16 02:55:00+00:00,300,300,0,299,0,0,0,0,0,0,2026-04-16 02:55:00+00:00,2026-04-16 03:00:00+00:00,2026-04-16 03:00:00.725381+00:00,300,True,Down,0,True
0xc22f88254eea7d8838537e214831d94c37351b0c2b0f7be4aaab3193a913da9e,2026-04-16 03:15:00+00:00,300,300,0,299,0,0,0,56,0,0,2026-04-16 03:15:00+00:00,2026-04-16 03:20:00+00:00,2026-04-16 03:20:00.516696+00:00,300,True,Up,1,True
0xa58d8cb1995c585241e13dd9dda9b8e9d60bd84449b1adc8ab58879a1be26f9a,2026-04-16 03:25:00+00:00,300,300,0,299,0,0,8,0,0,0,2026-04-16 03:25:00+00:00,2026-04-16 03:30:00+00:00,2026-04-16 03:30:00.608698+00:00,300,True,Down,0,True
0xf215b1a590285a042c72622ac44f8949a1fbd75c55fbb25d5bca8ae35cc88bfa,2026-04-16 03:30:00+00:00,300,300,0,299,0,0,26,0,0,0,2026-04-16 03:30:00+00:00,2026-04-16 03:35:00+00:00,2026-04-16 03:35:00.541531+00:00,300,True,Down,0,True
0x8c1882be381faa71d585176aea183e6c9259441492fd33550d8c4b6cc01af028,2026-04-16 03:35:00+00:00,300,300,0,299,0,0,0,0,0,0,2026-04-16 03:35:00+00:00,2026-04-16 03:40:00+00:00,2026-04-16 03:40:00.600947+00:00,300,True,Up,1,True
0x9428e9df55f62af1bd94ffa23fafbab0456065a66f7fe9a5a3b32230a0748416,2026-04-16 03:40:00+00:00,300,300,0,299,0,0,0,0,0,0,2026-04-16 03:40:00+00:00,2026-04-16 03:45:00+00:00,2026-04-16 03:45:00.670858+00:00,300,True,Down,0,True
0xd7c9265216a620bee5059af20acde0669b20dace3e2f8b2e227ddfc32bb91047,2026-04-16 03:45:00+00:00,300,300,0,299,0,0,15,0,0,0,2026-04-16 03:45:00+00:00,2026-04-16 03:50:00+00:00,2026-04-16 03:50:00.487763+00:00,300,True,Down,0,True
0x9ad35b63c3a880cf40b1eef1f44461790ee80d289f9468884a245555cedb9596,2026-04-16 03:50:00+00:00,300,300,0,299,0,0,0,2,0,0,2026-04-16 03:50:00+00:00,2026-04-16 03:55:00+00:00,2026-04-16 03:55:00.500087+00:00,300,True,Up,1,True
0x2516fac4415789fb048bc1d97bc54add1574e6934a033b6b397560bcccc88e9e,2026-04-16 04:25:00+00:00,300,300,0,299,0,0,0,3,0,0,2026-04-16 04:25:00+00:00,2026-04-16 04:30:00+00:00,2026-04-16 04:30:00.540276+00:00,300,True,Up,1,True
0xda0838d5091f6c9a91f884f0d1a256c648b16c253281d3cd23b272081730f528,2026-04-16 04:30:00+00:00,300,300,0,299,0,0,0,2,0,0,2026-04-16 04:30:00+00:00,2026-04-16 04:35:00+00:00,2026-04-16 04:35:00.494203+00:00,300,True,Up,1,True
0xe7519e208beebbb96a85e7c27e2fcf4221f983e30da082df93c834ade1d45e59,2026-04-16 04:40:00+00:00,300,300,0,299,0,0,0,22,0,0,2026-04-16 04:40:00+00:00,2026-04-16 04:45:00+00:00,2026-04-16 04:45:00.633701+00:00,300,True,Up,1,True
0x8f7046b07f24a56e6e7480be8f01ac244b63a81d1f2904f1764a4cd3a07f528c,2026-04-16 04:50:00+00:00,300,300,0,299,0,0,0,56,0,0,2026-04-16 04:50:00+00:00,2026-04-16 04:55:00+00:00,2026-04-16 04:55:00.474999+00:00,300,True,Up,1,True
0x6d698e1e084e9596c71de5defea2712e21e317635055b36d0b7c53bb6238db7b,2026-04-16 05:00:00+00:00,300,300,0,299,0,0,0,14,0,0,2026-04-16 05:00:00+00:00,2026-04-16 05:05:00+00:00,2026-04-16 05:05:00.528301+00:00,300,True,Up,1,True
0xc2674719c28995cdc9f1428428687886a70c0b16267c9607e28112f6a1925fc8,2026-04-16 05:05:00+00:00,300,300,0,299,0,0,50,0,0,0,2026-04-16 05:05:00+00:00,2026-04-16 05:10:00+00:00,2026-04-16 05:10:00.528570+00:00,300,True,Down,0,True
0x00897a069211a08e1025eabfde3c87e86285310a429c9b06fb54fccacc4c9feb,2026-04-16 05:10:00+00:00,300,300,0,299,0,0,0,0,0,0,2026-04-16 05:10:00+00:00,2026-04-16 05:15:00+00:00,2026-04-16 05:15:00.489515+00:00,300,True,,1,True
0x9ff8123e59b4877acf3d78585564271bd3eaf0b38bc6e53bec0924429f18d4d0,2026-04-16 05:15:00+00:00,300,300,0,299,0,0,0,29,0,0,2026-04-16 05:15:00+00:00,2026-04-16 05:20:00+00:00,2026-04-16 05:20:00.448747+00:00,300,True,Up,1,True
0x99af83ed026ec1291742a0e1c509110d4995eabc6b71226c0729ee7a5bbf55b9,2026-04-16 05:50:00+00:00,300,300,0,299,0,0,0,3,0,0,2026-04-16 05:50:00+00:00,2026-04-16 05:55:00+00:00,2026-04-16 05:55:00.436727+00:00,300,True,Up,1,True
0xcc47cf803ed97970a1e827ee772d681bd4f525a03f080fcc56901cf4da97d6b1,2026-04-16 06:00:00+00:00,300,300,0,299,0,0,2,0,0,0,2026-04-16 06:00:00+00:00,2026-04-16 06:05:00+00:00,2026-04-16 06:05:00.529160+00:00,300,True,Down,0,True
0x7c7dd194d00669fd062e46ab748cae587975f7f73dcc4331c84a77494fe9811f,2026-04-16 06:05:00+00:00,300,300,0,299,0,0,0,35,0,0,2026-04-16 06:05:00+00:00,2026-04-16 06:10:00+00:00,2026-04-16 06:10:00.549908+00:00,300,True,Up,1,True
0xac2cfcce2204e7b5ad03a9fa1c6471eaca351265467ff4ee507575d84fef40e5,2026-04-16 06:10:00+00:00,300,300,0,299,0,0,2,0,0,0,2026-04-16 06:10:00+00:00,2026-04-16 06:15:00+00:00,2026-04-16 06:15:00.565282+00:00,300,True,Down,0,True
0x2c86ddcf560f883f72ce0e82b0a04c926a8396ee7cd041d1621f6b12a0e7487e,2026-04-16 06:15:00+00:00,300,300,0,299,0,0,0,9,0,0,2026-04-16 06:15:00+00:00,2026-04-16 06:20:00+00:00,2026-04-16 06:20:00.597719+00:00,300,True,Up,1,True
0x67b8357e17f66b6530f54c3fb341ed665ca58367155a82061c924e8e7c7e8d2d,2026-04-16 06:20:00+00:00,300,300,0,299,0,0,4,0,0,0,2026-04-16 06:20:00+00:00,2026-04-16 06:25:00+00:00,2026-04-16 06:25:00.502768+00:00,300,True,Down,0,True
0x8a6d8c4c46bc41cf574e58d862fe2670088ebeb974236f09b57dd0148397bea3,2026-04-16 06:25:00+00:00,300,300,0,299,0,0,3,0,0,0,2026-04-16 06:25:00+00:00,2026-04-16 06:30:00+00:00,2026-04-16 06:30:00.627903+00:00,300,True,Down,0,True
0x83bf64ef547b8db7a229c9750b406ac876fb0f8c2c31887def1088174dbad6df,2026-04-16 06:35:00+00:00,300,300,0,299,0,0,0,3,0,0,2026-04-16 06:35:00+00:00,2026-04-16 06:40:00+00:00,2026-04-16 06:40:00.450810+00:00,300,True,Up,1,True
0x0c2dc59c2abbab626981b8bb1d4fe03b0d2d37b0ee81b08078496830c0905a53,2026-04-16 06:40:00+00:00,300,300,0,299,0,0,54,0,0,0,2026-04-16 06:40:00+00:00,2026-04-16 06:45:00+00:00,2026-04-16 06:45:00.834853+00:00,300,True,Down,0,True
0x6ea8378736a909442e735502e5c420d12e9f429c1d0d03f80f65a403901eec9e,2026-04-16 06:50:00+00:00,300,300,0,299,0,0,0,0,0,0,2026-04-16 06:50:00+00:00,2026-04-16 06:55:00+00:00,2026-04-16 06:55:00.553473+00:00,300,True,Down,0,True
0xcd2cc7decd4507d927ef71506e9a77550c05d1d2aa817bda746e36ab9ac908a5,2026-04-16 06:55:00+00:00,300,300,0,299,0,0,0,2,0,0,2026-04-16 06:55:00+00:00,2026-04-16 07:00:00+00:00,2026-04-16 07:00:00.481709+00:00,300,True,Up,1,True
0x69c03df9ac1ef5805790196126bcac12e7043771a7c5b4ea2d2cf2081aec46c2,2026-04-16 07:20:00+00:00,300,300,0,299,0,0,0,0,0,0,2026-04-16 07:20:00+00:00,2026-04-16 07:25:00+00:00,2026-04-16 07:25:00.519497+00:00,300,True,,0,True
0xc8f6bbe4a8be45c4a23170cc9c61317516629633170fa06b19e3cf61415cc41d,2026-04-16 07:25:00+00:00,300,300,0,299,0,0,0,0,0,0,2026-04-16 07:25:00+00:00,2026-04-16 07:30:00+00:00,2026-04-16 07:30:00.650999+00:00,300,True,Down,0,True
0x10771811891c03df24c270779e10c6e80aec7e4bbcc5a18c3e4fe968cf22dc16,2026-04-16 07:40:00+00:00,300,300,0,299,0,0,0,0,0,0,2026-04-16 07:40:00+00:00,2026-04-16 07:45:00+00:00,2026-04-16 07:45:00.697159+00:00,300,True,Down,0,True
0xfd4630e33d9314bf3431eceebab2aec50ba8d80defe4cbe2fef895fab74f1727,2026-04-16 07:45:00+00:00,300,300,0,299,0,0,61,0,0,0,2026-04-16 07:45:00+00:00,2026-04-16 07:50:00+00:00,2026-04-16 07:50:00.507366+00:00,300,True,Down,0,True
0x1df7e565e3691343d599cb59ca65eaa1c718e22f712fcfea8482e40d436d5fd9,2026-04-16 08:20:00+00:00,300,300,0,299,0,0,0,94,0,0,2026-04-16 08:20:00+00:00,2026-04-16 08:25:00+00:00,2026-04-16 08:25:00.739903+00:00,300,True,Up,1,True
0xce7573a14488f5d9b1887696a004d8bf08d6c5942dbb03882ada889a780e83df,2026-04-16 08:25:00+00:00,300,300,0,299,0,0,0,0,0,0,2026-04-16 08:25:00+00:00,2026-04-16 08:30:00+00:00,2026-04-16 08:30:00.534215+00:00,300,True,Up,1,True
0x5ef14098dce9dea44cf8320536a454bae87606e82c561dd8d6f3836ea32f8b77,2026-04-16 08:35:00+00:00,300,300,0,299,0,0,19,0,0,0,2026-04-16 08:35:00+00:00,2026-04-16 08:40:00+00:00,2026-04-16 08:40:00.559933+00:00,300,True,Down,0,True
0x007fe52f1c16545c49926f6b7a9406863127f7362db71bfdfd7148a5afd04d31,2026-04-16 08:40:00+00:00,300,300,0,299,0,0,0,0,0,0,2026-04-16 08:40:00+00:00,2026-04-16 08:45:00+00:00,2026-04-16 08:45:00.591848+00:00,300,True,Up,1,True
0xc6d0759442ed65ee7205a95e1a4a6b68c3c23c58e6330967177bc6df5caa4f94,2026-04-16 08:45:00+00:00,300,300,0,299,0,0,0,43,0,0,2026-04-16 08:45:00+00:00,2026-04-16 08:50:00+00:00,2026-04-16 08:50:00.539780+00:00,300,True,Up,1,True
0x055e0d7e7409aae20b2ebb67b4775b04850614c922adff441969c0af73db48b9,2026-04-16 08:50:00+00:00,300,300,0,299,0,0,25,0,0,0,2026-04-16 08:50:00+00:00,2026-04-16 08:55:00+00:00,2026-04-16 08:55:00.586951+00:00,300,True,Down,0,True
0x5433bf0498ed66f8379beeb66837fac83e23d5934c7f1226ad87184710e28f14,2026-04-16 08:55:00+00:00,300,300,0,299,0,0,1,0,0,0,2026-04-16 08:55:00+00:00,2026-04-16 09:00:00+00:00,2026-04-16 09:00:00.792608+00:00,300,True,Down,0,True
0x427f44181d1e91035d7e27f20b8afb65b71a9eae143512e23daf0bf9f6f3531b,2026-04-16 09:15:00+00:00,300,300,0,299,0,0,0,82,0,0,2026-04-16 09:15:00+00:00,2026-04-16 09:20:00+00:00,2026-04-16 09:20:00.580943+00:00,300,True,Up,1,True
0xfa5f63994d874f4b69facf5600e20cf67a1152daca83d4944689ea0b5ed98c1e,2026-04-16 09:25:00+00:00,300,300,0,299,0,0,33,0,0,0,2026-04-16 09:25:00+00:00,2026-04-16 09:30:00+00:00,2026-04-16 09:30:00.677016+00:00,300,True,Down,0,True
0xaf39bea7f64cab390247d4ac5838a17d56a59386c51845a14b49911efd6672b5,2026-04-16 09:35:00+00:00,300,300,0,299,0,0,0,3,0,0,2026-04-16 09:35:00+00:00,2026-04-16 09:40:00+00:00,2026-04-16 09:40:00.561281+00:00,300,True,Up,1,True
0x1a1a2533fb97556248ea049cd292fcad87d8742b3dbf1c755fb3c85c33daa372,2026-04-16 09:40:00+00:00,300,300,0,299,0,0,46,0,0,0,2026-04-16 09:40:00+00:00,2026-04-16 09:45:00+00:00,2026-04-16 09:45:00.702587+00:00,300,True,Down,0,True
0x84beef5018fd995550475744d14d977b3d25af8fe0ad2a7a80325e4a2ff2e583,2026-04-16 09:45:00+00:00,300,300,0,299,0,0,45,0,0,0,2026-04-16 09:45:00+00:00,2026-04-16 09:50:00+00:00,2026-04-16 09:50:00.564855+00:00,300,True,Down,0,True
0x89fd5d09302b0b097c5b27ccd602db95e308eb17a3323f9487393f6b8149f3c2,2026-04-16 09:50:00+00:00,300,300,0,299,0,0,0,9,0,0,2026-04-16 09:50:00+00:00,2026-04-16 09:55:00+00:00,2026-04-16 09:55:00.390664+00:00,300,True,Up,1,True
0x94d619a333643cbe5267ed0ca10e78bb030c232f3ae086745e557b7fc636c7d5,2026-04-16 09:55:00+00:00,300,300,0,299,0,0,18,0,0,0,2026-04-16 09:55:00+00:00,2026-04-16 10:00:00+00:00,2026-04-16 10:00:00.969882+00:00,300,True,Down,0,True
0x2079b3cb5c4d2317169488ef20bfe22990140c629e73b70494b1c8caf3348da6,2026-04-16 10:00:00+00:00,300,300,0,299,0,0,0,0,0,0,2026-04-16 10:00:00+00:00,2026-04-16 10:05:00+00:00,2026-04-16 10:05:00.589590+00:00,300,True,Down,0,True
0xb29f82db8cbee0ed08882a98c819395db3faa9e62882821e0e5f7a559742e3f1,2026-04-16 10:25:00+00:00,300,300,0,299,0,0,0,1,0,0,2026-04-16 10:25:00+00:00,2026-04-16 10:30:00+00:00,2026-04-16 10:30:00.550903+00:00,300,True,Up,1,True
0xf069d753980eabc4eea3812f9b2dbf67bdc612bfe1ec55c3f50aa01e1dfc39dd,2026-04-16 10:40:00+00:00,300,300,0,299,0,0,46,0,0,0,2026-04-16 10:40:00+00:00,2026-04-16 10:45:00+00:00,2026-04-16 10:45:00.681273+00:00,300,True,Down,0,True
0x61f870d991ba5c0fc2bd490200b4f93a5fda4f91002476862c79b439ff4a7bb1,2026-04-16 10:45:00+00:00,300,300,0,299,0,0,14,0,0,0,2026-04-16 10:45:00+00:00,2026-04-16 10:50:00+00:00,2026-04-16 10:50:00.575010+00:00,300,True,Down,0,True
0xcb9e0cb5ff8a21320e4a3215bd4b544b0299262d24adc0ec5c1f5f1f01d58eb4,2026-04-16 11:00:00+00:00,300,300,0,299,0,0,0,0,0,0,2026-04-16 11:00:00+00:00,2026-04-16 11:05:00+00:00,2026-04-16 11:05:00.554529+00:00,300,True,Up,1,True
0x5ccd7d66f0fa3cf0bbd0b18a2fdb8005a4dd545c1785f9e3b4127c67598234c0,2026-04-16 11:05:00+00:00,300,300,0,299,0,0,27,0,0,0,2026-04-16 11:05:00+00:00,2026-04-16 11:10:00+00:00,2026-04-16 11:10:00.461602+00:00,300,True,Down,0,True
0x41636187ddcd8d3d87398128cb134022c9d3e7ce0f9818d21b2ea19635688397,2026-04-16 11:10:00+00:00,300,300,0,299,0,0,0,0,0,0,2026-04-16 11:10:00+00:00,2026-04-16 11:15:00+00:00,2026-04-16 11:15:00.945557+00:00,300,True,Up,1,True
0x9ac88c7a1dd26452526dbaf97d14f7a07cd90d13d6050d0805ea126cdab9fa81,2026-04-16 11:15:00+00:00,300,300,0,299,0,0,13,0,0,0,2026-04-16 11:15:00+00:00,2026-04-16 11:20:00+00:00,2026-04-16 11:20:00.546688+00:00,300,True,Down,0,True
0x545c566df16ff5bb9ccd9e14b2e0a579d35ad274c8291aeec1c399e866ec0410,2026-04-16 11:20:00+00:00,300,300,0,299,0,0,0,33,0,0,2026-04-16 11:20:00+00:00,2026-04-16 11:25:00+00:00,2026-04-16 11:25:00.450702+00:00,300,True,Up,1,True
0x8024b67117dcb366affacd373224df94c7dfd625af5593e2be424560b6bbf870,2026-04-16 11:25:00+00:00,300,300,0,299,0,0,0,31,0,0,2026-04-16 11:25:00+00:00,2026-04-16 11:30:00+00:00,2026-04-16 11:30:00.596942+00:00,300,True,Up,1,True
0xb9f2192bf9ff6a8c5cd3e304f5d328a1e0499c7704c56e4b7e4f60b1f4b24308,2026-04-16 11:30:00+00:00,300,300,0,299,0,0,0,18,0,0,2026-04-16 11:30:00+00:00,2026-04-16 11:35:00+00:00,2026-04-16 11:35:00.560695+00:00,300,True,Up,1,True
0x059ab5c32d2fe75a20be0f8814e2b804c50d7c99e59e383aaca608f4bddce95d,2026-04-16 11:35:00+00:00,300,300,0,299,0,0,0,0,0,0,2026-04-16 11:35:00+00:00,2026-04-16 11:40:00+00:00,2026-04-16 11:40:00.588315+00:00,300,True,Down,0,True
0x462de5cfa730778d056d5b2a4f89681912a8fc6a5ad15db1a957502202293e82,2026-04-16 11:40:00+00:00,300,300,0,299,0,0,0,10,0,0,2026-04-16 11:40:00+00:00,2026-04-16 11:45:00+00:00,2026-04-16 11:45:00.646028+00:00,300,True,Up,1,True
0x71e16fac557a3f023df31d17848020c68e7bab2a94b14db132f9a48f4045a485,2026-04-16 11:45:00+00:00,300,300,0,299,0,0,0,3,0,0,2026-04-16 11:45:00+00:00,2026-04-16 11:50:00+00:00,2026-04-16 11:50:00.559551+00:00,300,True,Up,1,True
0x31b2d69cfffe96ac689e1b607da6064b7ed4db2916725671c25fde0caa61390d,2026-04-16 11:50:00+00:00,300,300,0,299,0,0,0,67,0,0,2026-04-16 11:50:00+00:00,2026-04-16 11:55:00+00:00,2026-04-16 11:55:00.534682+00:00,300,True,Up,1,True
0xb3e0ff9a752a4af3ebf3525501aa6c974748335deb23737566cd6e28287d5f06,2026-04-16 12:30:00+00:00,300,300,0,299,0,0,0,0,0,0,2026-04-16 12:30:00+00:00,2026-04-16 12:35:00+00:00,2026-04-16 12:35:00.437849+00:00,300,True,,1,True
0x6e17e8768a165ca20475d763f8e44a0cae36ef23d0d5cdc60b8411665ef96b15,2026-04-16 13:45:00+00:00,300,300,0,299,0,0,79,0,0,0,2026-04-16 13:45:00+00:00,2026-04-16 13:50:00+00:00,2026-04-16 13:50:00.511105+00:00,300,True,Down,0,True
0x76e1a7f039db01c78694f73e0e68b40ab5db9137df5e3f1fe8eb24b2525b9b2e,2026-04-16 14:10:00+00:00,300,300,0,299,0,0,27,0,0,0,2026-04-16 14:10:00+00:00,2026-04-16 14:15:00+00:00,2026-04-16 14:15:00.652092+00:00,300,True,Down,0,True
0x924d17eb31f6d188690c15708c00956c14c5501574a124dd7c95c330290b56d4,2026-04-16 14:15:00+00:00,300,300,0,299,0,0,108,0,0,0,2026-04-16 14:15:00+00:00,2026-04-16 14:20:00+00:00,2026-04-16 14:20:00.584883+00:00,300,True,Down,0,True
0xc06078833d60d79713420fffcbd467aac92f2fbdefbc13c8c4835c79cc1aceab,2026-04-16 14:20:00+00:00,300,300,0,299,0,0,32,0,0,0,2026-04-16 14:20:00+00:00,2026-04-16 14:25:00+00:00,2026-04-16 14:25:00.502930+00:00,300,True,Down,0,True
0x87285b23df4fb27443b505baf752a707e0db4084386138bbc58794583c211aa8,2026-04-16 14:25:00+00:00,300,300,0,299,0,0,0,72,0,0,2026-04-16 14:25:00+00:00,2026-04-16 14:30:00+00:00,2026-04-16 14:30:00.526760+00:00,300,True,Up,1,True
0xc83d50640862671e960e09ab88bb9844cf51c7ca813f3da7e8da447f4e37cf20,2026-04-16 14:40:00+00:00,300,300,0,299,0,0,0,40,0,0,2026-04-16 14:40:00+00:00,2026-04-16 14:45:00+00:00,2026-04-16 14:45:00.689022+00:00,300,True,Up,1,True
0x732a724ae863a932ec03ae3b630b1eac475b93d932796c469dea60b6348079d4,2026-04-16 14:50:00+00:00,300,300,0,299,0,0,17,0,0,0,2026-04-16 14:50:00+00:00,2026-04-16 14:55:00+00:00,2026-04-16 14:55:00.490462+00:00,300,True,Down,0,True
0xb04f29705e0dfc486bc6c07315af61451995ad0bff5e2ca91b858c7883433744,2026-04-16 15:15:00+00:00,300,300,0,299,0,0,10,0,0,0,2026-04-16 15:15:00+00:00,2026-04-16 15:20:00+00:00,2026-04-16 15:20:00.602698+00:00,300,True,Down,0,True
0x03bbe294a64e597a74ab432e173141806b220208e7b356f292f395028071268f,2026-04-16 15:20:00+00:00,300,300,0,299,0,0,0,0,0,0,2026-04-16 15:20:00+00:00,2026-04-16 15:25:00+00:00,2026-04-16 15:25:00.509689+00:00,300,True,Up,1,True
0x80f868939d393ce4d642f53486a177371eda114a00088b920a3b36daeb76db52,2026-04-16 15:30:00+00:00,300,300,0,299,0,0,0,0,0,0,2026-04-16 15:30:00+00:00,2026-04-16 15:35:00+00:00,2026-04-16 15:35:00.408761+00:00,300,True,,1,True
0x05419dcd1379a560d4f446c4ce52adfdf6356ea0f3a9b5d3681e31f20b9f8a04,2026-04-16 15:35:00+00:00,300,300,0,299,0,0,0,0,0,0,2026-04-16 15:35:00+00:00,2026-04-16 15:40:00+00:00,2026-04-16 15:40:00.639722+00:00,300,True,,1,True
0x0b5a13c7ebf945469766c5816ffc9a03389dfb6247a27337436e7ff6c979c58f,2026-04-16 15:45:00+00:00,300,300,0,299,0,0,0,0,0,0,2026-04-16 15:45:00+00:00,2026-04-16 15:50:00+00:00,2026-04-16 15:50:00.554168+00:00,300,True,,0,True
0xcfbead6e6156d66ca44cf2cca0783775e76bab39ec18fdbc7f3fe443002d8429,2026-04-16 16:00:00+00:00,300,300,0,299,0,0,0,0,0,0,2026-04-16 16:00:00+00:00,2026-04-16 16:05:00+00:00,2026-04-16 16:05:00.601457+00:00,300,True,,1,True
0x2a610abb9e8f000b89cce856f3021ca8427a2d1c92ab24432f0e63e2bcbc0dd0,2026-04-16 16:15:00+00:00,300,300,0,299,0,0,0,102,0,0,2026-04-16 16:15:00+00:00,2026-04-16 16:20:00+00:00,2026-04-16 16:20:00.566201+00:00,300,True,Up,1,True
0xd54cda30ece7b881665f0461e42fdc05155c12289e5bf68111742cce8436993e,2026-04-16 16:30:00+00:00,300,300,0,299,0,0,69,0,0,0,2026-04-16 16:30:00+00:00,2026-04-16 16:35:00+00:00,2026-04-16 16:35:00.491176+00:00,300,True,Down,0,True
0x5e2237fb2ae3eac8bfbe3c7c9053db1b156157a19a46fc23239292085b6e1526,2026-04-16 16:35:00+00:00,300,300,0,299,0,0,0,18,0,0,2026-04-16 16:35:00+00:00,2026-04-16 16:40:00+00:00,2026-04-16 16:40:00.555736+00:00,300,True,Up,1,True
0x3012541bde1da1cd9b91e542feb42c5cc01c995100a1904badf7fd85c6911d46,2026-04-16 16:45:00+00:00,300,300,0,299,0,0,0,0,0,0,2026-04-16 16:45:00+00:00,2026-04-16 16:50:00+00:00,2026-04-16 16:50:00.583945+00:00,300,True,,0,True
0x89608e5633c65bd163a6273c5000ef8809bd3c48a425402a4f88d3d9b7cb59ba,2026-04-16 16:50:00+00:00,300,300,0,299,0,0,83,0,0,0,2026-04-16 16:50:00+00:00,2026-04-16 16:55:00+00:00,2026-04-16 16:55:00.500945+00:00,300,True,Down,0,True
0x8ddee3e44c829cc0ac400c89d3d22ab818efe8734f46a42d5cfeadbeaf1a19e1,2026-04-16 16:55:00+00:00,300,300,0,299,0,0,0,0,0,0,2026-04-16 16:55:00+00:00,2026-04-16 17:00:00+00:00,2026-04-16 17:00:00.895221+00:00,300,True,Up,1,True
0x9084d9b802082d172dc9ac28ec4f35bf477601a5f6bed44ff5c1620333e3758d,2026-04-16 17:05:00+00:00,300,300,0,299,0,0,43,0,0,0,2026-04-16 17:05:00+00:00,2026-04-16 17:10:00+00:00,2026-04-16 17:10:00.482013+00:00,300,True,Down,0,True
0x457acba0a06d1b909914e52ede5f41d8f0477c4092a15d1b1faa55146847c7db,2026-04-16 17:20:00+00:00,300,300,0,299,0,0,0,40,0,0,2026-04-16 17:20:00+00:00,2026-04-16 17:25:00+00:00,2026-04-16 17:25:00.510650+00:00,300,True,Up,1,True
0x7b535ebe46a23add166b247e6372abde90c1cf8714d03328da4381140d379d06,2026-04-16 17:25:00+00:00,300,300,0,299,0,0,2,0,0,0,2026-04-16 17:25:00+00:00,2026-04-16 17:30:00+00:00,2026-04-16 17:30:00.622522+00:00,300,True,Down,0,True
0xc03664f3d2dafe708c006f4ca7eff1ac9b08df4f0dfe0529303e42aab2d169f8,2026-04-16 17:30:00+00:00,300,300,0,299,0,0,0,0,0,0,2026-04-16 17:30:00+00:00,2026-04-16 17:35:00+00:00,2026-04-16 17:35:00.422700+00:00,300,True,,0,True
0x051ffa8a76497dfa7d40cfa53e47ca63cef407f64be9d8a31c0484eec874614a,2026-04-16 17:40:00+00:00,300,300,0,299,0,0,0,106,0,0,2026-04-16 17:40:00+00:00,2026-04-16 17:45:00+00:00,2026-04-16 17:45:00.607814+00:00,300,True,Up,1,True
0xb51aa9509a80895411a12ea3c90a17e633b1bde60d50bcab8ce3aec0f4fedb02,2026-04-16 18:00:00+00:00,300,300,0,299,0,0,0,0,0,0,2026-04-16 18:00:00+00:00,2026-04-16 18:05:00+00:00,2026-04-16 18:05:00.568469+00:00,300,True,Up,1,True
0x74a3c142c726e65ed6a7dbfa0044e2a91e5c65bef2f01d7dc3d8814c9f86e326,2026-04-16 18:05:00+00:00,300,300,0,299,0,0,19,0,0,0,2026-04-16 18:05:00+00:00,2026-04-16 18:10:00+00:00,2026-04-16 18:10:00.536609+00:00,300,True,Down,0,True
0xef1bf52d8fba8db3a2f9baf33fc7c12c8a67209c3b031e581a482e292d4c5c79,2026-04-16 18:10:00+00:00,300,300,0,299,0,0,0,63,0,0,2026-04-16 18:10:00+00:00,2026-04-16 18:15:00+00:00,2026-04-16 18:15:00.658701+00:00,300,True,Up,1,True
0xbfdeeb6a1b48b623112377336786bd9f75df6f85a6e8a76c1f3debd7bf2b50a0,2026-04-16 18:20:00+00:00,300,300,0,299,0,0,62,0,0,0,2026-04-16 18:20:00+00:00,2026-04-16 18:25:00+00:00,2026-04-16 18:25:00.565988+00:00,300,True,Down,0,True
0x10f854b4cf6cb438425676a7cc012601e54571c821c0763945ff9aa39b5a2a0c,2026-04-16 18:25:00+00:00,300,300,0,299,0,0,0,40,0,0,2026-04-16 18:25:00+00:00,2026-04-16 18:30:00+00:00,2026-04-16 18:30:00.640969+00:00,300,True,Up,1,True
0xe69c5d75553b36109512f125e4f37845e0db56a0d0b766118b41889e32c40967,2026-04-16 18:30:00+00:00,300,300,0,299,0,0,0,5,0,0,2026-04-16 18:30:00+00:00,2026-04-16 18:35:00+00:00,2026-04-16 18:35:00.578102+00:00,300,True,Up,1,True
0x2e20285eeaa9a022e014efea0eac7bbb7dc5918a514522b24b848cb39ffc5f08,2026-04-16 18:35:00+00:00,300,300,0,299,0,0,0,18,0,0,2026-04-16 18:35:00+00:00,2026-04-16 18:40:00+00:00,2026-04-16 18:40:00.555524+00:00,300,True,Up,1,True
0xbf730bb5be6a9c2a4e3f17fbbe226a6aca1c0e7c7c7b3cb1cc6f6e66f89082eb,2026-04-16 18:40:00+00:00,300,300,0,299,0,0,0,9,0,0,2026-04-16 18:40:00+00:00,2026-04-16 18:45:00+00:00,2026-04-16 18:45:00.400005+00:00,300,True,Up,1,True
0xd294addcb5422e96dd954aac7458401c9486130eba3166132d7678377f4d787e,2026-04-16 18:45:00+00:00,300,300,0,299,0,0,0,15,0,0,2026-04-16 18:45:00+00:00,2026-04-16 18:50:00+00:00,2026-04-16 18:50:00.533707+00:00,300,True,Up,1,True
0x2ab215dcff603d7da3e6221f7c8eb7685bd5f45f0f900bda0e5f02f1467762d2,2026-04-16 19:25:00+00:00,300,300,0,299,0,0,0,24,0,0,2026-04-16 19:25:00+00:00,2026-04-16 19:30:00+00:00,2026-04-16 19:30:00.642108+00:00,300,True,Up,1,True
0x6d5b9c3a9b9b0dee2c08cdfcccf963ffde11ad55f798b26f02eff209734c47a6,2026-04-16 20:10:00+00:00,300,300,0,299,0,0,0,47,0,0,2026-04-16 20:10:00+00:00,2026-04-16 20:15:00+00:00,2026-04-16 20:15:00.560376+00:00,300,True,Up,1,True
0x7e1ee13e5035f06d0979d07d99497c2e4f8cb0a3af7179e88929f7025344bd68,2026-04-16 20:20:00+00:00,300,300,0,299,0,0,33,0,0,0,2026-04-16 20:20:00+00:00,2026-04-16 20:25:00+00:00,2026-04-16 20:25:00.568894+00:00,300,True,Down,0,True
0xa99dd7c56ca9da9064bdec62f2ce43f4a558988b8a695c8ff2385816dcb9e0d9,2026-04-16 20:25:00+00:00,300,300,0,299,0,0,2,0,0,0,2026-04-16 20:25:00+00:00,2026-04-16 20:30:00+00:00,2026-04-16 20:30:00.650677+00:00,300,True,Down,0,True
0xa40ac36800fecb6be46520dc3e34c26dba7696bd74f331559f554f761dddea89,2026-04-16 20:30:00+00:00,300,300,0,299,0,0,38,0,0,0,2026-04-16 20:30:00+00:00,2026-04-16 20:35:00+00:00,2026-04-16 20:35:00.487899+00:00,300,True,Down,0,True
0xe46b1dba1f68da77260955ad4ad5b6c5928684c7c8b196df4a4274f199250c2b,2026-04-16 20:40:00+00:00,300,300,0,299,0,0,0,6,0,0,2026-04-16 20:40:00+00:00,2026-04-16 20:45:00+00:00,2026-04-16 20:45:00.688070+00:00,300,True,Up,1,True
0x025b2cc582ec28ad34bcdd21125f9400dd731a9d43f225e8b0782c74eda9c417,2026-04-16 20:45:00+00:00,300,300,0,299,0,0,0,33,0,0,2026-04-16 20:45:00+00:00,2026-04-16 20:50:00+00:00,2026-04-16 20:50:00.534014+00:00,300,True,Up,1,True
0x320bcf3ce4cf03ec66b119ba18bac7ae296f445f5faae6794324784ec185439a,2026-04-16 21:00:00+00:00,300,300,0,299,0,0,11,0,0,0,2026-04-16 21:00:00+00:00,2026-04-16 21:05:00+00:00,2026-04-16 21:05:00.405252+00:00,300,True,Down,0,True
0x6be297586b60cb68a54425c42e749d386ba58e30df2bd2b0865b5dfb28b11b32,2026-04-16 21:05:00+00:00,300,300,0,299,0,0,0,46,0,0,2026-04-16 21:05:00+00:00,2026-04-16 21:10:00+00:00,2026-04-16 21:10:00.539403+00:00,300,True,Up,1,True
0x3702a3be1c93039bfac00b5058c99a9e9579f267f6ea382fe4f75e7368ca8e46,2026-04-16 21:20:00+00:00,300,300,0,299,0,0,68,0,0,0,2026-04-16 21:20:00+00:00,2026-04-16 21:25:00+00:00,2026-04-16 21:25:00.564931+00:00,300,True,Down,0,True
0xbc515c5b686f3cff047b2b91f08d15c16fbaa2df59fff73f0273752967a127de,2026-04-16 21:30:00+00:00,300,300,0,299,0,0,0,14,0,0,2026-04-16 21:30:00+00:00,2026-04-16 21:35:00+00:00,2026-04-16 21:35:00.548341+00:00,300,True,Up,1,True
0x0a533f7b3e613e817cfbd29f5cb048cf59b3f502c9b164493a8364b6b4deb46d,2026-04-16 21:40:00+00:00,300,300,0,299,0,0,1,0,0,0,2026-04-16 21:40:00+00:00,2026-04-16 21:45:00+00:00,2026-04-16 21:45:00.590093+00:00,300,True,Down,0,True
0x9e37cb25b94912cdf26ff9d62f42ba5b8df38f7f9d4e91040fc33415c8088262,2026-04-16 21:55:00+00:00,300,300,0,299,0,0,2,0,0,0,2026-04-16 21:55:00+00:00,2026-04-16 22:00:00+00:00,2026-04-16 22:00:00.798545+00:00,300,True,Down,0,True
0x202713143423845fb7274bc8a6b7203b1e3702f7d82198d52a6382b190837c4a,2026-04-16 22:00:00+00:00,300,300,0,299,0,0,0,20,0,0,2026-04-16 22:00:00+00:00,2026-04-16 22:05:00+00:00,2026-04-16 22:05:00.551734+00:00,300,True,Up,1,True
0x45e163375576bc7cd766f30c47edb553c970e2e38acb3242cd365461ad08a57e,2026-04-16 22:10:00+00:00,300,300,0,299,0,0,0,0,0,0,2026-04-16 22:10:00+00:00,2026-04-16 22:15:00+00:00,2026-04-16 22:15:00.435416+00:00,300,True,Down,0,True
0xc71e3cc8494b91acb7153eb03dc70ef9ee32a6fd0fc55fb0dd44363ade32c75b,2026-04-16 22:25:00+00:00,300,300,0,299,0,0,0,30,0,0,2026-04-16 22:25:00+00:00,2026-04-16 22:30:00+00:00,2026-04-16 22:30:00.645322+00:00,300,True,Up,1,True
0x2d964908d0fe24cd914f141fbf64dc809643d3c9ef28ffd05b219af592e550c7,2026-04-16 22:45:00+00:00,300,300,0,299,0,0,0,3,0,0,2026-04-16 22:45:00+00:00,2026-04-16 22:50:00+00:00,2026-04-16 22:50:00.655931+00:00,300,True,Up,1,True
0x25c705c0be52d39dde26f501ff5eee86c6a81513ffcf87d75294100988d0e3f1,2026-04-16 23:10:00+00:00,300,300,0,299,0,0,0,0,0,0,2026-04-16 23:10:00+00:00,2026-04-16 23:15:00+00:00,2026-04-16 23:15:00.601041+00:00,300,True,,0,True
0x6f6c6ea715d8456d02061e649f1c025a82df71a278207fc5dc19953967902619,2026-04-16 23:15:00+00:00,300,300,0,299,0,0,0,0,0,0,2026-04-16 23:15:00+00:00,2026-04-16 23:20:00+00:00,2026-04-16 23:20:00.586016+00:00,300,True,Down,0,True
0x3be9dd10f3b58f28bb6e36c9112b64814c46a66d68964ee4a1af5442978e8767,2026-04-16 23:20:00+00:00,300,300,0,299,0,0,0,38,0,0,2026-04-16 23:20:00+00:00,2026-04-16 23:25:00+00:00,2026-04-16 23:25:00.428721+00:00,300,True,Up,1,True
0xe9925af34fc142b639569404ca81f376a6e96beb86e01f7d066a5b5ad4d67085,2026-04-16 23:30:00+00:00,300,300,0,299,0,0,0,1,0,0,2026-04-16 23:30:00+00:00,2026-04-16 23:35:00+00:00,2026-04-16 23:35:00.335985+00:00,300,True,Up,1,True
0x94a956dc9d98f206790ab9ad84b79e9c11595add33a732e0e96b67c8f80e02f9,2026-04-16 23:50:00+00:00,300,300,0,299,0,0,2,0,0,0,2026-04-16 23:50:00+00:00,2026-04-16 23:55:00+00:00,2026-04-16 23:55:00.511696+00:00,300,True,Down,0,True
0x781ea7af2a0cf646e8310daaf9f4d8956d44b3422373be04af02b7d388aab19c,2026-04-16 23:55:00+00:00,300,300,0,299,0,0,0,56,0,0,2026-04-16 23:55:00+00:00,2026-04-17 00:00:00+00:00,2026-04-17 00:00:00.939107+00:00,300,True,Up,1,True
0xb9d58c09d761263533f5dc21dedaa8470519b8089abd1592001925a551b6d021,2026-04-17 00:05:00+00:00,300,300,0,299,0,0,80,0,0,0,2026-04-17 00:05:00+00:00,2026-04-17 00:10:00+00:00,2026-04-17 00:10:00.493845+00:00,300,True,Down,0,True
0x74f62fa329447ac968e65f27e47260f08ea72a2df2869b8dc82c9aa1c04cd05d,2026-04-17 00:20:00+00:00,300,300,0,299,0,0,17,0,0,0,2026-04-17 00:20:00+00:00,2026-04-17 00:25:00+00:00,2026-04-17 00:25:00.501518+00:00,300,True,Down,0,True
0x341986adde696773217595d8b0c285ef59cf99582fbbcc8f141ee37d8336522b,2026-04-17 00:25:00+00:00,300,300,0,299,0,0,0,25,0,0,2026-04-17 00:25:00+00:00,2026-04-17 00:30:00+00:00,2026-04-17 00:30:00.615082+00:00,300,True,Up,1,True
0x3a36364fff3a79b999ef3cf9dbcfe60afa97cd88dcff45d1d7aefe421ef021e3,2026-04-17 00:30:00+00:00,300,300,0,299,0,0,0,45,0,0,2026-04-17 00:30:00+00:00,2026-04-17 00:35:00+00:00,2026-04-17 00:35:00.489943+00:00,300,True,Up,1,True
0x91aa7276bef9ff2cb5518c92991bfa751d5517ae165fc6a67429f15547fba684,2026-04-17 00:35:00+00:00,300,300,0,299,0,0,7,0,0,0,2026-04-17 00:35:00+00:00,2026-04-17 00:40:00+00:00,2026-04-17 00:40:00.579030+00:00,300,True,Down,0,True
0x378fc16d6fdae2cf0c722d5cffa880a53f0fba01b2f14737808c4a94c09173ec,2026-04-17 00:40:00+00:00,300,300,0,299,0,0,9,0,0,0,2026-04-17 00:40:00+00:00,2026-04-17 00:45:00+00:00,2026-04-17 00:45:00.665753+00:00,300,True,Down,0,True
0x25225a58c9e6ce8f6a04878e2d162d1887b68c42fca1b5264288616ada0c15ec,2026-04-17 00:45:00+00:00,300,300,0,299,0,0,0,0,0,0,2026-04-17 00:45:00+00:00,2026-04-17 00:50:00+00:00,2026-04-17 00:50:00.497692+00:00,300,True,,1,True
0xaf6f0b516fb2553be7342c837fc18f09c94b027c4b9427a148e19a0fca1a4678,2026-04-17 00:50:00+00:00,300,300,0,299,0,0,0,0,0,0,2026-04-17 00:50:00+00:00,2026-04-17 00:55:00+00:00,2026-04-17 00:55:00.496697+00:00,300,True,Down,0,True
0xa5aead0ff87a1e5915553b9de5eb4e83ae582c53b4ed8ec21a108cdb608ea8cb,2026-04-17 01:05:00+00:00,300,300,0,299,0,0,0,18,0,0,2026-04-17 01:05:00+00:00,2026-04-17 01:10:00+00:00,2026-04-17 01:10:00.570490+00:00,300,True,Up,1,True
0x1035e76e016ee886b939ca10082ea8b07d37bf93d0c3d9863496e61ce7d5e2c0,2026-04-17 01:10:00+00:00,300,300,0,299,0,0,23,0,0,0,2026-04-17 01:10:00+00:00,2026-04-17 01:15:00+00:00,2026-04-17 01:15:00.588010+00:00,300,True,Down,0,True
0x3a2b0bacc1d69efb1ab4169ba4c3d72afab184d755d790089b88b723a2e68bb5,2026-04-17 01:35:00+00:00,300,300,0,299,0,0,0,5,0,0,2026-04-17 01:35:00+00:00,2026-04-17 01:40:00+00:00,2026-04-17 01:40:00.499736+00:00,300,True,Up,1,True
0x2bbcf0d74fb8fe7bfba3cf6a982f7467941abd9a69749e08fcb67bd157fe17d6,2026-04-17 01:40:00+00:00,300,300,0,299,0,0,0,0,0,0,2026-04-17 01:40:00+00:00,2026-04-17 01:45:00+00:00,2026-04-17 01:45:00.643696+00:00,300,True,Down,0,True
0xc31a393ba3f2fb5fd61443deb079720a470cef3aeee16e608b2f7ef025fa469a,2026-04-17 01:45:00+00:00,300,300,0,299,0,0,41,0,0,0,2026-04-17 01:45:00+00:00,2026-04-17 01:50:00+00:00,2026-04-17 01:50:00.394036+00:00,300,True,Down,0,True
0x565f4240fc67f30fe007bcce0f047a1b4bc5dd469022df1a1d8768e57691f958,2026-04-17 01:50:00+00:00,300,300,0,299,0,0,0,0,0,0,2026-04-17 01:50:00+00:00,2026-04-17 01:55:00+00:00,2026-04-17 01:55:00.506863+00:00,300,True,Down,0,True
0xa79326f77f0b24d6cea3d5206cfb82b9cbe7f2a9030683b6c4347312bf82bdd3,2026-04-17 01:55:00+00:00,300,300,0,299,0,0,0,168,0,0,2026-04-17 01:55:00+00:00,2026-04-17 02:00:00+00:00,2026-04-17 02:00:00.778765+00:00,300,True,Up,1,True
0xb5bb4c97d8db5c5ee21fbe8d213f0cf887c275bd7e69cf28739eaf5b0710b97e,2026-04-17 02:05:00+00:00,300,300,0,299,0,0,67,0,0,0,2026-04-17 02:05:00+00:00,2026-04-17 02:10:00+00:00,2026-04-17 02:10:00.491352+00:00,300,True,Down,0,True
0xa4662f7d1d35b2e9927943be0b635ce48186cd13e00a29ece1555726058b97ec,2026-04-17 02:10:00+00:00,300,300,0,299,0,0,0,13,0,0,2026-04-17 02:10:00+00:00,2026-04-17 02:15:00+00:00,2026-04-17 02:15:00.529958+00:00,300,True,Up,1,True
0xb1826d3e3d5cc6428f53e1cb084df870ffd5a2c9844f1b7da96031f3418de6c4,2026-04-17 02:15:00+00:00,300,300,0,299,0,0,57,0,0,0,2026-04-17 02:15:00+00:00,2026-04-17 02:20:00+00:00,2026-04-17 02:20:00.625028+00:00,300,True,Down,0,True
0xf70e8e905084b4b375ab8bf1f4dc338b4d039de1c7b043723be2cd23b1f35ecc,2026-04-17 02:20:00+00:00,300,300,0,299,0,0,0,1,0,0,2026-04-17 02:20:00+00:00,2026-04-17 02:25:00+00:00,2026-04-17 02:25:00.496683+00:00,300,True,Up,1,True
0x40e4e3c747de8b8a57d08ae45590d2563af769f7407e889ba48ac0fc4d969d94,2026-04-17 02:30:00+00:00,300,300,0,299,0,0,0,4,0,0,2026-04-17 02:30:00+00:00,2026-04-17 02:35:00+00:00,2026-04-17 02:35:00.481728+00:00,300,True,Up,1,True
0x0b7cf23c2ef8428da0f29795b2f30586bc715e73badd488741dd5fc031f68b83,2026-04-17 02:35:00+00:00,300,300,0,299,0,0,0,100,0,0,2026-04-17 02:35:00+00:00,2026-04-17 02:40:00+00:00,2026-04-17 02:40:00.439135+00:00,300,True,Up,1,True
0xb703f30021b042ab90058bd3bc7e81be634c6bab2cb24d770988ea94aaac20b6,2026-04-17 02:45:00+00:00,300,300,0,299,0,0,8,0,0,0,2026-04-17 02:45:00+00:00,2026-04-17 02:50:00+00:00,2026-04-17 02:50:05.457038+00:00,300,True,Down,0,True
0xe7b674974da6fc832d436b6eb052b1988d1b23d43ef6cc7d1e54ab79b6a80ceb,2026-04-17 02:50:00+00:00,300,300,0,299,0,0,0,16,0,0,2026-04-17 02:50:00+00:00,2026-04-17 02:55:00+00:00,2026-04-17 02:55:00.537551+00:00,300,True,Up,1,True
0x90a9352fed42af356e6e9d870e29a97f4be7f3f6326f3bc07d23b036cd5abf30,2026-04-17 02:55:00+00:00,300,300,0,299,0,0,0,6,0,0,2026-04-17 02:55:00+00:00,2026-04-17 03:00:00+00:00,2026-04-17 03:00:00.813451+00:00,300,True,Up,1,True
0xf0dcbb6133b9d4a9252f59224a7c41b576c80ba3b46a739a61759712e1caefd7,2026-04-17 03:00:00+00:00,300,300,0,299,0,0,60,0,0,0,2026-04-17 03:00:00+00:00,2026-04-17 03:05:00+00:00,2026-04-17 03:05:00.496916+00:00,300,True,Down,0,True
0xfa96681ff540b07aa873e4c89f3042cdef7a4f29072414627c7e1bf322cf4524,2026-04-17 03:10:00+00:00,300,300,0,299,0,0,0,59,0,0,2026-04-17 03:10:00+00:00,2026-04-17 03:15:00+00:00,2026-04-17 03:15:00.529708+00:00,300,True,Up,1,True
0x037ed73ac96f9dea86c257398a539dd4aa0033b11ef5054b9f8ed590b6d2d9bb,2026-04-17 03:15:00+00:00,300,300,0,299,0,0,0,1,0,0,2026-04-17 03:15:00+00:00,2026-04-17 03:20:00+00:00,2026-04-17 03:20:00.491015+00:00,300,True,Up,1,True
0xd098b1b16f0bf1b8508ef1b90b871b589c97efe423a966596821d9086b0c9449,2026-04-17 03:20:00+00:00,300,300,0,299,0,0,0,1,0,0,2026-04-17 03:20:00+00:00,2026-04-17 03:25:00+00:00,2026-04-17 03:25:00.501969+00:00,300,True,Up,1,True
0x60390779921e697d263971a2d80ce942570ccc8bdccc4b1e51a80c1d3ff9afff,2026-04-17 03:45:00+00:00,300,300,0,299,0,0,2,0,0,0,2026-04-17 03:45:00+00:00,2026-04-17 03:50:00+00:00,2026-04-17 03:50:00.527138+00:00,300,True,Down,0,True
0xfe1915c61ec33577f194825caa1264e0ea84b813e563e0a307a06bf33b191047,2026-04-17 03:50:00+00:00,300,300,0,299,0,0,63,0,0,0,2026-04-17 03:50:00+00:00,2026-04-17 03:55:00+00:00,2026-04-17 03:55:00.538077+00:00,300,True,Down,0,True
0x10e8ea72f5e4396a385fa8891aa3a5ed43031f98903c1f2d39ec03b6f6faf071,2026-04-17 03:55:00+00:00,300,300,0,299,0,0,9,0,0,0,2026-04-17 03:55:00+00:00,2026-04-17 04:00:00+00:00,2026-04-17 04:00:00.675099+00:00,300,True,Down,0,True
0x227217395e377df082ba4ebf9b0c2b6a6b98a1f6dacdcaadc403075fce0eaabe,2026-04-17 04:10:00+00:00,300,300,0,299,0,0,0,0,0,0,2026-04-17 04:10:00+00:00,2026-04-17 04:15:00+00:00,2026-04-17 04:15:00.586992+00:00,300,True,Up,1,True
0x41ce74e975c2d791765a1009f240099ea6d3126b3e00ea4c570e945211037063,2026-04-17 04:20:00+00:00,300,300,0,299,0,0,6,0,0,0,2026-04-17 04:20:00+00:00,2026-04-17 04:25:00+00:00,2026-04-17 04:25:00.634137+00:00,300,True,Down,0,True
0x89e2edc5cbc4d066a65c24c318557ea8a08c2a937bbfc687e61279ffa1ff040a,2026-04-17 04:30:00+00:00,300,300,0,299,0,0,0,22,0,0,2026-04-17 04:30:00+00:00,2026-04-17 04:35:00+00:00,2026-04-17 04:35:00.500287+00:00,300,True,Up,1,True
0x3a20ace774ba8e8dab8021e29e54175fe243a8bea83ee2662c7cee34c9b166df,2026-04-17 04:35:00+00:00,300,300,0,299,0,0,2,0,0,0,2026-04-17 04:35:00+00:00,2026-04-17 04:40:00+00:00,2026-04-17 04:40:00.393709+00:00,300,True,Down,0,True
0x6003254904838765cb06087da2851ac9c2b06d9ecd5c4e723b22ab124d058081,2026-04-17 04:40:00+00:00,300,300,0,299,0,0,0,0,0,0,2026-04-17 04:40:00+00:00,2026-04-17 04:45:00+00:00,2026-04-17 04:45:02.214425+00:00,300,True,,1,True
0xa170e5e4d1c2ba2e3f939333440c723728214851a37eeb18f8e3b2baf633a4db,2026-04-17 04:45:00+00:00,300,300,0,299,0,0,4,0,0,0,2026-04-17 04:45:00+00:00,2026-04-17 04:50:00+00:00,2026-04-17 04:50:00.513759+00:00,300,True,Down,0,True
0xba7a875e186445c06f4efa55b099646000a003c8521a867f46fd643dc231d9d3,2026-04-17 05:00:00+00:00,300,300,0,299,0,0,43,0,0,0,2026-04-17 05:00:00+00:00,2026-04-17 05:05:00+00:00,2026-04-17 05:05:00.450715+00:00,300,True,Down,0,True
0xe17de1727f4e7d588886c5ba7b81c68c2fe21d2a193cd637faed29411ca9b40e,2026-04-17 05:05:00+00:00,300,300,0,299,0,0,9,0,0,0,2026-04-17 05:05:00+00:00,2026-04-17 05:10:00+00:00,2026-04-17 05:10:00.542914+00:00,300,True,Down,0,True
0x123376a0ef2932628c40762fbafb627dfc8b41f4e7085aff4765b4046b0502bd,2026-04-17 05:10:00+00:00,300,300,0,299,0,0,0,2,0,0,2026-04-17 05:10:00+00:00,2026-04-17 05:15:00+00:00,2026-04-17 05:15:00.557245+00:00,300,True,Up,1,True
0x2445fe3edcabdbf892337d46dde2dd5cb0a05533cad37e4d016bd4183d1f6c46,2026-04-17 05:15:00+00:00,300,300,0,299,0,0,0,1,0,0,2026-04-17 05:15:00+00:00,2026-04-17 05:20:00+00:00,2026-04-17 05:20:00.599284+00:00,300,True,Up,1,True
0x349c36b58e964909ade7d766cede5f3175a846b73870c2445912cb0b38120aa4,2026-04-17 05:20:00+00:00,300,300,0,299,0,0,0,11,0,0,2026-04-17 05:20:00+00:00,2026-04-17 05:25:00+00:00,2026-04-17 05:25:00.548578+00:00,300,True,Up,1,True
0xfaf197d80407902c7b793f28cec643bb846fc38e42709785577f003cb26b8a2d,2026-04-17 05:25:00+00:00,300,300,0,299,0,0,35,0,0,0,2026-04-17 05:25:00+00:00,2026-04-17 05:30:00+00:00,2026-04-17 05:30:00.422696+00:00,300,True,Down,0,True
0x92d78b0b085cf752052ca356c77766f8d59dd0bd389a3918f0dde69a63080693,2026-04-17 05:45:00+00:00,300,300,0,299,0,0,0,10,0,0,2026-04-17 05:45:00+00:00,2026-04-17 05:50:00+00:00,2026-04-17 05:50:00.487659+00:00,300,True,Up,1,True
0x4dbfdf7931c433a5af6710cce726240639c0429038a6d6e2a26ba0bb58f40d2f,2026-04-17 05:50:00+00:00,300,300,0,299,0,0,0,0,0,0,2026-04-17 05:50:00+00:00,2026-04-17 05:55:00+00:00,2026-04-17 05:55:00.420159+00:00,300,True,Up,1,True
0x67af812f588c510e044a412390d7d108973f026369bb02f1206348448a7979ed,2026-04-17 05:55:00+00:00,300,300,0,299,0,0,7,0,0,0,2026-04-17 05:55:00+00:00,2026-04-17 06:00:00+00:00,2026-04-17 06:00:00.722402+00:00,300,True,Down,0,True
0xd70479ee8c2ba7779d84412c1b3a897a906cf5231bbe05144f8d1e8d2e4ce32f,2026-04-17 06:00:00+00:00,300,300,0,299,0,0,0,12,0,0,2026-04-17 06:00:00+00:00,2026-04-17 06:05:00+00:00,2026-04-17 06:05:00.575756+00:00,300,True,Up,1,True
0x08fc683cd37492bbf0e403a8f568e8f7cad74d0aabffec7b18eaa63c933f5abc,2026-04-17 06:05:00+00:00,300,300,0,299,0,0,0,0,0,0,2026-04-17 06:05:00+00:00,2026-04-17 06:10:00+00:00,2026-04-17 06:10:00.496125+00:00,300,True,Down,0,True
0xb68c5eb6bddd9da0ff9ad68001265b21eecad4fa13495fb10283a5c1dcc53417,2026-04-17 06:15:00+00:00,300,300,0,299,0,0,0,5,0,0,2026-04-17 06:15:00+00:00,2026-04-17 06:20:00+00:00,2026-04-17 06:20:00.594484+00:00,300,True,,0,True
0xb3132b880a6d6bc71a92b281533eae59bff2adf3b3414b2ef942f1ffe01ef70f,2026-04-17 06:20:00+00:00,300,300,0,299,0,0,0,27,0,0,2026-04-17 06:20:00+00:00,2026-04-17 06:25:00+00:00,2026-04-17 06:25:00.647173+00:00,300,True,Up,1,True
0xb53f3b801613ff966de73d5b1f023d2357593cb4ec065ea21bb33fb0b7cc8289,2026-04-17 06:25:00+00:00,300,300,0,299,0,0,0,0,0,0,2026-04-17 06:25:00+00:00,2026-04-17 06:30:00+00:00,2026-04-17 06:30:00.660094+00:00,300,True,Up,1,True
0xc1420fa251ec3098d06775ce3542cf629656c6b720a6536e168f3ec333cbd360,2026-04-17 06:30:00+00:00,300,300,0,299,0,0,0,0,0,0,2026-04-17 06:30:00+00:00,2026-04-17 06:35:00+00:00,2026-04-17 06:35:00.564787+00:00,300,True,Up,1,True
0xcb88dabdcb087575af20026732a1643978c516551821b97e344e0e94a30e193b,2026-04-17 06:35:00+00:00,300,300,0,299,0,0,0,0,0,0,2026-04-17 06:35:00+00:00,2026-04-17 06:40:00+00:00,2026-04-17 06:40:00.883159+00:00,300,True,,1,True
0x0769d8d4742ea3bdedadeb8006970a99eb989ebff5990d8fb62ac1b98b589e41,2026-04-17 06:40:00+00:00,300,300,0,299,0,0,0,3,0,0,2026-04-17 06:40:00+00:00,2026-04-17 06:45:00+00:00,2026-04-17 06:45:00.587615+00:00,300,True,Up,1,True
0xfc7ca10a54b0ae35ba252d0029815ddd32f0a7ca5d064b1d462fd6de2e35b32d,2026-04-17 07:30:00+00:00,300,300,0,299,0,0,0,1,0,0,2026-04-17 07:30:00+00:00,2026-04-17 07:35:00+00:00,2026-04-17 07:35:00.581225+00:00,300,True,Up,1,True
0xaec0af579a2b8843e3f6f31d255d833e945126acbb1661b39a724f100c1ed996,2026-04-17 07:35:00+00:00,300,300,0,299,0,0,2,0,0,0,2026-04-17 07:35:00+00:00,2026-04-17 07:40:00+00:00,2026-04-17 07:40:00.538931+00:00,300,True,Down,0,True
0x83a710891cb4691acffca184c2f8e9eb0472ee953c929dcde969f5095435a927,2026-04-17 07:40:00+00:00,300,300,0,299,0,0,0,4,0,0,2026-04-17 07:40:00+00:00,2026-04-17 07:45:00+00:00,2026-04-17 07:45:00.752484+00:00,300,True,Up,1,True
0x5245f7eb8475f14167c265c7215307762a2f9dfed5ebd5db3f675aef7fdd8dbf,2026-04-17 07:45:00+00:00,300,300,0,299,0,0,2,0,0,0,2026-04-17 07:45:00+00:00,2026-04-17 07:50:00+00:00,2026-04-17 07:50:00.527865+00:00,300,True,Down,0,True
0x92aca25e6877df4ca4a5b8cf6a9a7767de576eb435e2011e729953118f9c69da,2026-04-17 07:50:00+00:00,300,300,0,299,0,0,0,24,0,0,2026-04-17 07:50:00+00:00,2026-04-17 07:55:00+00:00,2026-04-17 07:55:00.497725+00:00,300,True,Up,1,True
0x9c89d993af389764217a7300cae58914390e4e3bc3d35db605f6c32174e2232e,2026-04-17 08:00:00+00:00,300,300,0,299,0,0,7,0,0,0,2026-04-17 08:00:00+00:00,2026-04-17 08:05:00+00:00,2026-04-17 08:05:00.584879+00:00,300,True,Down,1,True
0x61366c5fde741a7fa2d1b6511b3d29cd9c346dd1ba74a8d335aa75ddf689a734,2026-04-17 08:05:00+00:00,300,300,0,299,0,0,0,13,0,0,2026-04-17 08:05:00+00:00,2026-04-17 08:10:00+00:00,2026-04-17 08:10:00.553377+00:00,300,True,Up,1,True
0x47e683c748da49486338ff0f31d4f84aad6798cad018cc5d2c8e3700aa21ed52,2026-04-17 08:25:00+00:00,300,300,0,299,0,0,0,5,0,0,2026-04-17 08:25:00+00:00,2026-04-17 08:30:00+00:00,2026-04-17 08:30:00.686753+00:00,300,True,Up,1,True
0x58de10a1dc8c0a0106911f5ac0e3523d5e8be84b7110481214496b9d0c8045cb,2026-04-17 09:00:00+00:00,300,300,0,299,0,0,14,0,0,0,2026-04-17 09:00:00+00:00,2026-04-17 09:05:00+00:00,2026-04-17 09:05:00.532690+00:00,300,True,Down,0,True
0x7f9b1aa170bc8f2ebe14677eff13daf040acd93a99fb612cb501e2eb6c43b666,2026-04-17 09:25:00+00:00,300,300,0,299,0,0,0,97,0,0,2026-04-17 09:25:00+00:00,2026-04-17 09:30:00+00:00,2026-04-17 09:30:00.511153+00:00,300,True,Up,1,True
0x128b6e434e3813ec29a2fd12340dd561d45b5ee4530470ca7d335ff9c08da881,2026-04-17 09:45:00+00:00,300,300,0,299,0,0,1,0,0,0,2026-04-17 09:45:00+00:00,2026-04-17 09:50:00+00:00,2026-04-17 09:50:00.570145+00:00,300,True,,1,True
0x3bd75a455887ae039feb85c2ddf8dc566fd80f9ee8ec7efd99d3ecfec30e719f,2026-04-17 09:50:00+00:00,300,300,0,299,0,0,0,37,0,0,2026-04-17 09:50:00+00:00,2026-04-17 09:55:00+00:00,2026-04-17 09:55:00.500378+00:00,300,True,Up,1,True
0xf7d3c629c74e20c6babd822a201c8e19a77cfc941435f64f9e79a06fbca950a4,2026-04-17 09:55:00+00:00,300,300,0,299,0,0,13,0,0,0,2026-04-17 09:55:00+00:00,2026-04-17 10:00:00+00:00,2026-04-17 10:00:00.869871+00:00,300,True,Down,0,True
0xd3d231db5d4e7b5b88638fd10664e96eb84276db6420dbf86d3389fe0ba66b6b,2026-04-17 10:05:00+00:00,300,300,0,299,0,0,5,0,0,0,2026-04-17 10:05:00+00:00,2026-04-17 10:10:00+00:00,2026-04-17 10:10:00.574705+00:00,300,True,Down,0,True
0x6f68cf099ec8f238d3144caba056a7d840af3e8a8050e509db522bb13c754e2d,2026-04-17 10:10:00+00:00,300,300,0,299,0,0,34,0,0,0,2026-04-17 10:10:00+00:00,2026-04-17 10:15:00+00:00,2026-04-17 10:15:00.547301+00:00,300,True,Down,0,True
0x0a8623f3ff65a23485cb944af0acd483fabc6daa36bf6c6af76f08cbec29d64f,2026-04-17 10:20:00+00:00,300,300,0,299,0,0,0,4,0,0,2026-04-17 10:20:00+00:00,2026-04-17 10:25:00+00:00,2026-04-17 10:25:00.480269+00:00,300,True,Up,1,True
0x1401121303d4f2d0227e6ceb65da86b56bbd3ea4032048fe53d088882bdc176b,2026-04-17 10:25:00+00:00,300,300,0,299,0,0,86,0,0,0,2026-04-17 10:25:00+00:00,2026-04-17 10:30:00+00:00,2026-04-17 10:30:00.629494+00:00,300,True,Down,0,True
0x27202edba33b24125f47605cc0f4f81bbac768152e2de98c6b4930010dd94d8a,2026-04-17 10:35:00+00:00,300,300,0,299,0,0,11,0,0,0,2026-04-17 10:35:00+00:00,2026-04-17 10:40:00+00:00,2026-04-17 10:40:00.527184+00:00,300,True,Down,0,True
0x8356090ff976c3d8babafcda1dcb907acf122aea16f075dbd4a715a9f0f62e34,2026-04-17 10:40:00+00:00,300,300,0,299,0,0,0,0,0,0,2026-04-17 10:40:00+00:00,2026-04-17 10:45:00+00:00,2026-04-17 10:45:00.592069+00:00,300,True,,0,True
0xc1abc4db1902388bf0d5b05a7cb069f16852b411f60951dfc466553d9a1b9dc1,2026-04-17 10:45:00+00:00,300,300,0,299,0,0,0,8,0,0,2026-04-17 10:45:00+00:00,2026-04-17 10:50:00+00:00,2026-04-17 10:50:00.551905+00:00,300,True,Up,1,True
0x9e337108d28da7cd1e3653e06f469e73edfb54f9f896123675231e3db124dad5,2026-04-17 10:50:00+00:00,300,300,0,299,0,0,0,4,0,0,2026-04-17 10:50:00+00:00,2026-04-17 10:55:00+00:00,2026-04-17 10:55:00.567399+00:00,300,True,Up,1,True
0x4a1a3591ad7c9c2dfdbfe2a30007f1e13644664674cc0f8daa33801f256acfd0,2026-04-17 10:55:00+00:00,300,300,0,299,0,0,0,0,0,0,2026-04-17 10:55:00+00:00,2026-04-17 11:00:00+00:00,2026-04-17 11:00:00.857695+00:00,300,True,Down,0,True
0xa7645e538196516739c3263530849035f6fe3712d020efe4448e5275e39235a0,2026-04-17 11:00:00+00:00,300,300,0,299,0,0,0,6,0,0,2026-04-17 11:00:00+00:00,2026-04-17 11:05:00+00:00,2026-04-17 11:05:00.532880+00:00,300,True,Up,1,True
0x41849adeca5574be7fef50e6f56c0619a1ab5bc20b901584c6217dd6082f9ff0,2026-04-17 11:05:00+00:00,300,300,0,299,0,0,0,11,0,0,2026-04-17 11:05:00+00:00,2026-04-17 11:10:00+00:00,2026-04-17 11:10:00.539344+00:00,300,True,Up,1,True
0x42563462a645ee6fe3817845b8e56ea7d1b48eb25cef18376b21015db0c98aa6,2026-04-17 11:10:00+00:00,300,300,0,299,0,0,7,0,0,0,2026-04-17 11:10:00+00:00,2026-04-17 11:15:00+00:00,2026-04-17 11:15:00.513715+00:00,300,True,Down,0,True
0xc48e43bdb271e6a398000aff8ff271e3ee1cedb115dc680fb12381e9e23f1717,2026-04-17 11:15:00+00:00,300,300,0,299,0,0,0,73,0,0,2026-04-17 11:15:00+00:00,2026-04-17 11:20:00+00:00,2026-04-17 11:20:00.573077+00:00,300,True,Up,1,True
0x9b2c41e50653882fde011d4bde8b7bea6e3cb9a1ffcd61b4c98f0cbd0f9f06d0,2026-04-17 11:20:00+00:00,300,300,0,299,0,0,0,4,0,0,2026-04-17 11:20:00+00:00,2026-04-17 11:25:00+00:00,2026-04-17 11:25:00.481938+00:00,300,True,Up,1,True
0x39ac968e7c3f1664e808c29bdb3618bd6c20cb8f468a7d038cb40702f7cb592e,2026-04-17 11:25:00+00:00,300,300,0,299,0,0,0,2,0,0,2026-04-17 11:25:00+00:00,2026-04-17 11:30:00+00:00,2026-04-17 11:30:00.959623+00:00,300,True,Up,1,True
0x2c5eb4515359591e4930f89598ee3830139de79cabb19e9bbf132b877e44a020,2026-04-17 11:40:00+00:00,300,300,0,299,0,0,59,0,0,0,2026-04-17 11:40:00+00:00,2026-04-17 11:45:00+00:00,2026-04-17 11:45:00.721620+00:00,300,True,Down,0,True
0xc009a249cd8756fd95b216234bb9d01efaa45049f7c1702dbd5ebe8e0cd9db46,2026-04-17 11:45:00+00:00,300,300,0,299,0,0,0,55,0,0,2026-04-17 11:45:00+00:00,2026-04-17 11:50:00+00:00,2026-04-17 11:50:00.485375+00:00,300,True,Up,1,True
0x7ecc6262e274dde4a27a4d3d3e56a0c153fc6ac2a67d41e4b0aa27994fa72290,2026-04-17 11:50:00+00:00,300,300,0,299,0,0,0,86,0,0,2026-04-17 11:50:00+00:00,2026-04-17 11:55:00+00:00,2026-04-17 11:55:00.578236+00:00,300,True,Up,1,True
0x291f8d07c3d874ddc1965d49c5e4d1f34a9fd5714d555ccd0a9feeef25713d77,2026-04-17 11:55:00+00:00,300,300,0,299,0,0,0,2,0,0,2026-04-17 11:55:00+00:00,2026-04-17 12:00:00+00:00,2026-04-17 12:00:00.808354+00:00,300,True,Up,1,True
0x21b03dac6af143aded9e87290ca4992130ab6ee4869da5a5550444ecdad7bc6d,2026-04-17 12:00:00+00:00,300,300,0,299,0,0,0,0,0,0,2026-04-17 12:00:00+00:00,2026-04-17 12:05:00+00:00,2026-04-17 12:05:00.548691+00:00,300,True,Down,0,True
0x07843c418524a13e91ed158ecfbc32fe87b6a8a38d6e91598791fb5b40637340,2026-04-17 12:05:00+00:00,300,300,0,299,0,0,0,10,0,0,2026-04-17 12:05:00+00:00,2026-04-17 12:10:00+00:00,2026-04-17 12:10:00.553228+00:00,300,True,Up,1,True
0xac80dc3beaab283bbea526830018a773679bc876761b6ddb431357983ac900e2,2026-04-17 12:10:00+00:00,300,300,0,299,0,0,0,27,0,0,2026-04-17 12:10:00+00:00,2026-04-17 12:15:00+00:00,2026-04-17 12:15:00.594306+00:00,300,True,Up,1,True
0x5d713fb5495f3fea5f19ebb56221d854650e36e44774cb150c59ed6e12a2c570,2026-04-17 12:25:00+00:00,300,300,0,299,0,0,0,0,0,0,2026-04-17 12:25:00+00:00,2026-04-17 12:30:00+00:00,2026-04-17 12:30:00.576028+00:00,300,True,Down,0,True
0x60d71da81005781d94058dcffbb7f27e9c84e41ccbc795b8a8742185e69463b2,2026-04-17 12:45:00+00:00,300,300,0,299,0,0,0,119,0,0,2026-04-17 12:45:00+00:00,2026-04-17 12:50:00+00:00,2026-04-17 12:50:00.578538+00:00,300,True,Up,1,True
0xfa23066b7998b56a5f45403ff13f2147fc542f5dfcfb1b908b3334ec70ed7c14,2026-04-17 13:45:00+00:00,300,300,0,299,0,0,0,7,0,0,2026-04-17 13:45:00+00:00,2026-04-17 13:50:00+00:00,2026-04-17 13:50:00.573134+00:00,300,True,Up,1,True
0x32a33fa645196d627cc988335b89c20b6c5a39ffae7549eaa64d15ba369e91bf,2026-04-17 14:15:00+00:00,300,300,0,299,0,0,0,18,0,0,2026-04-17 14:15:00+00:00,2026-04-17 14:20:00+00:00,2026-04-17 14:20:00.595116+00:00,300,True,Up,1,True
0x5900eac860cc2986088165514906856d7bbda2708086c91e7385a650545e7794,2026-04-17 14:55:00+00:00,300,300,0,299,0,0,0,5,0,0,2026-04-17 14:55:00+00:00,2026-04-17 15:00:00+00:00,2026-04-17 15:00:00.855942+00:00,300,True,Up,1,True
0x1016506cebaf6bd2f34956637d4a2da57fdf2842e422bc43d9a94bcd3bd042f3,2026-04-17 15:00:00+00:00,300,300,0,299,0,0,66,0,0,0,2026-04-17 15:00:00+00:00,2026-04-17 15:05:00+00:00,2026-04-17 15:05:00.421806+00:00,300,True,Down,0,True
0xa6bd23cf85be056d558db9bcca47ea1d9762b824dd89da925e949dccdb67ac93,2026-04-17 15:05:00+00:00,300,300,0,299,0,0,0,17,0,0,2026-04-17 15:05:00+00:00,2026-04-17 15:10:00+00:00,2026-04-17 15:10:00.566091+00:00,300,True,Up,1,True
0x558fb72de9ba13a7a79c65ed1968a435ce0125e81363955b5a727fa0a9774d0b,2026-04-17 15:10:00+00:00,300,300,0,299,0,0,0,0,0,0,2026-04-17 15:10:00+00:00,2026-04-17 15:15:00+00:00,2026-04-17 15:15:00.510695+00:00,300,True,Up,1,True
0xea40001e1f7527afc5754ae9031e3981c744fb40493d85c38ffba85a2acca68b,2026-04-17 15:15:00+00:00,300,300,0,299,0,0,0,1,0,0,2026-04-17 15:15:00+00:00,2026-04-17 15:20:00+00:00,2026-04-17 15:20:00.531352+00:00,300,True,Up,1,True
0x68f700ea9297eb88a8801a283bec8ff89f7cbe32306737efb0b5ff40833285ac,2026-04-17 15:25:00+00:00,300,300,0,299,0,0,29,0,0,0,2026-04-17 15:25:00+00:00,2026-04-17 15:30:00+00:00,2026-04-17 15:30:00.575156+00:00,300,True,Down,0,True
0x75bd346e87cd3b6a040f7170121f275033a255dfb3e55976273cc453b3fce8a9,2026-04-17 15:35:00+00:00,300,300,0,299,0,0,22,0,0,0,2026-04-17 15:35:00+00:00,2026-04-17 15:40:00+00:00,2026-04-17 15:40:00.540435+00:00,300,True,Down,0,True
0x306c7e203f24f34dd6d1f731611c591d056df01dde7a1830be220a4d862b9f8b,2026-04-17 15:40:00+00:00,300,300,0,299,0,0,77,0,0,0,2026-04-17 15:40:00+00:00,2026-04-17 15:45:00+00:00,2026-04-17 15:45:00.599791+00:00,300,True,Down,0,True
0xb7b1597514928718fc682258c14933411c98795cfcf8bac7eaaec1152c865e6b,2026-04-17 15:50:00+00:00,300,300,0,299,0,0,0,75,0,0,2026-04-17 15:50:00+00:00,2026-04-17 15:55:00+00:00,2026-04-17 15:55:00.545880+00:00,300,True,Up,1,True
0xa73e88d8270d8da91b815d209ad502493ef8f1da338091d414754059d493e0a5,2026-04-17 15:55:00+00:00,300,300,0,299,0,0,0,0,0,0,2026-04-17 15:55:00+00:00,2026-04-17 16:00:00+00:00,2026-04-17 16:00:00.406003+00:00,300,True,Down,0,True
0xbc1669977492c0dcde6b334892e2f9fce1e54ad9127987fbf4d6e7317e37fff8,2026-04-17 16:00:00+00:00,300,300,0,299,0,0,0,39,0,0,2026-04-17 16:00:00+00:00,2026-04-17 16:05:00+00:00,2026-04-17 16:05:00.592698+00:00,300,True,Up,1,True
0x2b06a3a92cf4cb6dbcd709d93b0a37b48ad8580b440fd5f35e00ed41420d4d70,2026-04-17 16:05:00+00:00,300,300,0,299,0,0,1,0,0,0,2026-04-17 16:05:00+00:00,2026-04-17 16:10:00+00:00,2026-04-17 16:10:00.504156+00:00,300,True,Down,0,True
0x9ea3571193e7e9ecf01e7172f9fc1d926aae9978b12124a447bed8387af07ce0,2026-04-17 16:10:00+00:00,300,300,0,299,0,0,0,1,0,0,2026-04-17 16:10:00+00:00,2026-04-17 16:15:00+00:00,2026-04-17 16:15:00.520255+00:00,300,True,,0,True
0x89b9b8879c0fbcebe76b4a42667a62ccffff9c800dd5cf01286518ae210f4318,2026-04-17 16:15:00+00:00,300,300,0,299,0,0,0,17,0,0,2026-04-17 16:15:00+00:00,2026-04-17 16:20:00+00:00,2026-04-17 16:20:00.578723+00:00,300,True,Up,1,True
0x97f9bb941e0a91f5c90b78e0e326061a7c09dc80876fdfea262a3b6219eb0424,2026-04-17 16:20:00+00:00,300,300,0,299,0,0,0,30,0,0,2026-04-17 16:20:00+00:00,2026-04-17 16:25:00+00:00,2026-04-17 16:25:00.512383+00:00,300,True,Up,1,True
0x9dddb95370131fab470d5f9b5b497330175ddfad4de9e8e2d70358360bf86e2f,2026-04-17 16:30:00+00:00,300,300,0,299,0,0,6,0,0,0,2026-04-17 16:30:00+00:00,2026-04-17 16:35:00+00:00,2026-04-17 16:35:00.506545+00:00,300,True,Down,0,True
0x5c5d547126f6f5d13d6fd421130ae6f65c1105c9048f0d69986a2232b289d880,2026-04-17 16:40:00+00:00,300,300,0,299,0,0,10,0,0,0,2026-04-17 16:40:00+00:00,2026-04-17 16:45:00+00:00,2026-04-17 16:45:00.559705+00:00,300,True,Down,0,True
0x690c1b7003dba039430b116e5119642e8479c16fccf653e1c11a20ea0b43f04b,2026-04-17 16:45:00+00:00,300,300,0,299,0,0,25,0,0,0,2026-04-17 16:45:00+00:00,2026-04-17 16:50:00+00:00,2026-04-17 16:50:00.556477+00:00,300,True,Down,0,True
0x20bda526b06718a915273875388001c03014861f6c61f6891bf4591574768da7,2026-04-17 17:00:00+00:00,300,300,0,299,0,0,0,0,0,0,2026-04-17 17:00:00+00:00,2026-04-17 17:05:00+00:00,2026-04-17 17:05:00.548562+00:00,300,True,Up,1,True
0xfbe2ced47d45fae24fdb9e69222d84ecb147fff3b1c8222119e5122c511d4d37,2026-04-17 17:05:00+00:00,300,300,0,299,0,0,70,0,0,0,2026-04-17 17:05:00+00:00,2026-04-17 17:10:00+00:00,2026-04-17 17:10:00.582907+00:00,300,True,Down,0,True
0x88fbb55f77e93b53e467a07f56d2092996afcb7a62476acdc0ee675d4385b405,2026-04-17 17:10:00+00:00,300,300,0,299,0,0,12,0,0,0,2026-04-17 17:10:00+00:00,2026-04-17 17:15:00+00:00,2026-04-17 17:15:00.587614+00:00,300,True,Down,0,True
0x0986a148e2fa6084f0640fa07e3733fd359e0742d535be98576c97814d6cdd1f,2026-04-17 17:20:00+00:00,300,300,0,299,0,0,38,0,0,0,2026-04-17 17:20:00+00:00,2026-04-17 17:25:00+00:00,2026-04-17 17:25:00.548497+00:00,300,True,Down,0,True
0xccbeed7113e7531119c232e506c40cb0f45c7fca33b43d8a37a0ea52934907ac,2026-04-17 17:25:00+00:00,300,300,0,299,0,0,0,1,0,0,2026-04-17 17:25:00+00:00,2026-04-17 17:30:00+00:00,2026-04-17 17:30:00.632341+00:00,300,True,Up,1,True
0xc2a0a0617b98f9bbefd8624e1b1d1342c5d4076c034c7ad143496a5d02e6bace,2026-04-17 17:30:00+00:00,300,300,0,299,0,0,0,52,0,0,2026-04-17 17:30:00+00:00,2026-04-17 17:35:00+00:00,2026-04-17 17:35:00.524796+00:00,300,True,Up,1,True
0x648598841c4bb64a442529771d9bcfa77b26e89e6ef50d7f524d0bd73bb61ee4,2026-04-17 17:35:00+00:00,300,300,0,299,0,0,0,0,0,0,2026-04-17 17:35:00+00:00,2026-04-17 17:40:00+00:00,2026-04-17 17:40:00.590813+00:00,300,True,Down,0,True
0xcb56e694f5a96ec6b3e7fa4a7788c1d77e39928df9c54237eef96f57324e2bac,2026-04-17 17:40:00+00:00,300,300,0,299,0,0,0,0,0,0,2026-04-17 17:40:00+00:00,2026-04-17 17:45:00+00:00,2026-04-17 17:45:00.687864+00:00,300,True,,1,True
0x6a52a85dabba731180b37cc8c7071b48482df022fe134b5549c110a2b8f603b7,2026-04-17 17:45:00+00:00,300,300,0,299,0,0,0,38,0,0,2026-04-17 17:45:00+00:00,2026-04-17 17:50:00+00:00,2026-04-17 17:50:00.551407+00:00,300,True,Up,1,True
0xd6454adf8eae6c6f27af883b854f34a9e26eaeedb390f2ba574c8b0d1e94eac9,2026-04-17 17:50:00+00:00,300,300,0,299,0,0,1,0,0,0,2026-04-17 17:50:00+00:00,2026-04-17 17:55:00+00:00,2026-04-17 17:55:00.563877+00:00,300,True,Down,0,True
0xaa2cdf7d99b7aeb29631a2ec5f28a304cfbef502966c6f9ade4e86416bbb11fe,2026-04-17 17:55:00+00:00,300,300,0,299,0,0,0,0,0,0,2026-04-17 17:55:00+00:00,2026-04-17 18:00:00+00:00,2026-04-17 18:00:00.987893+00:00,300,True,Down,0,True
0x62ca71beaeea86a84b8b7d95a1bc7bbbba1574ffb0d2649b714e0eb905f8dcef,2026-04-17 18:00:00+00:00,300,300,0,299,0,0,48,0,0,0,2026-04-17 18:00:00+00:00,2026-04-17 18:05:00+00:00,2026-04-17 18:05:00.581680+00:00,300,True,Down,0,True
0x4e6f2228675d5554211b19ba5d765b56e48c048f1b21078495411a1b1334094b,2026-04-17 18:05:00+00:00,300,300,0,299,0,0,26,0,0,0,2026-04-17 18:05:00+00:00,2026-04-17 18:10:00+00:00,2026-04-17 18:10:00.517252+00:00,300,True,Down,0,True
0x2811e69fdad034bacf91a54c22244256ef3130121d47cd7cb7c26b66fb5a0997,2026-04-17 18:10:00+00:00,300,300,0,299,0,0,39,0,0,0,2026-04-17 18:10:00+00:00,2026-04-17 18:15:00+00:00,2026-04-17 18:15:00.609054+00:00,300,True,Down,0,True
0x12e302025be2e03c265b9dc85c28d19fee802992098f2f7008787c628ccf2ba5,2026-04-17 18:15:00+00:00,300,300,0,299,0,0,0,2,0,0,2026-04-17 18:15:00+00:00,2026-04-17 18:20:00+00:00,2026-04-17 18:20:00.677925+00:00,300,True,Up,1,True
0x4a2893e5cc9190dde4604de12093d6d0b62e041570f2961240e2195c32591673,2026-04-17 18:20:00+00:00,300,300,0,299,0,0,0,10,0,0,2026-04-17 18:20:00+00:00,2026-04-17 18:25:00+00:00,2026-04-17 18:25:00.567274+00:00,300,True,Up,1,True
0x0608e929854ba8f5712daf6bf569f0720369a6fbc6b48fdde9a78b0e2f348cff,2026-04-17 18:25:00+00:00,300,300,0,299,0,0,8,0,0,0,2026-04-17 18:25:00+00:00,2026-04-17 18:30:00+00:00,2026-04-17 18:30:00.575452+00:00,300,True,Down,0,True
0x6cf230add0b39465b984043c081ee2f74fd3f6771b5a526fa2e134c54a6cd620,2026-04-17 18:30:00+00:00,300,300,0,299,0,0,0,11,0,0,2026-04-17 18:30:00+00:00,2026-04-17 18:35:00+00:00,2026-04-17 18:35:00.560070+00:00,300,True,Up,1,True
0xc606bfbfb423a77f353642714618b720a117eaf9f049a57406a1ea98923bef78,2026-04-17 18:35:00+00:00,300,300,0,299,0,0,0,10,0,0,2026-04-17 18:35:00+00:00,2026-04-17 18:40:00+00:00,2026-04-17 18:40:00.454684+00:00,300,True,Up,1,True
0xe4d385a6f8c158f3170085c37e6285a26617e49211d9ce0ea1722c0b21d968dd,2026-04-17 18:40:00+00:00,300,300,0,299,0,0,0,1,0,0,2026-04-17 18:40:00+00:00,2026-04-17 18:45:00+00:00,2026-04-17 18:45:00.787546+00:00,300,True,Up,1,True
0xe6b26a8ded967cb43629b7d398fd41528784e19c1a1a9fb5d4a003e080789df2,2026-04-17 18:45:00+00:00,300,300,0,299,0,0,14,0,0,0,2026-04-17 18:45:00+00:00,2026-04-17 18:50:00+00:00,2026-04-17 18:50:00.566936+00:00,300,True,Down,0,True
0x841abac75f4fb8e18f524573583d57033dcd4d2854dffc4a7f47d30e21c33155,2026-04-17 18:50:00+00:00,300,300,0,299,0,0,29,0,0,0,2026-04-17 18:50:00+00:00,2026-04-17 18:55:00+00:00,2026-04-17 18:55:00.600006+00:00,300,True,Down,0,True
0xfd89e264463d7c11b4c7550741ed5fc260a56cf18201e8577f11e35362e1b0b4,2026-04-17 18:55:00+00:00,300,300,0,299,0,0,1,0,0,0,2026-04-17 18:55:00+00:00,2026-04-17 19:00:00+00:00,2026-04-17 19:00:00.922973+00:00,300,True,Down,0,True
0x47eb25051677907200c69f1226c68b2e9b5ff36330d64751d893ddc132ec6a96,2026-04-17 19:00:00+00:00,300,300,0,299,0,0,1,0,0,0,2026-04-17 19:00:00+00:00,2026-04-17 19:05:00+00:00,2026-04-17 19:05:01.641880+00:00,300,True,Down,0,True
0x5e34f1e919db08972c494cba67c35b1883c53fdef1a52eae97af980bbc49a4df,2026-04-17 19:05:00+00:00,300,300,0,299,0,0,0,0,0,0,2026-04-17 19:05:00+00:00,2026-04-17 19:10:00+00:00,2026-04-17 19:10:00.530152+00:00,300,True,Up,1,True
0x712a9e3f230ed14e833798d29c7565b11973e3fca34280429c71082b70385d89,2026-04-17 19:10:00+00:00,300,300,0,299,0,0,0,14,0,0,2026-04-17 19:10:00+00:00,2026-04-17 19:15:00+00:00,2026-04-17 19:15:00.591688+00:00,300,True,Up,1,True
0x8ab3f2af24a3b0cb94ef87cbbb45aea60babf450114c1032776230cb27486dfd,2026-04-17 19:15:00+00:00,300,300,0,299,0,0,0,10,0,0,2026-04-17 19:15:00+00:00,2026-04-17 19:20:00+00:00,2026-04-17 19:20:00.576825+00:00,300,True,Up,1,True
0xb2d05f5af3e16c85036e4ce35016ca774b24dbafb85432fcc509ed2b49b3bf4f,2026-04-17 19:20:00+00:00,300,300,0,299,0,0,0,1,0,0,2026-04-17 19:20:00+00:00,2026-04-17 19:25:00+00:00,2026-04-17 19:25:00.528719+00:00,300,True,Up,1,True
0x0b399b5bc60b0f61952d21096f21b1c47c77c69a9454644db3be9e00ae2763e7,2026-04-17 19:25:00+00:00,300,300,0,299,0,0,8,0,0,0,2026-04-17 19:25:00+00:00,2026-04-17 19:30:00+00:00,2026-04-17 19:30:00.603923+00:00,300,True,Down,0,True
0xa93ca16eae247fcda99c0b1f6497cef749b26278f4899a5e43338c23696928d0,2026-04-17 19:30:00+00:00,300,300,0,299,0,0,0,12,0,0,2026-04-17 19:30:00+00:00,2026-04-17 19:35:00+00:00,2026-04-17 19:35:00.533563+00:00,300,True,Up,1,True
0x085ace688145bf12df524eeba244a1666b2bb530a7b36c8607d284b66e096c27,2026-04-17 19:35:00+00:00,300,300,0,299,0,0,0,0,0,0,2026-04-17 19:35:00+00:00,2026-04-17 19:40:00+00:00,2026-04-17 19:40:00.613410+00:00,300,True,Up,1,True
0xd318e54360f1c3cfc9ffaaf80f0bd7e9ed1873dad47694a954e19afcfeb2c333,2026-04-17 19:40:00+00:00,300,300,0,299,0,0,0,1,0,0,2026-04-17 19:40:00+00:00,2026-04-17 19:45:00+00:00,2026-04-17 19:45:00.688961+00:00,300,True,Up,1,True
0xd079a1b0775c7589ec8f1db0fc5415f1847e6021a3dbd953f874567de376d221,2026-04-17 19:45:00+00:00,300,300,0,299,0,0,0,0,0,0,2026-04-17 19:45:00+00:00,2026-04-17 19:50:00+00:00,2026-04-17 19:50:00.560503+00:00,300,True,Up,1,True
0x3fb5d81122ceee181ffc9f769c16ec1e97c747114daf937c8ee518cc7897aed1,2026-04-17 19:55:00+00:00,300,300,0,299,0,0,0,20,0,0,2026-04-17 19:55:00+00:00,2026-04-17 20:00:00+00:00,2026-04-17 20:00:00.792960+00:00,300,True,Up,1,True
0xf4253a3f9bb8866b1e77d76edbd3fd5b1ecc13a9d98549fe445f27fcab22344b,2026-04-17 20:00:00+00:00,300,300,0,299,0,0,0,55,0,0,2026-04-17 20:00:00+00:00,2026-04-17 20:05:00+00:00,2026-04-17 20:05:00.587367+00:00,300,True,Up,1,True
0xb9de87a566471a8a089f7be42c27368df712794eb4a20c650a09e107e9e4ff5a,2026-04-17 20:05:00+00:00,300,300,0,299,0,0,0,0,0,0,2026-04-17 20:05:00+00:00,2026-04-17 20:10:00+00:00,2026-04-17 20:10:00.632929+00:00,300,True,Up,1,True
0xb2beef54704841882176164e86dccdbe6c960fb1b85b79fc6bc20e3839331d57,2026-04-17 20:15:00+00:00,300,300,0,299,0,0,7,0,0,0,2026-04-17 20:15:00+00:00,2026-04-17 20:20:00+00:00,2026-04-17 20:20:00.542987+00:00,300,True,Down,0,True
0x1b38c59d18ab1bcb968c9ed791926cf9ba686df66119f04f7302aad8b7cad370,2026-04-17 20:20:00+00:00,300,300,0,299,0,0,4,0,0,0,2026-04-17 20:20:00+00:00,2026-04-17 20:25:00+00:00,2026-04-17 20:25:00.597549+00:00,300,True,Down,0,True
0x50a3330f7cb4be14775e36158eeeda3e899894f528416d9112ca6168f0b6b7b8,2026-04-17 20:25:00+00:00,300,300,0,299,0,0,21,0,0,0,2026-04-17 20:25:00+00:00,2026-04-17 20:30:00+00:00,2026-04-17 20:30:00.553334+00:00,300,True,Down,0,True
0xd1cae40c1e373ddbb855f8b71d6e53077c7efe56c5fd4b64d5ba68e22632089e,2026-04-17 20:30:00+00:00,300,300,0,299,0,0,60,0,0,0,2026-04-17 20:30:00+00:00,2026-04-17 20:35:00+00:00,2026-04-17 20:35:00.426121+00:00,300,True,Down,0,True
0x9c0ad5946402775bf3beea94b776a762a7759b4ace26f618e93ce0ac6973fce8,2026-04-17 20:50:00+00:00,300,300,0,299,0,0,0,0,0,0,2026-04-17 20:50:00+00:00,2026-04-17 20:55:00+00:00,2026-04-17 20:55:00.539239+00:00,300,True,,1,True
0xa85747c87f1f1a1c21eb79ae3b8a8dfc1441f34f4dabe9612069eed221b8144c,2026-04-17 21:05:00+00:00,300,300,0,299,0,0,0,0,0,0,2026-04-17 21:05:00+00:00,2026-04-17 21:10:00+00:00,2026-04-17 21:10:00.507690+00:00,300,True,Down,0,True
0xa6755215890947b8098ecfbb7f6bc93b767198148e9a59ad9f8c3c97ba2a6c1b,2026-04-17 21:20:00+00:00,300,300,0,299,0,0,0,39,0,0,2026-04-17 21:20:00+00:00,2026-04-17 21:25:00+00:00,2026-04-17 21:25:00.467100+00:00,300,True,Up,1,True
0x2b57b224978efe697423054245eeafa88920887568b149e211c9a542ff7fa60a,2026-04-17 21:25:00+00:00,300,300,0,299,0,0,0,0,0,0,2026-04-17 21:25:00+00:00,2026-04-17 21:30:00+00:00,2026-04-17 21:30:00.662076+00:00,300,True,Up,1,True
0xbf0de3f71794c266e2194e4e80da15558bc26b14adccee1ac9d27e8436262c5f,2026-04-17 21:30:00+00:00,300,300,0,299,0,0,25,0,0,0,2026-04-17 21:30:00+00:00,2026-04-17 21:35:00+00:00,2026-04-17 21:35:00.534155+00:00,300,True,Down,0,True
0x12248e75fb2a63e01755b5427a3e4557be019804f5bfb02088f830aa458087b4,2026-04-17 21:35:00+00:00,300,300,0,299,0,0,21,0,0,0,2026-04-17 21:35:00+00:00,2026-04-17 21:40:00+00:00,2026-04-17 21:40:00.570458+00:00,300,True,Down,0,True
0x1f3b3b8b52cc669d3b2b0091bc6bc9ce65435932f45943499b60d1843ca268cb,2026-04-17 21:45:00+00:00,300,300,0,299,0,0,0,0,0,0,2026-04-17 21:45:00+00:00,2026-04-17 21:50:00+00:00,2026-04-17 21:50:00.517843+00:00,300,True,Down,0,True
0x8911e918cab448bd3df0f0548aabd5101f70e12bd822e7120a54c9ffe7c5dcb5,2026-04-17 21:50:00+00:00,300,300,0,299,0,0,0,2,0,0,2026-04-17 21:50:00+00:00,2026-04-17 21:55:00+00:00,2026-04-17 21:55:00.403784+00:00,300,True,Up,1,True
0x1caaa034ddf1bac0c7129049301b0f535f1435a6ddcd4596ec6aa1bb6a1da246,2026-04-17 21:55:00+00:00,300,300,0,299,0,0,1,0,0,0,2026-04-17 21:55:00+00:00,2026-04-17 22:00:00+00:00,2026-04-17 22:00:00.757539+00:00,300,True,Down,0,True
0x3c66ed347dd69bb5d78bc5e84636a6d52be06b311fbecc16c5619125af57174e,2026-04-17 22:00:00+00:00,300,300,0,299,0,0,0,0,0,0,2026-04-17 22:00:00+00:00,2026-04-17 22:05:00+00:00,2026-04-17 22:05:00.572695+00:00,300,True,,1,True
0x7e3e2846e75206c95b07ea96fb548893402278482544ad7e5d341b6b0c10acba,2026-04-17 22:05:00+00:00,300,300,0,299,0,0,0,13,0,0,2026-04-17 22:05:00+00:00,2026-04-17 22:10:00+00:00,2026-04-17 22:10:00.520889+00:00,300,True,Up,1,True
0x8c84eba883fbf02e94a837ebea4834a1cf8c0e4d6a42997bab5b57c37495a205,2026-04-17 22:10:00+00:00,300,300,0,299,0,0,7,0,0,0,2026-04-17 22:10:00+00:00,2026-04-17 22:15:00+00:00,2026-04-17 22:15:00.586233+00:00,300,True,Down,0,True
0x46bd6c9db90f4a489216989876761750c3d64a6e113a5c39abdbc30a82969e85,2026-04-17 22:15:00+00:00,300,300,0,299,0,0,1,0,0,0,2026-04-17 22:15:00+00:00,2026-04-17 22:20:00+00:00,2026-04-17 22:20:00.475594+00:00,300,True,Down,0,True
0x4c0a495daef155372d57b8be3426d0164bfd6f6eb9c2fe4d95c645608664d3cf,2026-04-17 22:25:00+00:00,300,300,0,299,0,0,0,1,0,0,2026-04-17 22:25:00+00:00,2026-04-17 22:30:00+00:00,2026-04-17 22:30:00.606175+00:00,300,True,Up,1,True
0x9a5d357cc2daecb87e2b6243e567f916791880b587eb14010aa3cb1a260492b5,2026-04-17 22:30:00+00:00,300,300,0,299,0,0,0,22,0,0,2026-04-17 22:30:00+00:00,2026-04-17 22:35:00+00:00,2026-04-17 22:35:00.518688+00:00,300,True,Up,1,True
0x7873ec1348d3b089f6e1b11288b2888b6e1e123c4050af4a45283f37ee551a7e,2026-04-17 22:40:00+00:00,300,300,0,299,0,0,0,4,0,0,2026-04-17 22:40:00+00:00,2026-04-17 22:45:00+00:00,2026-04-17 22:45:00.623945+00:00,300,True,Up,1,True
0x3b3e112a19733111508cb2644fdac6728d36d8aa5aed59f18219231dc4926045,2026-04-17 22:45:00+00:00,300,300,0,299,0,0,15,0,0,0,2026-04-17 22:45:00+00:00,2026-04-17 22:50:00+00:00,2026-04-17 22:50:00.411666+00:00,300,True,Down,0,True
0x2730b90f522fb7f3cad826e0b3256e4bb8e73779cc3462c2ffe228d5968402d2,2026-04-17 22:55:00+00:00,300,300,0,299,0,0,29,0,0,0,2026-04-17 22:55:00+00:00,2026-04-17 23:00:00+00:00,2026-04-17 23:00:00.860700+00:00,300,True,Down,0,True
0x68c5ddd450bcd7d407fcc398fa4acd223259f3609bf4a84c51af9a86d67ffdfd,2026-04-17 23:00:00+00:00,300,300,0,299,0,0,2,0,0,0,2026-04-17 23:00:00+00:00,2026-04-17 23:05:00+00:00,2026-04-17 23:05:00.531053+00:00,300,True,Down,0,True
0x31c21f7f1791b58675e6a97e2203a965a4be50767bc6d8dd6e6e40607a37a85b,2026-04-17 23:05:00+00:00,300,300,0,299,0,0,2,0,0,0,2026-04-17 23:05:00+00:00,2026-04-17 23:10:00+00:00,2026-04-17 23:10:00.538401+00:00,300,True,Down,0,True
0x570d8addcd6c687c438fbd004a9ccf31170fb65236eb8d8acf9a4091d7a40e6e,2026-04-17 23:10:00+00:00,300,300,0,299,0,0,0,0,0,0,2026-04-17 23:10:00+00:00,2026-04-17 23:15:00+00:00,2026-04-17 23:15:00.424704+00:00,300,True,,0,True
0x98f1133d2e01871e06c06f10412888a2d2736c566933cb2700a84ccd28e75658,2026-04-17 23:30:00+00:00,300,300,0,299,0,0,1,0,0,0,2026-04-17 23:30:00+00:00,2026-04-17 23:35:00+00:00,2026-04-17 23:35:00.545894+00:00,300,True,Down,0,True
0xd519d711093f4665e63139cb512dd33fce0b7c661ca7ae4ea56338770bcb1991,2026-04-17 23:55:00+00:00,300,300,0,299,0,0,1,0,0,0,2026-04-17 23:55:00+00:00,2026-04-18 00:00:00+00:00,2026-04-18 00:00:00.592756+00:00,300,True,Down,0,True
0x3a2d7708ed1c1363e91f0fb086f9fa04c6e0a70b96e8e3bad77e074f1c53ff68,2026-04-18 00:10:00+00:00,300,300,0,299,0,0,0,0,0,0,2026-04-18 00:10:00+00:00,2026-04-18 00:15:00+00:00,2026-04-18 00:15:00.524284+00:00,300,True,Up,1,True
0x6fffc7d56b8d1b819dde19fbba71061d42b7b5219eb12042ace71e3591969d13,2026-04-18 00:15:00+00:00,300,300,0,299,0,0,0,80,0,0,2026-04-18 00:15:00+00:00,2026-04-18 00:20:00+00:00,2026-04-18 00:20:00.554480+00:00,300,True,Up,1,True
0xd6e93d1e0824d101f867675cd48c71db1a2cfa299c4afb7eb288c7b7c3a08ec3,2026-04-18 00:20:00+00:00,300,300,0,299,0,0,1,0,0,0,2026-04-18 00:20:00+00:00,2026-04-18 00:25:00+00:00,2026-04-18 00:25:00.464918+00:00,300,True,Down,0,True
0x13b7a65a2a8cba03b597b0130e73f51815c7c9e7dca396f75ba370260b4abb4a,2026-04-18 00:35:00+00:00,300,300,0,299,0,0,0,0,0,0,2026-04-18 00:35:00+00:00,2026-04-18 00:40:00+00:00,2026-04-18 00:40:00.456691+00:00,300,True,,0,True
0xe902de5b46234e17dc131200c9416c83a0d45ed12f9fd563703b1c1e65ceefb0,2026-04-18 00:45:00+00:00,300,300,0,299,0,0,0,41,0,0,2026-04-18 00:45:00+00:00,2026-04-18 00:50:00+00:00,2026-04-18 00:50:00.524405+00:00,300,True,Up,1,True
0xc6636e3c0540fb2bceac98a9f9c6be7a2117733e0e50f0d83fdaf95edfc8f9b7,2026-04-18 00:55:00+00:00,300,300,0,299,0,0,1,0,0,0,2026-04-18 00:55:00+00:00,2026-04-18 01:00:00+00:00,2026-04-18 01:00:00.832085+00:00,300,True,Down,0,True
0x8cb1b9d2fb8b3d6e6890ec603f5999830ec13243fed91c54df2c23640bc18539,2026-04-18 01:00:00+00:00,300,300,0,299,0,0,0,2,0,0,2026-04-18 01:00:00+00:00,2026-04-18 01:05:00+00:00,2026-04-18 01:05:00.495615+00:00,300,True,Up,1,True
0xb49c7c4959c128371d6a95fada45f780a3512d29e920bda65f4f0752e42051da,2026-04-18 01:05:00+00:00,300,300,0,299,0,0,0,0,0,0,2026-04-18 01:05:00+00:00,2026-04-18 01:10:00+00:00,2026-04-18 01:10:00.446429+00:00,300,True,,1,True
0x86a5c944c6572959f3001b695e052b0c2afa1ed362af70e3c4147278b8d63391,2026-04-18 01:10:00+00:00,300,300,0,299,0,0,0,39,0,0,2026-04-18 01:10:00+00:00,2026-04-18 01:15:00+00:00,2026-04-18 01:15:00.578971+00:00,300,True,Up,1,True
0xa56564480ab1c4793fd1bd7e8605a2ddd68445efd8d697450be583c22efc9501,2026-04-18 01:45:00+00:00,300,300,0,299,0,0,1,0,0,0,2026-04-18 01:45:00+00:00,2026-04-18 01:50:00+00:00,2026-04-18 01:50:00.531581+00:00,300,True,Down,0,True
0x92746d037e9bcc9a491f839160c16804763019521ef4c38a9ea66c4ef58157f9,2026-04-18 02:05:00+00:00,300,300,0,299,0,0,0,14,0,0,2026-04-18 02:05:00+00:00,2026-04-18 02:10:00+00:00,2026-04-18 02:10:00.565225+00:00,300,True,Up,1,True
0x089b6562229927d4a773861c1495aac6b4da1b92d418b42c455eb5aabd682d19,2026-04-18 02:15:00+00:00,300,300,0,299,0,0,0,12,0,0,2026-04-18 02:15:00+00:00,2026-04-18 02:20:00+00:00,2026-04-18 02:20:00.534976+00:00,300,True,Up,1,True
0x9a62f152ec0b6b7912c48bb20c9d8f0ba5cc07ac79baeebe8291132ef45cf194,2026-04-18 02:25:00+00:00,300,300,0,299,0,0,2,0,0,0,2026-04-18 02:25:00+00:00,2026-04-18 02:30:00+00:00,2026-04-18 02:30:00.531938+00:00,300,True,Down,0,True
0x2f265556ba38c3354451d828cbb4bb458fe4725e99e4cce3031c774122c9df04,2026-04-18 02:30:00+00:00,300,300,0,299,0,0,14,0,0,0,2026-04-18 02:30:00+00:00,2026-04-18 02:35:00+00:00,2026-04-18 02:35:00.526421+00:00,300,True,Down,0,True
0xd391c59c586b93755ded9fe5343ba45a20eb072f8d5df0569a0aa2ce221145a6,2026-04-18 02:40:00+00:00,300,300,0,299,0,0,1,0,0,0,2026-04-18 02:40:00+00:00,2026-04-18 02:45:00+00:00,2026-04-18 02:45:00.594322+00:00,300,True,Down,0,True
0xfdbd6e9d924b8cc076b188df02f8db4095c0aa6b5a9d9ad3e8e0f164f4bbf9b8,2026-04-18 02:45:00+00:00,300,300,0,299,0,0,1,0,0,0,2026-04-18 02:45:00+00:00,2026-04-18 02:50:00+00:00,2026-04-18 02:50:00.463684+00:00,300,True,Down,0,True
0xadbb7fdcdf5d87df367d9449d00b42c9816e083f4be87cb1ded7a072fa056d59,2026-04-18 02:50:00+00:00,300,300,0,299,0,0,0,0,0,0,2026-04-18 02:50:00+00:00,2026-04-18 02:55:00+00:00,2026-04-18 02:55:00.536235+00:00,300,True,Down,0,True
0xc78d09b3951623f3cdbae627f2b44bf7344b40ad50580c1fb2c5098d9fa819dd,2026-04-18 02:55:00+00:00,300,300,0,299,0,0,0,0,0,0,2026-04-18 02:55:00+00:00,2026-04-18 03:00:00+00:00,2026-04-18 03:00:00.703694+00:00,300,True,Up,1,True
0x9b2fb28cd1b32a26fe8a9dff5dbd6786e7fefeb7667dd2a66a04405d4d8b949f,2026-04-18 03:00:00+00:00,300,300,0,299,0,0,0,0,0,0,2026-04-18 03:00:00+00:00,2026-04-18 03:05:00+00:00,2026-04-18 03:05:00.507964+00:00,300,True,,0,True
0x2b90710a4dad7c16e2610cc61472ed6e8051d8646fc32b73e38866b92617db8f,2026-04-18 03:05:00+00:00,300,300,0,299,0,0,0,0,0,0,2026-04-18 03:05:00+00:00,2026-04-18 03:10:00+00:00,2026-04-18 03:10:00.519072+00:00,300,True,,1,True
0xe33894de3192ff65c46e24e2c9df79c1981f6be0cb609721b2f1d82e047800eb,2026-04-18 03:10:00+00:00,300,300,0,299,0,0,2,0,0,0,2026-04-18 03:10:00+00:00,2026-04-18 03:15:00+00:00,2026-04-18 03:15:00.569655+00:00,300,True,Down,0,True
0x8eccaf1dee621691732da2d05ae6f7c2a20462f4653b4bf57dff9a4df18c85c5,2026-04-18 03:15:00+00:00,300,300,0,299,0,0,1,0,0,0,2026-04-18 03:15:00+00:00,2026-04-18 03:20:00+00:00,2026-04-18 03:20:00.561603+00:00,300,True,Down,0,True
0x05254cb6a8e4f291c3a59657984ae4302c16fc3d56c609493cc8bbf1ebedfea8,2026-04-18 03:20:00+00:00,300,300,0,299,0,0,0,0,0,0,2026-04-18 03:20:00+00:00,2026-04-18 03:25:00+00:00,2026-04-18 03:25:00.486277+00:00,300,True,,0,True
0x9bd3f05693bfff3bb8bb6c635278f22e4f24b23d0172ede45e0d5e19c5113374,2026-04-18 03:50:00+00:00,300,300,0,299,0,0,69,0,0,0,2026-04-18 03:50:00+00:00,2026-04-18 03:55:00+00:00,2026-04-18 03:55:00.525569+00:00,300,True,Down,0,True
0x373ea3009fb8bdf7f6ac5e61e1be0c717e76e877bb956e74a9198c8a71e7c695,2026-04-18 04:15:00+00:00,300,300,0,299,0,0,2,0,0,0,2026-04-18 04:15:00+00:00,2026-04-18 04:20:00+00:00,2026-04-18 04:20:00.588246+00:00,300,True,Down,0,True
0x898de450d30900507ee8039c54f42806979b2562ef41b30827325a5154535dbe,2026-04-18 04:20:00+00:00,300,300,0,299,0,0,1,0,0,0,2026-04-18 04:20:00+00:00,2026-04-18 04:25:00+00:00,2026-04-18 04:25:00.568703+00:00,300,True,Down,0,True
0x450e093105f8631b0c02508dfd6a0a252105160681422f84526a99a4d9350142,2026-04-18 04:25:00+00:00,300,300,0,299,0,0,0,0,0,0,2026-04-18 04:25:00+00:00,2026-04-18 04:30:00+00:00,2026-04-18 04:30:00.590986+00:00,300,True,Down,0,True
0x4f3e2e7703cb96ceedbd85bf60e3a4ee7564c4283fd5c7dfac5f57601a6db88e,2026-04-18 04:30:00+00:00,300,300,0,299,0,0,1,0,0,0,2026-04-18 04:30:00+00:00,2026-04-18 04:35:00+00:00,2026-04-18 04:35:00.535910+00:00,300,True,Down,0,True
0x9f582bd46dd756128acb153f4ca76626ae05e6dc91896fc38550e2d1c8385fd9,2026-04-18 04:45:00+00:00,300,300,0,299,0,0,0,16,0,0,2026-04-18 04:45:00+00:00,2026-04-18 04:50:00+00:00,2026-04-18 04:50:00.531155+00:00,300,True,Up,1,True
0x358f04fa5528645be10818f0f12271f0200f87f741d2abe6d11bc9798697634f,2026-04-18 04:55:00+00:00,300,300,0,299,0,0,0,1,0,0,2026-04-18 04:55:00+00:00,2026-04-18 05:00:00+00:00,2026-04-18 05:00:00.846847+00:00,300,True,Up,1,True
0xf62c5c2a99405bf50b0ce30510bdbf7efe0ee115f9ee0288ec70553c2df34407,2026-04-18 05:00:00+00:00,300,300,0,299,0,0,0,17,0,0,2026-04-18 05:00:00+00:00,2026-04-18 05:05:00+00:00,2026-04-18 05:05:00.546276+00:00,300,True,Up,1,True
0x71efbbbc4a152f4d996af68478cf8b7e7126c288b45a54a1613fda15e95d2196,2026-04-18 05:20:00+00:00,300,300,0,299,0,0,0,0,0,0,2026-04-18 05:20:00+00:00,2026-04-18 05:25:00+00:00,2026-04-18 05:25:00.499816+00:00,300,True,Up,1,True
0xa277f022202a3f6d22563c0931037b29e87edf45fcbf379d436e667511db39d8,2026-04-18 05:25:00+00:00,300,300,0,299,0,0,4,0,0,0,2026-04-18 05:25:00+00:00,2026-04-18 05:30:00+00:00,2026-04-18 05:30:00.608276+00:00,300,True,Down,0,True
0xf2c129a818e36c2b06ec89801e710e1d52e81a4eced97d90b217a1fe158c8e79,2026-04-18 05:30:00+00:00,300,300,0,299,0,0,0,1,0,0,2026-04-18 05:30:00+00:00,2026-04-18 05:35:00+00:00,2026-04-18 05:35:00.540184+00:00,300,True,Up,1,True
0x89e6e923887c14d3ebb8b66ee95e07c7d9466de95d406b7c04f554bc4f4a669e,2026-04-18 05:40:00+00:00,300,300,0,299,0,0,1,0,0,0,2026-04-18 05:40:00+00:00,2026-04-18 05:45:00+00:00,2026-04-18 05:45:00.592260+00:00,300,True,Down,0,True
0x7ca0145e1657eac00f6c5d3c39af064e00d102c5c946935ec0678cddea862a16,2026-04-18 05:45:00+00:00,300,300,0,299,0,0,0,0,0,0,2026-04-18 05:45:00+00:00,2026-04-18 05:50:00+00:00,2026-04-18 05:50:00.544674+00:00,300,True,Down,0,True
0xb5f3da7f6f47fcc24cf0d7dfba74e9c8f872fe1abd218096993d8e13d28400f1,2026-04-18 05:50:00+00:00,300,300,0,299,0,0,1,0,0,0,2026-04-18 05:50:00+00:00,2026-04-18 05:55:00+00:00,2026-04-18 05:55:00.512925+00:00,300,True,Down,0,True
0xc8db9b4da5eb551d4cfe888314d9aacffa43ee8228e0f5560ac9b37c5e421acf,2026-04-18 05:55:00+00:00,300,300,0,299,0,0,0,0,0,0,2026-04-18 05:55:00+00:00,2026-04-18 06:00:00+00:00,2026-04-18 06:00:00.864916+00:00,300,True,Up,1,True
0x75a2e61954509edcc7e33cac584d05b129ccb93e65d543a0449c8980834b46a3,2026-04-18 06:00:00+00:00,300,300,0,299,0,0,0,0,0,0,2026-04-18 06:00:00+00:00,2026-04-18 06:05:00+00:00,2026-04-18 06:05:00.543553+00:00,300,True,Down,0,True
0x1fbf94a13c787b3d90727d5b473d276f090fc4f1b3884eae5aa84cd5f18150bd,2026-04-18 06:15:00+00:00,300,300,0,299,0,0,1,0,0,0,2026-04-18 06:15:00+00:00,2026-04-18 06:20:00+00:00,2026-04-18 06:20:00.442979+00:00,300,True,Down,0,True
0x081018a9db41d3e4f2984826ba74eec776fb610edab8edc7072d3c29f989fd5e,2026-04-18 06:20:00+00:00,300,300,0,299,0,0,12,0,0,0,2026-04-18 06:20:00+00:00,2026-04-18 06:25:00+00:00,2026-04-18 06:25:00.486675+00:00,300,True,Down,0,True
0xd90e9c6f2f943bc977c91ca4a58e23bc67d2ef81500ec318abd486af151a6d10,2026-04-18 06:30:00+00:00,300,300,0,299,0,0,0,0,0,0,2026-04-18 06:30:00+00:00,2026-04-18 06:35:00+00:00,2026-04-18 06:35:00.532127+00:00,300,True,Up,1,True
0x5377883bc001e0d5085067054a3c3ed03f4e2c40ebe06da55672a7ef393f4316,2026-04-18 06:40:00+00:00,300,300,0,299,0,0,0,13,0,0,2026-04-18 06:40:00+00:00,2026-04-18 06:45:00+00:00,2026-04-18 06:45:00.445992+00:00,300,True,Up,1,True
0x2580e3a9db27c3ad9d24fb06ad296b152ca67fb3ea1da42d9e84811c80e27823,2026-04-18 06:50:00+00:00,300,300,0,299,0,0,0,0,0,0,2026-04-18 06:50:00+00:00,2026-04-18 06:55:00+00:00,2026-04-18 06:55:00.509240+00:00,300,True,Up,1,True
0x0444852c77d2b35b5389389d5571945407c00f9c8a32b982ca7e72f434a8c6a3,2026-04-18 06:55:00+00:00,300,300,0,299,0,0,0,0,0,0,2026-04-18 06:55:00+00:00,2026-04-18 07:00:00+00:00,2026-04-18 07:00:00.826140+00:00,300,True,Up,1,True
0x2182ecc50d20659259739074d87c0ce781e2d9ca142d9f5638b74beba2763250,2026-04-18 07:00:00+00:00,300,300,0,299,0,0,0,0,0,0,2026-04-18 07:00:00+00:00,2026-04-18 07:05:00+00:00,2026-04-18 07:05:00.543107+00:00,300,True,Down,0,True
0xe9f0064dac8e82c39ade45d616e6ffcae15c2334e9a3c62daed595ed7e0b5b20,2026-04-18 07:15:00+00:00,300,300,0,299,0,0,1,0,0,0,2026-04-18 07:15:00+00:00,2026-04-18 07:20:00+00:00,2026-04-18 07:20:00.618610+00:00,300,True,Down,0,True
0x471bcad4f4ab1c9400d26eb6c61621011fd25e01271fdafdff25c156334a3eeb,2026-04-18 07:20:00+00:00,300,300,0,299,0,0,0,5,0,0,2026-04-18 07:20:00+00:00,2026-04-18 07:25:00+00:00,2026-04-18 07:25:00.652357+00:00,300,True,Up,1,True
0xf6f2299d13b8965929f21badf300da5b0418a0ffa5ac5ac9f71fb1d63a2276b2,2026-04-18 07:25:00+00:00,300,300,0,299,0,0,0,0,0,0,2026-04-18 07:25:00+00:00,2026-04-18 07:30:00+00:00,2026-04-18 07:30:00.603985+00:00,300,True,Up,1,True
0x8fa82ba2f357e3cf5d7a049331f8e1d34935b3aa6c0b5cf8f171b20bbce47e00,2026-04-18 07:30:00+00:00,300,300,0,299,0,0,1,0,0,0,2026-04-18 07:30:00+00:00,2026-04-18 07:35:00+00:00,2026-04-18 07:35:00.460092+00:00,300,True,Down,0,True
0x3f29f4db46a4f9d939ab139b47ccbf4b43296b699b918a70b9b485b2418b3c72,2026-04-18 07:35:00+00:00,300,300,0,299,0,0,10,0,0,0,2026-04-18 07:35:00+00:00,2026-04-18 07:40:00+00:00,2026-04-18 07:40:00.618853+00:00,300,True,Down,0,True
0x08b33d405c7822616fabfcbbdc179fff076b81cff6279735f3222b5b0cae713f,2026-04-18 07:40:00+00:00,300,300,0,299,0,0,2,0,0,0,2026-04-18 07:40:00+00:00,2026-04-18 07:45:00+00:00,2026-04-18 07:45:00.454789+00:00,300,True,Up,1,True
0x4ccbf5a3bedcc9c1bce3381ed45400134bfcf1670b122d2162b5680b9ead1e4b,2026-04-18 07:50:00+00:00,300,300,0,299,0,0,1,0,0,0,2026-04-18 07:50:00+00:00,2026-04-18 07:55:00+00:00,2026-04-18 07:55:00.553295+00:00,300,True,Down,0,True
0x843c9cdbef5355ad743c9c256a129b715fae57683b983505971fa0eb73d72472,2026-04-18 08:05:00+00:00,300,300,0,299,0,0,1,0,0,0,2026-04-18 08:05:00+00:00,2026-04-18 08:10:00+00:00,2026-04-18 08:10:00.521237+00:00,300,True,Down,0,True
0x6203bbf2323ace6caab555506d807ce871d0072c34ec4477ecb1542c4318c943,2026-04-18 08:10:00+00:00,300,300,0,299,0,0,25,0,0,0,2026-04-18 08:10:00+00:00,2026-04-18 08:15:00+00:00,2026-04-18 08:15:00.485132+00:00,300,True,Down,0,True
0x952378a5cb0d2f6efe19d587623d84d8d46f65f7c72c84c8cc98a878b636e215,2026-04-18 08:55:00+00:00,300,300,0,299,0,0,0,0,0,0,2026-04-18 08:55:00+00:00,2026-04-18 09:00:00+00:00,2026-04-18 09:00:00.675059+00:00,300,True,Up,1,True
0x3f784d606c05238d60268c83d887d0ea58c88ab7f7ffd6c97103a3ffc664ec8f,2026-04-18 09:00:00+00:00,300,300,0,299,0,0,18,0,0,0,2026-04-18 09:00:00+00:00,2026-04-18 09:05:00+00:00,2026-04-18 09:05:00.551483+00:00,300,True,Down,0,True
0xeeaeb292d4a7dbc2eed2dbdb0efae1beb3aa072218e8a7b611f82c4766cdf239,2026-04-18 09:05:00+00:00,300,300,0,299,0,0,32,0,0,0,2026-04-18 09:05:00+00:00,2026-04-18 09:10:00+00:00,2026-04-18 09:10:00.528924+00:00,300,True,Down,0,True
0x4a05ed3d94d0d6e6e45a801d9afec7e23677e2e613a76bb4ba09164995372609,2026-04-18 09:10:00+00:00,300,300,0,299,0,0,0,22,0,0,2026-04-18 09:10:00+00:00,2026-04-18 09:15:00+00:00,2026-04-18 09:15:00.518714+00:00,300,True,Up,1,True
0x3694714f1d22f72021961d8ecb1bfb81c84be2b89002684d98ee1f7c79dfc534,2026-04-18 09:20:00+00:00,300,300,0,299,0,0,0,0,0,0,2026-04-18 09:20:00+00:00,2026-04-18 09:25:00+00:00,2026-04-18 09:25:00.576665+00:00,300,True,,1,True
0xb23b0286b0ab0a0bfe70050bd2d4fbc1db85d2d9510223341a36a4f6bffa441d,2026-04-18 09:25:00+00:00,300,300,0,299,0,0,0,33,0,0,2026-04-18 09:25:00+00:00,2026-04-18 09:30:00+00:00,2026-04-18 09:30:00.548511+00:00,300,True,Up,1,True
0x4a6412aec59b5e7dee4870312d26150a43958ff5f5b92d3ea3d3ffd49295f0fd,2026-04-18 09:50:00+00:00,300,300,0,299,0,0,40,0,0,0,2026-04-18 09:50:00+00:00,2026-04-18 09:55:00+00:00,2026-04-18 09:55:00.578131+00:00,300,True,Down,0,True
0x46f46c9948046b6d127122b5f9b9d9a40d5c839608394c742f9ceea4083d1f0a,2026-04-18 10:00:00+00:00,300,300,0,299,0,0,115,0,0,0,2026-04-18 10:00:00+00:00,2026-04-18 10:05:00+00:00,2026-04-18 10:05:00.521747+00:00,300,True,Down,0,True
0xf0b6c886cc0ae92b97fe0574242a0d8f64d656cb3124db8ab09c491027b52b3f,2026-04-18 10:25:00+00:00,300,300,0,299,0,0,0,0,0,0,2026-04-18 10:25:00+00:00,2026-04-18 10:30:00+00:00,2026-04-18 10:30:00.613741+00:00,300,True,Down,0,True
0xb498d64dd435edf433f27e7d3de93e4f4a432fe7e798eeee573361f50cec321b,2026-04-18 10:30:00+00:00,300,300,0,299,0,0,14,0,0,0,2026-04-18 10:30:00+00:00,2026-04-18 10:35:00+00:00,2026-04-18 10:35:00.536598+00:00,300,True,Down,0,True
0x83c6afb39cdea42f7d3700bf1203ce796432fbdf62c6f78080582127014a17d3,2026-04-18 10:35:00+00:00,300,300,0,299,0,0,0,0,0,0,2026-04-18 10:35:00+00:00,2026-04-18 10:40:00+00:00,2026-04-18 11:30:08.034928+00:00,300,True,,1,True
0x536ed7b61878802b4e49d40fd99626d57ad6f4c2e62aa6d41b725f718671fff2,2026-04-18 11:55:00+00:00,300,300,0,299,0,0,0,8,0,0,2026-04-18 11:55:00+00:00,2026-04-18 12:00:00+00:00,2026-04-18 12:00:01.043514+00:00,300,True,Up,1,True
0x42c6b735831dc6f8b664d65cc1c742519bf3ce86daca82236db69d6733d0ee50,2026-04-18 12:00:00+00:00,300,300,0,299,0,0,0,67,0,0,2026-04-18 12:00:00+00:00,2026-04-18 12:05:00+00:00,2026-04-18 12:05:00.431546+00:00,300,True,Up,1,True
0x334b97b9641910d6ab7df6a8973b80a64b8b58a4de97d447be6f730ff15564e7,2026-04-18 12:10:00+00:00,300,300,0,299,0,0,0,3,0,0,2026-04-18 12:10:00+00:00,2026-04-18 12:15:00+00:00,2026-04-18 12:15:00.616325+00:00,300,True,Up,1,True
0xed5b63af61ab3483d4d57330e6f5904bbee6b24379a23c86902da75d6446aff5,2026-04-18 12:15:00+00:00,300,300,0,299,0,0,0,1,0,0,2026-04-18 12:15:00+00:00,2026-04-18 12:20:00+00:00,2026-04-18 12:20:00.570976+00:00,300,True,Up,1,True
0x7a4d64f388f99c936f2123d8bb2740de17226128b6775f1cd8c6492f27ec3b07,2026-04-18 12:20:00+00:00,300,300,0,299,0,0,1,0,0,0,2026-04-18 12:20:00+00:00,2026-04-18 12:25:00+00:00,2026-04-18 12:25:00.565750+00:00,300,True,Down,0,True
0xd15d204d6b34cd5e6fa73b9644ea194bc0fc75d118fa4f032f0cbf5cf11175ab,2026-04-18 12:25:00+00:00,300,300,0,299,0,0,9,0,0,0,2026-04-18 12:25:00+00:00,2026-04-18 12:30:00+00:00,2026-04-18 12:30:00.495605+00:00,300,True,Down,0,True
0x5538d33ef9cd9fa07cdf965dcfba4b9e202936416c91a0e0ad6dc9257d3c90dd,2026-04-18 12:35:00+00:00,300,300,0,299,0,0,29,0,0,0,2026-04-18 12:35:00+00:00,2026-04-18 12:40:00+00:00,2026-04-18 12:40:00.510679+00:00,300,True,Down,0,True
0x302c4be1ccbd6e11136f9ea779e976333eda3d4e2f8f2145266cef92f654dd83,2026-04-18 13:00:00+00:00,300,300,0,299,0,0,15,0,0,0,2026-04-18 13:00:00+00:00,2026-04-18 13:05:00+00:00,2026-04-18 13:05:00.518078+00:00,300,True,Down,0,True
0x7b064031522641f7fd44e451a123a47223512b70f9b8de465b7b911df0b01bbd,2026-04-18 13:05:00+00:00,300,300,0,299,0,0,0,0,0,0,2026-04-18 13:05:00+00:00,2026-04-18 13:10:00+00:00,2026-04-18 13:10:00.511235+00:00,300,True,Up,1,True
0xff031fd384a7040ffa4b5d2722ccec74aec73f6e4ce7519305e051c56dee2dda,2026-04-18 13:10:00+00:00,300,300,0,299,0,0,0,0,0,0,2026-04-18 13:10:00+00:00,2026-04-18 13:15:00+00:00,2026-04-18 13:15:00.570417+00:00,300,True,Down,0,True
0x44bf276f8506f6c379e4b2bd9acde31ec53c1ede44316d8f1edfb88acd0bb53d,2026-04-18 13:20:00+00:00,300,300,0,299,0,0,0,1,0,0,2026-04-18 13:20:00+00:00,2026-04-18 13:25:00+00:00,2026-04-18 13:25:00.525854+00:00,300,True,Up,1,True
0xdbe623e9c124bf68316840570686dae7900152c33722988be7dbc7013c32560e,2026-04-18 13:50:00+00:00,300,300,0,299,0,0,0,65,0,0,2026-04-18 13:50:00+00:00,2026-04-18 13:55:00+00:00,2026-04-18 13:55:00.496980+00:00,300,True,Up,1,True
0x2ddec0a223683f7aa3efbfffb2485d84b1488de019d9f1d3dceddd814d91e561,2026-04-18 14:00:00+00:00,300,300,0,299,0,0,1,0,0,0,2026-04-18 14:00:00+00:00,2026-04-18 14:05:00+00:00,2026-04-18 14:05:00.526437+00:00,300,True,Down,0,True
0xf3cadbd2a27ef6adc66463fda95932962fd619aa125da9eb05a557dd8dcaeae1,2026-04-18 14:15:00+00:00,300,300,0,299,0,0,0,0,0,0,2026-04-18 14:15:00+00:00,2026-04-18 14:20:00+00:00,2026-04-18 14:20:00.499104+00:00,300,True,Down,0,True
0x250f0d6d6bb4dc016826920f5eb5ae293fab2ad59ea67b269316ab301f1d7ff1,2026-04-18 14:30:00+00:00,300,300,0,299,0,0,0,16,0,0,2026-04-18 14:30:00+00:00,2026-04-18 14:35:00+00:00,2026-04-18 14:35:00.575005+00:00,300,True,Up,1,True
0x364f47c1ad089eae0d75530c4136f06bd53b389273562cc1bcc2fb6b805617b5,2026-04-18 14:35:00+00:00,300,300,0,299,0,0,0,4,0,0,2026-04-18 14:35:00+00:00,2026-04-18 14:40:00+00:00,2026-04-18 14:40:00.534869+00:00,300,True,Up,1,True
0x5ca8505e6bdbb3fba64e439b3b828c4fbc685c259d7f3e31a6efa540e906b0cd,2026-04-18 14:40:00+00:00,300,300,0,299,0,0,9,0,0,0,2026-04-18 14:40:00+00:00,2026-04-18 14:45:00+00:00,2026-04-18 14:45:00.792384+00:00,300,True,Down,0,True
0x5e5310fdcef76cdb1a1d342a0e23bc5074b76d21b0cdefbe34bb8bb988039335,2026-04-18 14:45:00+00:00,300,300,0,299,0,0,0,0,0,0,2026-04-18 14:45:00+00:00,2026-04-18 14:50:00+00:00,2026-04-18 14:50:00.543043+00:00,300,True,,1,True
0x291191b8a7377b6a240399f87376fd153a30b58b7d0661f27fa616e472a61dfa,2026-04-18 14:50:00+00:00,300,300,0,299,0,0,0,6,0,0,2026-04-18 14:50:00+00:00,2026-04-18 14:55:00+00:00,2026-04-18 14:55:00.646547+00:00,300,True,Up,1,True
0x8170ca42b8776b268aff6df08c3b361b7df00192c2b13498250809fe2a155490,2026-04-18 15:00:00+00:00,300,300,0,299,0,0,0,10,0,0,2026-04-18 15:00:00+00:00,2026-04-18 15:05:00+00:00,2026-04-18 15:05:00.563975+00:00,300,True,Up,1,True
0x09b2aca131882129139a0a5f569cd737428ac3534ffcbab3430aab5c7f7243fc,2026-04-18 15:10:00+00:00,300,300,0,299,0,0,0,0,0,0,2026-04-18 15:10:00+00:00,2026-04-18 15:15:00+00:00,2026-04-18 15:15:00.597872+00:00,300,True,Up,1,True
0x4a6b795eaf001f58e14937a801910c570c108edf9afb4aa6a6d7d10802e0f0ba,2026-04-18 15:15:00+00:00,300,300,0,299,0,0,24,0,0,0,2026-04-18 15:15:00+00:00,2026-04-18 15:20:00+00:00,2026-04-18 15:20:00.549735+00:00,300,True,Down,0,True
0x7b7efc83b32e24d19621f07407b526d7f11231198ad05b2ffc8851392fe414dd,2026-04-18 15:20:00+00:00,300,300,0,299,0,0,0,25,0,0,2026-04-18 15:20:00+00:00,2026-04-18 15:25:00+00:00,2026-04-18 15:25:00.537361+00:00,300,True,Up,1,True
0xb7370bb4d1260c54392729c3e47c5710128e0fc6558a293d3fb266116e56ff96,2026-04-18 15:25:00+00:00,300,300,0,299,0,0,5,0,0,0,2026-04-18 15:25:00+00:00,2026-04-18 15:30:00+00:00,2026-04-18 15:30:00.615967+00:00,300,True,Down,0,True
0xd5eb87a0e3321535355d265316db0f3c2b9f6ab78b41a17abea32e83c48a7a55,2026-04-18 15:30:00+00:00,300,300,0,299,0,0,0,1,0,0,2026-04-18 15:30:00+00:00,2026-04-18 15:35:00+00:00,2026-04-18 15:35:00.523390+00:00,300,True,Up,1,True
0x07c1fc6aa1231be601a4604121f1439556c060aab58d78e1ff7efed439638a10,2026-04-18 15:35:00+00:00,300,300,0,299,0,0,10,0,0,0,2026-04-18 15:35:00+00:00,2026-04-18 15:40:00+00:00,2026-04-18 15:40:00.570778+00:00,300,True,Down,0,True
0x211a0d27cf5aff8333706d192cc56a04eff93936aad1e63c29aeb755473b52dc,2026-04-18 15:40:00+00:00,300,300,0,299,0,0,17,0,0,0,2026-04-18 15:40:00+00:00,2026-04-18 15:45:00+00:00,2026-04-18 15:45:00.670577+00:00,300,True,Down,0,True
0xa1bc915fc985b8d85fdd219d4818d1f7d705e4b8d5925af8ec500c69dcc37283,2026-04-18 15:45:00+00:00,300,300,0,299,0,0,0,0,0,0,2026-04-18 15:45:00+00:00,2026-04-18 15:50:00+00:00,2026-04-18 15:50:00.556598+00:00,300,True,,0,True
0x11fc6668c1d298c4a876bb841e5a2312e8709622b9d828339ecbb8faebea4df1,2026-04-18 15:50:00+00:00,300,300,0,299,0,0,1,0,0,0,2026-04-18 15:50:00+00:00,2026-04-18 15:55:00+00:00,2026-04-18 15:55:00.552165+00:00,300,True,Down,0,True
0x074d5ca7318e5df9b2686c934dea46062b32960428c802006a99dc76136b016d,2026-04-18 16:10:00+00:00,300,300,0,299,0,0,0,0,0,0,2026-04-18 16:10:00+00:00,2026-04-18 16:15:00+00:00,2026-04-18 16:15:00.587744+00:00,300,True,Up,1,True
0x0607facb313dc59b3edb26fe8402a14280c031fb64b41ee3d16eb7687f05dd06,2026-04-18 16:25:00+00:00,300,300,0,299,0,0,0,13,0,0,2026-04-18 16:25:00+00:00,2026-04-18 16:30:00+00:00,2026-04-18 16:30:00.715170+00:00,300,True,Up,1,True
0x5e2038d1cba868ad3207c1f7016c6cbfa3db47c07b5dd9e969fd3914daa873e5,2026-04-18 16:30:00+00:00,300,300,0,299,0,0,14,0,0,0,2026-04-18 16:30:00+00:00,2026-04-18 16:35:00+00:00,2026-04-18 16:35:00.575972+00:00,300,True,Down,0,True
0x60df8e92d1e197bb4b3b68bca2f645cbf8f25c0a2b6ebe9f1f5583ef83fe7898,2026-04-18 16:40:00+00:00,300,300,0,299,0,0,19,0,0,0,2026-04-18 16:40:00+00:00,2026-04-18 16:45:00+00:00,2026-04-18 16:45:00.578780+00:00,300,True,Down,0,True
0xdcf9e68d662e72df7c13b0ad9be78888d505f4408787853638660ef951ecd9dd,2026-04-18 16:50:00+00:00,300,300,0,299,0,0,2,0,0,0,2026-04-18 16:50:00+00:00,2026-04-18 16:55:00+00:00,2026-04-18 16:55:00.574424+00:00,300,True,Down,0,True
0x3e2c4cddda60a3bfc03e108188c7fde05fee3d46f12754999c911dd1faa4be4f,2026-04-18 17:00:00+00:00,300,300,0,299,0,0,1,0,0,0,2026-04-18 17:00:00+00:00,2026-04-18 17:05:00+00:00,2026-04-18 17:05:00.554923+00:00,300,True,Down,0,True
0x5a468ceabbe2d2c65b1a0e0f42ed9281a1acdc27fe953502742f83f7d1dab57a,2026-04-18 17:10:00+00:00,300,300,0,299,0,0,1,0,0,0,2026-04-18 17:10:00+00:00,2026-04-18 17:15:00+00:00,2026-04-18 17:15:00.568074+00:00,300,True,Down,0,True
0x9c4ce7bb32fb22a87c76351ea9afc37f7739ee462888d6c7d3ac621f60d71514,2026-04-18 17:30:00+00:00,300,300,0,299,0,0,0,12,0,0,2026-04-18 17:30:00+00:00,2026-04-18 17:35:00+00:00,2026-04-18 17:35:00.557984+00:00,300,True,Up,1,True
0xb44166de1ad2e43cfbdd4cb6257ab4d5998fcdc506499f96018cee4331c2bd61,2026-04-18 17:35:00+00:00,300,300,0,299,0,0,0,0,0,0,2026-04-18 17:35:00+00:00,2026-04-18 17:40:00+00:00,2026-04-18 17:40:00.564526+00:00,300,True,Down,0,True
0x4344c56b35ed32d96b9978b58a54ec0c0ac5cf4ca3ee7226b4b003c4738fddd4,2026-04-18 17:40:00+00:00,300,300,0,299,0,0,0,0,0,0,2026-04-18 17:40:00+00:00,2026-04-18 17:45:00+00:00,2026-04-18 17:45:00.684423+00:00,300,True,,0,True
0x938d1e19b9d57df7a5f7700a4e770b92509cd000d393dd5041084eb08b21a5c5,2026-04-18 17:45:00+00:00,300,300,0,299,0,0,0,1,0,0,2026-04-18 17:45:00+00:00,2026-04-18 17:50:00+00:00,2026-04-18 17:50:00.527862+00:00,300,True,Up,1,True
0x4a6a0a9def8c0498f195300aa789a2b2d5cbc5930a4b4301fbd1980f8d8a9627,2026-04-18 17:50:00+00:00,300,300,0,299,0,0,1,0,0,0,2026-04-18 17:50:00+00:00,2026-04-18 17:55:00+00:00,2026-04-18 17:55:00.560661+00:00,300,True,Down,0,True
0x77b090c487314e58debb1ed5f1423bd9f78c4eac8130553bbdc366b6983fb4ac,2026-04-18 17:55:00+00:00,300,300,0,299,0,0,12,0,0,0,2026-04-18 17:55:00+00:00,2026-04-18 18:00:00+00:00,2026-04-18 18:00:00.766958+00:00,300,True,Down,0,True
0x227488d314147f28d9dce1049a0a42e23d8f714a69f7d583cd32fb91cd208654,2026-04-18 18:00:00+00:00,300,300,0,299,0,0,55,0,0,0,2026-04-18 18:00:00+00:00,2026-04-18 18:05:00+00:00,2026-04-18 18:05:00.470983+00:00,300,True,Down,0,True
0x5297b6dd5e11a2b42fd3d3a1ac20a44bd369ec1d8780ab54227fa908bcfcb683,2026-04-18 18:15:00+00:00,300,300,0,299,0,0,89,0,0,0,2026-04-18 18:15:00+00:00,2026-04-18 18:20:00+00:00,2026-04-18 18:20:00.606688+00:00,300,True,Down,0,True
0x5a88b729bafbd08041495d3c8b1fcb0258bb83868df7fd11cd99771442eb132c,2026-04-18 18:50:00+00:00,300,300,0,299,0,0,13,0,0,0,2026-04-18 18:50:00+00:00,2026-04-18 18:55:00+00:00,2026-04-18 18:55:00.589697+00:00,300,True,Down,0,True
0xbdbe0c5327988397054989e9ff3d2c3bcd5ef778e4b45a54665af45b3558ea60,2026-04-18 18:55:00+00:00,300,300,0,299,0,0,0,20,0,0,2026-04-18 18:55:00+00:00,2026-04-18 19:00:00+00:00,2026-04-18 19:00:00.700866+00:00,300,True,Up,1,True
0x64b8a53c9ea636a3a84a9f9eeab42104909d8522530775501cf82097f93251e2,2026-04-18 19:05:00+00:00,300,300,0,299,0,0,0,4,0,0,2026-04-18 19:05:00+00:00,2026-04-18 19:10:00+00:00,2026-04-18 19:10:00.565108+00:00,300,True,Up,1,True
0x672ec28930ed898f2d1291409922203bfe18541e18f60dae83e30be533ea98c7,2026-04-18 19:10:00+00:00,300,300,0,299,0,0,0,1,0,0,2026-04-18 19:10:00+00:00,2026-04-18 19:15:00+00:00,2026-04-18 19:15:00.592684+00:00,300,True,Up,1,True
0x121eba92a070e22f29a1cc926a060ca7622fb4155f729960e6032dad9e4cb61f,2026-04-18 19:15:00+00:00,300,300,0,299,0,0,0,0,0,0,2026-04-18 19:15:00+00:00,2026-04-18 19:20:00+00:00,2026-04-18 19:20:00.606985+00:00,300,True,,1,True
0x1b59e506544e6671ab77735bc656af9832f7e410b2f3b6fa78bc4ed31d7ef7a2,2026-04-18 19:20:00+00:00,300,300,0,299,0,0,55,0,0,0,2026-04-18 19:20:00+00:00,2026-04-18 19:25:00+00:00,2026-04-18 19:25:00.557441+00:00,300,True,Down,0,True
0x50f103b4a3c1b7c31e6a4ab6b7d8f7caf7bb56422aff0e529a76909fe32f838f,2026-04-18 19:35:00+00:00,300,300,0,299,0,0,2,0,0,0,2026-04-18 19:35:00+00:00,2026-04-18 19:40:00+00:00,2026-04-18 19:40:00.584984+00:00,300,True,Down,0,True
0xa844ac25128e1f7c9d2131c2c0d13d015d0fbe41779a0af9070dc3adbf29df35,2026-04-18 19:40:00+00:00,300,300,0,299,0,0,0,0,0,0,2026-04-18 19:40:00+00:00,2026-04-18 19:45:00+00:00,2026-04-18 19:45:00.656464+00:00,300,True,Up,1,True
0xb2a4ff58e3ddaf90de2faeb8cc593c8a13e78c2e1c0ef0ff7a39b6c988cefabf,2026-04-18 19:45:00+00:00,300,300,0,299,0,0,0,16,0,0,2026-04-18 19:45:00+00:00,2026-04-18 19:50:00+00:00,2026-04-18 19:50:00.561699+00:00,300,True,Up,1,True
0x88cc3db5648538ac45b900cd1073360345af13708129f9e98585924b592f5673,2026-04-18 19:50:00+00:00,300,300,0,299,0,0,14,0,0,0,2026-04-18 19:50:00+00:00,2026-04-18 19:55:00+00:00,2026-04-18 19:55:00.442414+00:00,300,True,Down,0,True
0x627e12f39ae899e15439b40a92925414f08ca75d3e1632ba3a56c707ae774f49,2026-04-18 19:55:00+00:00,300,300,0,299,0,0,0,42,0,0,2026-04-18 19:55:00+00:00,2026-04-18 20:00:00+00:00,2026-04-18 20:00:00.866169+00:00,300,True,Up,1,True
0x7f2f341d6ce54483c24d6458536fe21024f861557b02f0e2b916b5eb786f65bd,2026-04-18 20:10:00+00:00,300,300,0,299,0,0,0,1,0,0,2026-04-18 20:10:00+00:00,2026-04-18 20:15:00+00:00,2026-04-18 20:15:00.558412+00:00,300,True,Up,1,True
0x8f94ed8da34bf20f8939d6a946e39e1dd5f72b549e3eaebf3246efa58014b84d,2026-04-18 20:15:00+00:00,300,300,0,299,0,0,1,3,0,0,2026-04-18 20:15:00+00:00,2026-04-18 20:20:00+00:00,2026-04-18 20:20:00.585294+00:00,300,True,Down,0,True
0x09660f9cb484cd2bfdec4e5e0f0f2b7f94abbd9d511bdfefd16fc99bd4e92d6d,2026-04-18 20:20:00+00:00,300,300,0,299,0,0,0,1,0,0,2026-04-18 20:20:00+00:00,2026-04-18 20:25:00+00:00,2026-04-18 20:25:00.566994+00:00,300,True,Up,1,True
0xa606a11616e470e6481848d0f96c6640b46fff13b65dfb5a17d4bad3d6352c1d,2026-04-18 20:30:00+00:00,300,300,0,299,0,0,0,9,0,0,2026-04-18 20:30:00+00:00,2026-04-18 20:35:00+00:00,2026-04-18 20:35:00.519665+00:00,300,True,Up,1,True
0xab7906c87ef1faeee53758ff540a440bb794d0f2f0ada68ad50575388f081338,2026-04-18 20:35:00+00:00,300,300,0,299,0,0,0,1,0,0,2026-04-18 20:35:00+00:00,2026-04-18 20:40:00+00:00,2026-04-18 20:40:00.571680+00:00,300,True,Up,1,True
0x8f3d5f6cd62807f599f84eeb3de31b417a313a48ccd2b2eb038281f059ac75ed,2026-04-18 20:40:00+00:00,300,300,0,299,0,0,0,1,0,0,2026-04-18 20:40:00+00:00,2026-04-18 20:45:00+00:00,2026-04-18 20:45:00.673813+00:00,300,True,Up,1,True
0x4f38b369c0ab23d776ef344c84a29843717dfe3286506b4ddcbe75870f5bde83,2026-04-18 20:55:00+00:00,300,300,0,299,0,0,22,0,0,0,2026-04-18 20:55:00+00:00,2026-04-18 21:00:00+00:00,2026-04-18 21:00:00.762123+00:00,300,True,Down,0,True
0x5f4b6c236ea4270744a8a7fbc63b05f737a7d3ffbfb2837833d3019609b49c4c,2026-04-18 21:05:00+00:00,300,300,0,299,0,0,0,1,0,0,2026-04-18 21:05:00+00:00,2026-04-18 21:10:00+00:00,2026-04-18 21:10:00.392696+00:00,300,True,Up,1,True
0xd5a890839e1d7206e900c1d3796621bd28bd35ebd9a6e50506bf9aadaa759d09,2026-04-18 21:10:00+00:00,300,300,0,299,0,0,33,0,0,0,2026-04-18 21:10:00+00:00,2026-04-18 21:15:00+00:00,2026-04-18 21:15:00.577827+00:00,300,True,Down,0,True
0xbd878bce70727b9d13ddd9cea615a0457ca8b57c15796436ab318ca2cb242be9,2026-04-18 21:15:00+00:00,300,300,0,299,0,0,10,0,0,0,2026-04-18 21:15:00+00:00,2026-04-18 21:20:00+00:00,2026-04-18 21:20:00.473178+00:00,300,True,Down,0,True
0xa413922627d58c2b70e90b2f09cb1744e6b0759ef168ba18d432a201ae0a903e,2026-04-18 21:20:00+00:00,300,300,0,299,0,0,0,5,0,0,2026-04-18 21:20:00+00:00,2026-04-18 21:25:00+00:00,2026-04-18 21:25:00.368168+00:00,300,True,Up,1,True
0x59e5037456b5951193092ae9ed80f7a73a759e36902e0052e8b93aa1616cdacc,2026-04-18 21:25:00+00:00,300,300,0,299,0,0,0,8,0,0,2026-04-18 21:25:00+00:00,2026-04-18 21:30:00+00:00,2026-04-18 21:30:00.666314+00:00,300,True,Up,1,True
0xa23761fb05ea0331c7b9c5525587d7a4d79cb4819148b4808f20214ec911a493,2026-04-18 21:35:00+00:00,300,300,0,299,0,0,4,0,0,0,2026-04-18 21:35:00+00:00,2026-04-18 21:40:00+00:00,2026-04-18 21:40:00.474942+00:00,300,True,Down,0,True
0x9ee96ab728c09e29d489861d3598100468981aaa6eb850920bb28e9bc9dab34b,2026-04-18 21:40:00+00:00,300,300,0,299,0,0,0,10,0,0,2026-04-18 21:40:00+00:00,2026-04-18 21:45:00+00:00,2026-04-18 21:45:00.540611+00:00,300,True,Up,1,True
0x585e1de04051542842926c6547f866fc19251d392b5653b6844affe43a60629a,2026-04-18 21:45:00+00:00,300,300,0,299,0,0,0,14,0,0,2026-04-18 21:45:00+00:00,2026-04-18 21:50:00+00:00,2026-04-18 21:50:00.528944+00:00,300,True,Up,1,True
0x0bf3a4fa2759d960ef17b18e8595c03ae6da7aa8b80cda3856291597522cc37e,2026-04-18 21:55:00+00:00,300,300,0,299,0,0,0,14,0,0,2026-04-18 21:55:00+00:00,2026-04-18 22:00:00+00:00,2026-04-18 22:00:00.664957+00:00,300,True,Up,1,True
0x70b818ffb01a93cadbc01e43ef0a1f336dd2b6d9ec2d99fe66084f05c7baeccb,2026-04-18 22:00:00+00:00,300,300,0,299,0,0,63,0,0,0,2026-04-18 22:00:00+00:00,2026-04-18 22:05:00+00:00,2026-04-18 22:05:00.466250+00:00,300,True,Down,0,True
0xd0597a1271f48432df1d987c351888a26257cd5cbe956ceaefc39b4f60e9e378,2026-04-18 22:10:00+00:00,300,300,0,299,0,0,1,0,0,0,2026-04-18 22:10:00+00:00,2026-04-18 22:15:00+00:00,2026-04-18 22:15:00.512555+00:00,300,True,Down,0,True
0x3616aa2a6badad3c2ca74c8fab0857bc8057fe244bca82c609a5d42d2fc60c3a,2026-04-18 22:30:00+00:00,300,300,0,299,0,0,0,20,0,0,2026-04-18 22:30:00+00:00,2026-04-18 22:35:00+00:00,2026-04-18 22:35:00.456664+00:00,300,True,Up,1,True
0xef1f8e9ba681e0993852acff9ae1f8989bb4872a389976ba3dbfd8404509aa9f,2026-04-18 22:40:00+00:00,300,300,0,299,0,0,0,1,0,0,2026-04-18 22:40:00+00:00,2026-04-18 22:45:00+00:00,2026-04-18 22:45:00.654689+00:00,300,True,Up,1,True
0xdd30c2381197a2186296044b76bb025bd180fce39c42d71b44a03732ecffe9a4,2026-04-18 22:45:00+00:00,300,300,0,299,0,0,0,29,0,0,2026-04-18 22:45:00+00:00,2026-04-18 22:50:00+00:00,2026-04-18 22:50:00.504681+00:00,300,True,Up,1,True
0x4344a17c7d49bca15c95cb4eca7e741ecfed31e5ba225cfe179e3ffddd3c4274,2026-04-18 23:00:00+00:00,300,300,0,299,0,0,0,2,0,0,2026-04-18 23:00:00+00:00,2026-04-18 23:05:00+00:00,2026-04-18 23:05:00.485067+00:00,300,True,Up,1,True
0xc54ec734d6010028f5312af40f12dff0ea0ee9b50cf6d1e82bcda372c5d1c8fb,2026-04-18 23:05:00+00:00,300,300,0,299,0,0,2,0,0,0,2026-04-18 23:05:00+00:00,2026-04-18 23:10:00+00:00,2026-04-18 23:10:00.776266+00:00,300,True,Down,0,True
0x594bace5cd9a2b65cc9c0718dba8bf6fd52730211aadaf61ac02d9afc0debe78,2026-04-18 23:10:00+00:00,300,300,0,299,0,0,1,0,0,0,2026-04-18 23:10:00+00:00,2026-04-18 23:15:00+00:00,2026-04-18 23:15:00.533198+00:00,300,True,Down,0,True
0x8331818669dedc7ffca0646dd132f70859e9b0adcdef1a353dd6f02419d3acaf,2026-04-18 23:15:00+00:00,300,300,0,299,0,0,0,0,0,0,2026-04-18 23:15:00+00:00,2026-04-18 23:20:00+00:00,2026-04-18 23:20:00.558054+00:00,300,True,Down,0,True
0x2307383b2e45d451eaaad2a45cce214c0e3a6d2a80240be7155618bb28fb4fd9,2026-04-18 23:20:00+00:00,300,300,0,299,0,0,0,4,0,0,2026-04-18 23:20:00+00:00,2026-04-18 23:25:00+00:00,2026-04-18 23:25:00.520901+00:00,300,True,Up,1,True
0x419a580209980fbfe67b60a4f59ff208a54a9817d4547a3a7a390ba26b9b26c5,2026-04-18 23:25:00+00:00,300,300,0,299,0,0,1,0,0,0,2026-04-18 23:25:00+00:00,2026-04-18 23:30:00+00:00,2026-04-18 23:30:00.593372+00:00,300,True,Down,0,True
0x0e90f0300745aa6c12d63539c1bd2edcad2e5bb618c868162c7de4d8e43e5cfc,2026-04-18 23:30:00+00:00,300,300,0,299,0,0,11,0,0,0,2026-04-18 23:30:00+00:00,2026-04-18 23:35:00+00:00,2026-04-18 23:35:00.473429+00:00,300,True,Down,0,True
0xce2cb42e5e25f1f1dba87466f7c557cb95f7f5bcbbfe26539b6baa07eea153ca,2026-04-18 23:50:00+00:00,300,300,0,299,0,0,10,0,0,0,2026-04-18 23:50:00+00:00,2026-04-18 23:55:00+00:00,2026-04-18 23:55:00.420480+00:00,300,True,Down,0,True
0xc16b922ef2cccfb7cd634f069b7a10bdd3f461d03be371178d29940570b58356,2026-04-18 23:55:00+00:00,300,300,0,299,0,0,1,0,0,0,2026-04-18 23:55:00+00:00,2026-04-19 00:00:00+00:00,2026-04-19 00:00:00.677171+00:00,300,True,Down,0,True
0xd190a79e2a354dcd784ba1399fe030ac076080a80bc6e6bbfc7c7071f64aabb6,2026-04-19 00:00:00+00:00,300,300,0,299,0,0,0,17,0,0,2026-04-19 00:00:00+00:00,2026-04-19 00:05:00+00:00,2026-04-19 00:05:00.501687+00:00,300,True,Up,1,True
0xd0fac7f7762c8ff14ed56607063d4307191dfe1c791cbaa3ba18c50925325411,2026-04-19 00:05:00+00:00,300,300,0,299,0,0,0,2,0,0,2026-04-19 00:05:00+00:00,2026-04-19 00:10:00+00:00,2026-04-19 00:10:00.450906+00:00,300,True,Up,1,True
0x4aa64e06dc4cbe181f29bde726b763cd17f206909a78978387b76d674de9f508,2026-04-19 00:10:00+00:00,300,300,0,299,0,0,27,0,0,0,2026-04-19 00:10:00+00:00,2026-04-19 00:15:00+00:00,2026-04-19 00:15:00.790603+00:00,300,True,Down,0,True
0xa1f4cb3a58a3a614beee9e148ff5cb54bc7fb812ffcb9100e1463b2121f70756,2026-04-19 00:55:00+00:00,300,300,0,299,0,0,0,6,0,0,2026-04-19 00:55:00+00:00,2026-04-19 01:00:00+00:00,2026-04-19 01:00:00.922243+00:00,300,True,Up,1,True
0x14c972a60258157b0aaee4c2b718c3b1eb0b78852de32e367bcc9c978b3de8f0,2026-04-19 01:00:00+00:00,300,300,0,299,0,0,0,2,0,0,2026-04-19 01:00:00+00:00,2026-04-19 01:05:00+00:00,2026-04-19 01:05:00.543909+00:00,300,True,Up,1,True
0x7a982f0ad6cd4183959507d371fd4f653cbdc5c1e48ca526a1e96f459a22fd28,2026-04-19 01:10:00+00:00,300,300,0,299,0,0,0,0,0,0,2026-04-19 01:10:00+00:00,2026-04-19 01:15:00+00:00,2026-04-19 01:15:00.494377+00:00,300,True,Up,1,True
0x0363a503ca7100d15d26948f3594127a2d675ec6284a491a63a4799a7d828d37,2026-04-19 01:15:00+00:00,300,300,0,299,0,0,26,0,0,0,2026-04-19 01:15:00+00:00,2026-04-19 01:20:00+00:00,2026-04-19 01:20:00.540493+00:00,300,True,Down,0,True
0x3ef979d89cec8a6ca77d4d0571a092a8b8927c659b32ad8e5df256f20c50c7c5,2026-04-19 01:20:00+00:00,300,300,0,299,0,0,2,0,0,0,2026-04-19 01:20:00+00:00,2026-04-19 01:25:00+00:00,2026-04-19 01:25:00.466402+00:00,300,True,Down,0,True
0x46bfd6f7c190f12176eeed692d17cff2f261935c3620d42b259a3c354e0b80af,2026-04-19 01:25:00+00:00,300,300,0,299,0,0,7,0,0,0,2026-04-19 01:25:00+00:00,2026-04-19 01:30:00+00:00,2026-04-19 01:30:00.500762+00:00,300,True,Down,0,True
0x98798694a1c3be996421e35cbbdc33c9a807b1244f2223706b37f30437ee7eb5,2026-04-19 01:30:00+00:00,300,300,0,299,0,0,0,0,0,0,2026-04-19 01:30:00+00:00,2026-04-19 01:35:00+00:00,2026-04-19 01:35:00.439872+00:00,300,True,Down,0,True
0xd8c8df7dc2d4f8f397ead8a958b9345c61ea9e4f6cb6aba0614ccd7fb4e63c0c,2026-04-19 01:55:00+00:00,300,300,0,299,0,0,1,0,0,0,2026-04-19 01:55:00+00:00,2026-04-19 02:00:00+00:00,2026-04-19 02:00:00.874154+00:00,300,True,Down,0,True
0x132e7a1d14d44a7c56ac7dc6642ae5123d9d59feb410738de7bb22e7a4ab468b,2026-04-19 02:00:00+00:00,300,300,0,299,0,0,1,0,0,0,2026-04-19 02:00:00+00:00,2026-04-19 02:05:00+00:00,2026-04-19 02:05:00.518398+00:00,300,True,Down,0,True
0x3fbc6037c0ac4c166a95cf27dd40b27925c2834c5be9be57b6b506aa5ba55c0c,2026-04-19 02:05:00+00:00,300,300,0,299,0,0,0,0,0,0,2026-04-19 02:05:00+00:00,2026-04-19 02:10:00+00:00,2026-04-19 02:10:00.469940+00:00,300,True,Up,1,True
0xf5bbd6b3b31dbbfa549ee96e032cd44dadcea76015b30895524791c0f40a4566,2026-04-19 02:15:00+00:00,300,300,0,299,0,0,0,1,0,0,2026-04-19 02:15:00+00:00,2026-04-19 02:20:00+00:00,2026-04-19 02:20:00.544755+00:00,300,True,Up,1,True
0x213200f112b36c4f6d718e017153f147140df24591e8af4cc9d8e9623150761e,2026-04-19 02:20:00+00:00,300,300,0,299,0,0,17,0,0,0,2026-04-19 02:20:00+00:00,2026-04-19 02:25:00+00:00,2026-04-19 02:25:00.531606+00:00,300,True,Down,0,True
0xc6a60b7d0d553a551b69e091ebbcfd6eccc6eae367ada949a412712bba362bc7,2026-04-19 02:25:00+00:00,300,300,0,299,0,0,0,0,0,0,2026-04-19 02:25:00+00:00,2026-04-19 02:30:00+00:00,2026-04-19 02:30:00.591996+00:00,300,True,Up,1,True
0x75dcab81bebc7e9c6fe0518933822a461160e5c7439b1e521fb2dd03ebd69e3b,2026-04-19 02:40:00+00:00,300,300,0,299,0,0,0,94,0,0,2026-04-19 02:40:00+00:00,2026-04-19 02:45:00+00:00,2026-04-19 02:45:00.558832+00:00,300,True,Up,1,True
0xe66ef6cc96c537d4a6fecb3b84a2f8f7dcd332ddf75937192121dd36ed6f017c,2026-04-19 02:50:00+00:00,300,300,0,299,0,0,1,0,0,0,2026-04-19 02:50:00+00:00,2026-04-19 02:55:00+00:00,2026-04-19 02:55:00.481028+00:00,300,True,Down,0,True
0xcf72ec5101424a90559143b1549f06f02b3b9f6a70a285435882ed45b4f15268,2026-04-19 02:55:00+00:00,300,300,0,299,0,0,14,0,0,0,2026-04-19 02:55:00+00:00,2026-04-19 03:00:00+00:00,2026-04-19 03:00:00.546931+00:00,300,True,Down,0,True
0x8e0835908dd79488b1c8c9c42aefe685b1ebab61d0f3ab08fdd4bc651b95ceac,2026-04-19 03:00:00+00:00,300,300,0,299,0,0,0,0,0,0,2026-04-19 03:00:00+00:00,2026-04-19 03:05:00+00:00,2026-04-19 03:05:00.487325+00:00,300,True,Down,0,True
0xee45a62ae3f80b9c5842207e404b3d9ebf6eb3c47eabc4a6e4f1c5feac43c486,2026-04-19 03:05:00+00:00,300,300,0,299,0,0,7,0,0,0,2026-04-19 03:05:00+00:00,2026-04-19 03:10:00+00:00,2026-04-19 03:10:00.484496+00:00,300,True,Down,0,True
0xcd1eff85da144c7ec4308aeb6422741aa0d566923299c9e3ebfffbf2833a05e4,2026-04-19 03:35:00+00:00,300,300,0,299,0,0,0,2,0,0,2026-04-19 03:35:00+00:00,2026-04-19 03:40:00+00:00,2026-04-19 03:40:00.561375+00:00,300,True,Up,1,True
0x44f67df49168ec430889c55b0bec595a4c1ee22510ea9fbd207d8b88ce0cf4eb,2026-04-19 03:40:00+00:00,300,300,0,299,0,0,0,4,0,0,2026-04-19 03:40:00+00:00,2026-04-19 03:45:00+00:00,2026-04-19 03:45:00.598484+00:00,300,True,Up,1,True
0x04aaa3a005e9433ece0f0d1d914a8b57515237f79c026c329268c38d3cdd3a22,2026-04-19 03:45:00+00:00,300,300,0,299,0,0,0,3,0,0,2026-04-19 03:45:00+00:00,2026-04-19 03:50:00+00:00,2026-04-19 03:50:00.530461+00:00,300,True,Up,1,True
0x9e0ebf09e775f9c110dde87dd1812d74cf994ab38c9dacdfdcd128835afdfc56,2026-04-19 03:50:00+00:00,300,300,0,299,0,0,1,0,0,0,2026-04-19 03:50:00+00:00,2026-04-19 03:55:00+00:00,2026-04-19 03:55:00.524472+00:00,300,True,Down,0,True
0x0974f171080adc4b136d7fc90a85dd2548987daeb510324f77aa9515b15f68da,2026-04-19 03:55:00+00:00,300,300,0,299,0,0,81,0,0,0,2026-04-19 03:55:00+00:00,2026-04-19 04:00:00+00:00,2026-04-19 04:00:00.754260+00:00,300,True,Down,0,True
0xe8759f79a1b8f4326de57d2b70a42b2daa2a687eb95a971df497f84c0183cdfd,2026-04-19 04:00:00+00:00,300,300,0,299,0,0,0,38,0,0,2026-04-19 04:00:00+00:00,2026-04-19 04:05:00+00:00,2026-04-19 04:05:00.520938+00:00,300,True,Up,1,True
0x0843c181aebdf07bec527120be62aa5554b385f341c327c0b6c926eb7d119cd9,2026-04-19 04:05:00+00:00,300,300,0,299,0,0,0,0,0,0,2026-04-19 04:05:00+00:00,2026-04-19 04:10:00+00:00,2026-04-19 04:10:00.415751+00:00,300,True,Up,1,True
0x3b737f88655cd67167aed05871ba8d3454b04161c3071070d75a92de09228cce,2026-04-19 04:10:00+00:00,300,300,0,299,0,0,0,49,0,0,2026-04-19 04:10:00+00:00,2026-04-19 04:15:00+00:00,2026-04-19 04:15:00.431194+00:00,300,True,Up,1,True
0x495fc01365592d1618af52575050d5c1677f0646df6cf2b452471e1508668342,2026-04-19 04:25:00+00:00,300,300,0,299,0,0,2,0,0,0,2026-04-19 04:25:00+00:00,2026-04-19 04:30:00+00:00,2026-04-19 04:30:00.585082+00:00,300,True,Down,0,True
0x2db138747ee97b05e5f7305d61659ca4a6fd93acf0f4b711626ad0a08f3e51a3,2026-04-19 04:40:00+00:00,300,300,0,299,0,0,26,0,0,0,2026-04-19 04:40:00+00:00,2026-04-19 04:45:00+00:00,2026-04-19 04:45:00.533856+00:00,300,True,Down,0,True
0x16b19281ae72a2cf91d30c81ff9ba12cf0ecbca90591807c7ad29a54ebaae044,2026-04-19 04:50:00+00:00,300,300,0,299,0,0,0,0,0,0,2026-04-19 04:50:00+00:00,2026-04-19 04:55:00+00:00,2026-04-19 04:55:00.471951+00:00,300,True,Up,1,True
0x0f167ad3f336d495acb1d2e9bad5da267fb4372a54c681eb774df6cd74612c08,2026-04-19 04:55:00+00:00,300,300,0,299,0,0,0,1,0,0,2026-04-19 04:55:00+00:00,2026-04-19 05:00:00+00:00,2026-04-19 05:00:00.954141+00:00,300,True,Up,1,True
0x0fd082139bf85b9bdf4318e116fadee70a96812a760313b2df56a99b0f0a16ef,2026-04-19 05:00:00+00:00,300,300,0,299,0,0,64,0,0,0,2026-04-19 05:00:00+00:00,2026-04-19 05:05:00+00:00,2026-04-19 05:05:00.547907+00:00,300,True,Down,0,True
0xc39880e936e2491184c58a9b0628f11957f71e490e5f1151077a4dc769b5321b,2026-04-19 05:05:00+00:00,300,300,0,299,0,0,0,0,0,0,2026-04-19 05:05:00+00:00,2026-04-19 05:10:00+00:00,2026-04-19 05:10:00.538354+00:00,300,True,Up,1,True
0xef901c8ce048f28c040a15c0003bcda71a6746f1b372fb8e810bb45ca6f6c830,2026-04-19 05:10:00+00:00,300,300,0,299,0,0,0,0,0,0,2026-04-19 05:10:00+00:00,2026-04-19 05:15:00+00:00,2026-04-19 05:15:00.517912+00:00,300,True,Up,1,True
0xecd7cd7e1d6371474a07859e8d155f7adaff2e2f366e20a86e7b305cce09e0e6,2026-04-19 05:15:00+00:00,300,300,0,299,0,0,0,0,0,0,2026-04-19 05:15:00+00:00,2026-04-19 05:20:00+00:00,2026-04-19 05:20:00.586687+00:00,300,True,Down,0,True
0xd96dbeab12824a5693d3d7ee1655cc3668108ab002fbaf7497dd35bb70b2fe3c,2026-04-19 05:20:00+00:00,300,300,0,299,0,0,0,0,0,0,2026-04-19 05:20:00+00:00,2026-04-19 05:25:00+00:00,2026-04-19 05:25:00.488825+00:00,300,True,Up,1,True
0x938c1e4569970bb4604d01c6f917f539ebf7e9b5146074b73809c3dc74c711a0,2026-04-19 05:25:00+00:00,300,300,0,299,0,0,0,0,0,0,2026-04-19 05:25:00+00:00,2026-04-19 05:30:00+00:00,2026-04-19 05:30:00.522957+00:00,300,True,Down,0,True
0x95c5bc2e77565149a7c5a2de851aca433b9c35d66faa5379392e8fb6a0668e23,2026-04-19 05:30:00+00:00,300,300,0,299,0,0,0,56,0,0,2026-04-19 05:30:00+00:00,2026-04-19 05:35:00+00:00,2026-04-19 05:35:00.502599+00:00,300,True,Up,1,True
0x1ac43cfc73b720f4a50027beb6a3666deadebb66c2d7fb2a85a0d9cd2d685404,2026-04-19 05:35:00+00:00,300,300,0,299,0,0,4,0,0,0,2026-04-19 05:35:00+00:00,2026-04-19 05:40:00+00:00,2026-04-19 05:40:00.549849+00:00,300,True,Down,0,True
0x37084ff6926f632ce9092df52ad8cac3cf02c734cf859657d26385a3b8c16edc,2026-04-19 05:40:00+00:00,300,300,0,299,0,0,14,0,0,0,2026-04-19 05:40:00+00:00,2026-04-19 05:45:00+00:00,2026-04-19 05:45:00.697967+00:00,300,True,Down,0,True
0xe529f105740e869b06d4969619796fc40cdac65d56f79d15702546ab845424c7,2026-04-19 05:45:00+00:00,300,300,0,299,0,0,0,0,0,0,2026-04-19 05:45:00+00:00,2026-04-19 05:50:00+00:00,2026-04-19 05:50:00.393753+00:00,300,True,Down,0,True
0x9c68b8ea79c01e1fbf9db99f6771800ffb9f1ad045bae8c6f36b31e6fd69b794,2026-04-19 05:50:00+00:00,300,300,0,299,0,0,14,0,0,0,2026-04-19 05:50:00+00:00,2026-04-19 05:55:00+00:00,2026-04-19 05:55:00.461180+00:00,300,True,Down,0,True
0xe1a2b83de62b2d749abda629386390869fea34f1de1462823936e139bd01a32d,2026-04-19 06:00:00+00:00,300,300,0,299,0,0,36,0,0,0,2026-04-19 06:00:00+00:00,2026-04-19 06:05:00+00:00,2026-04-19 06:05:00.509497+00:00,300,True,Down,0,True
0xea1948beebeb451d96acf652a970e3d13b2a8cd1d024e03b08ff92ffdfa157d9,2026-04-19 08:20:00+00:00,300,300,0,299,0,0,16,0,0,0,2026-04-19 08:20:00+00:00,2026-04-19 08:25:00+00:00,2026-04-19 08:25:00.553546+00:00,300,True,Down,0,True
0xedcac9eebf21d7bf4ab3f0ceda931b194c67fa3192d6d3d3b7b74b0983e5bff1,2026-04-19 08:45:00+00:00,300,300,0,299,0,0,0,2,0,0,2026-04-19 08:45:00+00:00,2026-04-19 08:50:00+00:00,2026-04-19 08:50:00.544693+00:00,300,True,Up,1,True
0x289563bb34d7e293f39f50e7ae8ed803d1739f7223850601f52e7100e668c6cf,2026-04-19 08:50:00+00:00,300,300,0,299,0,0,0,1,0,0,2026-04-19 08:50:00+00:00,2026-04-19 08:55:00+00:00,2026-04-19 08:55:00.517988+00:00,300,True,Up,1,True
0xfa60ef4aad9154cd602e901272e9057307d39babaf60285c212bce5bd2470c67,2026-04-19 09:00:00+00:00,300,300,0,299,0,0,9,0,0,0,2026-04-19 09:00:00+00:00,2026-04-19 09:05:00+00:00,2026-04-19 09:05:00.576616+00:00,300,True,Down,0,True
0x7700942b9e3bfafe45fb1c373862512be43d528465d9da02878f246354761273,2026-04-19 10:35:00+00:00,300,300,0,299,0,0,7,0,0,0,2026-04-19 10:35:00+00:00,2026-04-19 10:40:00+00:00,2026-04-19 10:40:00.507689+00:00,300,True,Down,0,True
0xf24c37c66a31894a9e997c585305a8668a69a9dff8944b941f5629cdc818f658,2026-04-19 10:40:00+00:00,300,300,0,299,0,0,0,3,0,0,2026-04-19 10:40:00+00:00,2026-04-19 10:45:00+00:00,2026-04-19 10:45:00.551861+00:00,300,True,Up,1,True
0x9f7290914944687fe8a50f58e0679e515c5d2a620d76bf1a72e780d08060d873,2026-04-19 10:45:00+00:00,300,300,0,299,0,0,0,13,0,0,2026-04-19 10:45:00+00:00,2026-04-19 10:50:00+00:00,2026-04-19 10:50:00.400564+00:00,300,True,Up,1,True
0xf69f889e9f1fa6a919ea77f1de1073e0e041d69c6053e4a8b0cbd31ce307b562,2026-04-19 10:50:00+00:00,300,300,0,299,0,0,0,41,0,0,2026-04-19 10:50:00+00:00,2026-04-19 10:55:00+00:00,2026-04-19 10:55:00.516755+00:00,300,True,Up,1,True
0x090c364636ce2eb312d40954f041ced15090f2f80660d853cfd7d7f0e268ce66,2026-04-19 11:05:00+00:00,300,300,0,299,0,0,0,51,0,0,2026-04-19 11:05:00+00:00,2026-04-19 11:10:00+00:00,2026-04-19 11:10:00.549158+00:00,300,True,Up,1,True
0x5b3a076b6f8da24deaa6ee6b0307c3567ddb77c11f1bf73421cc37205c4f61d6,2026-04-19 11:35:00+00:00,300,300,0,299,0,0,0,20,0,0,2026-04-19 11:35:00+00:00,2026-04-19 11:40:00+00:00,2026-04-19 11:40:00.396802+00:00,300,True,Up,1,True
0x9a1a3ad23e32f64e330af4cfaf68db7c16757f022581e6b5723cfcea1104f788,2026-04-19 12:30:00+00:00,300,300,0,299,0,0,0,3,0,0,2026-04-19 12:30:00+00:00,2026-04-19 12:35:00+00:00,2026-04-19 12:35:00.409175+00:00,300,True,Up,1,True
0xdac16efd3e25cd1ca9bd39b76d2474e135fff335b71a3395b7bbedb7dc1bc9e4,2026-04-19 12:35:00+00:00,300,300,0,299,0,0,20,0,0,0,2026-04-19 12:35:00+00:00,2026-04-19 12:40:00+00:00,2026-04-19 12:40:00.364803+00:00,300,True,Down,0,True
0xec686d8d099b39646de3bf69a6cdbbba316c3944ba39717fd8e708ca9e5178a3,2026-04-19 12:40:00+00:00,300,300,0,299,0,0,0,3,0,0,2026-04-19 12:40:00+00:00,2026-04-19 12:45:00+00:00,2026-04-19 12:45:00.521554+00:00,300,True,Up,1,True
0x26a58eb471b674e1976a76bd6364d804dddaee7e22ecf8f70390074c40ab41c5,2026-04-19 12:45:00+00:00,300,300,0,299,0,0,3,0,0,0,2026-04-19 12:45:00+00:00,2026-04-19 12:50:00+00:00,2026-04-19 12:50:00.370244+00:00,300,True,Down,0,True
0xb38857645c82554b43d54b3912282868ca03f0ef49cd35bcfdbf055cc935b323,2026-04-19 12:50:00+00:00,300,300,0,299,0,0,0,35,0,0,2026-04-19 12:50:00+00:00,2026-04-19 12:55:00+00:00,2026-04-19 12:55:00.393067+00:00,300,True,Up,1,True
0xbcddd858a7645a28872528e7bab65d7148248a87a8bc175664e47c360c11b8a3,2026-04-19 13:00:00+00:00,300,300,0,299,0,0,0,43,0,0,2026-04-19 13:00:00+00:00,2026-04-19 13:05:00+00:00,2026-04-19 13:05:00.435723+00:00,300,True,Up,1,True
0x3a8dcd52fd0c26b973aaafded9b7b91b520f12250a1be3ac0890d1ead4abff4a,2026-04-19 13:40:00+00:00,300,300,0,299,0,0,0,0,0,0,2026-04-19 13:40:00+00:00,2026-04-19 13:45:00+00:00,2026-04-19 13:45:00.479895+00:00,300,True,,0,True
0xd8c44a63b7a19cd43f645f459421f921e831ee2d5ea9b5422182553c4d874e32,2026-04-19 13:45:00+00:00,300,300,0,299,0,0,31,0,0,0,2026-04-19 13:45:00+00:00,2026-04-19 13:50:00+00:00,2026-04-19 13:50:00.452896+00:00,300,True,Down,0,True
0xa4329f71fe211ac8152247b8a05d81c364fa05339ea6c48712398a4d86be34d3,2026-04-19 13:55:00+00:00,300,300,0,299,0,0,0,0,0,0,2026-04-19 13:55:00+00:00,2026-04-19 14:00:00+00:00,2026-04-19 14:00:00.984914+00:00,300,True,,0,True
0x1adea9db4f7fcd5a08908cfa72b7f2ec7567cc0d5c1caeeb540006438be04c42,2026-04-19 14:00:00+00:00,300,300,0,299,0,0,38,0,0,0,2026-04-19 14:00:00+00:00,2026-04-19 14:05:00+00:00,2026-04-19 14:05:00.540111+00:00,300,True,Down,0,True
0xdf31d4ccf1240b4513c9f36f954db7b18c5d86b18f5a27ed916082213431c336,2026-04-19 14:10:00+00:00,300,300,0,299,0,0,0,33,0,0,2026-04-19 14:10:00+00:00,2026-04-19 14:15:00+00:00,2026-04-19 14:15:00.849616+00:00,300,True,Up,1,True
0xa8f80015474d44809ae3d155473cc7c1d9d6dd171acba7492f25b49103c45a2e,2026-04-19 14:20:00+00:00,300,300,0,299,0,0,0,3,0,0,2026-04-19 14:20:00+00:00,2026-04-19 14:25:00+00:00,2026-04-19 14:25:00.494328+00:00,300,True,Up,1,True
0x4cc894d00d996ba28b3b5b29aaa656246d8486e47a018bceeefb2a0085f7785a,2026-04-19 14:25:00+00:00,300,300,0,299,0,0,0,26,0,0,2026-04-19 14:25:00+00:00,2026-04-19 14:30:00+00:00,2026-04-19 14:30:00.535690+00:00,300,True,Up,1,True
0x72da8917268fed487cea55169f45dea3d8d9ad9b2b2571501a29940a72f66e5e,2026-04-19 14:30:00+00:00,300,300,0,299,0,0,41,0,0,0,2026-04-19 14:30:00+00:00,2026-04-19 14:35:00+00:00,2026-04-19 14:35:00.395541+00:00,300,True,Down,0,True
0xab5152733b63289689411919002a68df25b4c569c5dd561194c38aa34e3f58c5,2026-04-19 14:40:00+00:00,300,300,0,299,0,0,0,10,0,0,2026-04-19 14:40:00+00:00,2026-04-19 14:45:00+00:00,2026-04-19 14:45:00.683961+00:00,300,True,Up,1,True
0xd1bc52e7819e99a0414f1015749faa9214ed2ba0112075d00093e98bbdf8bd10,2026-04-19 14:45:00+00:00,300,300,0,299,0,0,0,64,0,0,2026-04-19 14:45:00+00:00,2026-04-19 14:50:00+00:00,2026-04-19 14:50:00.551139+00:00,300,True,Up,1,True
0x19f6f76fac1f017a29cad1aa884eb2625da35be297e00e451bb8f5fda8449cf1,2026-04-19 14:55:00+00:00,300,300,0,299,0,0,0,5,0,0,2026-04-19 14:55:00+00:00,2026-04-19 15:00:00+00:00,2026-04-19 15:00:00.831657+00:00,300,True,Up,1,True
0xb80b5a5ac6f273ab8ce0dbd4b42ab5f00b824bdaf135c5d00ce1b340822c4cf4,2026-04-19 15:00:00+00:00,300,300,0,299,0,0,2,0,0,0,2026-04-19 15:00:00+00:00,2026-04-19 15:05:00+00:00,2026-04-19 15:05:00.549214+00:00,300,True,,0,True
0xd7dee9b5a33484efb9eb5bececec3e68bae61dcf572e23374f862eeb8317f4fc,2026-04-19 15:30:00+00:00,300,300,0,299,0,0,71,0,0,0,2026-04-19 15:30:00+00:00,2026-04-19 15:35:00+00:00,2026-04-19 15:35:00.508117+00:00,300,True,Down,0,True
0xe91c74e384803eb313e955334ac7e4265364c85aba37862f5900fffe1063645e,2026-04-19 15:50:00+00:00,300,300,0,299,0,0,0,0,0,0,2026-04-19 15:50:00+00:00,2026-04-19 15:55:00+00:00,2026-04-19 15:55:00.517379+00:00,300,True,,1,True
0xf35d4db8cd9142a8665054d1245abd3d0f0a5c8fdf209d818ba8d8483cb683be,2026-04-19 15:55:00+00:00,300,300,0,299,0,0,0,0,0,0,2026-04-19 15:55:00+00:00,2026-04-19 16:00:00+00:00,2026-04-19 16:00:00.683993+00:00,300,True,,0,True
0xbc1e4d7e5c1168759f31305d99c325073d60f2200708d655a37082b66d7fcf06,2026-04-19 16:05:00+00:00,300,300,0,299,0,0,39,0,0,0,2026-04-19 16:05:00+00:00,2026-04-19 16:10:00+00:00,2026-04-19 16:10:00.548047+00:00,300,True,Down,0,True
0x5280fb05909d0aae0f9456ac7affa7d735abfdb60f9def8e88393d99ba97a698,2026-04-19 16:15:00+00:00,300,300,0,299,0,0,7,0,0,0,2026-04-19 16:15:00+00:00,2026-04-19 16:20:00+00:00,2026-04-19 16:20:00.534523+00:00,300,True,Down,0,True
0x8500a1235d7bbc2ad72cd81638503da50f47cb5825064b2538eb16f6de8e6be4,2026-04-19 16:20:00+00:00,300,300,0,299,0,0,0,3,0,0,2026-04-19 16:20:00+00:00,2026-04-19 16:25:00+00:00,2026-04-19 16:25:00.667650+00:00,300,True,Up,1,True
0xa875ebd00d4ff7278e3f29d7839b820ed3f8728532e9e3fe93558995300557da,2026-04-19 16:30:00+00:00,300,300,0,299,0,0,0,37,0,0,2026-04-19 16:30:00+00:00,2026-04-19 16:35:00+00:00,2026-04-19 16:35:00.938235+00:00,300,True,Up,1,True
0xb0c3fe8c8b1ff76cf912a6e3255440f2cd0a2560af6fbd4da3c83792e8875bbc,2026-04-19 16:35:00+00:00,300,300,0,299,0,0,4,0,0,0,2026-04-19 16:35:00+00:00,2026-04-19 16:40:00+00:00,2026-04-19 16:40:00.558498+00:00,300,True,Down,0,True
0x432f5feb30d6278b150f129798b854feb852657bd18582a3d6ea62c801cb8c73,2026-04-19 16:40:00+00:00,300,300,0,299,0,0,47,0,0,0,2026-04-19 16:40:00+00:00,2026-04-19 16:45:00+00:00,2026-04-19 16:45:00.467653+00:00,300,True,Down,0,True
0x5fce49e1006a919134998da617f8c7df9b7bd62f3abe205866aed8d4a1d4872f,2026-04-19 16:50:00+00:00,300,300,0,299,0,0,59,0,0,0,2026-04-19 16:50:00+00:00,2026-04-19 16:55:00+00:00,2026-04-19 16:55:00.491485+00:00,300,True,Down,0,True
0x5b8b6fdcbf586d69b4f86285363ab61dec5c0f1cf1ef3be57dafd56177c0c1fc,2026-04-19 17:15:00+00:00,300,300,0,299,0,0,0,3,0,0,2026-04-19 17:15:00+00:00,2026-04-19 17:20:00+00:00,2026-04-19 17:20:00.537983+00:00,300,True,Up,1,True
0x4ccd342970d1057128447e82a2ab768a835614c95070aaaf279e2747a0e6f661,2026-04-19 17:20:00+00:00,300,300,0,299,0,0,5,0,0,0,2026-04-19 17:20:00+00:00,2026-04-19 17:25:00+00:00,2026-04-19 17:25:00.500790+00:00,300,True,Down,0,True
0x07f927f3ab997289b6d3d826f638950f4f3495f92ea3abe232fe4b124849de1e,2026-04-19 17:25:00+00:00,300,300,0,299,0,0,0,12,0,0,2026-04-19 17:25:00+00:00,2026-04-19 17:30:00+00:00,2026-04-19 17:30:00.620432+00:00,300,True,Up,1,True
0xa41b7c379521544bccfb23962dc7c791c834d0f85283d4444985bc2cae34de2a,2026-04-19 17:30:00+00:00,300,300,0,299,0,0,28,0,0,0,2026-04-19 17:30:00+00:00,2026-04-19 17:35:00+00:00,2026-04-19 17:35:00.802233+00:00,300,True,Down,0,True
0xfd3cd8067ec5b1a602976bf4798f77d962b79f05013c3bdbddee5965e8ab638e,2026-04-19 17:35:00+00:00,300,300,0,299,0,0,0,8,0,0,2026-04-19 17:35:00+00:00,2026-04-19 17:40:00+00:00,2026-04-19 17:40:00.506702+00:00,300,True,Up,1,True
0xb44aafe737076355fa2574757b8fb652c4fe266f377fd45296c8df6a26eb0654,2026-04-19 17:40:00+00:00,300,300,0,299,0,0,1,0,0,0,2026-04-19 17:40:00+00:00,2026-04-19 17:45:00+00:00,2026-04-19 17:45:00.712301+00:00,300,True,Down,0,True
0x67ea7685fbe52cb5e61901e51b1282963d7dffc19e8b509766c2b159e09d184c,2026-04-19 17:45:00+00:00,300,300,0,299,0,0,44,0,0,0,2026-04-19 17:45:00+00:00,2026-04-19 17:50:00+00:00,2026-04-19 17:50:00.515763+00:00,300,True,Down,0,True
0x4f3678b7b911369fee00463d42458f7e25dada4aea15f0b3f9119b074ac20389,2026-04-19 18:25:00+00:00,300,300,0,299,0,0,0,73,0,0,2026-04-19 18:25:00+00:00,2026-04-19 18:30:00+00:00,2026-04-19 18:30:00.573491+00:00,300,True,Up,1,True
0x4f4df24bb1d1b14613e2037086baaea159cb9bbaff6118212fc0135c24c98a6e,2026-04-19 18:40:00+00:00,300,300,0,299,0,0,9,0,0,0,2026-04-19 18:40:00+00:00,2026-04-19 18:45:00+00:00,2026-04-19 18:45:00.458001+00:00,300,True,Down,0,True
0x597a9ec8e6022a120a76b7fbeae14a228e3201d37516df29d8e6b48f9aa90adc,2026-04-19 18:50:00+00:00,300,300,0,299,0,0,0,1,0,0,2026-04-19 18:50:00+00:00,2026-04-19 18:55:00+00:00,2026-04-19 18:55:00.444675+00:00,300,True,Up,1,True
0xefbab4f5f2b2631fe1313e017583725b2439a8fa9c93c78f59b402433017b7d1,2026-04-19 18:55:00+00:00,300,300,0,299,0,0,0,13,0,0,2026-04-19 18:55:00+00:00,2026-04-19 19:00:00+00:00,2026-04-19 19:00:00.533187+00:00,300,True,Up,1,True
0x25f3f6c3c64823f279fe5c6c77b0888649aa619411d3e091b52c06ce12735224,2026-04-19 19:00:00+00:00,300,300,0,299,0,0,0,35,0,0,2026-04-19 19:00:00+00:00,2026-04-19 19:05:00+00:00,2026-04-19 19:05:00.453100+00:00,300,True,Up,1,True
0x27a6411f9d2357188b3b568abba534f241428a2b01501ab62fc54ed178684e56,2026-04-19 19:05:00+00:00,300,300,0,299,0,0,0,30,0,0,2026-04-19 19:05:00+00:00,2026-04-19 19:10:00+00:00,2026-04-19 19:10:00.460402+00:00,300,True,Up,1,True
0x253fee8222ee4d3b7636c0b65dfe7c87e0b2e268b73dae8eb780bf9594ec6738,2026-04-19 19:20:00+00:00,300,300,0,299,0,0,62,0,0,0,2026-04-19 19:20:00+00:00,2026-04-19 19:25:00+00:00,2026-04-19 19:25:00.428673+00:00,300,True,Down,0,True
0x741caf7d5081d0f14a3a8965f5c05c27fb83a5ccc6a17c01efefddd544244829,2026-04-19 19:25:00+00:00,300,300,0,299,0,0,0,27,0,0,2026-04-19 19:25:00+00:00,2026-04-19 19:30:00+00:00,2026-04-19 19:30:00.526342+00:00,300,True,Up,1,True
0xc0000b326e5eed957b15ec85d91dd1f00410a36162f10b4d71870532aa4b24a1,2026-04-19 19:30:00+00:00,300,300,0,299,0,0,0,0,0,0,2026-04-19 19:30:00+00:00,2026-04-19 19:35:00+00:00,2026-04-19 19:35:00.513093+00:00,300,True,Up,1,True
0x13b471afbdb3ac6f74aa40f8ad8aef187f0f193e187f53ffc649d799dd52d862,2026-04-19 19:35:00+00:00,300,300,0,299,0,0,0,3,0,0,2026-04-19 19:35:00+00:00,2026-04-19 19:40:00+00:00,2026-04-19 19:40:00.527136+00:00,300,True,Up,1,True
0xe52ce45671b3b961bd16787d7fa83613932018ce0b36d6b86a75a83458a4675c,2026-04-19 19:40:00+00:00,300,300,0,299,0,0,1,0,0,0,2026-04-19 19:40:00+00:00,2026-04-19 19:45:00+00:00,2026-04-19 19:45:00.427189+00:00,300,True,Down,0,True
0x77f4f4fab2a437adbcb98412e64e2e6e89af6064b7c48ead65ac221001d1a577,2026-04-19 19:45:00+00:00,300,300,0,299,0,0,0,1,0,0,2026-04-19 19:45:00+00:00,2026-04-19 19:50:00+00:00,2026-04-19 19:50:00.623952+00:00,300,True,Up,1,True
0x81fc477dccaa70a8f4bcf1833e9c9629c1bf82ac5a5706c2f21420e0c0092aa4,2026-04-19 19:55:00+00:00,300,300,0,299,0,0,0,3,0,0,2026-04-19 19:55:00+00:00,2026-04-19 20:00:00+00:00,2026-04-19 20:00:00.488999+00:00,300,True,Up,1,True
0x75e569dcef944586e6e467c54b18e563e92536db02dbed8b18e0083d67aaf614,2026-04-19 20:20:00+00:00,300,300,0,299,0,0,0,0,0,0,2026-04-19 20:20:00+00:00,2026-04-19 20:25:00+00:00,2026-04-19 20:25:00.446460+00:00,300,True,Up,1,True
0xf75dbbc1bf606d231671c6ce5b5dc09b7659835bdf01bc812a47f1df224bd9ff,2026-04-19 20:25:00+00:00,300,300,0,299,0,0,0,7,0,0,2026-04-19 20:25:00+00:00,2026-04-19 20:30:00+00:00,2026-04-19 20:30:00.485476+00:00,300,True,Up,1,True
0xacd5a48e0872ff2ff72416cc76b9676723b24378922dae1fc09956d99ec137ee,2026-04-19 20:35:00+00:00,300,300,0,299,0,0,31,0,0,0,2026-04-19 20:35:00+00:00,2026-04-19 20:40:00+00:00,2026-04-19 20:40:00.569463+00:00,300,True,Down,0,True
0xd15bda7f364447676aff928e0be48e4c35b814b86ab849f658e2d36fc828c952,2026-04-19 20:40:00+00:00,300,300,0,299,0,0,39,0,0,0,2026-04-19 20:40:00+00:00,2026-04-19 20:45:00+00:00,2026-04-19 20:45:00.601433+00:00,300,True,Down,0,True
0x2dc768b12438c27e298c200a0616886b5e65f1faf33afaf9e461e02779e751ec,2026-04-19 21:05:00+00:00,300,300,0,299,0,0,0,3,0,0,2026-04-19 21:05:00+00:00,2026-04-19 21:10:00+00:00,2026-04-19 21:10:00.550117+00:00,300,True,Up,1,True
0xca3cd63a4ca073f5e3297eb079231c4febef79d6e4542c881ee545eff7c9a988,2026-04-19 21:15:00+00:00,300,300,0,299,0,0,12,0,0,0,2026-04-19 21:15:00+00:00,2026-04-19 21:20:00+00:00,2026-04-19 21:20:00.585991+00:00,300,True,Down,0,True
0xd2b4041b224cdfa3ae173646c1175d9850d568b681382670166a737c72fbb8e3,2026-04-19 21:25:00+00:00,300,300,0,299,0,0,0,28,0,0,2026-04-19 21:25:00+00:00,2026-04-19 21:30:00+00:00,2026-04-19 21:30:00.620121+00:00,300,True,Up,1,True
0x651357876c50c21f3ba729a435ef2048ec85c41c65bbed2619d7b4fb381499b9,2026-04-19 21:45:00+00:00,300,300,0,299,0,0,21,0,0,0,2026-04-19 21:45:00+00:00,2026-04-19 21:50:00+00:00,2026-04-19 21:50:00.462247+00:00,300,True,Down,0,True
0x852aa92471ac326e19e9b9db62b4d9b1f29579fc36f5b880bd543138bf87b21f,2026-04-19 21:50:00+00:00,300,300,0,299,0,0,54,0,0,0,2026-04-19 21:50:00+00:00,2026-04-19 21:55:00+00:00,2026-04-19 21:55:00.517688+00:00,300,True,Down,0,True
0xd30ce6ccc10523af54f3b69a3cd4bf09a33168f45a216821a3e641012a696398,2026-04-19 22:15:00+00:00,300,300,0,299,0,0,0,1,0,0,2026-04-19 22:15:00+00:00,2026-04-19 22:20:00+00:00,2026-04-19 22:20:00.462448+00:00,300,True,Up,1,True
0x8026166af9703ad3bd6df1c3f08f0c7e280d63cebadc98993747b859a1e99f87,2026-04-19 22:20:00+00:00,300,300,0,299,0,0,83,0,0,0,2026-04-19 22:20:00+00:00,2026-04-19 22:25:00+00:00,2026-04-19 22:25:00.468723+00:00,300,True,Down,0,True
0xe10bda4ccb0db0c160fc550c9a04c37a5fb1f18808ea6e97dc7a6440747928d3,2026-04-19 22:30:00+00:00,300,300,0,299,0,0,0,11,0,0,2026-04-19 22:30:00+00:00,2026-04-19 22:35:00+00:00,2026-04-19 22:35:00.508750+00:00,300,True,Up,1,True
0xe6950baf62f58cf4fa43e2d1a7b0ea27c5971dff59958a40ccc5bf862742897c,2026-04-19 22:35:00+00:00,300,300,0,299,0,0,0,27,0,0,2026-04-19 22:35:00+00:00,2026-04-19 22:40:00+00:00,2026-04-19 22:40:00.600370+00:00,300,True,Up,1,True
0x63cc2b2da49c3269b0172ef541661ee187b3d52e511a4971bf8147d7701992c3,2026-04-19 22:40:00+00:00,300,300,0,299,0,0,0,2,0,0,2026-04-19 22:40:00+00:00,2026-04-19 22:45:00+00:00,2026-04-19 22:45:00.664996+00:00,300,True,Up,1,True
0x8404c1e05353dbeb5a9e0cf7650ecd178cbcd4ef06a02ea593b96fe0a3d6d684,2026-04-19 22:50:00+00:00,300,300,0,299,0,0,0,15,0,0,2026-04-19 22:50:00+00:00,2026-04-19 22:55:00+00:00,2026-04-19 22:55:00.532940+00:00,300,True,Up,1,True
0xeb4e2fbe2b34843f69f36422e1f175cdf5f3fa73ed849fd9a8660f3f311d67ec,2026-04-19 22:55:00+00:00,300,300,0,299,0,0,5,0,0,0,2026-04-19 22:55:00+00:00,2026-04-19 23:00:00+00:00,2026-04-19 23:00:00.959779+00:00,300,True,Down,0,True
0x2982d8b49373c600c3310a4006223cc54796904f101af1f78e530ee177b3dab5,2026-04-19 23:00:00+00:00,300,300,0,299,0,0,111,0,0,0,2026-04-19 23:00:00+00:00,2026-04-19 23:05:00+00:00,2026-04-19 23:05:00.493974+00:00,300,True,Down,0,True
0xd601036371553bdbfe6ba0dcb02048089d7e2943198e321c8f9f12a0dcb5f1e1,2026-04-19 23:10:00+00:00,300,300,0,299,0,0,0,15,0,0,2026-04-19 23:10:00+00:00,2026-04-19 23:15:00+00:00,2026-04-19 23:15:00.618593+00:00,300,True,Up,1,True
0xf7361cd46c4005ee6f2fbf45109912e35cd38a5db31cdc960cbfaca7f1ba73a0,2026-04-19 23:15:00+00:00,300,300,0,299,0,0,18,0,0,0,2026-04-19 23:15:00+00:00,2026-04-19 23:20:00+00:00,2026-04-19 23:20:00.558130+00:00,300,True,Down,0,True
0x6050eb00df2a435a010e97779eeb396328319f727a1de66b4b9834a509e434ae,2026-04-19 23:20:00+00:00,300,300,0,299,0,0,4,0,0,0,2026-04-19 23:20:00+00:00,2026-04-19 23:25:00+00:00,2026-04-19 23:25:00.467409+00:00,300,True,Down,0,True
0xb1d780e611783cb8f5f9b230c79a879065ebc24955ffc2504e462389f49135ef,2026-04-19 23:30:00+00:00,300,300,0,299,0,0,1,0,0,0,2026-04-19 23:30:00+00:00,2026-04-19 23:35:00+00:00,2026-04-19 23:35:00.495453+00:00,300,True,Down,0,True
0x54125c3bd1761a2ed6fd83f1e931ba8c4f44cfad1e654b78d593d2bae5cb83fe,2026-04-19 23:35:00+00:00,300,300,0,299,0,0,0,0,0,0,2026-04-19 23:35:00+00:00,2026-04-19 23:40:00+00:00,2026-04-19 23:40:00.459973+00:00,300,True,Up,1,True
0xe3e706d236d6fc4e2a61abbfda4515dff1aa345b4a07814d15c05de902f6a07f,2026-04-19 23:40:00+00:00,300,300,0,299,0,0,0,0,0,0,2026-04-19 23:40:00+00:00,2026-04-19 23:45:00+00:00,2026-04-19 23:45:00.634614+00:00,300,True,Up,1,True
0x9cb06ae4d35b6d030d7f3a6dfd00356312b0ee42df218597b54fa663564513ae,2026-04-19 23:45:00+00:00,300,300,0,299,0,0,0,1,0,0,2026-04-19 23:45:00+00:00,2026-04-19 23:50:00+00:00,2026-04-19 23:50:00.420900+00:00,300,True,Up,1,True
0xb26a0429131ee3468e28c03c5df129e9550234fffadcdb0c3810cc497642fd46,2026-04-19 23:50:00+00:00,300,300,0,299,0,0,0,0,0,0,2026-04-19 23:50:00+00:00,2026-04-19 23:55:00+00:00,2026-04-19 23:55:00.412116+00:00,300,True,Up,1,True
0x50ef193c4ee89c3bce6fa94cb4076f24bd19b65724772544ba5ac1dd68274e2d,2026-04-19 23:55:00+00:00,300,300,0,299,0,0,43,0,0,0,2026-04-19 23:55:00+00:00,2026-04-20 00:00:00+00:00,2026-04-20 00:00:00.687975+00:00,300,True,Down,0,True
0x95dc3c616a6ff6a299c3bd54e4973239c00071ce91a8c1442f2ce8cd570340ef,2026-04-20 00:00:00+00:00,300,300,0,299,0,0,0,60,0,0,2026-04-20 00:00:00+00:00,2026-04-20 00:05:00+00:00,2026-04-20 00:05:00.476100+00:00,300,True,Up,1,True
0xac2f7d55d786bd00342225822fe6aa55999806f532bdfbab753b950fdbdc06de,2026-04-20 00:05:00+00:00,300,300,0,299,0,0,0,0,0,0,2026-04-20 00:05:00+00:00,2026-04-20 00:10:00+00:00,2026-04-20 00:10:00.526064+00:00,300,True,,0,True
0x1e0f3327f21445ab457b7a9a3d306db26c97d22db30863f539da6779b7b5dd1e,2026-04-20 00:10:00+00:00,300,300,0,299,0,0,2,0,0,0,2026-04-20 00:10:00+00:00,2026-04-20 00:15:00+00:00,2026-04-20 00:15:00.538291+00:00,300,True,Down,0,True
0x39f16fd91821a21e2f554afc140c537871d44fb26ed2dcaaf5fb5afa6394fc4f,2026-04-20 00:15:00+00:00,300,300,0,299,0,0,0,39,0,0,2026-04-20 00:15:00+00:00,2026-04-20 00:20:00+00:00,2026-04-20 00:20:00.507539+00:00,300,True,Up,1,True
0x6e85f549d9a5fd352b4e4111773d1b9884bd75f25c8bf1cc3bb4276ebfceac87,2026-04-20 00:25:00+00:00,300,300,0,299,0,0,1,0,0,0,2026-04-20 00:25:00+00:00,2026-04-20 00:30:00+00:00,2026-04-20 00:30:00.673497+00:00,300,True,Down,0,True
0xa059b693c6a9bab2f5128b91501e233e6bb13aa8d0436d538cf292fed36149fb,2026-04-20 00:30:00+00:00,300,300,0,299,0,0,2,0,0,0,2026-04-20 00:30:00+00:00,2026-04-20 00:35:00+00:00,2026-04-20 00:35:00.500099+00:00,300,True,Down,0,True
0xfc93e07821c14f0c527b920e31fa7f50a2e48b849deaad87ce94c65aa3290668,2026-04-20 00:45:00+00:00,300,300,0,299,0,0,0,13,0,0,2026-04-20 00:45:00+00:00,2026-04-20 00:50:00+00:00,2026-04-20 00:50:00.512796+00:00,300,True,Up,1,True
0xd5e11e0e9cc48d0d6e63546ff2c5f30016d6f40104f80350e05452dcf5ec47f5,2026-04-20 00:50:00+00:00,300,300,0,299,0,0,0,8,0,0,2026-04-20 00:50:00+00:00,2026-04-20 00:55:00+00:00,2026-04-20 00:55:00.543522+00:00,300,True,Up,1,True
0x78a3964f6cb0f316269b50fbfd6d4ae50b9f5ae7752117e4f6d9c476cd072244,2026-04-20 00:55:00+00:00,300,300,0,299,0,0,0,0,0,0,2026-04-20 00:55:00+00:00,2026-04-20 01:00:00+00:00,2026-04-20 01:00:00.907384+00:00,300,True,Down,0,True
0x9e1f1ef9057baade46aa86186846cd420abef62a5c22fc00edfde889e0b6b18e,2026-04-20 01:00:00+00:00,300,300,0,299,0,0,0,0,0,0,2026-04-20 01:00:00+00:00,2026-04-20 01:05:00+00:00,2026-04-20 01:05:00.513370+00:00,300,True,,1,True
0xc9f029f628e333e7439523aced2f870609f7c0170e31686087104fa137155f9d,2026-04-20 01:05:00+00:00,300,300,0,299,0,0,0,2,0,0,2026-04-20 01:05:00+00:00,2026-04-20 01:10:00+00:00,2026-04-20 01:10:00.447704+00:00,300,True,Up,1,True
0x0967e4977938f80b5d67fc37c871aeafe64020715bd67120d5dd0b65cfe2518f,2026-04-20 01:25:00+00:00,300,300,0,299,0,0,0,19,0,0,2026-04-20 01:25:00+00:00,2026-04-20 01:30:00+00:00,2026-04-20 01:30:00.613869+00:00,300,True,Up,1,True
0x9796628202f1dcdcd09775511cecda90151f0555e63fc462e38942ebd6cce554,2026-04-20 02:05:00+00:00,300,300,0,299,0,0,0,2,0,0,2026-04-20 02:05:00+00:00,2026-04-20 02:10:00+00:00,2026-04-20 02:10:00.492707+00:00,300,True,Up,1,True
0x69f78cc7f0cb19757c8d83649abd1c092b4ebfd72fdef98d65aa0e936e85ebaa,2026-04-20 02:10:00+00:00,300,300,0,299,0,0,56,0,0,0,2026-04-20 02:10:00+00:00,2026-04-20 02:15:00+00:00,2026-04-20 02:15:00.552096+00:00,300,True,Down,0,True
0xbfbfed7024b722075da477f76cc1275d9a0b38257698af5608d2af882d498a5e,2026-04-20 02:15:00+00:00,300,300,0,299,0,0,0,0,0,0,2026-04-20 02:15:00+00:00,2026-04-20 02:20:00+00:00,2026-04-20 02:20:00.389332+00:00,300,True,Down,0,True
0x871e49e67532d1192b75885a128ed9cea6ec3beb40b6250c25441d5d359ba443,2026-04-20 02:20:00+00:00,300,300,0,299,0,0,0,6,0,0,2026-04-20 02:20:00+00:00,2026-04-20 02:25:00+00:00,2026-04-20 02:25:00.463029+00:00,300,True,Up,1,True
0xde21fe12f7c8320fdf556e49cbf5497a8c2c8fb59db4b5d90742d333d73edef7,2026-04-20 02:25:00+00:00,300,300,0,299,0,0,0,0,0,0,2026-04-20 02:25:00+00:00,2026-04-20 02:30:00+00:00,2026-04-20 02:30:00.560700+00:00,300,True,Up,1,True
0x80eeac22236b6df17fbe04acefbe46e5cb6547fac568f215351fd0fb46f720d4,2026-04-20 02:30:00+00:00,300,300,0,299,0,0,0,2,0,0,2026-04-20 02:30:00+00:00,2026-04-20 02:35:00+00:00,2026-04-20 02:35:00.544572+00:00,300,True,Up,1,True
0x63d23d9b30f65bf25bd53d3b6961bef0208bce06108bfdc0872412b7da9f2104,2026-04-20 02:35:00+00:00,300,300,0,299,0,0,0,3,0,0,2026-04-20 02:35:00+00:00,2026-04-20 02:40:00+00:00,2026-04-20 02:40:00.552322+00:00,300,True,Up,1,True
0x1ebb05a06b44ac698e7f5b75ca92b163e6cb92463547d988f47f6567f1d21014,2026-04-20 02:40:00+00:00,300,300,0,299,0,0,0,1,0,0,2026-04-20 02:40:00+00:00,2026-04-20 02:45:00+00:00,2026-04-20 02:45:00.659897+00:00,300,True,Up,1,True
0xaa40411a59e8c8261e1143081c7297bbba95a9a853df010811e734403a25781a,2026-04-20 02:45:00+00:00,300,300,0,299,0,0,2,0,0,0,2026-04-20 02:45:00+00:00,2026-04-20 02:50:00+00:00,2026-04-20 02:50:00.509304+00:00,300,True,Down,0,True
0xe375fe60c5e4ba71dcbf451457b1cb1de8241f0307f1dd3af01e21c719763ecc,2026-04-20 02:50:00+00:00,300,300,0,299,0,0,0,0,0,0,2026-04-20 02:50:00+00:00,2026-04-20 02:55:00+00:00,2026-04-20 02:55:00.502679+00:00,300,True,,0,True
0x6caa03db0e18c9c9f197303d117993c25bd1186b979664ce387c542d364b0b9b,2026-04-20 02:55:00+00:00,300,300,0,299,0,0,42,0,0,0,2026-04-20 02:55:00+00:00,2026-04-20 03:00:00+00:00,2026-04-20 03:00:00.579818+00:00,300,True,Down,0,True
0xba0b89c2c0c74be3ad12c316f9ec1c81cbddfd5caf5b940610d817d81570f047,2026-04-20 03:05:00+00:00,300,300,0,299,0,0,0,1,0,0,2026-04-20 03:05:00+00:00,2026-04-20 03:10:00+00:00,2026-04-20 03:10:00.494848+00:00,300,True,Up,1,True
0xbd2b37c1aa5bf54e2e644e116a3eb21e12638b4ef3389e52b8aed3543263a55a,2026-04-20 03:10:00+00:00,300,300,0,299,0,0,0,17,0,0,2026-04-20 03:10:00+00:00,2026-04-20 03:15:00+00:00,2026-04-20 03:15:00.531160+00:00,300,True,Up,1,True
0xb4af76f047bb31297dbc252b8fae4cb36da74676b2a23d6e77c091d2fc5fe740,2026-04-20 03:15:00+00:00,300,300,0,299,0,0,2,0,0,0,2026-04-20 03:15:00+00:00,2026-04-20 03:20:00+00:00,2026-04-20 03:20:00.513658+00:00,300,True,Down,0,True
0x1717987f835139905aef408e30ed047f8ed37398e27b8d98ddd2a18c6b27a1d0,2026-04-20 03:30:00+00:00,300,300,0,299,0,0,0,1,0,0,2026-04-20 03:30:00+00:00,2026-04-20 03:35:00+00:00,2026-04-20 03:35:00.542091+00:00,300,True,Up,1,True
0x2ea5655e63e0ee2210e8e920870d3eb563d3fc9e956f348e20020472816a3193,2026-04-20 03:40:00+00:00,300,300,0,299,0,0,0,4,0,0,2026-04-20 03:40:00+00:00,2026-04-20 03:45:00+00:00,2026-04-20 03:45:00.682742+00:00,300,True,Up,1,True
0x5be69db9ed38499b16acd4cb2ce955171a1a27b956cb9c7b3505df8c948f2ea3,2026-04-20 04:15:00+00:00,300,300,0,299,0,0,3,0,0,0,2026-04-20 04:15:00+00:00,2026-04-20 04:20:00+00:00,2026-04-20 04:20:00.502739+00:00,300,True,Down,0,True
0xd15d691512909c3432c89456b987aaf9dedb5b2c8f50664d2ed311696945907a,2026-04-20 04:20:00+00:00,300,300,0,299,0,0,0,0,0,0,2026-04-20 04:20:00+00:00,2026-04-20 04:25:00+00:00,2026-04-20 04:25:00.486692+00:00,300,True,,0,True
0xba045d6242b6d81d5502bd271d1781e09236dfc2672431768e9f395dab086c6c,2026-04-20 04:35:00+00:00,300,300,0,299,0,0,3,0,0,0,2026-04-20 04:35:00+00:00,2026-04-20 04:40:00+00:00,2026-04-20 04:40:00.551389+00:00,300,True,Down,0,True
0x2578fb5f4adf7af5f55d52dfe3cc333a23d86accf47829909eb98239b4c437c2,2026-04-20 04:40:00+00:00,300,300,0,299,0,0,0,0,0,0,2026-04-20 04:40:00+00:00,2026-04-20 04:45:00+00:00,2026-04-20 04:45:00.766789+00:00,300,True,Down,0,True
0xbb29badb3a4b5b15299b3956c5f92571b2ce385f8378270f49baecc6964627eb,2026-04-20 04:45:00+00:00,300,300,0,299,0,0,0,22,0,0,2026-04-20 04:45:00+00:00,2026-04-20 04:50:00+00:00,2026-04-20 04:50:00.519688+00:00,300,True,Up,1,True
0xe5534c23eabee4b14410216d37ccc9f523f19a37c747fc4063b6743edd666a89,2026-04-20 04:50:00+00:00,300,300,0,299,0,0,0,0,0,0,2026-04-20 04:50:00+00:00,2026-04-20 04:55:00+00:00,2026-04-20 04:55:00.480876+00:00,300,True,Up,1,True
0x74787cb9c551c16c38b532a49f80ee3242473285469f9b34f3e52e7e29c442a0,2026-04-20 04:55:00+00:00,300,300,0,299,0,0,1,0,0,0,2026-04-20 04:55:00+00:00,2026-04-20 05:00:00+00:00,2026-04-20 05:00:00.762886+00:00,300,True,Down,0,True
0x48eb2ccf779e78e04d51a9588a0e1882c87c2f4a6dafe81ac40ddf8143a2cb77,2026-04-20 05:00:00+00:00,300,300,0,299,0,0,25,0,0,0,2026-04-20 05:00:00+00:00,2026-04-20 05:05:00+00:00,2026-04-20 05:05:00.524533+00:00,300,True,Down,0,True
0x6376f84c3063be9f5521819267ae88782871791fc90d4f1fdf4b0c0a5c5e28d2,2026-04-20 05:10:00+00:00,300,300,0,299,0,0,11,1,0,0,2026-04-20 05:10:00+00:00,2026-04-20 05:15:00+00:00,2026-04-20 05:15:00.598279+00:00,300,True,Up,1,True
0xa66c80942e7981fa53491b226926985c1bf92bdf7cf5b468acdbb13425790e99,2026-04-20 06:05:00+00:00,300,300,0,299,0,0,0,0,0,0,2026-04-20 06:05:00+00:00,2026-04-20 06:10:00+00:00,2026-04-20 06:10:00.458884+00:00,300,True,Down,0,True
0xbd185e753fc8c2768c41598ac67cf0bb6d6dd78d53e6d31356b8c0df9e4a458a,2026-04-20 06:40:00+00:00,300,300,0,299,0,0,0,170,0,0,2026-04-20 06:40:00+00:00,2026-04-20 06:45:00+00:00,2026-04-20 06:45:00.796941+00:00,300,True,Up,1,True
0x60e2e2c1230639d98aafdd57004127e09869702b6ee154e050dcc3488e46f69a,2026-04-20 07:10:00+00:00,300,300,0,299,0,0,0,4,0,0,2026-04-20 07:10:00+00:00,2026-04-20 07:15:00+00:00,2026-04-20 07:15:00.411910+00:00,300,True,Up,1,True
0x365b3df093f5417d7f3b287c470f15cd7601e4626c58c0074b8f651ffcf27ec5,2026-04-20 07:15:00+00:00,300,300,0,299,0,0,0,0,0,0,2026-04-20 07:15:00+00:00,2026-04-20 07:20:00+00:00,2026-04-20 07:20:00.425903+00:00,300,True,Up,1,True
0x144baacee4745c8947e9731d622e41ac0d223f809392be6e8156df27d6b474e9,2026-04-20 07:20:00+00:00,300,300,0,299,0,0,0,200,0,0,2026-04-20 07:20:00+00:00,2026-04-20 07:25:00+00:00,2026-04-20 07:25:00.410249+00:00,300,True,Up,1,True
0x0c7f86f6a9e57b9c7f32d24692b75536e226a9554a7910f20a897d70a834273b,2026-04-20 07:40:00+00:00,300,300,0,299,0,0,0,3,0,0,2026-04-20 07:40:00+00:00,2026-04-20 07:45:00+00:00,2026-04-20 07:45:00.516104+00:00,300,True,Up,1,True
0xb008ca63478c6969f37f1c68367f862ee1c1f8bf67ff7f9f4f4a0cddb2c3d545,2026-04-20 07:45:00+00:00,300,300,0,299,0,0,12,0,0,0,2026-04-20 07:45:00+00:00,2026-04-20 07:50:00+00:00,2026-04-20 07:50:00.396921+00:00,300,True,Down,0,True
0x2e253435a81e19780b9eb6c598b9335fe4077d51534fac36384aa28e431bc2ce,2026-04-20 07:50:00+00:00,300,300,0,299,0,0,48,0,0,0,2026-04-20 07:50:00+00:00,2026-04-20 07:55:00+00:00,2026-04-20 07:55:00.458718+00:00,300,True,Down,0,True
0x4d9fe62b205b57813f7759af6862f01628677ae82868efa2abbc44203c14648c,2026-04-20 08:00:00+00:00,300,300,0,299,0,0,54,0,0,0,2026-04-20 08:00:00+00:00,2026-04-20 08:05:00+00:00,2026-04-20 08:05:00.418470+00:00,300,True,Down,0,True
0x87bdde976a25da24480526f567d36b86ec432faf2a99bc47920e488fb882e6f3,2026-04-20 08:05:00+00:00,300,300,0,299,0,0,1,0,0,0,2026-04-20 08:05:00+00:00,2026-04-20 08:10:00+00:00,2026-04-20 08:10:00.731137+00:00,300,True,Down,0,True
0xbdf7d719f4b19805bd0c662862b331d0b17088c4e1521496eda253e831fc88b1,2026-04-20 08:10:00+00:00,300,300,0,299,0,0,0,87,0,0,2026-04-20 08:10:00+00:00,2026-04-20 08:15:00+00:00,2026-04-20 08:15:00.556130+00:00,300,True,Up,1,True
0x2ccaa644480c088faba0de0a1ea5558cc511764b1881141354d78ab81f1b4336,2026-04-20 08:25:00+00:00,300,300,0,299,0,0,3,0,0,0,2026-04-20 08:25:00+00:00,2026-04-20 08:30:00+00:00,2026-04-20 08:30:00.565780+00:00,300,True,Down,0,True
0xbf9a9c162e4a1ee148326f9ac24d0634f1f648cf192342b89b1434dec8bb4909,2026-04-20 08:30:00+00:00,300,300,0,299,0,0,0,32,0,0,2026-04-20 08:30:00+00:00,2026-04-20 08:35:00+00:00,2026-04-20 08:35:00.531702+00:00,300,True,Up,1,True
0x1397d6de96305b0a98b0f564b62c5fbec6deceef511f936ef3203c7b5b5363df,2026-04-20 08:35:00+00:00,300,300,0,299,0,0,48,0,0,0,2026-04-20 08:35:00+00:00,2026-04-20 08:40:00+00:00,2026-04-20 08:40:00.480960+00:00,300,True,Down,0,True
0x4b05b4f06dd9d3f51522a777164f4cbf6f22ac4f304da4810f0b10fe8985a70e,2026-04-20 08:40:00+00:00,300,300,0,299,0,0,0,19,0,0,2026-04-20 08:40:00+00:00,2026-04-20 08:45:00+00:00,2026-04-20 08:45:00.693964+00:00,300,True,Up,1,True
0xc1cb85b966648683c60fb990a8bb79801b43904df239463d9c76c2f20400d95b,2026-04-20 08:45:00+00:00,300,300,0,299,0,0,24,0,0,0,2026-04-20 08:45:00+00:00,2026-04-20 08:50:00+00:00,2026-04-20 08:50:00.426777+00:00,300,True,Down,0,True
0xb2de0092d47cc6856bb56cda88707579f7146180c2dcb10696f394b015d6e51b,2026-04-20 08:50:00+00:00,300,300,0,299,0,0,6,0,0,0,2026-04-20 08:50:00+00:00,2026-04-20 08:55:00+00:00,2026-04-20 08:55:00.525741+00:00,300,True,Down,0,True
0x0b9aea5de6e977e7689c5b43d12c269750f454afbb391825c7bc672762244a87,2026-04-20 08:55:00+00:00,300,300,0,299,0,0,0,7,0,0,2026-04-20 08:55:00+00:00,2026-04-20 09:00:00+00:00,2026-04-20 09:00:00.730078+00:00,300,True,Up,1,True
0xc03d639b83cce4dba8120c08ac138f71db2f924e4874be4a3d89dad82d8aad55,2026-04-20 09:00:00+00:00,300,300,0,299,0,0,0,0,0,0,2026-04-20 09:00:00+00:00,2026-04-20 09:05:00+00:00,2026-04-20 09:05:00.558885+00:00,300,True,,0,True
0x2f6c65404e51097e3f072346a5384438a6e2f546d2c0e332d141008354598b3d,2026-04-20 09:10:00+00:00,300,300,0,299,0,0,0,31,0,0,2026-04-20 09:10:00+00:00,2026-04-20 09:15:00+00:00,2026-04-20 09:15:00.454430+00:00,300,True,Up,1,True
0x628df3b58db6fb6ff042ae96e8745707342afe84f9b313437d499a45b82cbc9b,2026-04-20 09:15:00+00:00,300,300,0,299,0,0,0,1,0,0,2026-04-20 09:15:00+00:00,2026-04-20 09:20:00+00:00,2026-04-20 09:20:00.427402+00:00,300,True,Up,1,True
0x1ddb4f405aecce067856478b0a3d7fe0d4d9d32454b3604937e2c76ceaa17e45,2026-04-20 09:35:00+00:00,300,300,0,299,0,0,0,79,0,0,2026-04-20 09:35:00+00:00,2026-04-20 09:40:00+00:00,2026-04-20 09:40:00.578991+00:00,300,True,Up,1,True
0xf9ca30ab88aa0aa6122ff75fb009a61ecfc7ac3e3fc873f6d4d12bb99aaea054,2026-04-20 09:40:00+00:00,300,300,0,299,0,0,0,0,0,0,2026-04-20 09:40:00+00:00,2026-04-20 09:45:00+00:00,2026-04-20 09:45:00.761231+00:00,300,True,Up,1,True
0x76e3e44382f1edc704dea50512a79c099426054b54b5b17dbe84b512022f4b82,2026-04-20 09:55:00+00:00,300,300,0,299,0,0,0,0,0,0,2026-04-20 09:55:00+00:00,2026-04-20 10:00:00+00:00,2026-04-20 10:00:00.646421+00:00,300,True,Up,1,True
0xc1e1b7a4b6bde0da0516760b4d78b9008ab399ca80c8b3c0589d9ed93725ec9b,2026-04-20 10:00:00+00:00,300,300,0,299,0,0,0,67,0,0,2026-04-20 10:00:00+00:00,2026-04-20 10:05:00+00:00,2026-04-20 10:05:00.498837+00:00,300,True,Up,1,True
0x86bdc45ae7e9a6a22b4ad1377733769f163db1749690a081b11a13a59a9c3e42,2026-04-20 10:10:00+00:00,300,300,0,299,0,0,0,44,0,0,2026-04-20 10:10:00+00:00,2026-04-20 10:15:00+00:00,2026-04-20 10:15:00.539306+00:00,300,True,Up,1,True
0x9a3a80893577fd95eefbe0ae61351afb76e8b70fe93960a59cad97420389ac45,2026-04-20 10:30:00+00:00,300,300,0,299,0,0,57,0,0,0,2026-04-20 10:30:00+00:00,2026-04-20 10:35:00+00:00,2026-04-20 10:35:00.508395+00:00,300,True,Down,0,True
0x23e735ad469077f13ef47a30a11251e422e5256020446b081c4a0048f8dbab0c,2026-04-20 10:35:00+00:00,300,300,0,299,0,0,0,1,0,0,2026-04-20 10:35:00+00:00,2026-04-20 10:40:00+00:00,2026-04-20 10:40:00.531165+00:00,300,True,Up,1,True
0x6216f2c1182918783165756c998279577927c80e1ccd54aa1b05294bfee56b7c,2026-04-20 10:40:00+00:00,300,300,0,299,0,0,1,0,0,0,2026-04-20 10:40:00+00:00,2026-04-20 10:45:00+00:00,2026-04-20 10:45:00.514659+00:00,300,True,Down,0,True
0xd9ac9af94bfa3bb6c8acf1d1a0a5e8b94b5ec97000f73431daac768c6deb21ec,2026-04-20 10:45:00+00:00,300,300,0,299,0,0,8,0,0,0,2026-04-20 10:45:00+00:00,2026-04-20 10:50:00+00:00,2026-04-20 10:50:00.436183+00:00,300,True,Down,0,True
0xce7199ae2f402250122c0eb9b83031f56020dd59806e8e65aec6fcd8141acbdf,2026-04-20 10:50:00+00:00,300,300,0,299,0,0,0,0,0,0,2026-04-20 10:50:00+00:00,2026-04-20 10:55:00+00:00,2026-04-20 10:55:00.419209+00:00,300,True,Down,0,True
0x2da89475dd95ad397fb1073eb166d702554ebe197ff56af406352fd0256ca7a2,2026-04-20 10:55:00+00:00,300,300,0,299,0,0,56,0,0,0,2026-04-20 10:55:00+00:00,2026-04-20 11:00:00+00:00,2026-04-20 11:00:00.497236+00:00,300,True,Down,0,True
0xeee7e49dcd565a3f15eec13f43b1d5af77d66cbf87bb7f0a36b5a108b4380842,2026-04-20 11:05:00+00:00,300,300,0,299,0,0,0,83,0,0,2026-04-20 11:05:00+00:00,2026-04-20 11:10:00+00:00,2026-04-20 11:10:00.427684+00:00,300,True,Up,1,True
0xf3f9a98f05b61a752e94ba3e55b3d3c72f40d01f544e2eaacdf9e267b0a43062,2026-04-20 11:15:00+00:00,300,300,0,299,0,0,0,9,0,0,2026-04-20 11:15:00+00:00,2026-04-20 11:20:00+00:00,2026-04-20 11:20:00.481115+00:00,300,True,Up,1,True
0xb47923e8b007a239d9b27f02506867c553029f578ed1d6cdee827dd6caec5586,2026-04-20 11:20:00+00:00,300,300,0,299,0,0,5,0,0,0,2026-04-20 11:20:00+00:00,2026-04-20 11:25:00+00:00,2026-04-20 11:25:00.760314+00:00,300,True,,1,True
0x9fca0f20b318b6d49befd8422eded338ec7687d1fd97d09ecf070918fb690628,2026-04-20 11:25:00+00:00,300,300,0,299,0,0,1,0,0,0,2026-04-20 11:25:00+00:00,2026-04-20 11:30:00+00:00,2026-04-20 11:30:00.455865+00:00,300,True,Down,0,True
0xcb9498404482b38262db7355b886b20af0367ed7962793c91b0f9b3a8680d44f,2026-04-20 11:30:00+00:00,300,300,0,299,0,0,0,4,0,0,2026-04-20 11:30:00+00:00,2026-04-20 11:35:00+00:00,2026-04-20 11:35:00.956657+00:00,300,True,Up,1,True
0xfbca71dbc1b20ef7a83aee3031fc80b43716fb1e35057a746139b5cad8eceba5,2026-04-20 11:40:00+00:00,300,300,0,299,0,0,17,0,0,0,2026-04-20 11:40:00+00:00,2026-04-20 11:45:00+00:00,2026-04-20 11:45:00.550264+00:00,300,True,Down,0,True
0x64b408e43094c802ba0cc703a00d599433f61d600aa635e35831fa5036657373,2026-04-20 11:45:00+00:00,300,300,0,299,0,0,0,0,0,0,2026-04-20 11:45:00+00:00,2026-04-20 11:50:00+00:00,2026-04-20 11:50:00.428194+00:00,300,True,Up,1,True
0x033c902c275135d46fd970ad8f6604324a348066b5cfbe7b3c1c91abb047afc0,2026-04-20 11:50:00+00:00,300,300,0,299,0,0,8,0,0,0,2026-04-20 11:50:00+00:00,2026-04-20 11:55:00+00:00,2026-04-20 11:55:00.428704+00:00,300,True,Down,0,True
0x06882f43a39d8c919402c57aea852669c7a764f81f16c723a661ef3b35d7d714,2026-04-20 11:55:00+00:00,300,300,0,299,0,0,0,0,0,0,2026-04-20 11:55:00+00:00,2026-04-20 12:00:00+00:00,2026-04-20 12:00:05.387282+00:00,300,True,,0,True
0x749fce957d210276382221e9dfef176a6497fc9a701ebae1173fc750e4ad3788,2026-04-20 12:00:00+00:00,300,300,0,299,0,0,5,0,0,0,2026-04-20 12:00:00+00:00,2026-04-20 12:05:00+00:00,2026-04-20 12:05:00.437268+00:00,300,True,,0,True
0xce3ac1226b7709e5d13fa5e82e8d7a490e02c46de4301ba29e5d5301c85695db,2026-04-20 13:10:00+00:00,300,300,0,299,0,0,7,0,0,0,2026-04-20 13:10:00+00:00,2026-04-20 13:15:00+00:00,2026-04-20 13:15:00.438019+00:00,300,True,Down,0,True
0x57605225b135805d55fe9a7891801c000406ec3b4d660be306c6dd481e5b92a4,2026-04-20 13:15:00+00:00,300,300,0,299,0,0,64,0,0,0,2026-04-20 13:15:00+00:00,2026-04-20 13:20:00+00:00,2026-04-20 13:20:00.442147+00:00,300,True,Down,0,True
0xc03b8454ecb75bb77d4e488fc7f9f079a7438518c4e2229fe73605f25daae495,2026-04-20 13:25:00+00:00,300,300,0,299,0,0,0,81,0,0,2026-04-20 13:25:00+00:00,2026-04-20 13:30:00+00:00,2026-04-20 13:30:00.575687+00:00,300,True,Up,1,True
0xe1fce4f33c50485425e689a8fe502a2e6ce49e351318e3009e3efcde6b0f0866,2026-04-20 13:35:00+00:00,300,300,0,299,0,0,0,0,0,0,2026-04-20 13:35:00+00:00,2026-04-20 13:40:00+00:00,2026-04-20 13:40:00.467750+00:00,300,True,,0,True
0x18fd54828628b6f4fcc02e5caf8d882cafe18f11ce41c44dded0d3e074fc90c7,2026-04-20 13:45:00+00:00,300,300,0,299,0,0,38,0,0,0,2026-04-20 13:45:00+00:00,2026-04-20 13:50:00+00:00,2026-04-20 13:50:00.428280+00:00,300,True,Down,0,True
0x2679ed34c0ede07ca99d782091d8b434a02b1da3da8b6fc7245e21619f72af75,2026-04-20 13:50:00+00:00,300,300,0,299,0,0,6,0,0,0,2026-04-20 13:50:00+00:00,2026-04-20 13:55:00+00:00,2026-04-20 13:55:00.506204+00:00,300,True,Down,0,True
0xaf8c7bd0aa44a86bdeb57248a13143068853f76478370b5cca556fc79eceba87,2026-04-20 14:15:00+00:00,300,300,0,299,0,0,0,77,0,0,2026-04-20 14:15:00+00:00,2026-04-20 14:20:00+00:00,2026-04-20 14:20:00.476506+00:00,300,True,Up,1,True
0x054e3dfd660d440e90b188194c29582d80cedc9f48c699d5f0df2ecbcfe2c125,2026-04-20 14:40:00+00:00,300,300,0,299,0,0,78,0,0,0,2026-04-20 14:40:00+00:00,2026-04-20 14:45:00+00:00,2026-04-20 14:45:00.684384+00:00,300,True,Down,0,True
0xb52672ee8145c39086b6fb587c56701922f3bea988e803c2057d573d5e0c5fa6,2026-04-20 14:45:00+00:00,300,300,0,299,0,0,0,6,0,0,2026-04-20 14:45:00+00:00,2026-04-20 14:50:00+00:00,2026-04-20 14:50:00.487707+00:00,300,True,Up,1,True
0xfc1b357103a797dd6bccf3aa30807e7966370b810e18707a17aafd0522fc4551,2026-04-20 14:50:00+00:00,300,300,0,299,0,0,91,0,0,0,2026-04-20 14:50:00+00:00,2026-04-20 14:55:00+00:00,2026-04-20 14:55:00.433076+00:00,300,True,Down,0,True
0x20a05036c7ec62372dd34250f3acb85ea150631ab71810510dd0f8fb99196312,2026-04-20 15:10:00+00:00,300,300,0,299,0,0,0,0,0,0,2026-04-20 15:10:00+00:00,2026-04-20 15:15:00+00:00,2026-04-20 15:15:00.447707+00:00,300,True,,1,True
0xf5cbf6341e9847528e3227ad767e7315369992ffaf4e24ae2892ba90d0f3891e,2026-04-20 15:15:00+00:00,300,300,0,299,0,0,0,0,0,0,2026-04-20 15:15:00+00:00,2026-04-20 15:20:00+00:00,2026-04-20 15:20:00.593369+00:00,300,True,,1,True
0x601cfa1c2db8fcee222e97d5f60d4fdfec1f5a945095a7ef8505d3d30cfe9078,2026-04-20 15:25:00+00:00,300,300,0,299,0,0,0,0,0,0,2026-04-20 15:25:00+00:00,2026-04-20 15:30:00+00:00,2026-04-20 15:30:00.453165+00:00,300,True,,1,True
0x2e4648ddd2aa49d50013c044db74dbe13ee851227bbe92aee72da0509ecb527d,2026-04-20 15:30:00+00:00,300,300,0,299,0,0,0,0,0,0,2026-04-20 15:30:00+00:00,2026-04-20 15:35:00+00:00,2026-04-20 15:35:00.431816+00:00,300,True,,0,True
0xe20fcf2679f78db0be7b6d056d96c08544557bdb1d0c5555363eaf394be189a4,2026-04-20 15:40:00+00:00,300,300,0,299,0,0,0,0,0,0,2026-04-20 15:40:00+00:00,2026-04-20 15:45:00+00:00,2026-04-20 15:45:00.426255+00:00,300,True,,0,True
0x1939f005bda03160298af0663d6b062cc06dedfb8daf34b8d7c252443a740671,2026-04-20 15:45:00+00:00,300,300,0,299,0,0,0,0,0,0,2026-04-20 15:45:00+00:00,2026-04-20 15:50:00+00:00,2026-04-20 15:50:00.636847+00:00,300,True,,0,True
0xa4e1fef02c7aee342e7edaf4f98461dad65d212f55caf75ff5953d842665fe85,2026-04-20 15:55:00+00:00,300,300,0,299,0,0,0,0,0,0,2026-04-20 15:55:00+00:00,2026-04-20 16:00:00+00:00,2026-04-20 16:00:00.460270+00:00,300,True,,1,True
0x063c8ea3ad6e22d833fefbdbd39327cff489c78a22f74d75d9f7f907b5056f8e,2026-04-20 16:00:00+00:00,300,300,0,299,0,0,0,0,0,0,2026-04-20 16:00:00+00:00,2026-04-20 16:05:00+00:00,2026-04-20 16:05:00.434498+00:00,300,True,,0,True
0x29c685ea08036f3f0162168a8569d41a104c565e21021fca25e31c6191ca2d4b,2026-04-20 16:05:00+00:00,300,300,0,299,0,0,0,0,0,0,2026-04-20 16:05:00+00:00,2026-04-20 16:10:00+00:00,2026-04-20 16:10:00.404947+00:00,300,True,,0,True
0xd90065569f58b2f3aa2014369bb23e449d67abb4de0c0612d75b4d0c73278669,2026-04-20 16:10:00+00:00,300,300,0,299,0,0,0,0,0,0,2026-04-20 16:10:00+00:00,2026-04-20 16:15:00+00:00,2026-04-20 16:15:00.451678+00:00,300,True,,0,True
0x41538825bb8545dd906a70c8f85ffa6f7a505b8ff1f3c7d02c46616e98db14c3,2026-04-20 16:15:00+00:00,300,300,0,299,0,0,0,0,0,0,2026-04-20 16:15:00+00:00,2026-04-20 16:20:00+00:00,2026-04-20 16:20:00.513256+00:00,300,True,,1,True
0xbd82b403a87bba6f8216538117bd611b04f45e8a49f99550779bebf2c40dea30,2026-04-20 16:30:00+00:00,300,300,0,299,0,0,0,13,0,0,2026-04-20 16:30:00+00:00,2026-04-20 16:35:00+00:00,2026-04-20 16:35:00.442906+00:00,300,True,Up,1,True
0xf3a8a5b685ce2eab62379e441fc126111f4ccad2370d8338350f5a78f3f2ff24,2026-04-20 16:35:00+00:00,300,300,0,299,0,0,0,1,0,0,2026-04-20 16:35:00+00:00,2026-04-20 16:40:00+00:00,2026-04-20 16:40:00.548422+00:00,300,True,Up,1,True
0x9c4c4064cb24cc1667cd88de49ef273ca69d8a110396b5591a05cbb44e955871,2026-04-20 16:40:00+00:00,300,300,0,299,0,0,0,18,0,0,2026-04-20 16:40:00+00:00,2026-04-20 16:45:00+00:00,2026-04-20 16:45:00.543843+00:00,300,True,Up,1,True
0x19bb1c28efda263df5d4e49a1502e3f51c9a30e9a634521d2a319150868e36c5,2026-04-20 16:45:00+00:00,300,300,0,299,0,0,36,0,0,0,2026-04-20 16:45:00+00:00,2026-04-20 16:50:00+00:00,2026-04-20 16:50:00.471341+00:00,300,True,Down,0,True
0xf0eb1eabb048cee31a7b7c1fd7ab8c750d82156aa9cd493bb0ff07beea6befee,2026-04-20 16:50:00+00:00,300,300,0,299,0,0,0,2,0,0,2026-04-20 16:50:00+00:00,2026-04-20 16:55:00+00:00,2026-04-20 16:55:00.435715+00:00,300,True,Up,1,True
0xde2b83ab5dafad77ef583d4a75248347ddca4e252cf9abbf9450274c94347340,2026-04-20 17:05:00+00:00,300,300,0,299,0,0,0,69,0,0,2026-04-20 17:05:00+00:00,2026-04-20 17:10:00+00:00,2026-04-20 17:10:00.443468+00:00,300,True,Up,1,True
0x0b4924d6bad7ab3ed65c83fd3313e1e5bbb089b5105b40eb8eaa7635d77036f3,2026-04-20 17:45:00+00:00,300,300,0,299,0,0,0,50,0,0,2026-04-20 17:45:00+00:00,2026-04-20 17:50:00+00:00,2026-04-20 17:50:00.389933+00:00,300,True,Up,1,True
0x07543d4a6ce999746d1bc76ddda4d979a6471b2c41aa872b56ddc8133c85c00b,2026-04-20 18:10:00+00:00,300,300,0,299,0,0,0,0,0,0,2026-04-20 18:10:00+00:00,2026-04-20 18:15:00+00:00,2026-04-20 18:15:00.518575+00:00,300,True,Down,0,True
0x66cd2009b89588e699ff359d8d94dd7019b7c46c7058f1a98360f2d9995b7603,2026-04-20 18:20:00+00:00,300,300,0,299,0,0,32,0,0,0,2026-04-20 18:20:00+00:00,2026-04-20 18:25:00+00:00,2026-04-20 18:25:00.508803+00:00,300,True,Down,0,True
0xd0ed07d44b2d8194c5d97393237cf913340adb29d6fd68a2b85757e6fbb97950,2026-04-20 18:30:00+00:00,300,300,0,299,0,0,0,1,0,0,2026-04-20 18:30:00+00:00,2026-04-20 18:35:00+00:00,2026-04-20 18:35:00.644511+00:00,300,True,Up,1,True
0x71d63db76b651ce8b13d2c27238278dcf7b86f41fb5a66d867a3e2892b918a84,2026-04-20 18:35:00+00:00,300,300,0,299,0,0,33,0,0,0,2026-04-20 18:35:00+00:00,2026-04-20 18:40:00+00:00,2026-04-20 18:40:00.552801+00:00,300,True,Down,0,True
0x8d29c266e54ebefa16940dcf581514ffa417d73bb9e4ff41734fc4f194fd1118,2026-04-20 18:50:00+00:00,300,300,0,299,0,0,0,91,0,0,2026-04-20 18:50:00+00:00,2026-04-20 18:55:00+00:00,2026-04-20 18:55:00.448068+00:00,300,True,Up,1,True
0xcc9128f4097904f0dc71823192283fad7ba9074fee058710ded677027c2b9937,2026-04-20 19:35:00+00:00,300,300,0,299,0,0,0,3,0,0,2026-04-20 19:35:00+00:00,2026-04-20 19:40:00+00:00,2026-04-20 19:40:00.506749+00:00,300,True,Up,1,True
0xf2bbb23d22538d577891706c5654d9e222363ef1f6d6a68733d0fffcc42d9730,2026-04-20 19:40:00+00:00,300,300,0,299,0,0,0,0,0,0,2026-04-20 19:40:00+00:00,2026-04-20 19:45:00+00:00,2026-04-20 19:45:00.697480+00:00,300,True,,0,True
0xb3c3a92886f275584fec50c5492bd77480341b1a52594cdece3c1a4fd82e4f33,2026-04-20 19:45:00+00:00,300,300,0,299,0,0,0,1,0,0,2026-04-20 19:45:00+00:00,2026-04-20 19:50:00+00:00,2026-04-20 19:50:00.519363+00:00,300,True,Up,1,True
0xe20a77071eccf56bb3f110fb4c4f2aed0767eba755479a9135b3e05098a13689,2026-04-20 19:50:00+00:00,300,300,0,299,0,0,1,0,0,0,2026-04-20 19:50:00+00:00,2026-04-20 19:55:00+00:00,2026-04-20 19:55:00.417872+00:00,300,True,Down,0,True
0x1797d1d17ea584dc57134e6eb78c87628ea456603348c48ede16addec08834cb,2026-04-20 19:55:00+00:00,300,300,0,299,0,0,0,9,0,0,2026-04-20 19:55:00+00:00,2026-04-20 20:00:00+00:00,2026-04-20 20:00:00.608564+00:00,300,True,Up,1,True
0x2fb069e7d3edf1bfad465f0f546ca6bb59dee43778c652e3272aba1cebe87807,2026-04-20 20:20:00+00:00,300,300,0,299,0,0,0,8,0,0,2026-04-20 20:20:00+00:00,2026-04-20 20:25:00+00:00,2026-04-20 20:25:00.704379+00:00,300,True,Up,1,True
0xd0b9395754ae629dd0987ba05d59f567e3a11c81ccf47d2eb572a1d64072a477,2026-04-20 20:25:00+00:00,300,300,0,299,0,0,40,0,0,0,2026-04-20 20:25:00+00:00,2026-04-20 20:30:00+00:00,2026-04-20 20:30:00.573685+00:00,300,True,Down,0,True
0x7d27f67f7836995e5b259cd53a62eb719ff2d400c471b6bd6f8c80f6893e0597,2026-04-20 20:35:00+00:00,300,300,0,299,0,0,0,0,0,0,2026-04-20 20:35:00+00:00,2026-04-20 20:40:00+00:00,2026-04-20 20:40:00.461359+00:00,300,True,,1,True
0x236a2d79d5ef877b9560facb63fd2d4dfbba80b10ac056ecd34d10353d1a97a6,2026-04-20 20:55:00+00:00,300,300,0,299,0,0,1,0,0,0,2026-04-20 20:55:00+00:00,2026-04-20 21:00:00+00:00,2026-04-20 21:00:00.674407+00:00,300,True,Down,0,True
0xa9c1c7b9cce005ce1b4946c17a1bf1fd7a2a8f8c5e408075990ba73cb1411fcb,2026-04-20 21:05:00+00:00,300,300,0,299,0,0,51,0,0,0,2026-04-20 21:05:00+00:00,2026-04-20 21:10:00+00:00,2026-04-20 21:10:00.549993+00:00,300,True,Down,0,True
0x46928d0967507193a8ec5b09f5362c91c44625df99ec79832535951fd2082906,2026-04-20 21:25:00+00:00,300,300,0,299,0,0,4,0,0,0,2026-04-20 21:25:00+00:00,2026-04-20 21:30:00+00:00,2026-04-20 21:30:00.605722+00:00,300,True,Down,0,True
0xe6cded5671ed318b94cae537bec285fe14dfff4c647bd32177b632c8ca37daaa,2026-04-20 21:30:00+00:00,300,300,0,299,0,0,43,0,0,0,2026-04-20 21:30:00+00:00,2026-04-20 21:35:00+00:00,2026-04-20 21:35:00.438880+00:00,300,True,Down,0,True
0x63010c2c853b90319cca96dc63a0c92c6241cc9fef7382dc3d9f70c42a1ac5fa,2026-04-20 21:45:00+00:00,300,300,0,299,0,0,0,1,0,0,2026-04-20 21:45:00+00:00,2026-04-20 21:50:00+00:00,2026-04-20 21:50:00.543004+00:00,300,True,Up,1,True
0xa9543aec3777b78eeb3c3acd212082e0f8b6d8cdcb0b5bc230d5d9b50f6110a6,2026-04-20 21:50:00+00:00,300,300,0,299,0,0,0,15,0,0,2026-04-20 21:50:00+00:00,2026-04-20 21:55:00+00:00,2026-04-20 21:55:00.531370+00:00,300,True,Up,1,True
0x59c72db833a398a79bca2ba2e22bd75382db7263e7fb0e058f9bd6eb7e5ea080,2026-04-20 21:55:00+00:00,300,300,0,299,0,0,0,1,0,0,2026-04-20 21:55:00+00:00,2026-04-20 22:00:00+00:00,2026-04-20 22:00:00.834161+00:00,300,True,Up,1,True
0x258154bbdb06f4ee14506181a1c8fd021ecf0c09fb919cb9f51c105e5da7187f,2026-04-20 22:00:00+00:00,300,300,0,299,0,0,0,43,0,0,2026-04-20 22:00:00+00:00,2026-04-20 22:05:00+00:00,2026-04-20 22:05:00.553030+00:00,300,True,Up,1,True
0x19d11183337790530889dc32332a1195ba8228963a5d320bcbb112d5c7de601f,2026-04-20 22:20:00+00:00,300,300,0,299,0,0,0,3,0,0,2026-04-20 22:20:00+00:00,2026-04-20 22:25:00+00:00,2026-04-20 22:25:00.523160+00:00,300,True,Up,1,True
0xa92a0e9141c90d529f3580a50e4aafb6814e080f04d9d0cb8ef7fabe02af67ea,2026-04-20 22:30:00+00:00,300,300,0,299,0,0,0,50,0,0,2026-04-20 22:30:00+00:00,2026-04-20 22:35:00+00:00,2026-04-20 22:35:00.864340+00:00,300,True,Up,1,True
0xdf655b25c0871243be85b9f8449214a3eb166fa2c656a8b98876b77a5d06340e,2026-04-20 22:35:00+00:00,300,300,0,299,0,0,4,0,0,0,2026-04-20 22:35:00+00:00,2026-04-20 22:40:00+00:00,2026-04-20 22:40:00.487013+00:00,300,True,Down,0,True
0xc2e20b322ffe4c358412e3aed5e617c851a0a83cd282440314860c4ce1e23967,2026-04-20 22:40:00+00:00,300,300,0,299,0,0,7,0,0,0,2026-04-20 22:40:00+00:00,2026-04-20 22:45:00+00:00,2026-04-20 22:45:00.547976+00:00,300,True,Down,0,True
0x22dc63c203ce7fdee7fd29bb890018ef44e19ac421a7fe143ba992a3e2a8ab0b,2026-04-20 22:55:00+00:00,300,300,0,299,0,0,0,3,0,0,2026-04-20 22:55:00+00:00,2026-04-20 23:00:00+00:00,2026-04-20 23:00:00.893937+00:00,300,True,Up,1,True
0xe343f0bbb8c5fa889fa693167539cdad850d8d904d86d4c7935108b751d34cc7,2026-04-20 23:00:00+00:00,300,300,0,299,0,0,126,0,0,0,2026-04-20 23:00:00+00:00,2026-04-20 23:05:00+00:00,2026-04-20 23:05:00.471209+00:00,300,True,Down,0,True
0x1eeb4a987451c4629f9af280a606609a26287ce91fa397bba669c24cb2693955,2026-04-20 23:05:00+00:00,300,300,0,299,0,0,10,0,0,0,2026-04-20 23:05:00+00:00,2026-04-20 23:10:00+00:00,2026-04-20 23:10:00.523342+00:00,300,True,Down,0,True
0x5a84281f4d1f2955f14a3aac2abe348c674a7d01dec1abd376b48f11dfd26eec,2026-04-20 23:20:00+00:00,300,300,0,299,0,0,0,17,0,0,2026-04-20 23:20:00+00:00,2026-04-20 23:25:00+00:00,2026-04-20 23:25:00.509929+00:00,300,True,Up,1,True
0x1b248d5c811237f63a266ebade429ccc8fc51d94b2efc15d2a6fd3bedbbafb21,2026-04-20 23:45:00+00:00,300,300,0,299,0,0,0,33,0,0,2026-04-20 23:45:00+00:00,2026-04-20 23:50:00+00:00,2026-04-20 23:50:00.516715+00:00,300,True,Up,1,True
0x80cd3b4b329ec2b17f421a6453e7695c551b6ccc17e91e11e4aae851a20f023e,2026-04-20 23:50:00+00:00,300,300,0,299,0,0,0,1,0,0,2026-04-20 23:50:00+00:00,2026-04-20 23:55:00+00:00,2026-04-20 23:55:00.486413+00:00,300,True,Up,1,True
0x361a125443279bdb8f29389ff45ed61c749c4334e4b095757c0cb8e1162dea42,2026-04-20 23:55:00+00:00,300,300,0,299,0,0,8,0,0,0,2026-04-20 23:55:00+00:00,2026-04-21 00:00:00+00:00,2026-04-21 00:00:00.734873+00:00,300,True,Down,0,True
0x59a39407e40103b123011fc22869e245e0da3f824eb1d9dde11b9e88ce0cb665,2026-04-21 00:00:00+00:00,300,300,0,299,0,0,0,0,0,0,2026-04-21 00:00:00+00:00,2026-04-21 00:05:00+00:00,2026-04-21 00:05:00.524098+00:00,300,True,Down,0,True
0xa75d9cfd02545f64881b0099976ef9a30f33394119302945797f481170f26744,2026-04-21 00:05:00+00:00,300,300,0,299,0,0,41,0,0,0,2026-04-21 00:05:00+00:00,2026-04-21 00:10:00+00:00,2026-04-21 00:10:00.473935+00:00,300,True,Down,0,True
0x17a44c3cdc9b65e5270200b76dcb6286459564b3e65b9e35372a778b18eddd32,2026-04-21 00:15:00+00:00,300,300,0,299,0,0,0,0,0,0,2026-04-21 00:15:00+00:00,2026-04-21 00:20:00+00:00,2026-04-21 00:20:00.500710+00:00,300,True,,1,True
0x501d772341b16e9668b67979f4cfbd1bd0e1b3f4542d475854b9bb8f3beecb75,2026-04-21 00:55:00+00:00,300,300,0,299,0,0,0,101,0,0,2026-04-21 00:55:00+00:00,2026-04-21 01:00:00+00:00,2026-04-21 01:00:00.760178+00:00,300,True,Up,1,True
0x2726722c79b05b347bfc2af27aa008572346e7610a97cba8c828f940b1a0b11d,2026-04-21 01:00:00+00:00,300,300,0,299,0,0,0,2,0,0,2026-04-21 01:00:00+00:00,2026-04-21 01:05:00+00:00,2026-04-21 01:05:00.434011+00:00,300,True,Up,1,True
0x3fd6a831004fc6a8d9e587f5e61e2a2d8e0496ff22ee4290932736db8aaaab83,2026-04-21 01:05:00+00:00,300,300,0,299,0,0,0,32,0,0,2026-04-21 01:05:00+00:00,2026-04-21 01:10:00+00:00,2026-04-21 01:10:00.406219+00:00,300,True,Up,1,True
0xdea05619e65f4634f92dbb9e6fcfa79944218f57f03c6f10844c2711c6582ed5,2026-04-21 01:15:00+00:00,300,300,0,299,0,0,53,0,0,0,2026-04-21 01:15:00+00:00,2026-04-21 01:20:00+00:00,2026-04-21 01:20:00.545410+00:00,300,True,Down,0,True
0x190956063cb90f9320da685cc8a51dc0e3f8917d383cabbde3145d4e11f58709,2026-04-21 01:30:00+00:00,300,300,0,299,0,0,0,1,0,0,2026-04-21 01:30:00+00:00,2026-04-21 01:35:00+00:00,2026-04-21 01:35:00.478343+00:00,300,True,Down,0,True
0x609655edb19d88115b0e3808fe1ca61da0792cd8cde57efc551f0919ac67b09e,2026-04-21 01:45:00+00:00,300,300,0,299,0,0,5,0,0,0,2026-04-21 01:45:00+00:00,2026-04-21 01:50:00+00:00,2026-04-21 01:50:00.477446+00:00,300,True,Down,0,True
0x4451cd146d8f34bb98a0b965e0d2f02b5c5db885bab78d3429a9c8c3a1bdad84,2026-04-21 01:55:00+00:00,300,300,0,299,0,0,0,2,0,0,2026-04-21 01:55:00+00:00,2026-04-21 02:00:00+00:00,2026-04-21 02:00:00.864902+00:00,300,True,Up,1,True
0x2579e49be15f2f0dc0cd7e47e3737c6fdf5c192c68b37542f3ff4767344572c0,2026-04-21 02:15:00+00:00,300,300,0,299,0,0,0,0,0,0,2026-04-21 02:15:00+00:00,2026-04-21 02:20:00+00:00,2026-04-21 02:20:00.538706+00:00,300,True,,1,True
0x6fa43fb6737f5c505ffd3a13a3d8844101a18777e35d915ec299e6b473d4f457,2026-04-21 02:35:00+00:00,300,300,0,299,0,0,22,0,0,0,2026-04-21 02:35:00+00:00,2026-04-21 02:40:00+00:00,2026-04-21 02:40:00.552714+00:00,300,True,Down,0,True
0xf9ecbf8933a3e9bad508b57ce2af60cbdcc70c7b2ecfb79685d78d4dcb537eaf,2026-04-21 02:40:00+00:00,300,300,0,299,0,0,8,0,0,0,2026-04-21 02:40:00+00:00,2026-04-21 02:45:00+00:00,2026-04-21 02:45:00.663000+00:00,300,True,Down,0,True
0x78ffb630caffb3153a5289caba3416e5486ba78646763563bb80d0bc88636445,2026-04-21 02:50:00+00:00,300,300,0,299,0,0,0,0,0,0,2026-04-21 02:50:00+00:00,2026-04-21 02:55:00+00:00,2026-04-21 02:55:00.506946+00:00,300,True,Up,1,True
0x497e1e8afe196aff36a18d663253f80387fa146c747411f7e89b42e5362141e1,2026-04-21 03:00:00+00:00,300,300,0,299,0,0,0,2,0,0,2026-04-21 03:00:00+00:00,2026-04-21 03:05:00+00:00,2026-04-21 03:05:00.494915+00:00,300,True,Up,1,True
0xb8dbad8534b64562a73fd5796cfa03b594f59e73851b9db3f6c5917595801716,2026-04-21 03:10:00+00:00,300,300,0,299,0,0,8,0,0,0,2026-04-21 03:10:00+00:00,2026-04-21 03:15:00+00:00,2026-04-21 03:15:00.515956+00:00,300,True,Down,0,True
0x4a074f2d0c06b8ace7f039a53128a7524263f4cf90241febd66190e3b596ee25,2026-04-21 03:15:00+00:00,300,300,0,299,0,0,11,0,0,0,2026-04-21 03:15:00+00:00,2026-04-21 03:20:00+00:00,2026-04-21 03:20:00.410215+00:00,300,True,Down,0,True
0x042d4310d525e3fddfcaf2a4fb6b40d752f66da9926422381c788b1345261be5,2026-04-21 03:30:00+00:00,300,300,0,299,0,0,0,15,0,0,2026-04-21 03:30:00+00:00,2026-04-21 03:35:00+00:00,2026-04-21 03:35:00.502415+00:00,300,True,Up,1,True
0x2809427d70a1ac3d4cf22e9249cc31da33cfb02f5a14a959ae6dab5697ab2fd9,2026-04-21 03:50:00+00:00,300,300,0,299,0,0,0,17,0,0,2026-04-21 03:50:00+00:00,2026-04-21 03:55:00+00:00,2026-04-21 03:55:00.450702+00:00,300,True,Up,1,True
0x6594368e895adbbeae8a46482968f8b8d4e54e91c0757fdd0036e8c402a03216,2026-04-21 03:55:00+00:00,300,300,0,299,0,0,0,2,0,0,2026-04-21 03:55:00+00:00,2026-04-21 04:00:00+00:00,2026-04-21 04:00:00.789656+00:00,300,True,Up,1,True
0xcf1221c1e52721707732b175024f8f4d3f65caf20c1d979be09c59de39c3cf49,2026-04-21 04:00:00+00:00,300,300,0,299,0,0,0,1,0,0,2026-04-21 04:00:00+00:00,2026-04-21 04:05:00+00:00,2026-04-21 04:05:00.564610+00:00,300,True,Up,1,True
0x37bd81d9e51bca3ecf29ad6cb1fefb128afaa8161570452eefb0e1ec95313caa,2026-04-21 04:05:00+00:00,300,300,0,299,0,0,17,0,0,0,2026-04-21 04:05:00+00:00,2026-04-21 04:10:00+00:00,2026-04-21 04:10:00.503777+00:00,300,True,Down,0,True
0x6966b800ac901340fe6143329ea59c1aa72ffa1073437647bf2fee298138277e,2026-04-21 04:30:00+00:00,300,300,0,299,0,0,1,0,0,0,2026-04-21 04:30:00+00:00,2026-04-21 04:35:00+00:00,2026-04-21 04:35:00.647456+00:00,300,True,Down,0,True
0xa3ff75a8b8afec5985cf80f00b7a8562894cc7918452923013985fa4bdb26390,2026-04-21 04:35:00+00:00,300,300,0,299,0,0,0,2,0,0,2026-04-21 04:35:00+00:00,2026-04-21 04:40:00+00:00,2026-04-21 04:40:00.529707+00:00,300,True,Up,1,True
0x045acea04cc6ff927576cfe049229046797d0a68bc9a710978a4ec4ef6e8da54,2026-04-21 04:40:00+00:00,300,300,0,299,0,0,2,0,0,0,2026-04-21 04:40:00+00:00,2026-04-21 04:45:00+00:00,2026-04-21 04:45:00.839792+00:00,300,True,Down,0,True
0xf53eb573ebeb91df1b6222b6aff90fd24b3dcc90fbf31b68a00840340d31316c,2026-04-21 04:45:00+00:00,300,300,0,299,0,0,0,1,0,0,2026-04-21 04:45:00+00:00,2026-04-21 04:50:00+00:00,2026-04-21 04:50:00.557464+00:00,300,True,Up,1,True
0x1e9e1ef1e796b08aec837af6ccab84ec046d5f6c8ed2036ae6c698cd2941ea4e,2026-04-21 05:40:00+00:00,300,300,0,299,0,0,0,2,0,0,2026-04-21 05:40:00+00:00,2026-04-21 05:45:00+00:00,2026-04-21 05:45:00.587849+00:00,300,True,Up,1,True
0xa68ddbfe50f618559f9f15bdca98e7edf4ec0f3d53cd59b73c115e790c0e1345,2026-04-21 05:45:00+00:00,300,300,0,299,0,0,9,0,0,0,2026-04-21 05:45:00+00:00,2026-04-21 05:50:00+00:00,2026-04-21 05:50:00.514188+00:00,300,True,Down,0,True
0x8cd4d42b326d08b149550640c55898a342bb8b33e2702124129f74d56b27ace6,2026-04-21 05:55:00+00:00,300,300,0,299,0,0,3,0,0,0,2026-04-21 05:55:00+00:00,2026-04-21 06:00:00+00:00,2026-04-21 06:00:00.534439+00:00,300,True,Down,0,True
0x5b39d90227651e54eaf2de3992e5d36b38a57c9660828c41008ea8476d902ed2,2026-04-21 06:00:00+00:00,300,300,0,299,0,0,2,0,0,0,2026-04-21 06:00:00+00:00,2026-04-21 06:05:00+00:00,2026-04-21 06:05:00.564715+00:00,300,True,Down,0,True
0xf311a150a36c927fe03ac99ed24fb41875f3cec7cea449b9132559fc08c2c320,2026-04-21 06:05:00+00:00,300,300,0,299,0,0,0,0,0,0,2026-04-21 06:05:00+00:00,2026-04-21 06:10:00+00:00,2026-04-21 06:10:00.467438+00:00,300,True,Up,1,True
0x00039cead3a346ec82e50412ca6fdd2353e65ee5c425fb7309e99f6d15b57553,2026-04-21 06:10:00+00:00,300,300,0,299,0,0,0,2,0,0,2026-04-21 06:10:00+00:00,2026-04-21 06:15:00+00:00,2026-04-21 06:15:00.601678+00:00,300,True,Up,1,True
0x4c9e6997e8b4c9872c24b00f0f7e8a9fcb14fb5d9bb80face01848156e140d6d,2026-04-21 06:15:00+00:00,300,300,0,299,0,0,8,0,0,0,2026-04-21 06:15:00+00:00,2026-04-21 06:20:00+00:00,2026-04-21 06:20:00.544916+00:00,300,True,Down,0,True
0x04a77d6650aa5c00bad3dc56246c63f65919883c567db1f341d27c56adab2c8a,2026-04-21 06:20:00+00:00,300,300,0,299,0,0,0,0,0,0,2026-04-21 06:20:00+00:00,2026-04-21 06:25:00+00:00,2026-04-21 06:25:00.519858+00:00,300,True,Down,0,True
0x60b67d5ac0ef630644f0dda0b103b40f146308c06153171fb634ae7e79675f9c,2026-04-21 06:25:00+00:00,300,300,0,299,0,0,0,19,0,0,2026-04-21 06:25:00+00:00,2026-04-21 06:30:00+00:00,2026-04-21 06:30:00.607822+00:00,300,True,Up,1,True
0xaa765965aa55522462c18f0ad7cdf443f4e64ce60822bff6e62a2038cd7d54d1,2026-04-21 06:30:00+00:00,300,300,0,299,0,0,0,105,0,0,2026-04-21 06:30:00+00:00,2026-04-21 06:35:00+00:00,2026-04-21 06:35:00.550529+00:00,300,True,Up,1,True
0x78a1db793bb524241d763a18086dea1c0a6c52163447402fb0ef929984313434,2026-04-21 07:05:00+00:00,300,300,0,299,0,0,0,0,0,0,2026-04-21 07:05:00+00:00,2026-04-21 07:10:00+00:00,2026-04-21 07:10:00.441072+00:00,300,True,,1,True
0xb1c38242b53a2dcca9aed24988c1a04c6276dd6f39584186a848ff19db3e45f3,2026-04-21 07:10:00+00:00,300,300,0,299,0,0,0,35,0,0,2026-04-21 07:10:00+00:00,2026-04-21 07:15:00+00:00,2026-04-21 07:15:00.552954+00:00,300,True,Up,1,True
0x73d0bdf2c20d0574053c7c81d6de2f613449d5b3ed5444776ab952f46153e492,2026-04-21 07:15:00+00:00,300,300,0,299,0,0,0,48,0,0,2026-04-21 07:15:00+00:00,2026-04-21 07:20:00+00:00,2026-04-21 07:20:00.675458+00:00,300,True,Up,1,True
0x436682845ef45ea6083567ebee4411d99a2f260461a72482888000ebb7d490ca,2026-04-21 07:20:00+00:00,300,300,0,299,0,0,0,37,0,0,2026-04-21 07:20:00+00:00,2026-04-21 07:25:00+00:00,2026-04-21 07:25:00.478971+00:00,300,True,Up,1,True
0xa18de9413cdeec04d4562b1e8e1b25b0f9566f69791ad5b6c99c95b13520e6ec,2026-04-21 07:50:00+00:00,300,300,0,299,0,0,46,0,0,0,2026-04-21 07:50:00+00:00,2026-04-21 07:55:00+00:00,2026-04-21 07:55:00.512297+00:00,300,True,Down,0,True
0xa233e0c8f1b88cae89227e2b9f48b92aa978d4dfd5c12f9d5259bd5a982e8566,2026-04-21 08:00:00+00:00,300,300,0,299,0,0,0,14,0,0,2026-04-21 08:00:00+00:00,2026-04-21 08:05:00+00:00,2026-04-21 08:05:00.556715+00:00,300,True,Up,1,True
0xb8ddac78db00c9e2ce0597a0997093eb16aca9786eec45aaf21bf7c16bc4686f,2026-04-21 08:05:00+00:00,300,300,0,299,0,0,0,3,0,0,2026-04-21 08:05:00+00:00,2026-04-21 08:10:00+00:00,2026-04-21 08:10:00.554006+00:00,300,True,Up,1,True
0x004a81e30303a2a2ab93e9c230e1084dc64de285608deb92b76ae5690a5910f4,2026-04-21 08:10:00+00:00,300,300,0,299,0,0,6,0,0,0,2026-04-21 08:10:00+00:00,2026-04-21 08:15:00+00:00,2026-04-21 08:15:00.558470+00:00,300,True,Down,0,True
0x7916e578ec4fb91c67766dbb0542a63e85da40936d4d1b68d82484510e0d4738,2026-04-21 08:20:00+00:00,300,300,0,299,0,0,0,73,0,0,2026-04-21 08:20:00+00:00,2026-04-21 08:25:00+00:00,2026-04-21 08:25:00.508924+00:00,300,True,Up,1,True
0xb4c209721bab8bbfeb1b5ad67a0da364afee6e0097e2fb4027705dab30752ac0,2026-04-21 08:40:00+00:00,300,300,0,299,0,0,0,102,0,0,2026-04-21 08:40:00+00:00,2026-04-21 08:45:00+00:00,2026-04-21 08:45:00.694044+00:00,300,True,Up,1,True
0xb4766e7eece4bb16709e758fab59a2a24c49ba190895523da0c8371d9b5dd9f6,2026-04-21 09:00:00+00:00,300,300,0,299,0,0,54,0,0,0,2026-04-21 09:00:00+00:00,2026-04-21 09:05:00+00:00,2026-04-21 09:05:00.515443+00:00,300,True,Down,0,True
0xfaae5a66c494dbe633e6448b50583c0dce4f4a44cd3bfc395e5f49f9f825c64b,2026-04-21 09:05:00+00:00,300,300,0,299,0,0,0,0,0,0,2026-04-21 09:05:00+00:00,2026-04-21 09:10:00+00:00,2026-04-21 09:10:00.491307+00:00,300,True,,0,True
0xee01758d294e792789fe3a989cb516fe6d6970c1f953511c4263cf408106901b,2026-04-21 09:25:00+00:00,300,300,0,299,0,0,73,0,0,0,2026-04-21 09:25:00+00:00,2026-04-21 09:30:00+00:00,2026-04-21 09:30:00.601481+00:00,300,True,Down,0,True
0x7442f9334b2d4e65e5bbb4cabf0c8db097f6e65e7587950ebda0b30c5a484992,2026-04-21 09:30:00+00:00,300,300,0,299,0,0,2,0,0,0,2026-04-21 09:30:00+00:00,2026-04-21 09:35:00+00:00,2026-04-21 09:35:00.582714+00:00,300,True,Down,0,True
0x71d1e3c61482bcba0aae0d03a64e00d19bc9a7438d8019ac649ed7ee8e288773,2026-04-21 09:35:00+00:00,300,300,0,299,0,0,0,18,0,0,2026-04-21 09:35:00+00:00,2026-04-21 09:40:00+00:00,2026-04-21 09:40:00.469897+00:00,300,True,Up,1,True
0xcc654c67b043e367f5e9dfe1abdc02a71e26156ee924132d89ce94d87f001475,2026-04-21 09:45:00+00:00,300,300,0,299,0,0,2,0,0,0,2026-04-21 09:45:00+00:00,2026-04-21 09:50:00+00:00,2026-04-21 09:50:00.468716+00:00,300,True,Down,0,True
0x3a919a31600e950c2bcb7474b4cd0cef4b14d723071a4a9530baade66f7013d3,2026-04-21 09:50:00+00:00,300,300,0,299,0,0,0,5,0,0,2026-04-21 09:50:00+00:00,2026-04-21 09:55:00+00:00,2026-04-21 09:55:00.461084+00:00,300,True,Up,1,True
0xa5fdcc44e28996fd8c39ba3cb5b5cc1e0d09725ddcbae7596c91e11865865380,2026-04-21 09:55:00+00:00,300,300,0,299,0,0,0,19,0,0,2026-04-21 09:55:00+00:00,2026-04-21 10:00:00+00:00,2026-04-21 10:00:00.699280+00:00,300,True,Up,1,True
0x0bcaf371e08b02ae9d8ccd55d23d0b7b6ab365f821b6bb88327879aa3cb009be,2026-04-21 10:00:00+00:00,300,300,0,299,0,0,0,32,0,0,2026-04-21 10:00:00+00:00,2026-04-21 10:05:00+00:00,2026-04-21 10:05:00.538265+00:00,300,True,Up,1,True
0x9330b3d416015e2601576e8ea6ac0ee322d6b06585928ec40bd03722a16b0211,2026-04-21 10:05:00+00:00,300,300,0,299,0,0,0,41,0,0,2026-04-21 10:05:00+00:00,2026-04-21 10:10:00+00:00,2026-04-21 10:10:00.565856+00:00,300,True,Up,1,True
0x10f6c97be7c29c2daa2c3a22c4e874359b291fb5504aeffa4955d9388ea7152a,2026-04-21 10:15:00+00:00,300,300,0,299,0,0,0,18,0,0,2026-04-21 10:15:00+00:00,2026-04-21 10:20:00+00:00,2026-04-21 10:20:00.603074+00:00,300,True,Up,1,True
0xc433687795e967f6606d05f9fcb8af27391cf3a102614a27c07e748096ceb60d,2026-04-21 10:25:00+00:00,300,300,0,299,0,0,36,0,0,0,2026-04-21 10:25:00+00:00,2026-04-21 10:30:00+00:00,2026-04-21 10:30:00.602666+00:00,300,True,Down,0,True
0xabe99cc27bc11ea52486eda30a871330a323e62fab0005b216162e903e1fbbf3,2026-04-21 10:30:00+00:00,300,300,0,299,0,0,0,2,0,0,2026-04-21 10:30:00+00:00,2026-04-21 10:35:00+00:00,2026-04-21 10:35:00.487495+00:00,300,True,Up,1,True
0x44879c1e2d31ce42d42a02bc3704cd69bc00f8959a0717eb005552aadf81d0fd,2026-04-21 10:35:00+00:00,300,300,0,299,0,0,0,1,0,0,2026-04-21 10:35:00+00:00,2026-04-21 10:40:00+00:00,2026-04-21 10:40:00.581071+00:00,300,True,Up,1,True
0xa5d305246f893e41d4273876d30e207a7ad30f5cf7913e0e79d9642bbceb22f8,2026-04-21 10:40:00+00:00,300,300,0,299,0,0,0,13,0,0,2026-04-21 10:40:00+00:00,2026-04-21 10:45:00+00:00,2026-04-21 10:45:00.496608+00:00,300,True,Up,1,True
0xa4a0e74be666f50e057d7dee9c2e93e22205cffddb47eb0b1e80f5054617bf32,2026-04-21 11:25:00+00:00,300,300,0,299,0,0,2,0,0,0,2026-04-21 11:25:00+00:00,2026-04-21 11:30:00+00:00,2026-04-21 11:30:00.635229+00:00,300,True,Down,0,True
0x1fc3807eda1dfa71702000bd4385da80aa82a346b30586c91397ff9594e5288c,2026-04-21 11:40:00+00:00,300,300,0,299,0,0,58,0,0,0,2026-04-21 11:40:00+00:00,2026-04-21 11:45:00+00:00,2026-04-21 11:45:00.560014+00:00,300,True,Down,0,True
0x742d1c2c737f9ab7bd64daabd7f3e593ebd3d0dd0d02a41ba90f2ce619fcbd5d,2026-04-21 11:45:00+00:00,300,300,0,299,0,0,4,0,0,0,2026-04-21 11:45:00+00:00,2026-04-21 11:50:00+00:00,2026-04-21 11:50:00.710973+00:00,300,True,Down,0,True
0xb5caa8731bac394f04332c7cdfe6d54fac7bc7f942b696a6cd8464a199e5b4b1,2026-04-21 11:50:00+00:00,300,300,0,299,0,0,0,0,0,0,2026-04-21 11:50:00+00:00,2026-04-21 11:55:00+00:00,2026-04-21 11:55:00.441950+00:00,300,True,Down,0,True
0x029124b36c69a2abc82b96a2cc65854d9f7359cb696bdec15975cac3b16cb0c1,2026-04-21 11:55:00+00:00,300,300,0,299,0,0,0,0,0,0,2026-04-21 11:55:00+00:00,2026-04-21 12:00:00+00:00,2026-04-21 12:00:00.489595+00:00,300,True,,1,True
0xb41c31d64efda343ef6232fe1173e480edb8950428be1307bf60dc117843007d,2026-04-21 12:10:00+00:00,300,300,0,299,0,0,60,0,0,0,2026-04-21 12:10:00+00:00,2026-04-21 12:15:00+00:00,2026-04-21 12:15:00.484710+00:00,300,True,Down,0,True
0xc72c932f0b22b27a8b095421000eb707680650870126fbec30284834d031b2c0,2026-04-21 12:25:00+00:00,300,300,0,299,0,0,0,43,0,0,2026-04-21 12:25:00+00:00,2026-04-21 12:30:00+00:00,2026-04-21 12:30:00.440293+00:00,300,True,Up,1,True
0x4a404e5db7d23c30b0a6115c4eb53488b2ef28d858e52e4b92a17c80d3fdcddd,2026-04-21 12:35:00+00:00,300,300,0,299,0,0,88,0,0,0,2026-04-21 12:35:00+00:00,2026-04-21 12:40:00+00:00,2026-04-21 12:40:00.527430+00:00,300,True,Down,0,True
0x7030ee49d83b4e830871135db721aa999a23983649ab82e5cc89d19e42055672,2026-04-21 12:40:00+00:00,300,300,0,299,0,0,84,0,0,0,2026-04-21 12:40:00+00:00,2026-04-21 12:45:00+00:00,2026-04-21 12:45:00.588352+00:00,300,True,Down,0,True
0xd6940ded5f55734fffd9c21b55a0094553cb89bd1e918ff29d7526709767ece4,2026-04-21 13:00:00+00:00,300,300,0,299,0,0,21,0,0,0,2026-04-21 13:00:00+00:00,2026-04-21 13:05:00+00:00,2026-04-21 13:05:00.531458+00:00,300,True,Down,0,True
0x6b0bcf9c5afeb6c39acad8eaf53ee179140728ed2f9fe044cac9e0d5dea370db,2026-04-21 13:05:00+00:00,300,300,0,299,0,0,0,49,0,0,2026-04-21 13:05:00+00:00,2026-04-21 13:10:00+00:00,2026-04-21 13:10:00.530462+00:00,300,True,Up,1,True
0x339b0176bf09b56c1d853e699edcd5d3eebcc056d1c6ad3b8a2096724cffc90e,2026-04-21 13:15:00+00:00,300,300,0,299,0,0,0,38,0,0,2026-04-21 13:15:00+00:00,2026-04-21 13:20:00+00:00,2026-04-21 13:20:00.580560+00:00,300,True,Up,1,True
0x22cdb45574ea39e1770285b0329a06c0769e10d162f3311372704210a94342d2,2026-04-21 13:20:00+00:00,300,300,0,299,0,0,0,1,0,0,2026-04-21 13:20:00+00:00,2026-04-21 13:25:00+00:00,2026-04-21 13:25:00.515708+00:00,300,True,Up,1,True
0x59b927fac73b300cd7204bcd15032b9b4227e12d9c5a3fad47c96660cbc0ed7b,2026-04-21 13:25:00+00:00,300,300,0,299,0,0,14,0,0,0,2026-04-21 13:25:00+00:00,2026-04-21 13:30:00+00:00,2026-04-21 13:30:00.583273+00:00,300,True,Down,0,True
0x9fb59cd4828d60b0877c63751f9b5eff529a03da748b9b0ef5100da9620f0788,2026-04-21 13:30:00+00:00,300,300,0,299,0,0,56,0,0,0,2026-04-21 13:30:00+00:00,2026-04-21 13:35:00+00:00,2026-04-21 13:35:00.509371+00:00,300,True,Down,0,True
0x13b604d41775312e23ab07e7449b16b5b228eacf48e1a6204e1ac79107271adb,2026-04-21 13:35:00+00:00,300,300,0,299,0,0,35,0,0,0,2026-04-21 13:35:00+00:00,2026-04-21 13:40:00+00:00,2026-04-21 13:40:00.571502+00:00,300,True,Down,0,True
0x65471733cbf4cf19453d8b1e4eac65758d1f31e8e72867c9e5bc310d8f5deb92,2026-04-21 13:45:00+00:00,300,300,0,299,0,0,56,0,0,0,2026-04-21 13:45:00+00:00,2026-04-21 13:50:00+00:00,2026-04-21 13:50:00.522966+00:00,300,True,Down,0,True
0xff57eee1914d6c0156d14cd0fabf972bbd7a09918a01bae7db436573d1e89afe,2026-04-21 13:50:00+00:00,300,300,0,299,0,0,38,0,0,0,2026-04-21 13:50:00+00:00,2026-04-21 13:55:00+00:00,2026-04-21 13:55:00.497893+00:00,300,True,Down,0,True
0xc7f4dccfd4e5fa4f5cc38eeb5a72411f12596a85ac73e29e4d7510e8ca2ea712,2026-04-21 13:55:00+00:00,300,300,0,299,0,0,0,11,0,0,2026-04-21 13:55:00+00:00,2026-04-21 14:00:00+00:00,2026-04-21 14:00:00.680406+00:00,300,True,Up,1,True
0xd50e846cf6d6bc07ef23621a2d77fa8a7da3db5db96a65037308f5c3e65b7c97,2026-04-21 14:00:00+00:00,300,300,0,299,0,0,61,0,0,0,2026-04-21 14:00:00+00:00,2026-04-21 14:05:00+00:00,2026-04-21 14:05:00.579707+00:00,300,True,Down,0,True
0x2208217e66cc24bab462e98ff38c741d0b25373b2efd29ac5d03ce584167d1ab,2026-04-21 14:05:00+00:00,300,300,0,299,0,0,0,5,0,0,2026-04-21 14:05:00+00:00,2026-04-21 14:10:00+00:00,2026-04-21 14:10:00.483714+00:00,300,True,Up,1,True
0x5e34a2c3be447bba9b389f41cbab46fb86a576bd9026c50e7a31c26a7b950d48,2026-04-21 14:15:00+00:00,300,300,0,299,0,0,0,168,0,0,2026-04-21 14:15:00+00:00,2026-04-21 14:20:00+00:00,2026-04-21 14:20:00.568231+00:00,300,True,Up,1,True
0x07f96d3be3fc594aa2ca8c2a3a92defa5459d156b920ebbeecf1b9bbdcb68e81,2026-04-21 14:25:00+00:00,300,300,0,299,0,0,0,0,0,0,2026-04-21 14:25:00+00:00,2026-04-21 14:30:00+00:00,2026-04-21 14:30:00.674023+00:00,300,True,,1,True
0x411df3895ab25f203821a8e14db0125659d502ca03c6c237d4fc17aa624441eb,2026-04-21 14:30:00+00:00,300,300,0,299,0,0,0,26,0,0,2026-04-21 14:30:00+00:00,2026-04-21 14:35:00+00:00,2026-04-21 14:35:00.589331+00:00,300,True,Up,1,True
0xad4cf85b872750c3ccb0b1c978e1207b4192174daf389c8ee7a95cc0b765bfb5,2026-04-21 14:35:00+00:00,300,300,0,299,0,0,0,50,0,0,2026-04-21 14:35:00+00:00,2026-04-21 14:40:00+00:00,2026-04-21 14:40:00.550056+00:00,300,True,Up,1,True
0xc9fe21a87e3f920749e01c9c99e24b52b5541e036bd14240840d9a2a05fe27e4,2026-04-21 14:40:00+00:00,300,300,0,299,0,0,0,79,0,0,2026-04-21 14:40:00+00:00,2026-04-21 14:45:00+00:00,2026-04-21 14:45:00.676496+00:00,300,True,Up,1,True
0x23d484eac15761f5bafacdf27b7d9b67cbf764c0ac33c6d223f26be99d57033b,2026-04-21 15:15:00+00:00,300,300,0,299,0,0,0,73,0,0,2026-04-21 15:15:00+00:00,2026-04-21 15:20:00+00:00,2026-04-21 15:20:00.531839+00:00,300,True,Up,1,True
0x1da1fbeca8a3332e6fb12fd2238b490efc6087ddc8138d3d32138fbce3f21383,2026-04-21 15:25:00+00:00,300,300,0,299,0,0,54,0,0,0,2026-04-21 15:25:00+00:00,2026-04-21 15:30:00+00:00,2026-04-21 15:30:00.655614+00:00,300,True,Down,0,True
0xc4f1cdb8cbb37d4f9e14cc1925c4ba93e9f19353b06105a99f01c962905af4af,2026-04-21 15:30:00+00:00,300,300,0,299,0,0,15,0,0,0,2026-04-21 15:30:00+00:00,2026-04-21 15:35:00+00:00,2026-04-21 15:35:00.545395+00:00,300,True,Down,0,True
0xc3a4ebd7c575f4951120335c9f2c5174bf94edaaac0b7efa3beb21828c0de5c3,2026-04-21 15:35:00+00:00,300,300,0,299,0,0,0,33,0,0,2026-04-21 15:35:00+00:00,2026-04-21 15:40:00+00:00,2026-04-21 15:40:00.591515+00:00,300,True,Up,1,True
0xd8ab0940e8f505eb998761ba32006a27ec6e6d85e0e1acc5e18b120a7fbedb73,2026-04-21 15:40:00+00:00,300,300,0,299,0,0,10,0,0,0,2026-04-21 15:40:00+00:00,2026-04-21 15:45:00+00:00,2026-04-21 15:45:00.615791+00:00,300,True,Down,0,True
0xa350e19bc9cd1a617a8ea779edb3674064f2633525027b2c982d81dd8a9049f6,2026-04-21 15:45:00+00:00,300,300,0,299,0,0,0,43,0,0,2026-04-21 15:45:00+00:00,2026-04-21 15:50:00+00:00,2026-04-21 15:50:00.490150+00:00,300,True,Up,1,True
0x7196144f8b50bb1d24010e0f397ddaa2719591b79c86a5a4b8739458ec69e6ad,2026-04-21 15:50:00+00:00,300,300,0,299,0,0,1,0,0,0,2026-04-21 15:50:00+00:00,2026-04-21 15:55:00+00:00,2026-04-21 15:55:00.534414+00:00,300,True,Down,0,True
0xeda3c00c64692816b257584127a8ab6929e3c43691c3127027af33001f44534c,2026-04-21 15:55:00+00:00,300,300,0,299,0,0,0,73,0,0,2026-04-21 15:55:00+00:00,2026-04-21 16:00:00+00:00,2026-04-21 16:00:00.882318+00:00,300,True,Up,1,True
0x6377ef1d98f417f7b22d77063f2cdf1ef1682123691c6713b49c63d9096f7157,2026-04-21 16:00:00+00:00,300,300,0,299,0,0,0,5,0,0,2026-04-21 16:00:00+00:00,2026-04-21 16:05:00+00:00,2026-04-21 16:05:00.668182+00:00,300,True,Up,1,True
0xb0caa7b0c7462ad9b6c4ac24fa182634617ce7efe514ffe15e2e8c532f5a37fd,2026-04-21 16:05:00+00:00,300,300,0,299,0,0,0,27,0,0,2026-04-21 16:05:00+00:00,2026-04-21 16:10:00+00:00,2026-04-21 16:10:00.492098+00:00,300,True,Up,1,True
0x9f24b73ccc49dd4988122c95322922c52d1ab7d071a8b3a9d1cb858de93dae93,2026-04-21 16:10:00+00:00,300,300,0,299,0,0,2,0,0,0,2026-04-21 16:10:00+00:00,2026-04-21 16:15:00+00:00,2026-04-21 16:15:00.545856+00:00,300,True,,1,True
0x59877f3d7cc2ffeebd32d24159c69e5ea1d7131ad0b66be8013fb3aed56bf16a,2026-04-21 16:20:00+00:00,300,300,0,299,0,0,35,0,0,0,2026-04-21 16:20:00+00:00,2026-04-21 16:25:00+00:00,2026-04-21 16:25:00.436003+00:00,300,True,Down,0,True
0x3937d6763aa19f58d6d5c3a7612ee7f3f3694e078404d365a78beb8b520b703b,2026-04-21 16:25:00+00:00,300,300,0,299,0,0,6,0,0,0,2026-04-21 16:25:00+00:00,2026-04-21 16:30:00+00:00,2026-04-21 16:30:00.588708+00:00,300,True,Down,0,True
0x384c9a41436a32bf3b58be6865c19b4d983c901b9ab96c2b70a04dc0cc6ebb67,2026-04-21 16:35:00+00:00,300,300,0,299,0,0,15,0,0,0,2026-04-21 16:35:00+00:00,2026-04-21 16:40:00+00:00,2026-04-21 16:40:00.454442+00:00,300,True,Down,0,True
0xa79b7edc923fa5930c43ede2fb6fb4cab9b83e7bfcab245f7d1ded817c639b6a,2026-04-21 16:40:00+00:00,300,300,0,299,0,0,57,0,0,0,2026-04-21 16:40:00+00:00,2026-04-21 16:45:00+00:00,2026-04-21 16:45:00.721003+00:00,300,True,Down,0,True
0xa26ae771eed838c5059e7dace5258f4b9d4fcdbc62bde1a0be99e5f033b94e6c,2026-04-21 16:45:00+00:00,300,300,0,299,0,0,0,83,0,0,2026-04-21 16:45:00+00:00,2026-04-21 16:50:00+00:00,2026-04-21 16:50:00.558653+00:00,300,True,Up,1,True
0xe90501103ea106f6f4623b5942c5d744fef56bc7b325a2855c5cede61e118229,2026-04-21 16:55:00+00:00,300,300,0,299,0,0,58,0,0,0,2026-04-21 16:55:00+00:00,2026-04-21 17:00:00+00:00,2026-04-21 17:00:00.677100+00:00,300,True,Down,0,True
0xef554a04e380922523f702d7c695151a5e256e73d49ddd4678a4a57f710f7977,2026-04-21 17:00:00+00:00,300,300,0,299,0,0,5,0,0,0,2026-04-21 17:00:00+00:00,2026-04-21 17:05:00+00:00,2026-04-21 17:05:00.515986+00:00,300,True,Down,0,True
0xcea2daf13006f5e1c61958862a57a611b6de5982dcf836822e5fb416f813a2cc,2026-04-21 17:05:00+00:00,300,300,0,299,0,0,81,0,0,0,2026-04-21 17:05:00+00:00,2026-04-21 17:10:00+00:00,2026-04-21 17:10:00.497802+00:00,300,True,Down,0,True
0x51060cf6757939d9b3eabfd3e927a03f37fd466d4d226e720b2b8718553d336d,2026-04-21 17:30:00+00:00,300,300,0,299,0,0,0,1,0,0,2026-04-21 17:30:00+00:00,2026-04-21 17:35:00+00:00,2026-04-21 17:35:00.472587+00:00,300,True,,1,True
0xd4374cf3a55378eac9d1fc01ef303b0b350585a194a284f41b13ce4283ded474,2026-04-21 17:35:00+00:00,300,300,0,299,0,0,0,0,0,0,2026-04-21 17:35:00+00:00,2026-04-21 17:40:00+00:00,2026-04-21 17:40:00.444920+00:00,300,True,Up,1,True
0x4e51b44fb7d25c2f583cd03dde985fa38ff6e71a75b01b29e983b9c9c15d301c,2026-04-21 17:40:00+00:00,300,300,0,299,0,0,0,63,0,0,2026-04-21 17:40:00+00:00,2026-04-21 17:45:00+00:00,2026-04-21 17:45:00.521384+00:00,300,True,Up,1,True
0x136538aa3957f6866e802bc9ec320528e9319849ef0eae0d94a9e5d2fedc648f,2026-04-21 17:50:00+00:00,300,300,0,299,0,0,19,0,0,0,2026-04-21 17:50:00+00:00,2026-04-21 17:55:00+00:00,2026-04-21 17:55:00.437046+00:00,300,True,Down,0,True
0xffc1323e6e033f63c0985708d4811f5e6471c3deaaa9256c3cf9ae2fc1083593,2026-04-21 17:55:00+00:00,300,300,0,299,0,0,17,0,0,0,2026-04-21 17:55:00+00:00,2026-04-21 18:00:00+00:00,2026-04-21 18:00:00.614473+00:00,300,True,Down,0,True
0xbc5316ddf4cbe952fb01096f010978bb8ddaacdc8b214fac13af0699e3543755,2026-04-21 18:00:00+00:00,300,300,0,299,0,0,0,3,0,0,2026-04-21 18:00:00+00:00,2026-04-21 18:05:00+00:00,2026-04-21 18:05:00.573793+00:00,300,True,Up,1,True
0x66bd5eeea16b3b1a5510802c40156b5c1ee6715ce0aa9cc2722d1fc8718bda5e,2026-04-21 18:10:00+00:00,300,300,0,299,0,0,2,0,0,0,2026-04-21 18:10:00+00:00,2026-04-21 18:15:00+00:00,2026-04-21 18:15:00.561490+00:00,300,True,Down,0,True
0x7837f7421e8c3330e869947db024cca90ecd6a37e361a5c5ef7a8f01c99586bb,2026-04-21 18:15:00+00:00,300,300,0,299,0,0,34,0,0,0,2026-04-21 18:15:00+00:00,2026-04-21 18:20:00+00:00,2026-04-21 18:20:00.434294+00:00,300,True,Down,0,True
0xba175fdd26b399fc8efc7f3406a39b970a4d9d89a08e4bd55232e61d25ed8b79,2026-04-21 18:20:00+00:00,300,300,0,299,0,0,2,0,0,0,2026-04-21 18:20:00+00:00,2026-04-21 18:25:00+00:00,2026-04-21 18:25:00.436933+00:00,300,True,Down,0,True
0xef60bec4cf1102a2cce56419b82a1e80b507c5084ae0658610fe426e69fec9e3,2026-04-21 18:25:00+00:00,300,300,0,299,0,0,0,1,0,0,2026-04-21 18:25:00+00:00,2026-04-21 18:30:00+00:00,2026-04-21 18:30:00.409391+00:00,300,True,,1,True
0x24a57657a1dbb631b79b2feb7f7ddff75fab4bc6f2a6f23fa7afe1c9b20f7be6,2026-04-21 18:30:00+00:00,300,300,0,299,0,0,0,51,0,0,2026-04-21 18:30:00+00:00,2026-04-21 18:35:00+00:00,2026-04-21 18:35:00.437830+00:00,300,True,Up,1,True
0x4eff3511c1eee78bbf9ab83618d582a1402e535d8c69915244b4f3e8ce980bee,2026-04-21 18:35:00+00:00,300,300,0,299,0,0,25,0,0,0,2026-04-21 18:35:00+00:00,2026-04-21 18:40:00+00:00,2026-04-21 18:40:00.505085+00:00,300,True,Down,0,True
0x9efcdddfde6c64a534e0efea2a60917be215bbdeef9a9370b3d6fcbfa5225373,2026-04-21 18:45:00+00:00,300,300,0,299,0,0,61,0,0,0,2026-04-21 18:45:00+00:00,2026-04-21 18:50:00+00:00,2026-04-21 18:50:00.448955+00:00,300,True,Down,0,True
0x163d9971c9ba839cd4de3041ec32c06e1ade1410154ef3031c9783e7724a142b,2026-04-21 18:50:00+00:00,300,300,0,299,0,0,18,6,0,0,2026-04-21 18:50:00+00:00,2026-04-21 18:55:00+00:00,2026-04-21 18:55:00.469875+00:00,300,True,Up,1,True
0x41e214c92348b549600883c5c4febf962aaaca1484838bb1750c9e5e7deaa2ae,2026-04-21 19:00:00+00:00,300,300,0,299,0,0,0,50,0,0,2026-04-21 19:00:00+00:00,2026-04-21 19:05:00+00:00,2026-04-21 19:05:00.400504+00:00,300,True,Up,1,True
0xad31b9ae6bdb4666ae0d21fb0ea2eb744900829696bc09462612c021e86146c7,2026-04-21 19:05:00+00:00,300,300,0,299,0,0,4,0,0,0,2026-04-21 19:05:00+00:00,2026-04-21 19:10:00+00:00,2026-04-21 19:10:00.438439+00:00,300,True,Down,0,True
0x0757fd18ca6bffccbdc6b94769fd5c4b9fb18b3cb6efd010f6e048c9aeedf3c1,2026-04-21 19:20:00+00:00,300,300,0,299,0,0,0,0,0,0,2026-04-21 19:20:00+00:00,2026-04-21 19:25:00+00:00,2026-04-21 19:25:00.400601+00:00,300,True,Up,1,True
0x40253a2267a759fbe6ff53131893d94caadd35ede77ce35244f06681f1906c65,2026-04-21 19:25:00+00:00,300,300,0,299,0,0,20,0,0,0,2026-04-21 19:25:00+00:00,2026-04-21 19:30:00+00:00,2026-04-21 19:30:00.524089+00:00,300,True,Down,0,True
0x2837c4c08df351fe2b095585b04be3bf83ee48155b79609d4b6bcf00b8d83bf7,2026-04-21 19:35:00+00:00,300,300,0,299,0,0,101,0,0,0,2026-04-21 19:35:00+00:00,2026-04-21 19:40:00+00:00,2026-04-21 19:40:00.459187+00:00,300,True,Down,0,True
0xc4e6e7fe984ecedd202d73090c1b27554d45fc781b571a71c52318d45f89eeac,2026-04-21 19:55:00+00:00,300,300,0,299,0,0,0,22,0,0,2026-04-21 19:55:00+00:00,2026-04-21 20:00:00+00:00,2026-04-21 20:00:00.493819+00:00,300,True,Up,1,True
0x667b60b6c51edb4f9df5901bada6c3d46a98a027a200f7407e6d1e01a2239995,2026-04-21 20:05:00+00:00,300,300,0,299,0,0,0,9,0,0,2026-04-21 20:05:00+00:00,2026-04-21 20:10:00+00:00,2026-04-21 20:10:00.429423+00:00,300,True,Up,1,True
0x8444618253ce828eafa3159e235a9c3371a5a5466cf3f58bb366939a27d56c8b,2026-04-21 20:10:00+00:00,300,300,0,299,0,0,0,20,0,0,2026-04-21 20:10:00+00:00,2026-04-21 20:15:00+00:00,2026-04-21 20:15:00.515365+00:00,300,True,Up,1,True
0xe64a7a4ec3c5191768d38ed62c968f269c13db7d4cb2016916b94d7aa0aae16a,2026-04-21 20:15:00+00:00,300,300,0,299,0,0,7,0,0,0,2026-04-21 20:15:00+00:00,2026-04-21 20:20:00+00:00,2026-04-21 20:20:00.439452+00:00,300,True,Down,0,True
0x9c991bc8b8b073936b36ba066e7ceeb7ae7ed32176ee72fe6d69b2eba389a6c3,2026-04-21 20:20:00+00:00,300,300,0,299,0,0,0,39,0,0,2026-04-21 20:20:00+00:00,2026-04-21 20:25:00+00:00,2026-04-21 20:25:00.436984+00:00,300,True,Up,1,True
0xfb80084dceee1fc7bb0e5c06eff87d71db6b301fdeef2e9e57bb2edcdc7be3e8,2026-04-21 20:50:00+00:00,300,300,0,299,0,0,2,0,0,0,2026-04-21 20:50:00+00:00,2026-04-21 20:55:00+00:00,2026-04-21 20:55:00.714767+00:00,300,True,Down,0,True
0x6e376d22105e5e71b70420fd449cecc679f7f7a0332efb2ef28b42d101aa99ae,2026-04-21 20:55:00+00:00,300,300,0,299,0,0,0,1,0,0,2026-04-21 20:55:00+00:00,2026-04-21 21:00:00+00:00,2026-04-21 21:00:00.722454+00:00,300,True,,1,True
0xbb1e047ed5cfd0807e5976ae8ccd6180cecb64c4a471b9ee4f253d826b161957,2026-04-21 21:00:00+00:00,300,300,0,299,0,0,2,0,0,0,2026-04-21 21:00:00+00:00,2026-04-21 21:05:00+00:00,2026-04-21 21:05:00.547182+00:00,300,True,Down,0,True
0xeec853a149cafccd6b6439285d569c91cfea0af2f5e4229c38a8314644d65ea1,2026-04-21 21:05:00+00:00,300,300,0,299,0,0,42,0,0,0,2026-04-21 21:05:00+00:00,2026-04-21 21:10:00+00:00,2026-04-21 21:10:00.529564+00:00,300,True,Down,0,True
0xdb286d12278eeec773b645e3d14bffc05ae6dd67d90828ca07dd9f655a181683,2026-04-21 21:10:00+00:00,300,300,0,299,0,0,8,0,0,0,2026-04-21 21:10:00+00:00,2026-04-21 21:15:00+00:00,2026-04-21 21:15:00.552682+00:00,300,True,Down,0,True
0xa3479e69027e24e493481caec622953ae0fd159e5d687440a3c96d26c5429c3d,2026-04-21 21:15:00+00:00,300,300,0,299,0,0,0,0,0,0,2026-04-21 21:15:00+00:00,2026-04-21 21:20:00+00:00,2026-04-21 21:20:00.608287+00:00,300,True,Up,1,True
0x856373d5baf5849549e3b61af3a0e09aa08badb0013acf6e0e19dfd882eb9c7b,2026-04-21 21:20:00+00:00,300,300,0,299,0,0,0,3,0,0,2026-04-21 21:20:00+00:00,2026-04-21 21:25:00+00:00,2026-04-21 21:25:00.413986+00:00,300,True,Up,1,True
0xa5b31ff7ad27cf88d7a7d225df17732641e3ff8d991c718448cf36f912d44cbd,2026-04-21 21:25:00+00:00,300,300,0,299,0,0,21,0,0,0,2026-04-21 21:25:00+00:00,2026-04-21 21:30:00+00:00,2026-04-21 21:30:00.584516+00:00,300,True,Down,0,True
0x05a5b2fa52baf7ad54ca718956f7e7c1bc0a87c04c300b7e292ad8058e968819,2026-04-21 21:30:00+00:00,300,300,0,299,0,0,0,1,0,0,2026-04-21 21:30:00+00:00,2026-04-21 21:35:00+00:00,2026-04-21 21:35:00.494283+00:00,300,True,Up,1,True
0xa96aef77f1b3ee82ddd611168813978d4a14e990b59ae1204549d3c4e4c43333,2026-04-21 21:35:00+00:00,300,300,0,299,0,0,0,3,0,0,2026-04-21 21:35:00+00:00,2026-04-21 21:40:00+00:00,2026-04-21 21:40:00.588480+00:00,300,True,Up,1,True
0x039b76d98f5d0be8aa090dc9ff07228cb1908c64d44e0c01fe78cf93913ff957,2026-04-21 21:40:00+00:00,300,300,0,299,0,0,64,0,0,0,2026-04-21 21:40:00+00:00,2026-04-21 21:45:00+00:00,2026-04-21 21:45:00.542405+00:00,300,True,Down,0,True
0xacc66d22c590a0660c19a2fd24402114ebd4b9c2a37b7abb1028d17223ea7e13,2026-04-21 21:45:00+00:00,300,300,0,299,0,0,0,30,0,0,2026-04-21 21:45:00+00:00,2026-04-21 21:50:00+00:00,2026-04-21 21:50:00.561885+00:00,300,True,Up,1,True
0x125149c5918fc5f8c6d34682f700a898a1a19ea4f4e2ae68ff4c5794ba657074,2026-04-21 21:50:00+00:00,300,300,0,299,0,0,0,4,0,0,2026-04-21 21:50:00+00:00,2026-04-21 21:55:00+00:00,2026-04-21 21:55:00.531242+00:00,300,True,Up,1,True
0xdab1ff110d9d2439c5bd75c4f503ae7300457a35b124ce0c7260ec86dcc688c8,2026-04-21 21:55:00+00:00,300,300,0,299,0,0,0,2,0,0,2026-04-21 21:55:00+00:00,2026-04-21 22:00:00+00:00,2026-04-21 22:00:00.567235+00:00,300,True,Up,1,True
0x73803d2821c551b4d7bedd810c755c9be40e50c89e36f5c622e07beaaab22599,2026-04-21 22:00:00+00:00,300,300,0,299,0,0,0,0,0,0,2026-04-21 22:00:00+00:00,2026-04-21 22:05:00+00:00,2026-04-21 22:05:00.549887+00:00,300,True,Down,0,True
0x2b335f1040bdd5673ae672d366ff6673857ca118285009b9386b7b965e3ace29,2026-04-21 22:05:00+00:00,300,300,0,299,0,0,4,0,0,0,2026-04-21 22:05:00+00:00,2026-04-21 22:10:00+00:00,2026-04-21 22:10:00.538765+00:00,300,True,Down,0,True
0x3b3204883e23be9a7f74ab4aaa8092d2e23364c6c216a9569339c6e1435bb5e5,2026-04-21 22:10:00+00:00,300,300,0,299,0,0,0,24,0,0,2026-04-21 22:10:00+00:00,2026-04-21 22:15:00+00:00,2026-04-21 22:15:00.557270+00:00,300,True,Up,1,True
0x588a5252b34f9dc5040209ae73ea0dfdb8ba89e2b479d0ed3b7146e83cdfff86,2026-04-21 22:15:00+00:00,300,300,0,299,0,0,38,0,0,0,2026-04-21 22:15:00+00:00,2026-04-21 22:20:00+00:00,2026-04-21 22:20:00.550676+00:00,300,True,Down,0,True
0x308090a18bc092925a5f4b3baa0a878278d4a7bb218b6f51dab67fa0c070b696,2026-04-21 22:20:00+00:00,300,300,0,299,0,0,0,3,0,0,2026-04-21 22:20:00+00:00,2026-04-21 22:25:00+00:00,2026-04-21 22:25:00.523413+00:00,300,True,Up,1,True
0x434ed8e32b15db15c57b470da2c3d2201e4f751f181e4313806dc806363be4eb,2026-04-21 22:35:00+00:00,300,300,0,299,0,0,0,0,0,0,2026-04-21 22:35:00+00:00,2026-04-21 22:40:00+00:00,2026-04-21 22:40:00.703140+00:00,300,True,,1,True
0x16312da202eab29bbac018c2880a769d101cd68de0a1bee428fa88422610c441,2026-04-21 22:40:00+00:00,300,300,0,299,0,0,0,75,0,0,2026-04-21 22:40:00+00:00,2026-04-21 22:45:00+00:00,2026-04-21 22:45:00.747232+00:00,300,True,Up,1,True
0x87efbc9c379f6f0580fac25a029869c9c37ab409bdf5e5ac23482c6ba5162287,2026-04-21 22:45:00+00:00,300,300,0,299,0,0,5,0,0,0,2026-04-21 22:45:00+00:00,2026-04-21 22:50:00+00:00,2026-04-21 22:50:00.529996+00:00,300,True,Down,0,True
0x1fc0de95743eee19b30fdcf880f4531616995805b66614abdfae1a67e3330e3b,2026-04-21 22:50:00+00:00,300,300,0,299,0,0,0,42,0,0,2026-04-21 22:50:00+00:00,2026-04-21 22:55:00+00:00,2026-04-21 22:55:00.511186+00:00,300,True,Up,1,True
0x3abbbda84a90d978867a39a28aceeffd81009a3a6373bf42e26ea53536e2897e,2026-04-21 22:55:00+00:00,300,300,0,299,0,0,0,30,0,0,2026-04-21 22:55:00+00:00,2026-04-21 23:00:00+00:00,2026-04-21 23:00:00.641622+00:00,300,True,Up,1,True
0x766f018fa6c2b498789df33c7d7d27f7f93075f8f4f395fef5ff8586a5243c11,2026-04-21 23:00:00+00:00,300,300,0,299,0,0,0,108,0,0,2026-04-21 23:00:00+00:00,2026-04-21 23:05:00+00:00,2026-04-21 23:05:00.494029+00:00,300,True,Up,1,True
0x78a4eee41750b06201b563301f1c1ca40009b1ab3150a0bd6379824269cc1029,2026-04-21 23:35:00+00:00,300,300,0,299,0,0,0,25,0,0,2026-04-21 23:35:00+00:00,2026-04-21 23:40:00+00:00,2026-04-21 23:40:00.490696+00:00,300,True,Up,1,True
0x564c2ea6f0c07cd0dcaf7fff7b4ff6f1237fd75df0197227f7da755c44228b0e,2026-04-22 00:15:00+00:00,300,300,0,299,0,0,4,0,0,0,2026-04-22 00:15:00+00:00,2026-04-22 00:20:00+00:00,2026-04-22 00:20:00.565335+00:00,300,True,Down,0,True
0x5997c85ed7ca929bca03b3d1dbd7cf6f1af9ff08ae27dd75f8f58751b26a7c6e,2026-04-22 00:30:00+00:00,300,300,0,299,0,0,3,0,0,0,2026-04-22 00:30:00+00:00,2026-04-22 00:35:00+00:00,2026-04-22 00:35:00.493492+00:00,300,True,Down,0,True
0x88f24b6f088004bb80d52d28d7273fccd3e78f351d7a7ce8e6d62a7c659fe824,2026-04-22 00:35:00+00:00,300,300,0,299,0,0,0,3,0,0,2026-04-22 00:35:00+00:00,2026-04-22 00:40:00+00:00,2026-04-22 00:40:00.603143+00:00,300,True,Up,1,True
0x8131199cf5e89c09feff6272e2b2c222d30e618b722f9fa1717e2d5fb03d4769,2026-04-22 00:45:00+00:00,300,300,0,299,0,0,3,0,0,0,2026-04-22 00:45:00+00:00,2026-04-22 00:50:00+00:00,2026-04-22 00:50:00.473225+00:00,300,True,Down,0,True
0x816601a8bb25d00264e867cffb4637d0af67f912efe06eead6afbdac1a73cbf2,2026-04-22 01:00:00+00:00,300,300,0,299,0,0,0,0,0,0,2026-04-22 01:00:00+00:00,2026-04-22 01:05:00+00:00,2026-04-22 01:05:00.557751+00:00,300,True,,0,True
0x99eb1f525e62cffb70c5354c5c1190ac3abf1b5e56b844c29a7e43821d353036,2026-04-22 01:05:00+00:00,300,300,0,299,0,0,0,0,0,0,2026-04-22 01:05:00+00:00,2026-04-22 01:10:00+00:00,2026-04-22 01:10:00.478315+00:00,300,True,Down,0,True
0x217bc321d670336a910dca2a7e5e535191a21b67440c4486fdaeae50d916cb99,2026-04-22 01:35:00+00:00,300,300,0,299,0,0,0,20,0,0,2026-04-22 01:35:00+00:00,2026-04-22 01:40:00+00:00,2026-04-22 01:40:00.539926+00:00,300,True,Up,1,True
0x473ec4b1f4df9ef7f87a2476391de1b60dd888ea58b417e84c684a17106af825,2026-04-22 01:40:00+00:00,300,300,0,299,0,0,1,0,0,0,2026-04-22 01:40:00+00:00,2026-04-22 01:45:00+00:00,2026-04-22 01:45:00.637046+00:00,300,True,Down,0,True
0x6854d858e67e90d12e5fe1d94d8f211686abc30221fed41b4af02e6192b121c3,2026-04-22 01:45:00+00:00,300,300,0,299,0,0,0,9,0,0,2026-04-22 01:45:00+00:00,2026-04-22 01:50:00+00:00,2026-04-22 01:50:00.484691+00:00,300,True,Up,1,True
0x475fbbf9e7b3d408b9e79a8c2a0d9b91e8a185b12c43f67e1179db1efc532ac0,2026-04-22 01:50:00+00:00,300,300,0,299,0,0,8,0,0,0,2026-04-22 01:50:00+00:00,2026-04-22 01:55:00+00:00,2026-04-22 01:55:00.502071+00:00,300,True,Down,0,True
0x2f9f2eb6f4184471434a0e4898522db8372de40e721ddf4202f516f74041bc36,2026-04-22 01:55:00+00:00,300,300,0,299,0,0,0,42,0,0,2026-04-22 01:55:00+00:00,2026-04-22 02:00:00+00:00,2026-04-22 02:00:00.672699+00:00,300,True,Up,1,True
0xd8679a97ec793c1197f03b6a9d638051d78f22c547fd44a8834a330c159fe054,2026-04-22 02:00:00+00:00,300,300,0,299,0,0,2,0,0,0,2026-04-22 02:00:00+00:00,2026-04-22 02:05:00+00:00,2026-04-22 02:05:00.606065+00:00,300,True,Down,0,True
0xd421697dc7318c4265449c608646da31bf6b81c437e43d89e780df99a5773dc3,2026-04-22 02:05:00+00:00,300,300,0,299,0,0,0,7,0,0,2026-04-22 02:05:00+00:00,2026-04-22 02:10:00+00:00,2026-04-22 02:10:00.426175+00:00,300,True,Up,1,True
0xf4b7c7207588ec69acab07479f36c624cc350e1ba46354dcfcca47b61361adab,2026-04-22 02:10:00+00:00,300,300,0,299,0,0,0,206,0,0,2026-04-22 02:10:00+00:00,2026-04-22 02:15:00+00:00,2026-04-22 02:15:00.635156+00:00,300,True,Up,1,True
0x0900ab61ca4b5198798820dad07511f56039f5392041647e3d02ee5f8c8d0b0f,2026-04-22 02:50:00+00:00,300,300,0,299,0,0,0,62,0,0,2026-04-22 02:50:00+00:00,2026-04-22 02:55:00+00:00,2026-04-22 02:55:00.503238+00:00,300,True,Up,1,True
0xcd1c5864d854fe6b1f4379d6ca77b2d47781cc02fc23f051ea77818983f93fd9,2026-04-22 03:30:00+00:00,300,300,0,299,0,0,32,0,0,0,2026-04-22 03:30:00+00:00,2026-04-22 03:35:00+00:00,2026-04-22 03:35:00.491669+00:00,300,True,Down,0,True
0x4c138284b6f9de16dff00fa22734ca9d7e89c29bc3e282cd519ba48856aa054b,2026-04-22 03:40:00+00:00,300,300,0,299,0,0,0,78,0,0,2026-04-22 03:40:00+00:00,2026-04-22 03:45:00+00:00,2026-04-22 03:45:00.646478+00:00,300,True,Up,1,True
0x123238a69b62f0b93c868f61958c80db405d67f3f04a3185082db58667cb173b,2026-04-22 03:50:00+00:00,300,300,0,299,0,0,0,0,0,0,2026-04-22 03:50:00+00:00,2026-04-22 03:55:00+00:00,2026-04-22 03:55:00.761954+00:00,300,True,,0,True
0x883cb88a305ede987e4ff2985c73112cd39383295033658d9d80ad3a92eb81f2,2026-04-22 03:55:00+00:00,300,300,0,299,0,0,2,0,0,0,2026-04-22 03:55:00+00:00,2026-04-22 04:00:00+00:00,2026-04-22 04:00:00.894763+00:00,300,True,Down,0,True
0x4e4db8afd97b5c0a07827f4e47923c2ecea5f97fda4f7649e698802841c0b25c,2026-04-22 04:00:00+00:00,300,300,0,299,0,0,0,13,0,0,2026-04-22 04:00:00+00:00,2026-04-22 04:05:00+00:00,2026-04-22 04:05:00.653510+00:00,300,True,Up,1,True
0x4ec46d70c5353a29ddcbd84499c03fb1e321748d2e61814e883c97a5cabab4a0,2026-04-22 04:05:00+00:00,300,300,0,299,0,0,1,0,0,0,2026-04-22 04:05:00+00:00,2026-04-22 04:10:00+00:00,2026-04-22 04:10:00.521596+00:00,300,True,Down,0,True
0xbb165487748b2f3beeb8e09617054b8e55ed1e936c9634d30270436a6932874a,2026-04-22 04:15:00+00:00,300,300,0,299,0,0,1,0,0,0,2026-04-22 04:15:00+00:00,2026-04-22 04:20:00+00:00,2026-04-22 04:20:00.500043+00:00,300,True,Down,0,True
0xba94fe40a35999695b200b6e311ed09a446796b0678a20f157eada1edda583b6,2026-04-22 04:20:00+00:00,300,300,0,299,0,0,1,0,0,0,2026-04-22 04:20:00+00:00,2026-04-22 04:25:00+00:00,2026-04-22 04:25:00.529294+00:00,300,True,Down,0,True
0x287bec705943a2a849bda379d1c765fbed30cd9f04cf3289480e0d0b695fbc41,2026-04-22 04:30:00+00:00,300,300,0,299,0,0,1,0,0,0,2026-04-22 04:30:00+00:00,2026-04-22 04:35:00+00:00,2026-04-22 04:35:00.471378+00:00,300,True,Down,0,True
0xa0f8309a1de518c64eb6dfa6a5427afed3e6a1d9cb3e17f4ce69624da0eeb7ee,2026-04-22 04:35:00+00:00,300,300,0,299,0,0,0,35,0,0,2026-04-22 04:35:00+00:00,2026-04-22 04:40:00+00:00,2026-04-22 04:40:00.525800+00:00,300,True,Up,1,True
0x4451010b15e0b65c303b31e9243be51bfca357bd24c8dbb4e71b8a569d3a426a,2026-04-22 04:40:00+00:00,300,300,0,299,0,0,37,0,0,0,2026-04-22 04:40:00+00:00,2026-04-22 04:45:00+00:00,2026-04-22 04:45:00.455436+00:00,300,True,Down,0,True
0x56fe5e01260681ad1f76be1b19351b3aa0ea3d6d15c038b2ab1600be9caabf2e,2026-04-22 04:45:00+00:00,300,300,0,299,0,0,6,0,0,0,2026-04-22 04:45:00+00:00,2026-04-22 04:50:00+00:00,2026-04-22 04:50:00.516952+00:00,300,True,Down,0,True
0x6d3c84b15471335baba35dcc86aee2aa42ef474921a093d62a0e348663562596,2026-04-22 04:50:00+00:00,300,300,0,299,0,0,8,0,0,0,2026-04-22 04:50:00+00:00,2026-04-22 04:55:00+00:00,2026-04-22 04:55:00.573286+00:00,300,True,Down,0,True
0xf7fcddf131870d8f1b7c5b635b6448f020eb51688d74c50c91dad1982c06b11a,2026-04-22 04:55:00+00:00,300,300,0,299,0,0,0,1,0,0,2026-04-22 04:55:00+00:00,2026-04-22 05:00:00+00:00,2026-04-22 05:00:01.058981+00:00,300,True,Up,1,True
0xdc01c68033366dcad5c4c6a2c7855238407c2cf7482bf34609106077bc44d5c2,2026-04-22 05:00:00+00:00,300,300,0,299,0,0,5,0,0,0,2026-04-22 05:00:00+00:00,2026-04-22 05:05:00+00:00,2026-04-22 05:05:00.484331+00:00,300,True,Down,0,True
0x5031001a386e7c56388aa2b5eb5b26d8d4f9cbd9456b9d34334aa9f16d98efb9,2026-04-22 05:10:00+00:00,300,300,0,299,0,0,1,0,0,0,2026-04-22 05:10:00+00:00,2026-04-22 05:15:00+00:00,2026-04-22 05:15:00.590515+00:00,300,True,Down,0,True
0x4b3b8aec5d51e41496d4f9642ea0ef8a6cd789ade63ab0080c5daf4b859ba402,2026-04-22 05:15:00+00:00,300,300,0,299,0,0,0,170,0,0,2026-04-22 05:15:00+00:00,2026-04-22 05:20:00+00:00,2026-04-22 05:20:00.538929+00:00,300,True,Up,1,True
0xa05d01ee99536d6e36eecd0cf71457d4c507fd198ab1cd263e8a9a760726a875,2026-04-22 06:00:00+00:00,300,300,0,299,0,0,4,0,0,0,2026-04-22 06:00:00+00:00,2026-04-22 06:05:00+00:00,2026-04-22 06:05:00.396406+00:00,300,True,Down,0,True
0x5f3812ef1fbc30354961367195ebb97af9c5b2dae2f9a77bb340e3b05075f8c3,2026-04-22 06:05:00+00:00,300,300,0,299,0,0,1,0,0,0,2026-04-22 06:05:00+00:00,2026-04-22 06:10:00+00:00,2026-04-22 06:10:00.682881+00:00,300,True,Down,0,True
0xcaa90ff14f81a86e4317c0577be76f1e13e82d10832b4fee1fe6be49866b995b,2026-04-22 06:25:00+00:00,300,300,0,299,0,0,0,1,0,0,2026-04-22 06:25:00+00:00,2026-04-22 06:30:00+00:00,2026-04-22 06:30:00.550556+00:00,300,True,,1,True
0xa7bae45ebd3288e94f371bad565bd3a4b2549603dd83ce78688059a241508264,2026-04-22 06:30:00+00:00,300,300,0,299,0,0,1,0,0,0,2026-04-22 06:30:00+00:00,2026-04-22 06:35:00+00:00,2026-04-22 06:35:00.464825+00:00,300,True,Down,0,True
0x1ffec2bccb2a756af5958bc70b3602c22cfca6c5ee7fed146e6ceb771ed522a4,2026-04-22 06:35:00+00:00,300,300,0,299,0,0,0,0,0,0,2026-04-22 06:35:00+00:00,2026-04-22 06:40:00+00:00,2026-04-22 06:40:00.568554+00:00,300,True,,1,True
0xc2ab21bcbade822361bdb9b54b49411549a3359ac5dece96b3a3dac0e7df7b88,2026-04-22 06:40:00+00:00,300,300,0,299,0,0,0,3,0,0,2026-04-22 06:40:00+00:00,2026-04-22 06:45:00+00:00,2026-04-22 06:45:00.656926+00:00,300,True,Up,1,True
0x866ca3460a28bf11b591034239edfbb4944304f95039570bdbf2a9e1372e5d2c,2026-04-22 06:45:00+00:00,300,300,0,299,0,0,2,0,0,0,2026-04-22 06:45:00+00:00,2026-04-22 06:50:00+00:00,2026-04-22 06:50:00.434100+00:00,300,True,Down,0,True
0x526fc308e826807e23ce31cd07778a7b8717c7e706b35c9900dc48596499fa42,2026-04-22 06:50:00+00:00,300,300,0,299,0,0,0,12,0,0,2026-04-22 06:50:00+00:00,2026-04-22 06:55:00+00:00,2026-04-22 06:55:00.593685+00:00,300,True,Up,1,True
0xc91d3eb94930a017911a96a4706c32aedccab7e761632ad47014bb894a4fd944,2026-04-22 06:55:00+00:00,300,300,0,299,0,0,0,0,0,0,2026-04-22 06:55:00+00:00,2026-04-22 07:00:00+00:00,2026-04-22 07:00:00.439398+00:00,300,True,,1,True
0x7f68bade3e06c039bcc1995c21661d59f038e21f1b2831bbbf7d9d8ee36510ee,2026-04-22 07:00:00+00:00,300,300,0,299,0,0,2,0,0,0,2026-04-22 07:00:00+00:00,2026-04-22 07:05:00+00:00,2026-04-22 07:05:00.461453+00:00,300,True,Down,0,True
0x3740ff297ccccfc5b9fd37615c7d3dd987dc837d0e2802e2a143cf7a966df570,2026-04-22 07:05:00+00:00,300,300,0,299,0,0,0,16,0,0,2026-04-22 07:05:00+00:00,2026-04-22 07:10:00+00:00,2026-04-22 07:10:00.493866+00:00,300,True,Up,1,True
0xa20a1e418fde0f8c4cbfd3485005351ea48f7956b3433e3afae5b35871cc881a,2026-04-22 07:10:00+00:00,300,300,0,299,0,0,0,23,0,0,2026-04-22 07:10:00+00:00,2026-04-22 07:15:00+00:00,2026-04-22 07:15:00.416977+00:00,300,True,Up,1,True
0x26af6d49248497a43120bf373e91059343a072ab97d5103b65cb1c126aa50a05,2026-04-22 07:15:00+00:00,300,300,0,299,0,0,16,0,0,0,2026-04-22 07:15:00+00:00,2026-04-22 07:20:00+00:00,2026-04-22 07:20:00.466466+00:00,300,True,Down,0,True
0xa06b7195e96d7619b84b4e6c51c0936e17e43a540367eddf1e18ab42773339d4,2026-04-22 07:20:00+00:00,300,300,0,299,0,0,3,0,0,0,2026-04-22 07:20:00+00:00,2026-04-22 07:25:00+00:00,2026-04-22 07:25:00.420404+00:00,300,True,Down,0,True
0xf72d4f9a35d9197d1f84bdabbf68453a3883a3efd20879c28b28ccd8ba468e2a,2026-04-22 07:25:00+00:00,300,300,0,299,0,0,0,0,0,0,2026-04-22 07:25:00+00:00,2026-04-22 07:30:00+00:00,2026-04-22 07:30:00.421946+00:00,300,True,Up,1,True
0x696811dc02298b5bfb5268b7ece1c27d8e82286facd089ec4c462798a889a1d9,2026-04-22 07:55:00+00:00,300,300,0,299,0,0,0,37,0,0,2026-04-22 07:55:00+00:00,2026-04-22 08:00:00+00:00,2026-04-22 08:00:00.542788+00:00,300,True,Up,1,True
0x9afe11c828276c9b99ca53bc5627ceb4725b242bea98b64d4763689c447a9860,2026-04-22 08:00:00+00:00,300,300,0,299,0,0,0,7,0,0,2026-04-22 08:00:00+00:00,2026-04-22 08:05:00+00:00,2026-04-22 08:05:00.481593+00:00,300,True,Up,1,True
0x04fca98bfa2f8402b065ee8f909fb3c65c992e4d6295d11303aef1e4313ce199,2026-04-22 08:10:00+00:00,300,300,0,299,0,0,0,6,0,0,2026-04-22 08:10:00+00:00,2026-04-22 08:15:00+00:00,2026-04-22 08:15:00.454889+00:00,300,True,Up,1,True
0x710e5eb108710afd6540d07c739ffd0a9d0157dd8e3d037c2845f7746beac223,2026-04-22 08:35:00+00:00,300,300,0,299,0,0,0,9,0,0,2026-04-22 08:35:00+00:00,2026-04-22 08:40:00+00:00,2026-04-22 08:40:00.498785+00:00,300,True,Up,1,True
0x9c6b80e1b1f5798eb9675a3c41d22202d215fdd2a05f9ca14bf0265b6c8d291f,2026-04-22 08:40:00+00:00,300,300,0,299,0,0,6,0,0,0,2026-04-22 08:40:00+00:00,2026-04-22 08:45:00+00:00,2026-04-22 08:45:00.548167+00:00,300,True,Down,0,True
0x5fc9f1e03ee4ac877f948819794d3a38c84dee0665fb039cb5c767d32f44cf06,2026-04-22 08:45:00+00:00,300,300,0,299,0,0,0,8,0,0,2026-04-22 08:45:00+00:00,2026-04-22 08:50:00+00:00,2026-04-22 08:50:00.510597+00:00,300,True,Up,1,True
0x8ad31b8b6eadbf9961a7069f9a8990f051d749a29dce3324634bc090cd9ad992,2026-04-22 08:50:00+00:00,300,300,0,299,0,0,0,59,0,0,2026-04-22 08:50:00+00:00,2026-04-22 08:55:00+00:00,2026-04-22 08:55:00.431604+00:00,300,True,Up,1,True
0x62b86de482c908f170948ecd91e553316a40650b5ee832274de3b59c58b2e37a,2026-04-22 09:00:00+00:00,300,300,0,299,0,0,3,0,0,0,2026-04-22 09:00:00+00:00,2026-04-22 09:05:00+00:00,2026-04-22 09:05:00.440028+00:00,300,True,Down,0,True
0xa185b240fe9018b265631eba3edd1c0a9fa3f744f31a66e2e19f2653eaca78f5,2026-04-22 09:10:00+00:00,300,300,0,299,0,0,2,0,0,0,2026-04-22 09:10:00+00:00,2026-04-22 09:15:00+00:00,2026-04-22 09:15:00.468093+00:00,300,True,Down,0,True
0x9c3b2ce4e6c4973e11825744e4d85dcee399018595abc44e9b93d8978e27df9d,2026-04-22 09:15:00+00:00,300,300,0,299,0,0,48,0,0,0,2026-04-22 09:15:00+00:00,2026-04-22 09:20:00+00:00,2026-04-22 09:20:00.465890+00:00,300,True,Down,0,True
0x4c8dba7c2eb545fc6512b80c8e5d05d25badd2caf401da4fbaf61bd6a7f9f353,2026-04-22 09:25:00+00:00,300,300,0,299,0,0,0,77,0,0,2026-04-22 09:25:00+00:00,2026-04-22 09:30:00+00:00,2026-04-22 09:30:00.514195+00:00,300,True,Up,1,True
0x746604c025e0a44a3becf1cb4e4280ee0ddf3008b94a4e77aad736a76503e9df,2026-04-22 09:40:00+00:00,300,300,0,299,0,0,0,5,0,0,2026-04-22 09:40:00+00:00,2026-04-22 09:45:00+00:00,2026-04-22 09:45:00.567230+00:00,300,True,Up,1,True
0xd3aabfb4870a9f9fe9d10346214f4c05fc1390baa74233165ada28b1afe7aa47,2026-04-22 09:55:00+00:00,300,300,0,299,0,0,0,1,0,0,2026-04-22 09:55:00+00:00,2026-04-22 10:00:00+00:00,2026-04-22 10:00:00.572859+00:00,300,True,,1,True
0x45fff1cf714784c50ed5a9def5dfb0ec419a40d02c65f703cf22902a251ab5e7,2026-04-22 10:00:00+00:00,300,300,0,299,0,0,3,0,0,0,2026-04-22 10:00:00+00:00,2026-04-22 10:05:00+00:00,2026-04-22 10:05:00.637276+00:00,300,True,Down,0,True
0x265dead63cd541a39eee46f1334fc31bdf9e8db9262e5f663e64abe2543d7c2a,2026-04-22 10:05:00+00:00,300,300,0,299,0,0,3,0,0,0,2026-04-22 10:05:00+00:00,2026-04-22 10:10:00+00:00,2026-04-22 10:10:00.440339+00:00,300,True,Down,0,True
0x4946e8fc7a1e3243d7916c001770b1ad5f12663f9a1c46eeda4b2e386f9581dd,2026-04-22 10:10:00+00:00,300,300,0,299,0,0,0,46,0,0,2026-04-22 10:10:00+00:00,2026-04-22 10:15:00+00:00,2026-04-22 10:15:00.612111+00:00,300,True,Up,1,True
0x0a151e6c039a2db6b5d2be3475687e854537044c435edaaeaf3a109df8ac064b,2026-04-22 10:15:00+00:00,300,300,0,299,0,0,2,0,0,0,2026-04-22 10:15:00+00:00,2026-04-22 10:20:00+00:00,2026-04-22 10:20:00.517972+00:00,300,True,Down,0,True
0xc2bebd21ab8899cdcb06c8181870be2b913767ac132b76920c522fedf2ad0781,2026-04-22 10:20:00+00:00,300,300,0,299,0,0,29,0,0,0,2026-04-22 10:20:00+00:00,2026-04-22 10:25:00+00:00,2026-04-22 10:25:00.465794+00:00,300,True,Down,0,True
0x5bbae4bbfad26731214de590cd8547e25ea046af2e7c05d3a4ffb4fa32e55a0f,2026-04-22 10:25:00+00:00,300,300,0,299,0,0,0,70,0,0,2026-04-22 10:25:00+00:00,2026-04-22 10:30:00+00:00,2026-04-22 10:30:00.545443+00:00,300,True,Up,1,True
0xfb4880c1c15e93d10d370754781e1ea68c998a786a072d24cc884caf12dfeafb,2026-04-22 10:30:00+00:00,300,300,0,299,0,0,0,44,0,0,2026-04-22 10:30:00+00:00,2026-04-22 10:35:00+00:00,2026-04-22 10:35:00.427690+00:00,300,True,Up,1,True
0x4666c84a52138a1d9bd766909efe7221e1f63abdcfe1785f7526c1f4552af468,2026-04-22 10:50:00+00:00,300,300,0,299,0,0,0,0,0,0,2026-04-22 10:50:00+00:00,2026-04-22 10:55:00+00:00,2026-04-22 10:55:05.374344+00:00,300,True,,1,True
0xb1d2c669aa2979d2bfec0fda372aad3be3918024a9a27700cd6d43bc4c3145c9,2026-04-22 11:00:00+00:00,300,300,0,299,0,0,0,93,0,0,2026-04-22 11:00:00+00:00,2026-04-22 11:05:00+00:00,2026-04-22 11:05:00.429222+00:00,300,True,Up,1,True
0xb96c204a86e715653df10b268b5f8929f0c9d1ed574af262ba38a1244dcf651a,2026-04-22 11:15:00+00:00,300,300,0,299,0,0,0,19,0,0,2026-04-22 11:15:00+00:00,2026-04-22 11:20:00+00:00,2026-04-22 11:20:00.513216+00:00,300,True,Up,1,True
0x8bc909ef2ed9d238770791ccdbe85e7636c29d9c23d4e83fd391a16598f19d95,2026-04-22 11:20:00+00:00,300,300,0,299,0,0,0,2,0,0,2026-04-22 11:20:00+00:00,2026-04-22 11:25:00+00:00,2026-04-22 11:25:00.407655+00:00,300,True,,1,True
0xbf239a9c3ed724faa6f0fff43c3e4ccb9e202bac96d9d59305e7e794722463f8,2026-04-22 11:25:00+00:00,300,300,0,299,0,0,0,28,0,0,2026-04-22 11:25:00+00:00,2026-04-22 11:30:00+00:00,2026-04-22 11:30:00.511241+00:00,300,True,Up,1,True
0x42b7a09ef2a13682f9be22500303f8312e1810b1e3454610cf9518586767d8eb,2026-04-22 11:45:00+00:00,300,300,0,299,0,0,0,39,0,0,2026-04-22 11:45:00+00:00,2026-04-22 11:50:00+00:00,2026-04-22 11:50:00.521448+00:00,300,True,Up,1,True
0x91ad0b76d77408137405ab502f3d78aad4698c60f16d8b743288c33c8994abbf,2026-04-22 11:50:00+00:00,300,300,0,299,0,0,2,0,0,0,2026-04-22 11:50:00+00:00,2026-04-22 11:55:00+00:00,2026-04-22 11:55:00.414482+00:00,300,True,Down,0,True
0xc78102b5f4990d860b127cb410d19d7a589d040138b42529ddd0edb6683c428d,2026-04-22 12:00:00+00:00,300,300,0,299,0,0,0,0,0,0,2026-04-22 12:00:00+00:00,2026-04-22 12:05:00+00:00,2026-04-22 12:05:00.473708+00:00,300,True,Up,1,True
0xde03bbec4f350712a63c6691619c690ca8cbec2f198f0c0939b1e3a3321b690a,2026-04-22 12:05:00+00:00,300,300,0,299,0,0,0,2,0,0,2026-04-22 12:05:00+00:00,2026-04-22 12:10:00+00:00,2026-04-22 12:10:00.446425+00:00,300,True,Up,1,True
0x2d2f289b8fcfa6135d734ac8a39727c65cf86902fdcba2acf7d4b6c87f74dd2a,2026-04-22 12:10:00+00:00,300,300,0,299,0,0,0,39,0,0,2026-04-22 12:10:00+00:00,2026-04-22 12:15:00+00:00,2026-04-22 12:15:00.472931+00:00,300,True,Up,1,True
0xd1b8002a8c04a973028c2725c1df1618cc67e32d742e1828b7dfa12fd0c27ee8,2026-04-22 12:40:00+00:00,300,300,0,299,0,0,2,0,0,0,2026-04-22 12:40:00+00:00,2026-04-22 12:45:00+00:00,2026-04-22 12:45:00.748323+00:00,300,True,Down,0,True
0xf917bc18fa1a0686be89545e65e1e5ee5cc31d21dc84e64d5e332bfb8c330adb,2026-04-22 12:45:00+00:00,300,300,0,299,0,0,1,0,0,0,2026-04-22 12:45:00+00:00,2026-04-22 12:50:00+00:00,2026-04-22 12:50:00.444592+00:00,300,True,Down,0,True
0xae0d14dd371fab73e5fbd21d79dff14db7db49e39c229253d1dfaf84ad9eda43,2026-04-22 12:55:00+00:00,300,300,0,299,0,0,1,0,0,0,2026-04-22 12:55:00+00:00,2026-04-22 13:00:00+00:00,2026-04-22 13:00:00.752141+00:00,300,True,Down,0,True
0x946c6bf7e22c50cb95613c75b4d7945f57bbadc98559283ba6eb281983528bdb,2026-04-22 13:00:00+00:00,300,300,0,299,0,0,0,16,0,0,2026-04-22 13:00:00+00:00,2026-04-22 13:05:00+00:00,2026-04-22 13:05:00.454691+00:00,300,True,Up,1,True
0x1e74068d5ec01336e505f8ac0deda29ced84133bce682efa86b2516263ebc7a9,2026-04-22 13:10:00+00:00,300,300,0,299,0,0,0,43,0,0,2026-04-22 13:10:00+00:00,2026-04-22 13:15:00+00:00,2026-04-22 13:15:00.595854+00:00,300,True,Up,1,True
0xc0e81d23b3042f52ab913f9ef7c07eb015ee153c96308305186814e27519dea8,2026-04-22 14:40:00+00:00,300,300,0,299,0,0,42,0,0,0,2026-04-22 14:40:00+00:00,2026-04-22 14:45:00+00:00,2026-04-22 14:45:00.439920+00:00,300,True,Down,0,True
0x8ca4e3a1d0b5f5cf72e44a111e6a50af64bd4d4c7110d94b38b3584141f6236c,2026-04-22 14:45:00+00:00,300,300,0,299,0,0,0,31,0,0,2026-04-22 14:45:00+00:00,2026-04-22 14:50:00+00:00,2026-04-22 14:50:00.474692+00:00,300,True,Up,1,True
0x7b79d2044af820ccd0e252f92185459c34495e11e1f6bc14edce329366f7ddbe,2026-04-22 14:50:00+00:00,300,300,0,299,0,0,0,12,0,0,2026-04-22 14:50:00+00:00,2026-04-22 14:55:00+00:00,2026-04-22 14:55:00.471664+00:00,300,True,Up,1,True
0x02b4a45de9a511928404b0cc34bd81ce697c4f73faf8696feabc641e527945b9,2026-04-22 14:55:00+00:00,300,300,0,299,0,0,0,47,0,0,2026-04-22 14:55:00+00:00,2026-04-22 15:00:00+00:00,2026-04-22 15:00:00.512801+00:00,300,True,Up,1,True
0xd653f745e8b843aa33d1df4250d0790c6922ee0d7c24b2027aea45efe39cdfe8,2026-04-22 15:10:00+00:00,300,300,0,299,0,0,1,0,0,0,2026-04-22 15:10:00+00:00,2026-04-22 15:15:00+00:00,2026-04-22 15:15:00.462668+00:00,300,True,Down,0,True
0x003918315d7f88293bace93a162f224f0ab31fd51bfdc235013a36570462b0f1,2026-04-22 15:25:00+00:00,300,300,0,299,0,0,0,21,0,0,2026-04-22 15:25:00+00:00,2026-04-22 15:30:00+00:00,2026-04-22 15:30:00.405113+00:00,300,True,Up,1,True
0xc72c9900be9f7d3b106002846514c6f578bb97b4f22ea536448f75bfd39ac7a2,2026-04-22 16:35:00+00:00,300,300,0,299,0,0,1,0,0,0,2026-04-22 16:35:00+00:00,2026-04-22 16:40:00+00:00,2026-04-22 16:40:00.508352+00:00,300,True,Down,0,True
0xc50da56f27f9ac2d85146c5a18d8ae1a14764db304f018d38f5178a35dd8de5a,2026-04-22 17:00:00+00:00,300,300,0,299,0,0,0,73,0,0,2026-04-22 17:00:00+00:00,2026-04-22 17:05:00+00:00,2026-04-22 17:05:00.435821+00:00,300,True,Up,1,True
0x7ce5f944a51a7ba9b1511a6db9bad890213c3b3703f865360725ae2f2f8c4834,2026-04-22 17:05:00+00:00,300,300,0,299,0,0,0,6,0,0,2026-04-22 17:05:00+00:00,2026-04-22 17:10:00+00:00,2026-04-22 17:10:00.474481+00:00,300,True,Up,1,True
0x61da9f1616fe34ffd72152918ec58df32d7759974f430fb681fa4b01d46baad0,2026-04-22 17:10:00+00:00,300,300,0,299,0,0,0,9,0,0,2026-04-22 17:10:00+00:00,2026-04-22 17:15:00+00:00,2026-04-22 17:15:00.507697+00:00,300,True,Up,1,True
0x2dd5dc8d8fc8f2d313db67d7d8a3a8dcfb2a0bb67162c6ba1b4fd5c73ba880d2,2026-04-22 17:25:00+00:00,300,300,0,299,0,0,0,109,0,0,2026-04-22 17:25:00+00:00,2026-04-22 17:30:00+00:00,2026-04-22 17:30:00.503708+00:00,300,True,Up,1,True
0xdc077c2ad04c2577bdb2fe8dc584e48f88c6451a57ca8ae6897fbe1bf615ff27,2026-04-22 17:30:00+00:00,300,300,0,299,0,0,0,5,0,0,2026-04-22 17:30:00+00:00,2026-04-22 17:35:00+00:00,2026-04-22 17:35:00.432716+00:00,300,True,Down,0,True
0xd83a13fa51c3c5634325c1187d785794bc79a4dd073eccb5d34e9f2554c6719d,2026-04-22 17:35:00+00:00,300,300,0,299,0,0,0,14,0,0,2026-04-22 17:35:00+00:00,2026-04-22 17:40:00+00:00,2026-04-22 17:40:00.512363+00:00,300,True,Up,1,True
0x596d737130aa56c9bf7e2474bce0056ecc78bc7303d25cadfc3ec55d5983476c,2026-04-22 17:40:00+00:00,300,300,0,299,0,0,1,0,0,0,2026-04-22 17:40:00+00:00,2026-04-22 17:45:00+00:00,2026-04-22 17:45:00.658970+00:00,300,True,Down,0,True
0x4fdb9d8f9d6a5eafa74ff1878a98f8bddea5b8138bc5fdc29759bf0e86269dd8,2026-04-22 17:45:00+00:00,300,300,0,299,0,0,0,17,0,0,2026-04-22 17:45:00+00:00,2026-04-22 17:50:00+00:00,2026-04-22 17:50:00.426420+00:00,300,True,Up,1,True
0x0b4393d4d56176ac8b0c8f7ab80fec0a56fa14128b9cd0a741842daf74019f7e,2026-04-22 17:50:00+00:00,300,300,0,299,0,0,0,46,0,0,2026-04-22 17:50:00+00:00,2026-04-22 17:55:00+00:00,2026-04-22 17:55:00.507555+00:00,300,True,Up,1,True
0x6eb869890b3a89b4c0f0fe8df3550fec0e3e41377a7a940859e44e3136153f5e,2026-04-22 18:00:00+00:00,300,300,0,299,0,0,0,1,0,0,2026-04-22 18:00:00+00:00,2026-04-22 18:05:00+00:00,2026-04-22 18:05:00.478945+00:00,300,True,,1,True
0x118a1c7d36c19eeff3a007dc9682fdcf0dda5f7295007acb328263a31c5b1ece,2026-04-22 18:05:00+00:00,300,300,0,299,0,0,0,0,0,0,2026-04-22 18:05:00+00:00,2026-04-22 18:10:00+00:00,2026-04-22 18:10:00.580527+00:00,300,True,Up,1,True
0x32eeab65fef09c3294683329b44e90b1bee028d72faa52dd3a38b65acb738493,2026-04-22 18:10:00+00:00,300,300,0,299,0,0,0,14,0,0,2026-04-22 18:10:00+00:00,2026-04-22 18:15:00+00:00,2026-04-22 18:15:00.527480+00:00,300,True,Up,1,True
0x3292bc6cd5dbce7e1984cc53ae4014c381b9a44207e1eefcc2260e2fb8fdfdc5,2026-04-22 18:15:00+00:00,300,300,0,299,0,0,0,1,0,0,2026-04-22 18:15:00+00:00,2026-04-22 18:20:00+00:00,2026-04-22 18:20:00.430100+00:00,300,True,Up,1,True
0xd7c396db288a554bf72a2a511eb5b1db7685591284597690e84c97c4f176fc39,2026-04-22 18:20:00+00:00,300,300,0,299,0,0,0,0,0,0,2026-04-22 18:20:00+00:00,2026-04-22 18:25:00+00:00,2026-04-22 18:25:00.521522+00:00,300,True,,1,True
0x5a5ceb279f8419bf80eda0a3732705ea56325b98b045744f6a3e7a3bf6006022,2026-04-22 18:25:00+00:00,300,300,0,299,0,0,19,0,0,0,2026-04-22 18:25:00+00:00,2026-04-22 18:30:00+00:00,2026-04-22 18:30:00.532671+00:00,300,True,Down,0,True
0x064c23299c07e55d6c66ba2d0366f60453eea15b20b12405cac62d93289b9e6a,2026-04-22 18:30:00+00:00,300,300,0,299,0,0,1,0,0,0,2026-04-22 18:30:00+00:00,2026-04-22 18:35:00+00:00,2026-04-22 18:35:00.496536+00:00,300,True,Down,0,True
0x5c2c14ea86989ed8354836672c487274f61cac4251a36f9ab233f9bd5662ad1d,2026-04-22 18:35:00+00:00,300,300,0,299,0,0,0,29,0,0,2026-04-22 18:35:00+00:00,2026-04-22 18:40:00+00:00,2026-04-22 18:40:00.509352+00:00,300,True,Up,1,True
0x55217115bec561d99a9c4df257d286124d62a853afb38936e72259a5a8c01cce,2026-04-22 18:45:00+00:00,300,300,0,299,0,0,0,56,0,0,2026-04-22 18:45:00+00:00,2026-04-22 18:50:00+00:00,2026-04-22 18:50:00.516703+00:00,300,True,Up,1,True
0xbb18982b9e0f277af71de6c496216fed2d1944951c83dfdf986458b847f80480,2026-04-22 18:50:00+00:00,300,300,0,299,0,0,2,0,0,0,2026-04-22 18:50:00+00:00,2026-04-22 18:55:00+00:00,2026-04-22 18:55:00.544283+00:00,300,True,Down,0,True
0x3b83df7a5a51657a459034b41b79e7ce006c21008666731d2739d065a26cae19,2026-04-22 19:15:00+00:00,300,300,0,299,0,0,0,31,0,0,2026-04-22 19:15:00+00:00,2026-04-22 19:20:00+00:00,2026-04-22 19:20:00.479414+00:00,300,True,Up,1,True
0xbe1702593ce665776d60cd386fb78fe01aa026b724a56c97865c699d4202f78e,2026-04-22 19:20:00+00:00,300,300,0,299,0,0,0,5,0,0,2026-04-22 19:20:00+00:00,2026-04-22 19:25:00+00:00,2026-04-22 19:25:00.427044+00:00,300,True,Up,1,True
0x3c3cce22482d25951683f0131992b291e62d108285d743af9c246dc20b67e619,2026-04-22 19:25:00+00:00,300,300,0,299,0,0,0,4,0,0,2026-04-22 19:25:00+00:00,2026-04-22 19:30:00+00:00,2026-04-22 19:30:00.508397+00:00,300,True,Up,1,True
0x81694f3bdde0ddc224ad96317ce1d081a255bd604d434d66a6c14da3fcf1e067,2026-04-22 19:30:00+00:00,300,300,0,299,0,0,30,0,0,0,2026-04-22 19:30:00+00:00,2026-04-22 19:35:00+00:00,2026-04-22 19:35:00.452174+00:00,300,True,Down,0,True
0xa6542c0f4e6a525c4208680a73bd8a7f733058b86854bbc0085600606686cccb,2026-04-22 19:35:00+00:00,300,300,0,299,0,0,8,0,0,0,2026-04-22 19:35:00+00:00,2026-04-22 19:40:00+00:00,2026-04-22 19:40:00.541900+00:00,300,True,Down,0,True
0x88c627390c7b37d0bf320912a7ccb99fc8b60990e207fbf4ae6133f6ac00be8a,2026-04-22 19:45:00+00:00,300,300,0,299,0,0,0,2,0,0,2026-04-22 19:45:00+00:00,2026-04-22 19:50:00+00:00,2026-04-22 19:50:00.452688+00:00,300,True,Up,1,True
0x778bfd7792b6e215946333752c472786b9e8ba7924c473e5dc38432884f2a193,2026-04-22 19:55:00+00:00,300,300,0,299,0,0,10,0,0,0,2026-04-22 19:55:00+00:00,2026-04-22 20:00:00+00:00,2026-04-22 20:00:00.406113+00:00,300,True,Down,0,True
0x57813c96d077e722a63846abfec415a01fa68f2aa802595a070f0b3738e76ab5,2026-04-22 20:00:00+00:00,300,300,0,299,0,0,0,8,0,0,2026-04-22 20:00:00+00:00,2026-04-22 20:05:00+00:00,2026-04-22 20:05:00.452939+00:00,300,True,Up,1,True
0xad199725dc79d922be60c893748795a187ad877f2a1fe7768ce0790babb05b37,2026-04-22 20:05:00+00:00,300,300,0,299,0,0,39,0,0,0,2026-04-22 20:05:00+00:00,2026-04-22 20:10:00+00:00,2026-04-22 20:10:00.481608+00:00,300,True,Down,0,True
0xfdcb9cdd13845084c935c7daf2ce84e8c53684b91e936c35682c1b83cc9341b9,2026-04-22 20:10:00+00:00,300,300,0,299,0,0,7,0,0,0,2026-04-22 20:10:00+00:00,2026-04-22 20:15:00+00:00,2026-04-22 20:15:00.556946+00:00,300,True,Down,0,True
0xe41bdb765cb4fea7f26e3ea644e85aee1beadfbbce7d82768b29e6014113586a,2026-04-22 20:15:00+00:00,300,300,0,299,0,0,40,0,0,0,2026-04-22 20:15:00+00:00,2026-04-22 20:20:00+00:00,2026-04-22 20:20:00.530762+00:00,300,True,Down,0,True
0x3e0400eb7c66752538885afe871fd9d78a5c129893c12ae3b20bb4e639a7f0b1,2026-04-22 21:10:00+00:00,300,300,0,299,0,0,0,2,0,0,2026-04-22 21:10:00+00:00,2026-04-22 21:15:00+00:00,2026-04-22 21:15:00.435893+00:00,300,True,Up,1,True
0x43b15b55284363398fd8bcbd39190ae03c826456afc4d55e64338b925e755e16,2026-04-22 21:15:00+00:00,300,300,0,299,0,0,3,0,0,0,2026-04-22 21:15:00+00:00,2026-04-22 21:20:00+00:00,2026-04-22 21:20:00.474432+00:00,300,True,Down,0,True
0x004c18820730603f267ff6e1c8781f906dedd6cad4fa1e6eb3f679185d001658,2026-04-22 21:20:00+00:00,300,300,0,299,0,0,0,0,0,0,2026-04-22 21:20:00+00:00,2026-04-22 21:25:00+00:00,2026-04-22 21:25:00.449308+00:00,300,True,Down,0,True
0x8a2565267eb0bf3be88926dad30471c5058a4f699a3ede497ca9122b014dd431,2026-04-22 21:25:00+00:00,300,300,0,299,0,0,0,2,0,0,2026-04-22 21:25:00+00:00,2026-04-22 21:30:00+00:00,2026-04-22 21:30:00.578206+00:00,300,True,Up,1,True
0x0db2b9cc2c00e92da9670870ef537bdb5131eef23c956ae2dded9f72c9363cdf,2026-04-22 21:30:00+00:00,300,300,0,299,0,0,0,55,0,0,2026-04-22 21:30:00+00:00,2026-04-22 21:35:00+00:00,2026-04-22 21:35:00.435303+00:00,300,True,Up,1,True
0xdb5892c8ce47b72c3c6183541c13520ce6652227e96365cf91a797be61f84de2,2026-04-22 21:35:00+00:00,300,300,0,299,0,0,0,14,0,0,2026-04-22 21:35:00+00:00,2026-04-22 21:40:00+00:00,2026-04-22 21:40:00.425522+00:00,300,True,Up,1,True
0x00de7af0965e6e53ee3dc7c200930581164ee9ea13147534928c03ebcaf33ddb,2026-04-22 21:40:00+00:00,300,300,0,299,0,0,0,0,0,0,2026-04-22 21:40:00+00:00,2026-04-22 21:45:00+00:00,2026-04-22 21:45:00.505180+00:00,300,True,Up,1,True
0xf340316eee8a9dcf09c70f402b8363573f0ae532bb0836ded1c3570f27e266f6,2026-04-22 22:05:00+00:00,300,300,0,299,0,0,0,27,0,0,2026-04-22 22:05:00+00:00,2026-04-22 22:10:00+00:00,2026-04-22 22:10:00.472019+00:00,300,True,Up,1,True
0x76a3ebcd0bca98dd372b00ed13755b10deaa0d76094a9e596cdffca2ba585a9e,2026-04-22 22:10:00+00:00,300,300,0,299,0,0,3,0,0,0,2026-04-22 22:10:00+00:00,2026-04-22 22:15:00+00:00,2026-04-22 22:15:00.444027+00:00,300,True,Down,0,True
0x61dfef5bfabde45ad2d5e4aa4e277f90fc1f92962656f9f9f416314dbd37aac3,2026-04-22 22:15:00+00:00,300,300,0,299,0,0,57,0,0,0,2026-04-22 22:15:00+00:00,2026-04-22 22:20:00+00:00,2026-04-22 22:20:00.455981+00:00,300,True,Down,0,True
0x987683d35b01aed551c8ccff5903c88cede9c9265a10708b99043484c4d8c914,2026-04-22 22:25:00+00:00,300,300,0,299,0,0,64,0,0,0,2026-04-22 22:25:00+00:00,2026-04-22 22:30:00+00:00,2026-04-22 22:30:00.480753+00:00,300,True,Down,0,True
0x3c3ed56f33e4ccd7a73bb1e75859a4209a38e4eb089714cfa4ce43b0b8e3dd81,2026-04-22 22:30:00+00:00,300,300,0,299,0,0,7,0,0,0,2026-04-22 22:30:00+00:00,2026-04-22 22:35:00+00:00,2026-04-22 22:35:00.466707+00:00,300,True,Down,0,True
0x16971dc353331130796d4edc4b75880594efe66057b7b04a95819247f8d16413,2026-04-22 22:50:00+00:00,300,300,0,299,0,0,0,13,0,0,2026-04-22 22:50:00+00:00,2026-04-22 22:55:00+00:00,2026-04-22 22:55:00.426159+00:00,300,True,Up,1,True
0xb3a86d9a2429f6ee5e48abc9524439d7292bdc251f6870f94219edcbc81560f4,2026-04-22 22:55:00+00:00,300,300,0,299,0,0,0,31,0,0,2026-04-22 22:55:00+00:00,2026-04-22 23:00:00+00:00,2026-04-22 23:00:00.922685+00:00,300,True,Up,1,True
0xa244c2de656d204cf5cbc826a1b85a614bbe1fe0684c74904be1cc890e8a4a75,2026-04-22 23:00:00+00:00,300,300,0,299,0,0,89,0,0,0,2026-04-22 23:00:00+00:00,2026-04-22 23:05:00+00:00,2026-04-22 23:05:00.394595+00:00,300,True,Down,0,True
0xe718f96652b0123ed430993507ab3c4ee80c8abdd0c8ab1da400598c289d12cf,2026-04-22 23:05:00+00:00,300,300,0,299,0,0,0,5,0,0,2026-04-22 23:05:00+00:00,2026-04-22 23:10:00+00:00,2026-04-22 23:10:00.407243+00:00,300,True,Up,1,True
0x9dee8df112a0905c82f2ce8c5f27c64c20fe1459f98171eeaf1955dd8126c6ee,2026-04-22 23:10:00+00:00,300,300,0,299,0,0,0,2,0,0,2026-04-22 23:10:00+00:00,2026-04-22 23:15:00+00:00,2026-04-22 23:15:00.538731+00:00,300,True,Up,1,True
0xb170d2fabb65f4534da768410f8b09030a8a5c2155b316383e3b2aefd384ed01,2026-04-22 23:15:00+00:00,300,300,0,299,0,0,3,0,0,0,2026-04-22 23:15:00+00:00,2026-04-22 23:20:00+00:00,2026-04-22 23:20:00.564658+00:00,300,True,Down,0,True
0xe4f1df98a1b3dd5667e5195954638382dffad985dbb1a265633b54b90057f3a9,2026-04-22 23:20:00+00:00,300,300,0,299,0,0,96,0,0,0,2026-04-22 23:20:00+00:00,2026-04-22 23:25:00+00:00,2026-04-22 23:25:00.397353+00:00,300,True,Down,0,True
0xe95dacd436e7bc271fa879b4e778ceb9cce8a26e110e21df59e1b39566d2797b,2026-04-22 23:25:00+00:00,300,300,0,299,0,0,0,40,0,0,2026-04-22 23:25:00+00:00,2026-04-22 23:30:00+00:00,2026-04-22 23:30:00.477444+00:00,300,True,Up,1,True
0x20ac94f727cc0ae5ca446248b74553cf50451010ac81ab8c01e995fff0e80808,2026-04-22 23:30:00+00:00,300,300,0,299,0,0,30,0,0,0,2026-04-22 23:30:00+00:00,2026-04-22 23:35:00+00:00,2026-04-22 23:35:00.485944+00:00,300,True,Down,0,True
0xf844b10ca853bf3bae47e239619c726b060d193cb4ad9535a960df0f238a4fd7,2026-04-22 23:40:00+00:00,300,300,0,299,0,0,2,0,0,0,2026-04-22 23:40:00+00:00,2026-04-22 23:45:00+00:00,2026-04-22 23:45:00.616185+00:00,300,True,Down,0,True
0xd37bbf62bf813e68842429394534ed6463382084c477b433974d47c4ea2bf460,2026-04-22 23:50:00+00:00,300,300,0,299,0,0,18,0,0,0,2026-04-22 23:50:00+00:00,2026-04-22 23:55:00+00:00,2026-04-22 23:55:00.487997+00:00,300,True,Down,0,True
0x530b15c12123893cbff8fbbfead11485468a0aaa541e2ea1a4cc13ec16153305,2026-04-23 00:00:00+00:00,300,300,0,299,0,0,0,115,0,0,2026-04-23 00:00:00+00:00,2026-04-23 00:05:00+00:00,2026-04-23 00:05:00.541721+00:00,300,True,Up,1,True
0xd16128e83c79add415bf76a8cb31622192b4268f1fe20a0013e37651a6133599,2026-04-23 00:05:00+00:00,300,300,0,299,0,0,5,0,0,0,2026-04-23 00:05:00+00:00,2026-04-23 00:10:00+00:00,2026-04-23 00:10:00.458841+00:00,300,True,Down,0,True
0xe1b65b607cc0fad0f73237920c0226176708566eecb62b86a0ba09ef31623775,2026-04-23 00:10:00+00:00,300,300,0,299,0,0,117,0,0,0,2026-04-23 00:10:00+00:00,2026-04-23 00:15:00+00:00,2026-04-23 00:15:00.468835+00:00,300,True,Down,0,True
0xb8a6b86c600d178d68142e3562c4eb828e5b61c225a5ce121d1dcf6d46306e0f,2026-04-23 00:25:00+00:00,300,300,0,299,0,0,0,34,0,0,2026-04-23 00:25:00+00:00,2026-04-23 00:30:00+00:00,2026-04-23 00:30:00.532424+00:00,300,True,Up,1,True
0x8dedbaf0e41ee0d8060ecf711666b380300d43eb71ca46fa5da726b514ebc0c7,2026-04-23 00:30:00+00:00,300,300,0,299,0,0,4,0,0,0,2026-04-23 00:30:00+00:00,2026-04-23 00:35:00+00:00,2026-04-23 00:35:00.561670+00:00,300,True,Down,0,True
0xb6cf890cdc187e1ff4e555e9fbb8f0a9fcb9a11b14de8490e5272b8bcbcb75af,2026-04-23 00:35:00+00:00,300,300,0,299,0,0,0,14,0,0,2026-04-23 00:35:00+00:00,2026-04-23 00:40:00+00:00,2026-04-23 00:40:00.522133+00:00,300,True,Up,1,True
0x01751867d942ea4c481258847911e202f8993ee33eb1fafeee7bc731d8f4366d,2026-04-23 00:40:00+00:00,300,300,0,299,0,0,33,0,0,0,2026-04-23 00:40:00+00:00,2026-04-23 00:45:00+00:00,2026-04-23 00:45:00.517095+00:00,300,True,Down,0,True
0x894caf31eced41c32e2eb5eb8c64c43093da19b6e78879a4a97c3213a5eabb58,2026-04-23 00:50:00+00:00,300,300,0,299,0,0,1,0,0,0,2026-04-23 00:50:00+00:00,2026-04-23 00:55:00+00:00,2026-04-23 00:55:00.551683+00:00,300,True,Down,0,True
0xc75935dc39e8c952baada40609ac695fb3eaeeb01ec7119aa0173b8c68fc649a,2026-04-23 00:55:00+00:00,300,300,0,299,0,0,0,3,0,0,2026-04-23 00:55:00+00:00,2026-04-23 01:00:00+00:00,2026-04-23 01:00:00.411512+00:00,300,True,Up,1,True
0xc460033be0e1b0d81d973933dcac95b8a786be280a9f4252ff144baac1b097bd,2026-04-23 01:00:00+00:00,300,300,0,299,0,0,37,0,0,0,2026-04-23 01:00:00+00:00,2026-04-23 01:05:00+00:00,2026-04-23 01:05:00.496698+00:00,300,True,Down,0,True
0x807c6c4c4d8a52a7fabf9e71652377f8f4d7d75516d8dfaffc2ad6dcabf3f6c5,2026-04-23 01:15:00+00:00,300,300,0,299,0,0,39,0,0,0,2026-04-23 01:15:00+00:00,2026-04-23 01:20:00+00:00,2026-04-23 01:20:00.569443+00:00,300,True,Down,0,True
0x13b7285e20d7c2d132e5e2872d352ca983eaee3a3312466d5d1b3fe3112a3495,2026-04-23 01:25:00+00:00,300,300,0,299,0,0,0,5,0,0,2026-04-23 01:25:00+00:00,2026-04-23 01:30:00+00:00,2026-04-23 01:30:00.444399+00:00,300,True,Up,1,True
0x096fa596430f8cd1f539c16ddfab84808d911ac16a0bb20dd2ce342384ebac76,2026-04-23 01:35:00+00:00,300,300,0,299,0,0,0,21,0,0,2026-04-23 01:35:00+00:00,2026-04-23 01:40:00+00:00,2026-04-23 01:40:00.540695+00:00,300,True,Up,1,True
0x7598b7ee38734e8cac777170fda17fc39342ba55c86acafb85feeeb4d1b3374d,2026-04-23 01:40:00+00:00,300,300,0,299,0,0,0,0,0,0,2026-04-23 01:40:00+00:00,2026-04-23 01:45:00+00:00,2026-04-23 01:45:00.690665+00:00,300,True,Up,1,True
0xf71219a63c2d7907de8562a10d4d2a39a9fb1d0824d9af88d9c1b628aad8574d,2026-04-23 02:15:00+00:00,300,300,0,299,0,0,1,0,0,0,2026-04-23 02:15:00+00:00,2026-04-23 02:20:00+00:00,2026-04-23 02:20:00.441727+00:00,300,True,Down,0,True
0x5ea38562d07dca101b2c925a1edd65f3c49af6e135cb006390395a3e193f0203,2026-04-23 02:25:00+00:00,300,300,0,299,0,0,7,0,0,0,2026-04-23 02:25:00+00:00,2026-04-23 02:30:00+00:00,2026-04-23 02:30:00.558396+00:00,300,True,Down,0,True
0xa2f6345b907ddddda3b0b6552dad18d772918dcf68ddee25aa3773bf61af2407,2026-04-23 03:00:00+00:00,300,300,0,299,0,0,0,4,0,0,2026-04-23 03:00:00+00:00,2026-04-23 03:05:00+00:00,2026-04-23 03:05:00.602697+00:00,300,True,Up,1,True
0x44918b93d77c71710ebb3be8ad92290a56ae2fbebbe0be18e9bf0cf7ddc4fc18,2026-04-23 03:05:00+00:00,300,300,0,299,0,0,47,0,0,0,2026-04-23 03:05:00+00:00,2026-04-23 03:10:00+00:00,2026-04-23 03:10:00.480848+00:00,300,True,Down,0,True
0xa58373401590a9699e1e704d700bbb9c92fc7c52777fc29454d4de43d26d4aa8,2026-04-23 03:15:00+00:00,300,300,0,299,0,0,31,0,0,0,2026-04-23 03:15:00+00:00,2026-04-23 03:20:00+00:00,2026-04-23 03:20:00.537929+00:00,300,True,Down,0,True
0xdb27101af4111f9bfd8c0ab6c5cdc8823eaa97fb3f896b5806f0ba143a624451,2026-04-23 03:25:00+00:00,300,300,0,299,0,0,0,0,0,0,2026-04-23 03:25:00+00:00,2026-04-23 03:30:00+00:00,2026-04-23 03:30:00.653059+00:00,300,True,Down,0,True
0xf741da526be208a18ff0605a16ca675e675299b1bc7737867e5b15bfa1940550,2026-04-23 03:50:00+00:00,300,300,0,299,0,0,0,49,0,0,2026-04-23 03:50:00+00:00,2026-04-23 03:55:00+00:00,2026-04-23 03:55:00.447140+00:00,300,True,Up,1,True
0x0cad11ba5f6526480bf9f506a625f927ac2217e8b45fbcadb57fb392fe19ab94,2026-04-23 04:00:00+00:00,300,300,0,299,0,0,0,0,0,0,2026-04-23 04:00:00+00:00,2026-04-23 04:05:00+00:00,2026-04-23 04:05:00.502342+00:00,300,True,,1,True
0x2fc5cb959fffb4691e99b7811d6cacad1d6b11064c73685fdb6e2ecedaec380b,2026-04-23 04:05:00+00:00,300,300,0,299,0,0,0,1,0,0,2026-04-23 04:05:00+00:00,2026-04-23 04:10:00+00:00,2026-04-23 04:10:00.451036+00:00,300,True,Up,1,True
0xae4af2a2e18bba9a674a80f2f2aa99ccf95e11633456b611d545793d031c30bc,2026-04-23 04:10:00+00:00,300,300,0,299,0,0,0,20,0,0,2026-04-23 04:10:00+00:00,2026-04-23 04:15:00+00:00,2026-04-23 04:15:00.548484+00:00,300,True,Up,1,True
0xd5d6dc274e6d86e576e4fdc54d0114e65294c13c50f15dba496c784762ab7a18,2026-04-23 04:30:00+00:00,300,300,0,299,0,0,0,18,0,0,2026-04-23 04:30:00+00:00,2026-04-23 04:35:00+00:00,2026-04-23 04:35:00.518396+00:00,300,True,Up,1,True
0x00f508f182afc6d86f6a7b8e8468a3b6efc32688e95790e70a3bb334f23eb995,2026-04-23 04:40:00+00:00,300,300,0,299,0,0,0,0,0,0,2026-04-23 04:40:00+00:00,2026-04-23 04:45:00+00:00,2026-04-23 04:45:00.635466+00:00,300,True,Down,0,True
0x68e85fb85d46b2f2d16cba10654991f8462fc32d8bdeab1efadc93d98f6c6a9a,2026-04-23 04:45:00+00:00,300,300,0,299,0,0,0,1,0,0,2026-04-23 04:45:00+00:00,2026-04-23 04:50:00+00:00,2026-04-23 04:50:00.500947+00:00,300,True,Up,1,True
0x1c643ada9b1b26fa92c985266eeab061cc6314d7c5a957667f0ea202b6607cd4,2026-04-23 04:50:00+00:00,300,300,0,299,0,0,0,2,0,0,2026-04-23 04:50:00+00:00,2026-04-23 04:55:00+00:00,2026-04-23 04:55:00.486259+00:00,300,True,Up,1,True
0x70fab007f7298765307d8a5a435360081f5653f497a3417f28ce62c060b451dc,2026-04-23 04:55:00+00:00,300,300,0,299,0,0,0,0,0,0,2026-04-23 04:55:00+00:00,2026-04-23 05:00:00+00:00,2026-04-23 05:00:00.490374+00:00,300,True,,0,True
0x2cd83101b3b4100e6842ca1776460dbb174819604319fa0fe4705b5a6a9e5a9d,2026-04-23 05:00:00+00:00,300,300,0,299,0,0,0,15,0,0,2026-04-23 05:00:00+00:00,2026-04-23 05:05:00+00:00,2026-04-23 05:05:00.449222+00:00,300,True,Up,1,True
0x4aecd1afb36de657e6e19fbfbc3301abc0bf36ffc3ecfb4763fc631226170fbf,2026-04-23 05:05:00+00:00,300,300,0,299,0,0,3,0,0,0,2026-04-23 05:05:00+00:00,2026-04-23 05:10:00+00:00,2026-04-23 05:10:00.528725+00:00,300,True,Down,0,True
0xf8dd8d8821959bec2875bad0424af583616dc550b7010635974ddb2f85c8cf65,2026-04-23 05:10:00+00:00,300,300,0,299,0,0,0,0,0,0,2026-04-23 05:10:00+00:00,2026-04-23 05:15:00+00:00,2026-04-23 05:15:00.500314+00:00,300,True,Up,1,True
0x6a9c494c11fbb2ba0d831b6fa91b028345707c7df265673d5c6ef8c2e437546b,2026-04-23 05:20:00+00:00,300,300,0,299,0,0,14,0,0,0,2026-04-23 05:20:00+00:00,2026-04-23 05:25:00+00:00,2026-04-23 05:25:00.554345+00:00,300,True,Down,0,True
0x37100c82e888997f982acb7bb3fadf2a77a268ed18e26d3c8b5d983912d01bbd,2026-04-23 05:55:00+00:00,300,300,0,299,0,0,0,1,0,0,2026-04-23 05:55:00+00:00,2026-04-23 06:00:00+00:00,2026-04-23 06:00:00.726785+00:00,300,True,Up,1,True
0xfe5bf5bd6c95a42887cccd32321798ea4d2da3fdd152c1454216ab8d6e43df09,2026-04-23 06:00:00+00:00,300,300,0,299,0,0,0,38,0,0,2026-04-23 06:00:00+00:00,2026-04-23 06:05:00+00:00,2026-04-23 06:05:00.622054+00:00,300,True,Up,1,True
0x5fecbede3affd45f5f1a1b4b2390dd16bca85b3d7912cfd0dfd8a96341c72eaf,2026-04-23 06:40:00+00:00,300,300,0,299,0,0,41,0,0,0,2026-04-23 06:40:00+00:00,2026-04-23 06:45:00+00:00,2026-04-23 06:45:00.731439+00:00,300,True,Down,0,True
0x998d626fadbb45285ff3a67d6c2f167e2d80f5e875c3187d5ca954be1a7d470a,2026-04-23 06:50:00+00:00,300,300,0,299,0,0,0,109,0,0,2026-04-23 06:50:00+00:00,2026-04-23 06:55:00+00:00,2026-04-23 06:55:00.455348+00:00,300,True,Up,1,True
0x2546c631edc9186111903f9acb0493bd8de3b99fb2d3656c379d2ac65da1810e,2026-04-23 07:00:00+00:00,300,300,0,299,0,0,1,0,0,0,2026-04-23 07:00:00+00:00,2026-04-23 07:05:00+00:00,2026-04-23 07:05:00.471692+00:00,300,True,Down,0,True
0x8ffddfb24a1548bf0999a476e78c455b3f8d359228aa6f6f25b50b608ed04b97,2026-04-23 07:05:00+00:00,300,300,0,299,0,0,0,0,0,0,2026-04-23 07:05:00+00:00,2026-04-23 07:10:00+00:00,2026-04-23 07:10:05.451849+00:00,300,True,,0,True
0x06124b15deeb1f4a13fd34e158003c2477eb564f476d5d86ca0c0f34b0e6de5f,2026-04-23 07:10:00+00:00,300,300,0,299,0,0,2,0,0,0,2026-04-23 07:10:00+00:00,2026-04-23 07:15:00+00:00,2026-04-23 07:15:00.368329+00:00,300,True,Down,0,True
0xe07a8373736b880f73c33dbca1299851e2978ad4f8ee86afa3c04dc4f2a490f7,2026-04-23 07:15:00+00:00,300,300,0,299,0,0,0,0,0,0,2026-04-23 07:15:00+00:00,2026-04-23 07:20:00+00:00,2026-04-23 07:20:00.534118+00:00,300,True,,1,True
0x5f1873947c6b9cb2893768df618a2a6979a75adb9fea58b454a098205d6f8963,2026-04-23 07:20:00+00:00,300,300,0,299,0,0,0,3,0,0,2026-04-23 07:20:00+00:00,2026-04-23 07:25:00+00:00,2026-04-23 07:25:00.499207+00:00,300,True,Up,1,True
0x7f5ddc634a01066d319567b9776a635f98836578652ed58e950025c95ba61cea,2026-04-23 07:25:00+00:00,300,300,0,299,0,0,0,0,0,0,2026-04-23 07:25:00+00:00,2026-04-23 07:30:00+00:00,2026-04-23 07:30:00.611863+00:00,300,True,Down,0,True
0x5dbe081299f1bc58e992209fd5ec470c5f71208f23c973e2c955b83bdf8ac30c,2026-04-23 07:30:00+00:00,300,300,0,299,0,0,0,0,0,0,2026-04-23 07:30:00+00:00,2026-04-23 07:35:00+00:00,2026-04-23 07:35:00.375161+00:00,300,True,Up,1,True
0x5a675909a9e3f92de16b2eab4469eaf2a3875d09ffb88b13dbf29b3599beb2ef,2026-04-23 07:35:00+00:00,300,300,0,299,0,0,1,0,0,0,2026-04-23 07:35:00+00:00,2026-04-23 07:40:00+00:00,2026-04-23 07:40:00.762817+00:00,300,True,Down,0,True
0x4c18040e9bc2df26e42cacfb1b4805430f5a46a237e0a19ddff17e25faa7015d,2026-04-23 07:40:00+00:00,300,300,0,299,0,0,1,0,0,0,2026-04-23 07:40:00+00:00,2026-04-23 07:45:00+00:00,2026-04-23 07:45:00.645225+00:00,300,True,Down,0,True
0xb72ad5be937029e92acf1353dd0585db47b2bb648a88ebc24a2473955f537e88,2026-04-23 07:45:00+00:00,300,300,0,299,0,0,0,0,0,0,2026-04-23 07:45:00+00:00,2026-04-23 07:50:00+00:00,2026-04-23 07:50:00.523506+00:00,300,True,Up,1,True
0x4f0038acb2d3599db72c5b6c11035db86153d3fb53149637278d01266b39c187,2026-04-23 07:55:00+00:00,300,300,0,299,0,0,0,1,0,0,2026-04-23 07:55:00+00:00,2026-04-23 08:00:00+00:00,2026-04-23 08:00:00.476019+00:00,300,True,Up,1,True
0x010d03b03aadabc402f0eedbfc141541a463bfaddddb1e73fb2535d6eb9f1add,2026-04-23 08:05:00+00:00,300,300,0,299,0,0,0,18,0,0,2026-04-23 08:05:00+00:00,2026-04-23 08:10:00+00:00,2026-04-23 08:10:00.424330+00:00,300,True,Up,1,True
0x8623c569aef59e3c14b4e43f787467fbb1a03a8abdecbbca5c41ac9a41ed94cd,2026-04-23 08:20:00+00:00,300,300,0,299,0,0,37,0,0,0,2026-04-23 08:20:00+00:00,2026-04-23 08:25:00+00:00,2026-04-23 08:25:00.459943+00:00,300,True,Down,0,True
0x17e21e25eba99fdfc51a378285555080c6e759f7e1c07fbf5427b602a289311e,2026-04-23 08:25:00+00:00,300,300,0,299,0,0,0,0,0,0,2026-04-23 08:25:00+00:00,2026-04-23 08:30:00+00:00,2026-04-23 08:30:00.588467+00:00,300,True,,1,True
0x88e80b94712413bbcf885eed4babb9eb70309a5c5df56b3e69f985adad0deb64,2026-04-23 08:30:00+00:00,300,300,0,299,0,0,73,0,0,0,2026-04-23 08:30:00+00:00,2026-04-23 08:35:00+00:00,2026-04-23 08:35:00.535341+00:00,300,True,Down,0,True
0xa7fe4d2eaf6fbfc68789c4069e5c491dabc8e609a51fa49707623a21e54c1e3e,2026-04-23 09:00:00+00:00,300,300,0,299,0,0,56,0,0,0,2026-04-23 09:00:00+00:00,2026-04-23 09:05:00+00:00,2026-04-23 09:05:00.485509+00:00,300,True,Down,0,True
0x730d1dc8a05a34d2ec271990422a483f064864d4f367384653f7f62c5e6fd1ea,2026-04-23 09:05:00+00:00,300,300,0,299,0,0,42,0,0,0,2026-04-23 09:05:00+00:00,2026-04-23 09:10:00+00:00,2026-04-23 09:10:00.477134+00:00,300,True,Down,0,True
0x322888b4605d88fc8c1ee1ee132973e54732a73c3741b62b4643729909346abe,2026-04-23 09:30:00+00:00,300,300,0,299,0,0,0,16,0,0,2026-04-23 09:30:00+00:00,2026-04-23 09:35:00+00:00,2026-04-23 09:35:00.426442+00:00,300,True,Up,1,True
0x0d9b1a584d162fa8ba2669d2a1b35ef88fef7e1e8e5ee23e3002a53c2f80a605,2026-04-23 09:35:00+00:00,300,300,0,299,0,0,0,1,0,0,2026-04-23 09:35:00+00:00,2026-04-23 09:40:00+00:00,2026-04-23 09:40:00.513709+00:00,300,True,Up,1,True
0xc07700f55b8d639683eeea3f2ba309f19a0a3973fab7e201aca5cbe375598144,2026-04-23 09:40:00+00:00,300,300,0,299,0,0,0,6,0,0,2026-04-23 09:40:00+00:00,2026-04-23 09:45:00+00:00,2026-04-23 09:45:00.785153+00:00,300,True,Up,1,True
0xa8918dc370ce5dad9476090b5e8bb414a6847c211e81c80a51d076b20453fbb0,2026-04-23 09:45:00+00:00,300,300,0,299,0,0,119,0,0,0,2026-04-23 09:45:00+00:00,2026-04-23 09:50:00+00:00,2026-04-23 09:50:00.519005+00:00,300,True,Down,0,True
0x92fac454009298a7d4557bb870a4a664048fbec52a5da8d72725d87461ab9b1f,2026-04-23 09:55:00+00:00,300,300,0,299,0,0,0,7,0,0,2026-04-23 09:55:00+00:00,2026-04-23 10:00:00+00:00,2026-04-23 10:00:00.930172+00:00,300,True,Up,1,True
0x24b0178ec074a26848b8224c41e93280f8475915183ddf2c93e490c581236cd8,2026-04-23 10:00:00+00:00,300,300,0,299,0,0,1,0,0,0,2026-04-23 10:00:00+00:00,2026-04-23 10:05:00+00:00,2026-04-23 10:05:00.593338+00:00,300,True,Down,0,True
0x1d0bb2b81181e48733cc5dad3b63e12ba934d9e2c3063d1a33d40548aa75f60b,2026-04-23 10:40:00+00:00,300,300,0,299,0,0,27,0,0,0,2026-04-23 10:40:00+00:00,2026-04-23 10:45:00+00:00,2026-04-23 10:45:00.456699+00:00,300,True,Down,0,True
0x422d5376f8337b1689a99053340bd3574d4690ef56221f351893ece42756a20d,2026-04-23 10:45:00+00:00,300,300,0,299,0,0,2,0,0,0,2026-04-23 10:45:00+00:00,2026-04-23 10:50:00+00:00,2026-04-23 10:50:00.635083+00:00,300,True,Down,0,True
0x8a5afcafe242c21471da764e48c09076ce21bee3aab1ee08d605f164c23f21b5,2026-04-23 10:50:00+00:00,300,300,0,299,0,0,20,0,0,0,2026-04-23 10:50:00+00:00,2026-04-23 10:55:00+00:00,2026-04-23 10:55:00.446850+00:00,300,True,Down,0,True
0x1d915c78efbcc3a2ec27f8220fc97d421e62ead220f7b4bc241730e383cb32a2,2026-04-23 10:55:00+00:00,300,300,0,299,0,0,0,49,0,0,2026-04-23 10:55:00+00:00,2026-04-23 11:00:00+00:00,2026-04-23 11:00:00.798936+00:00,300,True,Up,1,True
0x23d2cd55b3e7a9696f810bd07ed330716c55b8c8b0d661c1d76c01e5ea398305,2026-04-23 11:00:00+00:00,300,300,0,299,0,0,0,44,0,0,2026-04-23 11:00:00+00:00,2026-04-23 11:05:00+00:00,2026-04-23 11:05:00.403961+00:00,300,True,Up,1,True
0xa0527a34ce5ce6dfa6265702d320a9f1afe4296922e7c2136d3d0c43f5d7eca0,2026-04-23 11:05:00+00:00,300,300,0,299,0,0,14,0,0,0,2026-04-23 11:05:00+00:00,2026-04-23 11:10:00+00:00,2026-04-23 11:10:00.585878+00:00,300,True,Down,0,True
0xe2d5e02c47c8cc63115fbc30e8a8ec0d795f40170706ceb6579d4db29ba7e654,2026-04-23 11:10:00+00:00,300,300,0,299,0,0,11,0,0,0,2026-04-23 11:10:00+00:00,2026-04-23 11:15:00+00:00,2026-04-23 11:15:00.581527+00:00,300,True,Down,0,True
0x815ce91f52adfa308071019897393fa8d83b48042a681fe3808f72de8f0b4511,2026-04-23 11:15:00+00:00,300,300,0,299,0,0,0,12,0,0,2026-04-23 11:15:00+00:00,2026-04-23 11:20:00+00:00,2026-04-23 11:20:00.585957+00:00,300,True,Up,1,True
0xafd10431ebe70bb00dd7e5de91369096a8fa2cdaf978f7472451df65b3c98f94,2026-04-23 11:30:00+00:00,300,300,0,299,0,0,33,0,0,0,2026-04-23 11:30:00+00:00,2026-04-23 11:35:00+00:00,2026-04-23 11:35:00.561238+00:00,300,True,Down,0,True
0x5f6a813ca11ad9d35b434ecec343a649364cac693ab683ee58ec9ce98d280f0f,2026-04-23 11:35:00+00:00,300,300,0,299,0,0,0,42,0,0,2026-04-23 11:35:00+00:00,2026-04-23 11:40:00+00:00,2026-04-23 11:40:00.457310+00:00,300,True,Up,1,True
0x36bfbc622aff3855f592613ecd61ce11afd2e0eb57a1dc3d67bface4ef4e9ce7,2026-04-23 11:45:00+00:00,300,300,0,299,0,0,0,4,0,0,2026-04-23 11:45:00+00:00,2026-04-23 11:50:00+00:00,2026-04-23 11:50:00.548712+00:00,300,True,Up,1,True
0xfe5e69034dc955ba8e961f60e104fc0308c47d82e940cfae3dfa025cc1de93ef,2026-04-23 11:55:00+00:00,300,300,0,299,0,0,0,0,0,0,2026-04-23 11:55:00+00:00,2026-04-23 12:00:00+00:00,2026-04-23 12:00:00.621797+00:00,300,True,,1,True
0xeddd56a4e8a3097d34260b8a6f907201c8268409edff64daea65b6a1dcdc7731,2026-04-23 12:25:00+00:00,300,300,0,299,0,0,0,0,0,0,2026-04-23 12:25:00+00:00,2026-04-23 12:30:00+00:00,2026-04-23 12:30:00.609000+00:00,300,True,,1,True
0xd478d6b9e9e1f101782ac93182ebf1c951dd2685112596c4ed39f14924147f26,2026-04-23 12:30:00+00:00,300,300,0,299,0,0,1,0,0,0,2026-04-23 12:30:00+00:00,2026-04-23 12:35:00+00:00,2026-04-23 12:35:00.504007+00:00,300,True,Down,0,True
0x1457566a0f7eb9869486e2487eeadb9d30c6ee5ce5f790f84f4d35b488373980,2026-04-23 12:35:00+00:00,300,300,0,299,0,0,0,9,0,0,2026-04-23 12:35:00+00:00,2026-04-23 12:40:00+00:00,2026-04-23 12:40:00.534796+00:00,300,True,Up,1,True
0x8ffa669e3a11cfd74387edf0a94b23a842204b6f3f90d5305ed0dc505010053e,2026-04-23 12:40:00+00:00,300,300,0,299,0,0,0,0,0,0,2026-04-23 12:40:00+00:00,2026-04-23 12:45:00+00:00,2026-04-23 12:45:00.604373+00:00,300,True,Down,0,True
0xb2fdf453c8751e7629eea24f9aa15c99a546be318570d2d3212d65ca28de223e,2026-04-23 12:50:00+00:00,300,300,0,299,0,0,0,1,0,0,2026-04-23 12:50:00+00:00,2026-04-23 12:55:00+00:00,2026-04-23 12:55:00.442461+00:00,300,True,Up,1,True
0x0bd5d6abb499ebf0e7b01ae0aaeee73b7212185ab18dd2aa3369bc3274ce736c,2026-04-23 12:55:00+00:00,300,300,0,299,0,0,0,55,0,0,2026-04-23 12:55:00+00:00,2026-04-23 13:00:00+00:00,2026-04-23 13:00:00.708665+00:00,300,True,Up,1,True
0x45bcbc1c312fc853bf2d30176ca2c7e0becef3b2977b5ee3520cf48e1b8f2af6,2026-04-23 13:00:00+00:00,300,300,0,299,0,0,4,0,0,0,2026-04-23 13:00:00+00:00,2026-04-23 13:05:00+00:00,2026-04-23 13:05:00.487273+00:00,300,True,Down,0,True
0x5586b9fa6387fbb75f9af87b43595d6da7b4cf8e35068e1e24eb8fc4ba38a492,2026-04-23 13:35:00+00:00,300,300,0,299,0,0,3,1,0,0,2026-04-23 13:35:00+00:00,2026-04-23 13:40:00+00:00,2026-04-23 13:40:00.579012+00:00,300,True,Down,0,True
0xe18e1d3c3b7fa32333b16aec0343ba9f868e4fbc2cf935821e51b9b08b43af01,2026-04-23 13:40:00+00:00,300,300,0,299,0,0,9,0,0,0,2026-04-23 13:40:00+00:00,2026-04-23 13:45:00+00:00,2026-04-23 13:45:00.750404+00:00,300,True,Down,0,True
0xd2461da33e9c9ed2d16784b65f9cf59a09927c6a96bd64cb75fafea17c6a117b,2026-04-23 13:45:00+00:00,300,300,0,299,0,0,0,8,0,0,2026-04-23 13:45:00+00:00,2026-04-23 13:50:00+00:00,2026-04-23 13:50:00.543473+00:00,300,True,Up,1,True
0x371aaa29e543c4f6f5f593cf0ad171e7c52d0550cbc7f7b5ae375ec55974b135,2026-04-23 14:05:00+00:00,300,300,0,299,0,0,0,0,0,0,2026-04-23 14:05:00+00:00,2026-04-23 14:10:00+00:00,2026-04-23 14:10:00.714766+00:00,300,True,,1,True
0xe2e1d41445af8b011f0132ca3a6c92587041b3b5ad2781ce43c821cf85321ad3,2026-04-23 14:10:00+00:00,300,300,0,299,0,0,41,0,0,0,2026-04-23 14:10:00+00:00,2026-04-23 14:15:00+00:00,2026-04-23 14:15:00.811067+00:00,300,True,Down,0,True
0x96d523863ccc5be5d33d9df96b2b59b5a296685311b2061fae4fcf69e1d01c3d,2026-04-23 14:15:00+00:00,300,300,0,299,0,0,5,0,0,0,2026-04-23 14:15:00+00:00,2026-04-23 14:20:00+00:00,2026-04-23 14:20:00.554994+00:00,300,True,Down,0,True
0x1df891e1767e8a8f9351a84d86511c6a1b3211ee6ddbec991f60d867dd1fcc42,2026-04-23 14:20:00+00:00,300,300,0,299,0,0,0,64,0,0,2026-04-23 14:20:00+00:00,2026-04-23 14:25:00+00:00,2026-04-23 14:25:00.388547+00:00,300,True,Up,1,True
0x6eb634ad35a4efdb65b1cba008916b116ee0c1d236819d00d6bdea2d22b52b32,2026-04-23 15:40:00+00:00,300,300,0,299,0,0,11,0,0,0,2026-04-23 15:40:00+00:00,2026-04-23 15:45:00+00:00,2026-04-23 15:45:00.561339+00:00,300,True,Down,0,True
0x04b5a96a1cf8be1077f96ed243453106e10c38df7ca89494ed0400b50d4fdbdc,2026-04-23 16:00:00+00:00,300,300,0,299,0,0,3,0,0,0,2026-04-23 16:00:00+00:00,2026-04-23 16:05:00+00:00,2026-04-23 16:05:00.509145+00:00,300,True,Down,0,True
0xceb8ce544091c3407e0eeb5d2e9f2e0c84c16ea243730d80893f05e962401c80,2026-04-23 16:05:00+00:00,300,300,0,299,0,0,0,23,0,0,2026-04-23 16:05:00+00:00,2026-04-23 16:10:00+00:00,2026-04-23 16:10:00.518673+00:00,300,True,Up,1,True
0x214a710799c060d0cf98abfe637e927b80c77649665282e6255015155f01fe3b,2026-04-23 16:10:00+00:00,300,300,0,299,0,0,26,0,0,0,2026-04-23 16:10:00+00:00,2026-04-23 16:15:00+00:00,2026-04-23 16:15:00.581269+00:00,300,True,Down,0,True
0x3329d41c5ed8f0241b32a548c3883b21be5d8dadb80579bba449ee426d50906e,2026-04-23 16:15:00+00:00,300,300,0,299,0,0,0,18,0,0,2026-04-23 16:15:00+00:00,2026-04-23 16:20:00+00:00,2026-04-23 16:20:00.579034+00:00,300,True,Up,1,True
0x4045cb3de9744f04f80136f6fed3bb47080ab0201b8dc423282dbb6a8a66ce65,2026-04-23 16:30:00+00:00,300,300,0,299,0,0,0,51,0,0,2026-04-23 16:30:00+00:00,2026-04-23 16:35:00+00:00,2026-04-23 16:35:00.461785+00:00,300,True,Up,1,True
0x21a01f75ed9306ee1edde524b3714c5db168b7fea5696d7d7c62049a05c47d76,2026-04-23 16:40:00+00:00,300,300,0,299,0,0,0,1,0,0,2026-04-23 16:40:00+00:00,2026-04-23 16:45:00+00:00,2026-04-23 16:45:00.680654+00:00,300,True,Up,1,True
0xad1b515b80224224a5b759d854ad1a9d25d1c95f13eb0592eee22283da75a13d,2026-04-23 16:45:00+00:00,300,300,0,299,0,0,0,0,0,0,2026-04-23 16:45:00+00:00,2026-04-23 16:50:00+00:00,2026-04-23 16:50:00.471367+00:00,300,True,,1,True
0x135996ba74a1ba675c62db7dff4601eb22dfaa418375d0d1d3010dc23f090a7b,2026-04-23 16:50:00+00:00,300,300,0,299,0,0,80,0,0,0,2026-04-23 16:50:00+00:00,2026-04-23 16:55:00+00:00,2026-04-23 16:55:00.550858+00:00,300,True,Down,0,True
0x699785540ba1cb8340a2e9e67dcfcc2d85800395d41ebe34abba897f20454b79,2026-04-23 17:00:00+00:00,300,300,0,299,0,0,27,0,0,0,2026-04-23 17:00:00+00:00,2026-04-23 17:05:00+00:00,2026-04-23 17:05:00.589617+00:00,300,True,Down,0,True
0xf622b0ebbf967ba7c204589b3f439e466b01388b8703ddd0fed6080c5a715a65,2026-04-23 17:35:00+00:00,300,300,0,299,0,0,88,0,0,0,2026-04-23 17:35:00+00:00,2026-04-23 17:40:00+00:00,2026-04-23 17:40:00.492095+00:00,300,True,Down,0,True
0xb439c9cd5d78a01bcb9f2bc02d11a7fd924c9117ed6180500871fdc5f4ae7cf1,2026-04-23 17:40:00+00:00,300,300,0,299,0,0,19,0,0,0,2026-04-23 17:40:00+00:00,2026-04-23 17:45:00+00:00,2026-04-23 17:45:00.639290+00:00,300,True,Down,0,True
0xb8d139ec12106c23b93ad09a563ee420647cf8c07f18aada4662c5db938a09ef,2026-04-23 17:55:00+00:00,300,300,0,299,0,0,0,9,0,0,2026-04-23 17:55:00+00:00,2026-04-23 18:00:00+00:00,2026-04-23 18:00:00.746949+00:00,300,True,Up,1,True
0x2ebabb64bf5387af0dbb00f7100621ab21e81237f003e0a0519cf4fe4800f34d,2026-04-23 18:30:00+00:00,300,300,0,299,0,0,0,29,0,0,2026-04-23 18:30:00+00:00,2026-04-23 18:35:00+00:00,2026-04-23 18:35:00.477957+00:00,300,True,Up,1,True
0x8a0441ccbd0ace237bbfd19328d3980e21d2679c75daebd031ae821c1272f052,2026-04-23 18:35:00+00:00,300,300,0,299,0,0,0,6,0,0,2026-04-23 18:35:00+00:00,2026-04-23 18:40:00+00:00,2026-04-23 18:40:00.556929+00:00,300,True,Up,1,True
0xaaab1dc1c133e302eccfa26c1b8f7916a303c192c0694ec2195e452597247b9d,2026-04-23 18:40:00+00:00,300,300,0,299,0,0,0,0,0,0,2026-04-23 18:40:00+00:00,2026-04-23 18:45:00+00:00,2026-04-23 18:45:00.526441+00:00,300,True,Down,0,True
0xaaa3213d7339388bc857cb8c860a3b36a44ccb4cc5c02ad779b93014663118f3,2026-04-23 18:45:00+00:00,300,300,0,299,0,0,41,0,0,0,2026-04-23 18:45:00+00:00,2026-04-23 18:50:00+00:00,2026-04-23 18:50:00.528872+00:00,300,True,Down,0,True
0x2183ec21361bad60bb02d06dc0ad0decc3831fc82e06660e3947cd30aed3f72f,2026-04-23 18:55:00+00:00,300,300,0,299,0,0,58,0,0,0,2026-04-23 18:55:00+00:00,2026-04-23 19:00:00+00:00,2026-04-23 19:00:00.554894+00:00,300,True,Down,0,True
0xdd8a81789e98fc76c8bf288cddc4af58916d508fd4bdd39f8494c93f895ccd5e,2026-04-23 19:00:00+00:00,300,300,0,299,0,0,11,0,0,0,2026-04-23 19:00:00+00:00,2026-04-23 19:05:00+00:00,2026-04-23 19:05:00.501371+00:00,300,True,Down,0,True
0x0679ded5a11ae363e5f7cc6caaab294af91e77151239f5fb6596ceff6fdd9086,2026-04-23 19:05:00+00:00,300,300,0,299,0,0,0,32,0,0,2026-04-23 19:05:00+00:00,2026-04-23 19:10:00+00:00,2026-04-23 19:10:00.574736+00:00,300,True,Up,1,True
0x7ff4520cdf0eaa1f6c95af4b7fe8cc7f45b6480bf503491676a800a8b48a4d10,2026-04-23 19:10:00+00:00,300,300,0,299,0,0,0,2,0,0,2026-04-23 19:10:00+00:00,2026-04-23 19:15:00+00:00,2026-04-23 19:15:00.488408+00:00,300,True,,1,True
0xdad0473f5112d67ba72cde82563255577268d0b5243b576a23875678b034773e,2026-04-23 19:15:00+00:00,300,300,0,299,0,0,0,39,0,0,2026-04-23 19:15:00+00:00,2026-04-23 19:20:00+00:00,2026-04-23 19:20:00.602730+00:00,300,True,Up,1,True
0x77d2dcebffe2b5b8a406c9e76dbc7c0f9016871c067528e4554fd79d1fef7d93,2026-04-23 19:25:00+00:00,300,300,0,299,0,0,0,14,0,0,2026-04-23 19:25:00+00:00,2026-04-23 19:30:00+00:00,2026-04-23 19:30:00.609609+00:00,300,True,Up,1,True
0xc8b519e3fa06732c77903771e42a54ac1ecf3be2371d7ecd234fba5cf90abbea,2026-04-23 19:30:00+00:00,300,300,0,299,0,0,69,0,0,0,2026-04-23 19:30:00+00:00,2026-04-23 19:35:00+00:00,2026-04-23 19:35:00.514535+00:00,300,True,Down,0,True
0x1409f6d88d6f6c6dcc288b5454b975935a6978449ff27151114027ea7c78a4ea,2026-04-23 19:35:00+00:00,300,300,0,299,0,0,0,0,0,0,2026-04-23 19:35:00+00:00,2026-04-23 19:40:00+00:00,2026-04-23 19:40:00.563328+00:00,300,True,Down,0,True
0x1d7e3627f301cf42625553c4b8d1799746297c9d04e118cf3e41716e83a7b93f,2026-04-23 19:40:00+00:00,300,300,0,299,0,0,3,0,0,0,2026-04-23 19:40:00+00:00,2026-04-23 19:45:00+00:00,2026-04-23 19:45:00.622341+00:00,300,True,Down,0,True
0xc63cffd546fe5f1d0f8a108e4be73c4c149ff0499d151bb179831ab3f516bff6,2026-04-23 19:50:00+00:00,300,300,0,299,0,0,3,0,0,0,2026-04-23 19:50:00+00:00,2026-04-23 19:55:00+00:00,2026-04-23 19:55:00.456720+00:00,300,True,Down,0,True
0xc43673bfd2a6f334e6cef0b811ba29a9658a060cb8036fd4cd66032f294c60f0,2026-04-23 19:55:00+00:00,300,300,0,299,0,0,0,0,0,0,2026-04-23 19:55:00+00:00,2026-04-23 20:00:00+00:00,2026-04-23 20:00:00.656235+00:00,300,True,,0,True
0xee15cfe7c24d42de81bf8046c4790f0f130c5cf4b2c2c0958d965042d0c1b090,2026-04-23 20:00:00+00:00,300,300,0,299,0,0,0,36,0,0,2026-04-23 20:00:00+00:00,2026-04-23 20:05:00+00:00,2026-04-23 20:05:00.461202+00:00,300,True,Up,1,True
0xc5bbd16a6aa58552d18280799c7b158e3ef15cd12dc601b3e18793a05b4c3194,2026-04-23 20:05:00+00:00,300,300,0,299,0,0,0,0,0,0,2026-04-23 20:05:00+00:00,2026-04-23 20:10:00+00:00,2026-04-23 20:10:00.502387+00:00,300,True,Up,1,True
0x6eeb079f62a7836166a2db3c314e7a4abaff86d87f6492ff053960ea68646a66,2026-04-23 20:10:00+00:00,300,300,0,299,0,0,30,0,0,0,2026-04-23 20:10:00+00:00,2026-04-23 20:15:00+00:00,2026-04-23 20:15:00.544962+00:00,300,True,Down,0,True
0x0081a32138aa3786ae5767c8d98d4d284a763568daa58491f88fceda38b9b19a,2026-04-23 20:15:00+00:00,300,300,0,299,0,0,1,0,0,0,2026-04-23 20:15:00+00:00,2026-04-23 20:20:00+00:00,2026-04-23 20:20:00.553954+00:00,300,True,Down,0,True
0xf4857a305ed58f5f3ab05d984b5a446455cbb315d9caaf2e97f7ac5d10b366e7,2026-04-23 20:20:00+00:00,300,300,0,299,0,0,1,0,0,0,2026-04-23 20:20:00+00:00,2026-04-23 20:25:00+00:00,2026-04-23 20:25:00.502670+00:00,300,True,Down,0,True
0x24cd9dad292d8944a635180733145dbf9db9ce456cae7480481fd82af579e1da,2026-04-23 20:25:00+00:00,300,300,0,299,0,0,2,0,0,0,2026-04-23 20:25:00+00:00,2026-04-23 20:30:00+00:00,2026-04-23 20:30:00.670780+00:00,300,True,Down,0,True
0xab9a087c69e0b8094654a428827ed6410a6d95dfbec5f7e0e7adb4f1f3769351,2026-04-23 20:30:00+00:00,300,300,0,299,0,0,0,58,0,0,2026-04-23 20:30:00+00:00,2026-04-23 20:35:00+00:00,2026-04-23 20:35:00.580869+00:00,300,True,Up,1,True
0x6f103f3f35135651b5e3f1ce8a2f90f63ff242a658f5506aac228936eceb29b1,2026-04-23 20:40:00+00:00,300,300,0,299,0,0,0,0,0,0,2026-04-23 20:40:00+00:00,2026-04-23 20:45:00+00:00,2026-04-23 20:45:00.644990+00:00,300,True,Up,1,True
0x5435c455c12ffd7d702c3b5bd657089e7d4d84d317bcaf5db81e1c190672ec11,2026-04-23 21:00:00+00:00,300,300,0,299,0,0,6,0,0,0,2026-04-23 21:00:00+00:00,2026-04-23 21:05:00+00:00,2026-04-23 21:05:00.529376+00:00,300,True,Down,0,True
0x61e16b7499e2ba0775c9f7081efa8b8cbe52c69fe06d10d3f13547679e5b9399,2026-04-23 21:20:00+00:00,300,300,0,299,0,0,1,0,0,0,2026-04-23 21:20:00+00:00,2026-04-23 21:25:00+00:00,2026-04-23 21:25:00.421283+00:00,300,True,Down,0,True
0x6318dbaa105e98a508adb98c41e9c10e470e17d8270dfac836de04db44595121,2026-04-23 21:35:00+00:00,300,300,0,299,0,0,0,0,0,0,2026-04-23 21:35:00+00:00,2026-04-23 21:40:00+00:00,2026-04-23 21:40:00.597936+00:00,300,True,,1,True
0xe2edd86dee10e0279f32569907081f17059bc4c35a7a3803ecb7727c6ac3a9b2,2026-04-23 22:35:00+00:00,300,300,0,299,0,0,0,1,0,0,2026-04-23 22:35:00+00:00,2026-04-23 22:40:00+00:00,2026-04-23 22:40:00.549966+00:00,300,True,Up,1,True
0x0be9a56e7afa905ab07ad21c09c1714ab554d661a7635417d146d387e800c438,2026-04-23 23:05:00+00:00,300,300,0,299,0,0,6,0,0,0,2026-04-23 23:05:00+00:00,2026-04-23 23:10:00+00:00,2026-04-23 23:10:00.454957+00:00,300,True,Down,0,True
0x25510b8994dc39d9f2a03dc9bc36a23e682db73162a437a1afcbd5c375d47bc3,2026-04-23 23:10:00+00:00,300,300,0,299,0,0,37,0,0,0,2026-04-23 23:10:00+00:00,2026-04-23 23:15:00+00:00,2026-04-23 23:15:00.546755+00:00,300,True,Down,0,True
0x45972456276471fab6ff7f670be63e8bcef564bea651a168e949a4b50e19f1dc,2026-04-23 23:30:00+00:00,300,300,0,299,0,0,0,5,0,0,2026-04-23 23:30:00+00:00,2026-04-23 23:35:00+00:00,2026-04-23 23:35:00.485354+00:00,300,True,Up,1,True
0x5576979fa3c69f5f5139ea72b19ba3e73eddef5973ec0a75f2cb0a009721aaab,2026-04-23 23:35:00+00:00,300,300,0,299,0,0,0,30,0,0,2026-04-23 23:35:00+00:00,2026-04-23 23:40:00+00:00,2026-04-23 23:40:00.562980+00:00,300,True,Up,1,True
0xc7b051ce17785ef26152bab6d0cb7924b8c1b1aee45f3eac656b9256df361dfe,2026-04-23 23:40:00+00:00,300,300,0,299,0,0,0,16,0,0,2026-04-23 23:40:00+00:00,2026-04-23 23:45:00+00:00,2026-04-23 23:45:00.588214+00:00,300,True,Up,1,True
0x05a83419673c25b4d095b2b182c199d4324e6fe81aaf1a715353b161fde4446c,2026-04-24 00:05:00+00:00,300,300,0,299,0,0,0,43,0,0,2026-04-24 00:05:00+00:00,2026-04-24 00:10:00+00:00,2026-04-24 00:10:00.480501+00:00,300,True,Up,1,True
0x8fa012b6e09f27909c66b3f27f8573b7937304d25c5c6e30483bf6b4fca8b6ae,2026-04-24 00:15:00+00:00,300,300,0,299,0,0,0,11,0,0,2026-04-24 00:15:00+00:00,2026-04-24 00:20:00+00:00,2026-04-24 00:20:00.572584+00:00,300,True,Up,1,True
0x0e2655fce2d596d2ed15ccb79e3512b014b6aac57d776e80a1ad24ddd9991818,2026-04-24 00:55:00+00:00,300,300,0,299,0,0,0,2,0,0,2026-04-24 00:55:00+00:00,2026-04-24 01:00:00+00:00,2026-04-24 01:00:00.926188+00:00,300,True,Up,1,True
0x5f087aadd135f3ef5789a3635fdcc2edf037c62acf5f9f29610f7d8eaeca1dd5,2026-04-24 01:10:00+00:00,300,300,0,299,0,0,0,0,0,0,2026-04-24 01:10:00+00:00,2026-04-24 01:15:00+00:00,2026-04-24 01:15:00.582675+00:00,300,True,Up,1,True
0x2fd1f603a2fb785ff212786a1b70e4eaff6f40e2bb15d8114e78151760ceccb4,2026-04-24 01:15:00+00:00,300,300,0,299,0,0,17,0,0,0,2026-04-24 01:15:00+00:00,2026-04-24 01:20:00+00:00,2026-04-24 01:20:00.480500+00:00,300,True,Down,0,True
0x05639c0c74fffa8fadfd81650f8bac48a450a3f631b26dcffce86bbdccfee8ec,2026-04-24 01:25:00+00:00,300,300,0,299,0,0,0,0,0,0,2026-04-24 01:25:00+00:00,2026-04-24 01:30:00+00:00,2026-04-24 01:30:00.556904+00:00,300,True,Down,0,True
0xbb4faa2018b76d3af9e1949232f9d242dd1185ea21e9c7d8439186501707ce60,2026-04-24 01:30:00+00:00,300,300,0,299,0,0,0,1,0,0,2026-04-24 01:30:00+00:00,2026-04-24 01:35:00+00:00,2026-04-24 01:35:00.563369+00:00,300,True,Up,1,True
0xafa4bf8a5ef10eb99cb52c5a0119678dc21592a0a6e22c11c19fc75abaec8382,2026-04-24 01:35:00+00:00,300,300,0,299,0,0,0,18,0,0,2026-04-24 01:35:00+00:00,2026-04-24 01:40:00+00:00,2026-04-24 01:40:00.570745+00:00,300,True,Up,1,True
0xd50e9e5204e3e1546b898e9d2c8a18d8ef8c0462d98c9cb033433063278aa4d8,2026-04-24 01:40:00+00:00,300,300,0,299,0,0,32,0,0,0,2026-04-24 01:40:00+00:00,2026-04-24 01:45:00+00:00,2026-04-24 01:45:00.710999+00:00,300,True,Down,0,True
0xb02cc9c72929e135bb6e583b915af99ecbdb633405bf9587c50317093ffb3b43,2026-04-24 01:45:00+00:00,300,300,0,299,0,0,0,54,0,0,2026-04-24 01:45:00+00:00,2026-04-24 01:50:00+00:00,2026-04-24 01:50:00.465161+00:00,300,True,Up,1,True
0x805ea55a989714ea5839152b250fa4d4c4820777c7f16276a2533e168223b8c9,2026-04-24 01:50:00+00:00,300,300,0,299,0,0,0,27,0,0,2026-04-24 01:50:00+00:00,2026-04-24 01:55:00+00:00,2026-04-24 01:55:00.525786+00:00,300,True,Up,1,True
0x16a8b873742914fc71a89a4615b681159969942516fd57b3e91a86899c50447c,2026-04-24 02:10:00+00:00,300,300,0,299,0,0,0,3,0,0,2026-04-24 02:10:00+00:00,2026-04-24 02:15:00+00:00,2026-04-24 02:15:00.620845+00:00,300,True,Up,1,True
0x6985545cbbf4a817cdbf84c4139b30be973954361d8e61bdf519822a48b1366e,2026-04-24 02:15:00+00:00,300,300,0,299,0,0,1,0,0,0,2026-04-24 02:15:00+00:00,2026-04-24 02:20:00+00:00,2026-04-24 02:20:00.558898+00:00,300,True,Down,0,True
0x2baa9962fe823f1988d4fd2d0847f8bfe1bc3f5914fc879567a4d530e942052c,2026-04-24 02:20:00+00:00,300,300,0,299,0,0,17,0,0,0,2026-04-24 02:20:00+00:00,2026-04-24 02:25:00+00:00,2026-04-24 02:25:00.503890+00:00,300,True,Down,0,True
0xbfd9bdd7d77f43dcdacca231958c877da9af733bf7864b3f813a79fae99ed43b,2026-04-24 03:05:00+00:00,300,300,0,299,0,0,0,0,0,0,2026-04-24 03:05:00+00:00,2026-04-24 03:10:00+00:00,2026-04-24 03:10:00.403575+00:00,300,True,Up,1,True
0x76aef6dca4ae8346fadd7b5e825ea0b03eeaff14fdb76bc6c2d4ddaa8a20409f,2026-04-24 03:10:00+00:00,300,300,0,299,0,0,0,0,0,0,2026-04-24 03:10:00+00:00,2026-04-24 03:15:00+00:00,2026-04-24 03:15:00.556359+00:00,300,True,Down,0,True
0x5c968ecc5c24c2c84d2bbc14f3e59dde72d5edea4385157bf62c224730805fe6,2026-04-24 03:15:00+00:00,300,300,0,299,0,0,36,0,0,0,2026-04-24 03:15:00+00:00,2026-04-24 03:20:00+00:00,2026-04-24 03:20:00.515701+00:00,300,True,Down,0,True
0xb57e1ce2bf2aee7d65a7328f88c7c326774c165095718ef0b36acf877423fbc1,2026-04-24 03:20:00+00:00,300,300,0,299,0,0,80,0,0,0,2026-04-24 03:20:00+00:00,2026-04-24 03:25:00+00:00,2026-04-24 03:25:00.463829+00:00,300,True,Down,0,True
0x624882187e82e23a6949358e1c17b45786652df148173462183f8773063611f7,2026-04-24 03:50:00+00:00,300,300,0,299,0,0,0,4,0,0,2026-04-24 03:50:00+00:00,2026-04-24 03:55:00+00:00,2026-04-24 03:55:00.520073+00:00,300,True,Up,1,True
0x5567084c2ad81494942aa5ce91b2bdb3359c8f9c2ff522d2438e8e9f63bf376c,2026-04-24 03:55:00+00:00,300,300,0,299,0,0,0,0,0,0,2026-04-24 03:55:00+00:00,2026-04-24 04:00:00+00:00,2026-04-24 04:00:00.790734+00:00,300,True,Up,1,True
0x56d4f523a53653777d42e5f2d9cb2227bb233dd2e953af57d65184a2a10d59ba,2026-04-24 04:10:00+00:00,300,300,0,299,0,0,0,8,0,0,2026-04-24 04:10:00+00:00,2026-04-24 04:15:00+00:00,2026-04-24 04:15:00.750359+00:00,300,True,Up,1,True
0x654d08c5e6dd14f79c3c054f791709cc7e49e3810b56d29821d17266a8c14900,2026-04-24 04:20:00+00:00,300,300,0,299,0,0,0,11,0,0,2026-04-24 04:20:00+00:00,2026-04-24 04:25:00+00:00,2026-04-24 04:25:00.512865+00:00,300,True,Up,1,True
0x89f8664ab3481244ad33849937c7bfaca3f8f4c2a45be4d46dad8a3becffea82,2026-04-24 04:25:00+00:00,300,300,0,299,0,0,132,0,0,0,2026-04-24 04:25:00+00:00,2026-04-24 04:30:00+00:00,2026-04-24 04:30:00.638612+00:00,300,True,Down,0,True
0xaa59122ea7ce4c16b6364419e67baf472171f2b53b4545f524216826b4437a4f,2026-04-24 04:40:00+00:00,300,300,0,299,0,0,0,3,0,0,2026-04-24 04:40:00+00:00,2026-04-24 04:45:00+00:00,2026-04-24 04:45:00.716949+00:00,300,True,Up,1,True
0x1fab80eb6f107dc0572264da72ac1a9b066618101f9a3fc2c64895068e909c56,2026-04-24 04:55:00+00:00,300,300,0,299,0,0,1,0,0,0,2026-04-24 04:55:00+00:00,2026-04-24 05:00:00+00:00,2026-04-24 05:00:00.646942+00:00,300,True,Down,0,True
0x05c639e107e0d5cbd916f4c23019794ff88f10a35281e9bc9791ab86795ce42f,2026-04-24 05:00:00+00:00,300,300,0,299,0,0,0,0,0,0,2026-04-24 05:00:00+00:00,2026-04-24 05:05:00+00:00,2026-04-24 05:05:00.496892+00:00,300,True,,1,True
0xbd044ae74f6704d9256d143443bfa0fed545d0ab50d39a2c5812ec0bc41fe78c,2026-04-24 05:05:00+00:00,300,300,0,299,0,0,4,0,0,0,2026-04-24 05:05:00+00:00,2026-04-24 05:10:00+00:00,2026-04-24 05:10:00.519411+00:00,300,True,Down,0,True
0xcadb236657afeef62eb9ccbabe9b5f7dd8ebf3d0970c824447b4bffd6046e27c,2026-04-24 05:10:00+00:00,300,300,0,299,0,0,1,0,0,0,2026-04-24 05:10:00+00:00,2026-04-24 05:15:00+00:00,2026-04-24 05:15:00.621095+00:00,300,True,Down,0,True
0x4d0640d304eb6909428b2b3b861a838f3728b14399c019e386ecea56ac5ecc2b,2026-04-24 05:35:00+00:00,300,300,0,299,0,0,0,1,0,0,2026-04-24 05:35:00+00:00,2026-04-24 05:40:00+00:00,2026-04-24 05:40:00.550869+00:00,300,True,Up,1,True
0x6fe8c1670e221c92e3e791310cf031706b3d580c205bb79c2a4f04691418d065,2026-04-24 05:40:00+00:00,300,300,0,299,0,0,0,0,0,0,2026-04-24 05:40:00+00:00,2026-04-24 05:45:00+00:00,2026-04-24 05:45:05.416656+00:00,300,True,Down,0,True
0x7fcbb7cc1bca7d3cdcc9384dc56167514e0ab1f12170da6efeb7bc0ed8f63420,2026-04-24 06:40:00+00:00,300,300,0,299,0,0,1,0,0,0,2026-04-24 06:40:00+00:00,2026-04-24 06:45:00+00:00,2026-04-24 06:45:00.860514+00:00,300,True,Down,0,True
0x04aef47cd4140e2c7aa4bef25a2c1a06c4559c548c3c07e9db3a9f3be4c9b097,2026-04-24 06:45:00+00:00,300,300,0,299,0,0,0,2,0,0,2026-04-24 06:45:00+00:00,2026-04-24 06:50:00+00:00,2026-04-24 06:50:00.509303+00:00,300,True,Up,1,True
0xc1bc13bf225def183b17e628eebcfddf428d05a425e81c44ca57cb154fde5717,2026-04-24 06:50:00+00:00,300,300,0,299,0,0,0,2,0,0,2026-04-24 06:50:00+00:00,2026-04-24 06:55:00+00:00,2026-04-24 06:55:00.519683+00:00,300,True,Up,1,True
0x0e662c650027690ee82a69c48b2d7260b42f958c7799d4ff713104adcf81ebb5,2026-04-24 06:55:00+00:00,300,300,0,299,0,0,26,0,0,0,2026-04-24 06:55:00+00:00,2026-04-24 07:00:00+00:00,2026-04-24 07:00:00.858913+00:00,300,True,Down,0,True
0xb59592404cb731c311dc29fbe567fdaedd81ad1fdc947331d78c13a7014e2c9c,2026-04-24 07:00:00+00:00,300,300,0,299,0,0,1,0,0,0,2026-04-24 07:00:00+00:00,2026-04-24 07:05:00+00:00,2026-04-24 07:05:00.567898+00:00,300,True,Down,0,True
0x1e46b40e7546f698ad01140a7b59f96fd18c3341fdd82ff23e6879f76a1c7cb7,2026-04-24 07:05:00+00:00,300,300,0,299,0,0,0,1,0,0,2026-04-24 07:05:00+00:00,2026-04-24 07:10:00+00:00,2026-04-24 07:10:00.563410+00:00,300,True,Up,1,True
0x915c3842f9a2b85ee92263949b7cc13e7f505bcd0afbabfa3f69a20e21607d3b,2026-04-24 07:10:00+00:00,300,300,0,299,0,0,3,0,0,0,2026-04-24 07:10:00+00:00,2026-04-24 07:15:00+00:00,2026-04-24 07:15:00.588506+00:00,300,True,Down,0,True
0xe4467adbe1439df4e5191a0ae5503996640916b47bc0cf691206349d33947295,2026-04-24 07:15:00+00:00,300,300,0,299,0,0,15,0,0,0,2026-04-24 07:15:00+00:00,2026-04-24 07:20:00+00:00,2026-04-24 07:20:00.454426+00:00,300,True,Down,0,True
0xa544fc4562e0745f644e73774a92c43065a58e094a8ff8d458350d6afa99ab35,2026-04-24 07:20:00+00:00,300,300,0,299,0,0,1,0,0,0,2026-04-24 07:20:00+00:00,2026-04-24 07:25:00+00:00,2026-04-24 07:25:00.554802+00:00,300,True,Down,0,True
0xca80a30961f86c674420b3cb3480b124444c0908260484c0b5a6eeda55f19605,2026-04-24 07:30:00+00:00,300,300,0,299,0,0,13,0,0,0,2026-04-24 07:30:00+00:00,2026-04-24 07:35:00+00:00,2026-04-24 07:35:00.477534+00:00,300,True,Down,0,True
0x35e186d0c89be66dd5a4b481f5bc830dac02cc8002f4f9063b3693d955b0a8e7,2026-04-24 07:35:00+00:00,300,300,0,299,0,0,0,0,0,0,2026-04-24 07:35:00+00:00,2026-04-24 07:40:00+00:00,2026-04-24 07:40:00.599160+00:00,300,True,Up,1,True
0xc5bd0838ef18e4e2df728077b590996eddacb86f12a2d7fd557f1734192ce167,2026-04-24 07:40:00+00:00,300,300,0,299,0,0,2,0,0,0,2026-04-24 07:40:00+00:00,2026-04-24 07:45:00+00:00,2026-04-24 07:45:00.744939+00:00,300,True,Down,0,True
0x494bd44b90f62eda1add38985d29aa2adc6253a335f9e3d790d96c8e0e46cf3c,2026-04-24 08:00:00+00:00,300,300,0,299,0,0,34,0,0,0,2026-04-24 08:00:00+00:00,2026-04-24 08:05:00+00:00,2026-04-24 08:05:00.560742+00:00,300,True,Down,0,True
0x5fddad61a7f800c78595b72ff5d0d992dbba49da79c5cdae6b44c31457d76f0e,2026-04-24 08:15:00+00:00,300,300,0,299,0,0,0,29,0,0,2026-04-24 08:15:00+00:00,2026-04-24 08:20:00+00:00,2026-04-24 08:20:00.571494+00:00,300,True,Up,1,True
0xd8a0b5c700f7fd48a7da4461edf833f2a095776a3239cf9726030db0af2b442e,2026-04-24 08:20:00+00:00,300,300,0,299,0,0,0,58,0,0,2026-04-24 08:20:00+00:00,2026-04-24 08:25:00+00:00,2026-04-24 08:25:00.528933+00:00,300,True,Up,1,True
0x4828eeef1f27bf9b79ce554aa3730ef9a5fefc43e8b654dfa235e62e73c6f4c0,2026-04-24 08:40:00+00:00,300,300,0,299,0,0,20,0,0,0,2026-04-24 08:40:00+00:00,2026-04-24 08:45:00+00:00,2026-04-24 08:45:00.652194+00:00,300,True,Down,0,True
0x44645c92f4cf66f6320ef8bc36599f60e28aafb9b5e54f2a4785354f054e8cab,2026-04-24 08:45:00+00:00,300,300,0,299,0,0,0,58,0,0,2026-04-24 08:45:00+00:00,2026-04-24 08:50:00+00:00,2026-04-24 08:50:00.497687+00:00,300,True,Up,1,True
0xd5190b79d1061fcdba76f20643cbfd012a35493195ae2d780117f196df713555,2026-04-24 08:50:00+00:00,300,300,0,299,0,0,0,3,0,0,2026-04-24 08:50:00+00:00,2026-04-24 08:55:00+00:00,2026-04-24 08:55:00.505415+00:00,300,True,Up,1,True
0xd08b33e214a31a2db25d3d6245bc54452bb6f86ed3d854c6629cf6f285d9fa93,2026-04-24 08:55:00+00:00,300,300,0,299,0,0,20,0,0,0,2026-04-24 08:55:00+00:00,2026-04-24 09:00:00+00:00,2026-04-24 09:00:00.638473+00:00,300,True,Down,0,True
0xc0911986a27635284970556ec4a81d6a4f561e16d7356fe77507ab4e488167e3,2026-04-24 09:00:00+00:00,300,300,0,299,0,0,86,0,0,0,2026-04-24 09:00:00+00:00,2026-04-24 09:05:00+00:00,2026-04-24 09:05:00.505343+00:00,300,True,Down,0,True
0x808f3767f96c1633187d6941db9ea7878a2a34fa6e740efe57037881a3d88671,2026-04-24 09:05:00+00:00,300,300,0,299,0,0,110,0,0,0,2026-04-24 09:05:00+00:00,2026-04-24 09:10:00+00:00,2026-04-24 09:10:00.535978+00:00,300,True,Down,0,True
0x5183b16380c086c098a5e189ec7bda20a99ad4a34a9c335d8dc0cfbc782b4fa2,2026-04-24 09:20:00+00:00,300,300,0,299,0,0,48,0,0,0,2026-04-24 09:20:00+00:00,2026-04-24 09:25:00+00:00,2026-04-24 09:25:00.532080+00:00,300,True,Down,0,True
0xed861b85f4979b744a7ef433924dc74aa10255b1678cacb81b9318965efb66fc,2026-04-24 09:30:00+00:00,300,300,0,299,0,0,0,0,0,0,2026-04-24 09:30:00+00:00,2026-04-24 09:35:00+00:00,2026-04-24 09:35:00.499933+00:00,300,True,,1,True
0x74c6063f2d08bc6e662bbeb06b8bddcc7872b7de3881965db2ccdf976adaca4c,2026-04-24 09:35:00+00:00,300,300,0,299,0,0,0,11,0,0,2026-04-24 09:35:00+00:00,2026-04-24 09:40:00+00:00,2026-04-24 09:40:00.532973+00:00,300,True,Up,1,True
0x902fd233b76a016a5c18a8d29fd5c1b325167cbce9383ed3dd2d2e559dfe13c4,2026-04-24 09:45:00+00:00,300,300,0,299,0,0,23,0,0,0,2026-04-24 09:45:00+00:00,2026-04-24 09:50:00+00:00,2026-04-24 09:50:00.503462+00:00,300,True,Down,0,True
0x36ff7f99bce790f6e1c4d5dfc45224787032d556f595175b98d98c77bc4c7568,2026-04-24 09:50:00+00:00,300,300,0,299,0,0,0,16,0,0,2026-04-24 09:50:00+00:00,2026-04-24 09:55:00+00:00,2026-04-24 09:55:00.468447+00:00,300,True,Up,1,True
0xb2975afd6ed3c9244bfdff51b27209c0fe28cc6564c8458e67c0360a33ed2c05,2026-04-24 09:55:00+00:00,300,300,0,299,0,0,20,0,0,0,2026-04-24 09:55:00+00:00,2026-04-24 10:00:00+00:00,2026-04-24 10:00:00.865471+00:00,300,True,Down,0,True
0xc2d26ef5dbce2b579bbe13769b4274e7f7a478fa1af31513f5e18459087dde77,2026-04-24 10:05:00+00:00,300,300,0,299,0,0,0,3,0,0,2026-04-24 10:05:00+00:00,2026-04-24 10:10:00+00:00,2026-04-24 10:10:00.516738+00:00,300,True,Up,1,True
0xb9fac83923a38d8d7650644169c41aadef0fdb7175751cdd0e8c158400077188,2026-04-24 10:10:00+00:00,300,300,0,299,0,0,0,0,0,0,2026-04-24 10:10:00+00:00,2026-04-24 10:15:00+00:00,2026-04-24 10:15:00.497970+00:00,300,True,,1,True
0x4f4434adb6234631cfb1b46a3fa31f0670416c42c1941ef420bbfa7799b6c2c3,2026-04-24 10:15:00+00:00,300,300,0,299,0,0,0,37,0,0,2026-04-24 10:15:00+00:00,2026-04-24 10:20:00+00:00,2026-04-24 10:20:00.541702+00:00,300,True,Up,1,True
0xa8eeb4ae4030158f1aa8dffbc6413780ea57efc8435c17443c76ff51bcec1cdb,2026-04-24 10:20:00+00:00,300,300,0,299,0,0,0,20,0,0,2026-04-24 10:20:00+00:00,2026-04-24 10:25:00+00:00,2026-04-24 10:25:00.406129+00:00,300,True,Up,1,True
0x88902cc524fa49ee2cca35d4e59fb0d07a51b3fb5257ae75beb9095c4f0d5962,2026-04-24 10:25:00+00:00,300,300,0,299,0,0,0,10,0,0,2026-04-24 10:25:00+00:00,2026-04-24 10:30:00+00:00,2026-04-24 10:30:00.679218+00:00,300,True,Up,1,True
0x546c6e3661e0350a10d9efc23ce08b5a9bcacccdb6fd67d6568b231d9697b680,2026-04-24 10:45:00+00:00,300,300,0,299,0,0,0,16,0,0,2026-04-24 10:45:00+00:00,2026-04-24 10:50:00+00:00,2026-04-24 10:50:00.421817+00:00,300,True,Up,1,True
0xc5cfc7a42534cc6fdd5f08766de23c547728184a9696ebe52af21ceeba750ff9,2026-04-24 10:50:00+00:00,300,300,0,299,0,0,0,9,0,0,2026-04-24 10:50:00+00:00,2026-04-24 10:55:00+00:00,2026-04-24 10:55:00.563028+00:00,300,True,Up,1,True
0x56ac850a75c3bda511899a251413bf74622c1dd034d3a3c175b6536003c75256,2026-04-24 12:00:00+00:00,300,300,0,299,0,0,1,0,0,0,2026-04-24 12:00:00+00:00,2026-04-24 12:05:00+00:00,2026-04-24 12:05:00.596592+00:00,300,True,Down,0,True
0x2d54f521fba3b71f2ab38275a5b17575ffe77ae67985e3f877887d0dab337895,2026-04-24 12:10:00+00:00,300,300,0,299,0,0,0,38,0,0,2026-04-24 12:10:00+00:00,2026-04-24 12:15:00+00:00,2026-04-24 12:15:00.604362+00:00,300,True,Up,1,True
0x54c5aaa49f355309a2b3f7a82f40eb708213c8e77988cf39cee2fca84366cdd2,2026-04-24 12:15:00+00:00,300,300,0,299,0,0,21,0,0,0,2026-04-24 12:15:00+00:00,2026-04-24 12:20:00+00:00,2026-04-24 12:20:00.494922+00:00,300,True,Down,0,True
0xe5020727a68d5305d7e913089ad4c72ddccd99d66e659c58edba760a7cddf75a,2026-04-24 12:20:00+00:00,300,300,0,299,0,0,0,23,0,0,2026-04-24 12:20:00+00:00,2026-04-24 12:25:00+00:00,2026-04-24 12:25:00.486648+00:00,300,True,Up,1,True
0x68039d9a30f92d461edc713a7db4dc2ff94e93ef887d55199c2762f7ecdd92fb,2026-04-24 12:25:00+00:00,300,300,0,299,0,0,14,0,0,0,2026-04-24 12:25:00+00:00,2026-04-24 12:30:00+00:00,2026-04-24 12:30:00.611834+00:00,300,True,Down,0,True
0x85d4f800924b0eaa45a7a7447bf51f0caae8e1c979cb30181716bde3e285daaa,2026-04-24 12:30:00+00:00,300,300,0,299,0,0,30,0,0,0,2026-04-24 12:30:00+00:00,2026-04-24 12:35:00+00:00,2026-04-24 12:35:00.504043+00:00,300,True,Down,0,True
0x6908f059931c5803e794c59bc830c0b7cd6fab2b07ca09feb85d9e85f7a71831,2026-04-24 12:35:00+00:00,300,300,0,299,0,0,0,0,0,0,2026-04-24 12:35:00+00:00,2026-04-24 12:40:00+00:00,2026-04-24 12:40:00.624971+00:00,300,True,,1,True
0x3cfda1b9b348441285387ade59ace50b0ed2f125fcc1c023a22cdaa8118df149,2026-04-24 12:40:00+00:00,300,300,0,299,0,0,2,0,0,0,2026-04-24 12:40:00+00:00,2026-04-24 12:45:00+00:00,2026-04-24 12:45:00.812716+00:00,300,True,Down,0,True
0xab349cece45729cff1bce97a929935ad32b3bf69d74ab29bf2c2238b11ac0958,2026-04-24 13:10:00+00:00,300,300,0,299,0,0,1,0,0,0,2026-04-24 13:10:00+00:00,2026-04-24 13:15:00+00:00,2026-04-24 13:15:00.572891+00:00,300,True,Down,0,True
0x8e301694ce55b1b686bb47aaefda018c57de3f751d9bcea8661396623106ad35,2026-04-24 13:25:00+00:00,300,300,0,299,0,0,20,0,0,0,2026-04-24 13:25:00+00:00,2026-04-24 13:30:00+00:00,2026-04-24 13:30:00.579746+00:00,300,True,Down,0,True
0x6bc9d3eec5f44e6f2d780344d576aee4221cd8dbdc92181ca44a77ae7bbd8811,2026-04-24 13:30:00+00:00,300,300,0,299,0,0,0,15,0,0,2026-04-24 13:30:00+00:00,2026-04-24 13:35:00+00:00,2026-04-24 13:35:00.417216+00:00,300,True,Up,1,True
0x3ce7f3a3e87ecf095e39069dae757c537a064eeaafb1bcefbc29db3ea5f429ea,2026-04-24 13:40:00+00:00,300,300,0,299,0,0,10,0,0,0,2026-04-24 13:40:00+00:00,2026-04-24 13:45:00+00:00,2026-04-24 13:45:00.721320+00:00,300,True,Down,0,True
0x44f643b160300509bcb9329bb13d311094d9d425c72ff49f424f964f5a1df906,2026-04-24 13:45:00+00:00,300,300,0,299,0,0,31,0,0,0,2026-04-24 13:45:00+00:00,2026-04-24 13:50:00+00:00,2026-04-24 13:50:00.479122+00:00,300,True,Down,0,True
0x5518a0415f8637874a0c10ba21b97e8fd8bd41a0082bf0ab70d7783111056302,2026-04-24 13:50:00+00:00,300,300,0,299,0,0,34,0,0,0,2026-04-24 13:50:00+00:00,2026-04-24 13:55:00+00:00,2026-04-24 13:55:00.467582+00:00,300,True,Down,0,True
0xf0a475d299184d020cd1386fa699668cf3d3ad77a744236ea6cb7895d8648c01,2026-04-24 14:15:00+00:00,300,300,0,299,0,0,0,13,0,0,2026-04-24 14:15:00+00:00,2026-04-24 14:20:00+00:00,2026-04-24 14:20:00.563897+00:00,300,True,Up,1,True
0x92dbe3195f3ca46c656be5b5bc9fa721ea3d29e7128902babd3249dcfb306f61,2026-04-24 14:20:00+00:00,300,300,0,299,0,0,24,0,0,0,2026-04-24 14:20:00+00:00,2026-04-24 14:25:00+00:00,2026-04-24 14:25:00.493954+00:00,300,True,Down,0,True
0x0393cb58446ef968f5f41b893364115e3dc9072c04ec5072273f6dd843046186,2026-04-24 14:25:00+00:00,300,300,0,299,0,0,48,0,0,0,2026-04-24 14:25:00+00:00,2026-04-24 14:30:00+00:00,2026-04-24 14:30:00.621474+00:00,300,True,Down,0,True
0x8a25f1c03a6c13bc994a48b2914ddbeb472d224304cbe0c8686bc4e30fef61fa,2026-04-24 14:50:00+00:00,300,300,0,299,0,0,0,15,0,0,2026-04-24 14:50:00+00:00,2026-04-24 14:55:00+00:00,2026-04-24 14:55:00.539592+00:00,300,True,Up,1,True
0x09760c6017bf80a6d9e88616c0b27cbb8ff4ad806e3154d2245a32a5bff7eaa7,2026-04-24 14:55:00+00:00,300,300,0,299,0,0,0,4,0,0,2026-04-24 14:55:00+00:00,2026-04-24 15:00:00+00:00,2026-04-24 15:00:00.601588+00:00,300,True,Up,1,True
0x442694e848c983bb06bc668f556d337659df00f4f4664f6e75b6eb508ea11e39,2026-04-24 15:05:00+00:00,300,300,0,299,0,0,29,0,0,0,2026-04-24 15:05:00+00:00,2026-04-24 15:10:00+00:00,2026-04-24 15:10:00.509692+00:00,300,True,Down,0,True
0xda836a4e89dcdd23a8c0453112946c8fc26e8a4e5eef573bb73d69206f0b55e5,2026-04-24 15:25:00+00:00,300,300,0,299,0,0,0,0,0,0,2026-04-24 15:25:00+00:00,2026-04-24 15:30:00+00:00,2026-04-24 15:30:00.443786+00:00,300,True,Up,1,True
0xd5736117ce47023210e3847d59ce412f4029c45df1c5fead37dfdbf322a5d857,2026-04-24 15:30:00+00:00,300,300,0,299,0,0,0,0,0,0,2026-04-24 15:30:00+00:00,2026-04-24 15:35:00+00:00,2026-04-24 15:35:00.539077+00:00,300,True,Up,1,True
0x7ef3dbcaabab7f1d364b5306c77f0d6d8eefb7580a92bb249024b546fdbdb82f,2026-04-24 15:35:00+00:00,300,300,0,299,0,0,37,0,0,0,2026-04-24 15:35:00+00:00,2026-04-24 15:40:00+00:00,2026-04-24 15:40:00.607185+00:00,300,True,Down,0,True
0x4cb8e4368d08981191bfad3d7f020abc92bf6ea0d5293f37c8d7850353e688b3,2026-04-24 15:40:00+00:00,300,300,0,299,0,0,0,16,0,0,2026-04-24 15:40:00+00:00,2026-04-24 15:45:00+00:00,2026-04-24 15:45:00.684536+00:00,300,True,Up,1,True
0xe475e53bbeba1cb874482f71629948e7db1be4fce5d3b3a2334217f05bc32fd6,2026-04-24 15:45:00+00:00,300,300,0,299,0,0,1,0,0,0,2026-04-24 15:45:00+00:00,2026-04-24 15:50:00+00:00,2026-04-24 15:50:00.524898+00:00,300,True,Down,0,True
0xa202ddda582e31866ec72f54be4b8551082a87646d3312389df35f764e51c17b,2026-04-24 15:50:00+00:00,300,300,0,299,0,0,0,9,0,0,2026-04-24 15:50:00+00:00,2026-04-24 15:55:00+00:00,2026-04-24 15:55:00.554060+00:00,300,True,Up,1,True
0x8e224f8e33e5020064fcac7c65c46d2c6fce0ffa3e1a07eee9331698e8c3d903,2026-04-24 15:55:00+00:00,300,300,0,299,0,0,0,13,0,0,2026-04-24 15:55:00+00:00,2026-04-24 16:00:00+00:00,2026-04-24 16:00:00.949579+00:00,300,True,Up,1,True
0x4d01b4681fc97427d36f2d5f27a6a15ab3334475d32b5c4e29cb7828d1956d29,2026-04-24 16:00:00+00:00,300,300,0,299,0,0,33,0,0,0,2026-04-24 16:00:00+00:00,2026-04-24 16:05:00+00:00,2026-04-24 16:05:00.586169+00:00,300,True,Down,0,True
0x9b8174c251e483c2a0e91c79fb74bb51e658479853906bb3c217fbe998aec601,2026-04-24 16:05:00+00:00,300,300,0,299,0,0,54,0,0,0,2026-04-24 16:05:00+00:00,2026-04-24 16:10:00+00:00,2026-04-24 16:10:00.488865+00:00,300,True,Down,0,True
0x79b63097e6d5e3b39504332ed61d7a1e4a542e256c3d64085eadd2425566c2ea,2026-04-24 16:10:00+00:00,300,300,0,299,0,0,13,0,0,0,2026-04-24 16:10:00+00:00,2026-04-24 16:15:00+00:00,2026-04-24 16:15:00.580718+00:00,300,True,Down,0,True
0x128fb61e9006caef27201e8e09ca611a77c4764fc277379fd28920b625dd59d1,2026-04-24 16:15:00+00:00,300,300,0,299,0,0,21,0,0,0,2026-04-24 16:15:00+00:00,2026-04-24 16:20:00+00:00,2026-04-24 16:20:00.542500+00:00,300,True,Down,0,True
0x718193f557cef3281ae60c1cb4f315de055517276ce86959efcd8ffa7dcbead5,2026-04-24 16:30:00+00:00,300,300,0,299,0,0,0,66,0,0,2026-04-24 16:30:00+00:00,2026-04-24 16:35:00+00:00,2026-04-24 16:35:00.518894+00:00,300,True,Up,1,True
0x13ac91fa0a698ae69f4bea47a3bfd5cd13132076425dbbdd7d2301370a1c89fd,2026-04-24 16:50:00+00:00,300,300,0,299,0,0,0,36,0,0,2026-04-24 16:50:00+00:00,2026-04-24 16:55:00+00:00,2026-04-24 16:55:00.561377+00:00,300,True,Up,1,True
0x2f04f58efb4b10a042df7df984f9614fb58aa9015e0fea5976d82f23a3bf7e14,2026-04-24 16:55:00+00:00,300,300,0,299,0,0,0,22,0,0,2026-04-24 16:55:00+00:00,2026-04-24 17:00:00+00:00,2026-04-24 17:00:00.545148+00:00,300,True,Up,1,True
0x56d9779b97641be7eb447a5449a8034f9f4a44d7e2b883db451a3df98ffd29c3,2026-04-24 17:00:00+00:00,300,300,0,299,0,0,46,0,0,0,2026-04-24 17:00:00+00:00,2026-04-24 17:05:00+00:00,2026-04-24 17:05:00.522701+00:00,300,True,Down,0,True
0xa083cf78f53c3c37c42ce7baf94570bdd027da2179e641074137b0861020e3f1,2026-04-24 17:05:00+00:00,300,300,0,299,0,0,2,0,0,0,2026-04-24 17:05:00+00:00,2026-04-24 17:10:00+00:00,2026-04-24 17:10:00.566933+00:00,300,True,Down,0,True
0x247952c10f76013c3cc5c02dba62397bb9b61484b622465ff8cf7e9e30e0674f,2026-04-24 17:30:00+00:00,300,300,0,299,0,0,75,0,0,0,2026-04-24 17:30:00+00:00,2026-04-24 17:35:00+00:00,2026-04-24 17:35:00.517931+00:00,300,True,Down,0,True
0x204f005436cca53e60e3b34b5f2bf382814fb5a97351385d2c8b8c7acf56a210,2026-04-24 17:35:00+00:00,300,300,0,299,0,0,0,1,0,0,2026-04-24 17:35:00+00:00,2026-04-24 17:40:00+00:00,2026-04-24 17:40:00.499697+00:00,300,True,Up,1,True
0x2eb86a8299a69c0cee703f9027490abe7947c4ebd718b7f89002440f38c1ba73,2026-04-24 17:40:00+00:00,300,300,0,299,0,0,0,46,0,0,2026-04-24 17:40:00+00:00,2026-04-24 17:45:00+00:00,2026-04-24 17:45:00.710079+00:00,300,True,Up,1,True
0x557ccc608094c90f3d15cdcccdf6e5c11e94f3fbd0d16a8e36aeec3713c78107,2026-04-24 17:45:00+00:00,300,300,0,299,0,0,0,1,0,0,2026-04-24 17:45:00+00:00,2026-04-24 17:50:00+00:00,2026-04-24 17:50:00.434996+00:00,300,True,Up,1,True
0x39a3d1816b0c98e5339452ee51b2350db7dfa81feb5d403c5f54f6a7c0d3c930,2026-04-24 17:50:00+00:00,300,300,0,299,0,0,0,65,0,0,2026-04-24 17:50:00+00:00,2026-04-24 17:55:00+00:00,2026-04-24 17:55:00.497483+00:00,300,True,Up,1,True
0x1fa79cf81c12f63a01a20cb2a25aeac789b7e1b15f189c177e029141569259ce,2026-04-24 18:00:00+00:00,300,300,0,299,0,0,1,0,0,0,2026-04-24 18:00:00+00:00,2026-04-24 18:05:00+00:00,2026-04-24 18:05:00.595461+00:00,300,True,Down,0,True
0x58f373ee2791e7851be7e36ff752300ff347f3a6ede80d2607fc18a4b47aba48,2026-04-24 18:05:00+00:00,300,300,0,299,0,0,14,0,0,0,2026-04-24 18:05:00+00:00,2026-04-24 18:10:00+00:00,2026-04-24 18:10:00.544280+00:00,300,True,Down,0,True
0xec5e09b7b18137d066b3a46250b01d8e9e2cfe55a9f6c4081782dd38a2c03724,2026-04-24 18:10:00+00:00,300,300,0,299,0,0,25,0,0,0,2026-04-24 18:10:00+00:00,2026-04-24 18:15:00+00:00,2026-04-24 18:15:00.411391+00:00,300,True,Down,0,True
0x567cbb609eff16ccd44794e37d67ecbaf15485f9c4cff2a3df026b3dd79ae198,2026-04-24 18:15:00+00:00,300,300,0,299,0,0,71,0,0,0,2026-04-24 18:15:00+00:00,2026-04-24 18:20:00+00:00,2026-04-24 18:20:00.613544+00:00,300,True,Down,0,True
0x15c1b29f2c1c396cdd43e2de868b715c99bdeabeee6f4c11f5bd66f89b64bdae,2026-04-24 18:25:00+00:00,300,300,0,299,0,0,1,0,0,0,2026-04-24 18:25:00+00:00,2026-04-24 18:30:00+00:00,2026-04-24 18:30:00.588576+00:00,300,True,Down,0,True
0x4f08a1f3c490aaf7391f03ced485b7f0b8089d68eb9012b6a0b36b300b59affb,2026-04-24 18:30:00+00:00,300,300,0,299,0,0,0,42,0,0,2026-04-24 18:30:00+00:00,2026-04-24 18:35:00+00:00,2026-04-24 18:35:00.548338+00:00,300,True,Up,1,True
0xecd6584611d40c667c68eae098afa22f6b25108f7d4f3795d83a7d46a975b431,2026-04-24 18:35:00+00:00,300,300,0,299,0,0,2,0,0,0,2026-04-24 18:35:00+00:00,2026-04-24 18:40:00+00:00,2026-04-24 18:40:00.577573+00:00,300,True,Down,0,True
0xeb026927dd81b5ddd031fad8b3f46fa93b7c4cae8b4344bf0dbef33a1656fec3,2026-04-24 18:40:00+00:00,300,300,0,299,0,0,0,8,0,0,2026-04-24 18:40:00+00:00,2026-04-24 18:45:00+00:00,2026-04-24 18:45:00.704666+00:00,300,True,Up,1,True
0xe69320716d204d50fabbd3eac9f23d731079d135d3b7d9192ee771a3d8540a04,2026-04-24 18:45:00+00:00,300,300,0,299,0,0,2,0,0,0,2026-04-24 18:45:00+00:00,2026-04-24 18:50:00+00:00,2026-04-24 18:50:00.424388+00:00,300,True,Down,0,True
0x03383c5bb106c87acf9b0bf1d608858e3ccc30e6ed25c935a45674499c60de23,2026-04-24 18:50:00+00:00,300,300,0,299,0,0,0,3,0,0,2026-04-24 18:50:00+00:00,2026-04-24 18:55:00+00:00,2026-04-24 18:55:00.475751+00:00,300,True,Up,1,True
0x45116449a72426f668fa2c47d678bba3a1c2336343cd6bf039bd6297c688e2b4,2026-04-24 18:55:00+00:00,300,300,0,299,0,0,0,13,0,0,2026-04-24 18:55:00+00:00,2026-04-24 19:00:00+00:00,2026-04-24 19:00:00.653966+00:00,300,True,Up,1,True
0x4f87e0d1b4c1c4498d562d27a3dd64646d3cfa5cd1749395d0e7f84efa1979f8,2026-04-24 19:00:00+00:00,300,300,0,299,0,0,0,5,0,0,2026-04-24 19:00:00+00:00,2026-04-24 19:05:00+00:00,2026-04-24 19:05:00.423449+00:00,300,True,Up,1,True
0x4980e5a5e8e9ffb1e827a57b57b01cf18caa14a8103b79a175850a454ad3da32,2026-04-24 19:10:00+00:00,300,300,0,299,0,0,0,0,0,0,2026-04-24 19:10:00+00:00,2026-04-24 19:15:00+00:00,2026-04-24 19:15:00.625065+00:00,300,True,,1,True
0x5b656b2dad586bf8050d850eccd84404e8af044e7932fe07c58228fa27dbe708,2026-04-24 19:15:00+00:00,300,300,0,299,0,0,0,13,0,0,2026-04-24 19:15:00+00:00,2026-04-24 19:20:00+00:00,2026-04-24 19:20:00.562950+00:00,300,True,Up,1,True
0x89a27f762eb7e8d53e6f55f1fff370cc23bbe36bab215c2f375761e4d4089e0a,2026-04-24 19:25:00+00:00,300,300,0,299,0,0,0,2,0,0,2026-04-24 19:25:00+00:00,2026-04-24 19:30:00+00:00,2026-04-24 19:30:00.630115+00:00,300,True,Up,1,True
0x71c31fb860bb724c2fc4fa6627c645204e1d8bbf8cc2764c3ddcd3dbfd49f09e,2026-04-24 19:30:00+00:00,300,300,0,299,0,0,0,17,0,0,2026-04-24 19:30:00+00:00,2026-04-24 19:35:00+00:00,2026-04-24 19:35:00.452685+00:00,300,True,Up,1,True
0xa945e631289b8e486930b6a1d8b156c3ef40c6f115c219eb5e944565ad15ab79,2026-04-24 19:40:00+00:00,300,300,0,299,0,0,3,0,0,0,2026-04-24 19:40:00+00:00,2026-04-24 19:45:00+00:00,2026-04-24 19:45:00.678588+00:00,300,True,Down,0,True
0x0d8d69c9c65af4656b665d3edc10258d771a93e80d797efe9f31408a00ee2088,2026-04-24 19:55:00+00:00,300,300,0,299,0,0,0,8,0,0,2026-04-24 19:55:00+00:00,2026-04-24 20:00:00+00:00,2026-04-24 20:00:00.858843+00:00,300,True,Up,1,True
0xbbb71ea0fd374165413b4f3d0a9da41219b1937baa946643e84b8ac534e7f39a,2026-04-24 20:00:00+00:00,300,300,0,299,0,0,18,0,0,0,2026-04-24 20:00:00+00:00,2026-04-24 20:05:00+00:00,2026-04-24 20:05:00.562320+00:00,300,True,Down,0,True
0x60103f76b0a045ec3763123adb491d75d39e7f08b9e3863f0f991c9f2c144ecc,2026-04-24 20:05:00+00:00,300,300,0,299,0,0,2,0,0,0,2026-04-24 20:05:00+00:00,2026-04-24 20:10:00+00:00,2026-04-24 20:10:00.490686+00:00,300,True,Down,0,True
0xad44898bd167e1dde597b477442f89c921b34517996f76becb99ded2ea96dc48,2026-04-24 20:10:00+00:00,300,300,0,299,0,0,0,41,0,0,2026-04-24 20:10:00+00:00,2026-04-24 20:15:00+00:00,2026-04-24 20:15:00.599509+00:00,300,True,Up,1,True
0xc6f4565d474c5a94dab573b3db4943bb8a857d9475752c51e5fe3806bd2d7309,2026-04-24 20:15:00+00:00,300,300,0,299,0,0,59,0,0,0,2026-04-24 20:15:00+00:00,2026-04-24 20:20:00+00:00,2026-04-24 20:20:00.607953+00:00,300,True,Down,0,True
0x1e968b496d574f24a95afd0a987bd6243dff74e87f052def0222f0f5e57f19ed,2026-04-24 20:25:00+00:00,300,300,0,299,0,0,0,2,0,0,2026-04-24 20:25:00+00:00,2026-04-24 20:30:00+00:00,2026-04-24 20:30:00.478775+00:00,300,True,Up,1,True
0xfee2c90758beed6a41b5e08ac0eccb126a6a77210db6c25032b10aedd5ddcfd1,2026-04-24 20:30:00+00:00,300,300,0,299,0,0,0,7,0,0,2026-04-24 20:30:00+00:00,2026-04-24 20:35:00+00:00,2026-04-24 20:35:00.500384+00:00,300,True,Up,1,True
0xd5a9e7166f30b6ad356f84d94799b056be3fcc9f8d99110efdc2174265084020,2026-04-24 20:35:00+00:00,300,300,0,299,0,0,0,59,0,0,2026-04-24 20:35:00+00:00,2026-04-24 20:40:00+00:00,2026-04-24 20:40:00.552250+00:00,300,True,Up,1,True
0x324e21835066e8648cf166026551cc14e84f66192e793af7468a4eae3a0bc63f,2026-04-24 20:40:00+00:00,300,300,0,299,0,0,8,0,0,0,2026-04-24 20:40:00+00:00,2026-04-24 20:45:00+00:00,2026-04-24 20:45:00.606445+00:00,300,True,Down,0,True
0x28439f8194473a8cae1a41ca3c6726d0f0e6f127db91b4fef88c02de83fd193c,2026-04-24 20:45:00+00:00,300,300,0,299,0,0,0,5,0,0,2026-04-24 20:45:00+00:00,2026-04-24 20:50:00+00:00,2026-04-24 20:50:00.414711+00:00,300,True,Up,1,True
0xb495dd695bb1af71f977d8205811d27ed9b49bef70ae5ad196d445c8783460c2,2026-04-24 20:50:00+00:00,300,300,0,299,0,0,0,3,0,0,2026-04-24 20:50:00+00:00,2026-04-24 20:55:00+00:00,2026-04-24 20:55:00.539656+00:00,300,True,Up,1,True
0x1cb3ea42b0eae845fbe5782c36c273167189b050861e0090fc16ca5d9673ebf7,2026-04-24 20:55:00+00:00,300,300,0,299,0,0,0,27,0,0,2026-04-24 20:55:00+00:00,2026-04-24 21:00:00+00:00,2026-04-24 21:00:00.692180+00:00,300,True,Up,1,True
0xfafe192e47b401347a407655fc5a23db90fd1bf5bb5175898916c77dbbf61620,2026-04-24 21:15:00+00:00,300,300,0,299,0,0,0,5,0,0,2026-04-24 21:15:00+00:00,2026-04-24 21:20:00+00:00,2026-04-24 21:20:00.498639+00:00,300,True,Up,1,True
0x6d35aa1dfb83bdba3ceb614dd4f0f71b6fe1732749e2f7be10a5d73ac5527594,2026-04-24 21:20:00+00:00,300,300,0,299,0,0,0,0,0,0,2026-04-24 21:20:00+00:00,2026-04-24 21:25:00+00:00,2026-04-24 21:25:00.528395+00:00,300,True,Up,1,True
0xd77fdecfcb52f5b5f1fa2dd689ebdf7cfa8edf129310cc90a0bcdbc1b0630660,2026-04-24 21:25:00+00:00,300,300,0,299,0,0,1,0,0,0,2026-04-24 21:25:00+00:00,2026-04-24 21:30:00+00:00,2026-04-24 21:30:00.644804+00:00,300,True,Down,0,True
0x5f67971b877d297a139042faee2873240eb26200245ee0478566afe28f53a03c,2026-04-24 21:35:00+00:00,300,300,0,299,0,0,1,0,0,0,2026-04-24 21:35:00+00:00,2026-04-24 21:40:00+00:00,2026-04-24 21:40:00.523931+00:00,300,True,Down,0,True
0x6519aa124d335c577443dca5caa78d18be8ed091b3a8c0da036d1341dfc406e2,2026-04-24 21:55:00+00:00,300,300,0,299,0,0,3,0,0,0,2026-04-24 21:55:00+00:00,2026-04-24 22:00:00+00:00,2026-04-24 22:00:00.761966+00:00,300,True,Down,0,True
0xec3691c1cd750e105bade2a2e63c113dcc537cb89a48823f1e38789b3653fed8,2026-04-24 22:00:00+00:00,300,300,0,299,0,0,0,8,0,0,2026-04-24 22:00:00+00:00,2026-04-24 22:05:00+00:00,2026-04-24 22:05:00.601618+00:00,300,True,Up,1,True
0xaef8fd81c2c414d024c94ba394be9472db1d1700920713bcc5008385dc572ebf,2026-04-24 22:05:00+00:00,300,300,0,299,0,0,0,0,0,0,2026-04-24 22:05:00+00:00,2026-04-24 22:10:00+00:00,2026-04-24 22:10:00.539551+00:00,300,True,Down,0,True
0x4026ffadfed11b66cff94dcd4facf53bbd378034449e2c0016e79e22239f0101,2026-04-24 22:10:00+00:00,300,300,0,299,0,0,0,10,0,0,2026-04-24 22:10:00+00:00,2026-04-24 22:15:00+00:00,2026-04-24 22:15:00.569858+00:00,300,True,Up,1,True
0x3850d776ee30e5482e5cc3c7109ff2d94f72a4f9cf667e49b5e68196f775d333,2026-04-24 22:20:00+00:00,300,300,0,299,0,0,1,0,0,0,2026-04-24 22:20:00+00:00,2026-04-24 22:25:00+00:00,2026-04-24 22:25:00.735452+00:00,300,True,Down,0,True
0xf060fa443b8ba47c96d8489e8511fbe06cf0da55dde0be7042083980cc7591cd,2026-04-24 22:25:00+00:00,300,300,0,299,0,0,4,0,0,0,2026-04-24 22:25:00+00:00,2026-04-24 22:30:00+00:00,2026-04-24 22:30:00.606229+00:00,300,True,Down,0,True
0xee9ddb44f817428a2acca7cd62d8c92fdb09e4011bbde21b48e34c5d98ba6688,2026-04-24 22:30:00+00:00,300,300,0,299,0,0,48,0,0,0,2026-04-24 22:30:00+00:00,2026-04-24 22:35:00+00:00,2026-04-24 22:35:00.511754+00:00,300,True,Down,0,True
0x3b95d1a2dd5689d2a84e2e09f4501680b125b4d230874929e3ec639e3704adb7,2026-04-24 23:00:00+00:00,300,300,0,299,0,0,0,1,0,0,2026-04-24 23:00:00+00:00,2026-04-24 23:05:00+00:00,2026-04-24 23:05:00.437803+00:00,300,True,Up,1,True
0x5060a90abc8f5bba59f9762fe2c8662775d57f58eedac247cfab1585e47bc720,2026-04-24 23:05:00+00:00,300,300,0,299,0,0,0,0,0,0,2026-04-24 23:05:00+00:00,2026-04-24 23:10:00+00:00,2026-04-24 23:10:00.424671+00:00,300,True,Up,1,True
0xbceab30cf83626abb24c0876d27a158696d66f3d297b2126230d691c8b3354a3,2026-04-24 23:10:00+00:00,300,300,0,299,0,0,0,2,0,0,2026-04-24 23:10:00+00:00,2026-04-24 23:15:00+00:00,2026-04-24 23:15:00.542726+00:00,300,True,Up,1,True
0xcd00a8ccfff0ab3ceddfb126c075f70ce63d9b7cbc10b2995428469a69e51429,2026-04-24 23:20:00+00:00,300,300,0,299,0,0,2,0,0,0,2026-04-24 23:20:00+00:00,2026-04-24 23:25:00+00:00,2026-04-24 23:25:00.443263+00:00,300,True,Down,0,True
0x424335524f3fe6746102704e019d9ea02a2a1419cefc0b02202a4a1549283a60,2026-04-24 23:25:00+00:00,300,300,0,299,0,0,0,3,0,0,2026-04-24 23:25:00+00:00,2026-04-24 23:30:00+00:00,2026-04-24 23:30:00.609904+00:00,300,True,Up,1,True
0x3c1370dfbb55476612f6aba8a7032f831aead4266c519042b5816117daeba1be,2026-04-24 23:35:00+00:00,300,300,0,299,0,0,1,0,0,0,2026-04-24 23:35:00+00:00,2026-04-24 23:40:00+00:00,2026-04-24 23:40:00.594528+00:00,300,True,Down,0,True
0xbb3a35d5bffb0922d034dbcfbc7944ef5ee832634b100c2f54c832b4c9294d8c,2026-04-24 23:40:00+00:00,300,300,0,299,0,0,0,3,0,0,2026-04-24 23:40:00+00:00,2026-04-24 23:45:00+00:00,2026-04-24 23:45:00.591236+00:00,300,True,Up,1,True
0xd239dccc4c2b7b8953d52db384453938fcd74fe3b90572e052701c3109d4bc3a,2026-04-24 23:50:00+00:00,300,300,0,299,0,0,0,11,0,0,2026-04-24 23:50:00+00:00,2026-04-24 23:55:00+00:00,2026-04-24 23:55:00.535196+00:00,300,True,Up,1,True
0xcd1d603205448f182fb8dfb944aebc1b7295694d485a2dfa5742bbc9c369a0da,2026-04-24 23:55:00+00:00,300,300,0,299,0,0,0,0,0,0,2026-04-24 23:55:00+00:00,2026-04-25 00:00:00+00:00,2026-04-25 00:00:00.938441+00:00,300,True,,0,True
0x66b190a42b9a02ec6a7c16d0dcf4a515c283a3b8d184d144b100a4399131efec,2026-04-25 00:00:00+00:00,300,300,0,299,0,0,0,0,0,0,2026-04-25 00:00:00+00:00,2026-04-25 00:05:00+00:00,2026-04-25 00:05:00.580947+00:00,300,True,Down,0,True
0x63a18a97d3d5148514b64c5697bbeb93891cd56a4efb712d5361de76cd491de3,2026-04-25 00:10:00+00:00,300,300,0,299,0,0,3,0,0,0,2026-04-25 00:10:00+00:00,2026-04-25 00:15:00+00:00,2026-04-25 00:15:00.524711+00:00,300,True,Down,0,True
0x188e25324c49f35c2a3190b9e7ff2628d0eb2dc7c6a93c2f4a2b60dc6cb9a08d,2026-04-25 00:20:00+00:00,300,300,0,299,0,0,0,0,0,0,2026-04-25 00:20:00+00:00,2026-04-25 00:25:00+00:00,2026-04-25 00:25:00.420201+00:00,300,True,,0,True
0x656d752f81e0aa5d6c26339dab920c0abc3be80e23523deaf5f06fd68d7d76df,2026-04-25 01:05:00+00:00,300,300,0,299,0,0,0,0,0,0,2026-04-25 01:05:00+00:00,2026-04-25 01:10:00+00:00,2026-04-25 01:10:00.456374+00:00,300,True,,1,True
0xe776dff90db2738528e12ff2aa2ee275f9e9f00055303008a9180515eb237da7,2026-04-25 01:10:00+00:00,300,300,0,299,0,0,0,2,0,0,2026-04-25 01:10:00+00:00,2026-04-25 01:15:00+00:00,2026-04-25 01:15:00.604965+00:00,300,True,Up,1,True
0x1d3c200bf1b848f6d69d2350959f71e1559211b74e4360979ac0bcbaf3bdb020,2026-04-25 01:15:00+00:00,300,300,0,299,0,0,0,1,0,0,2026-04-25 01:15:00+00:00,2026-04-25 01:20:00+00:00,2026-04-25 01:20:00.533687+00:00,300,True,Up,1,True
0x4d5a906c4d9a661378cd23b893130ee7af4f2d3a41dc29c2178d3a40899aeab1,2026-04-25 01:25:00+00:00,300,300,0,299,0,0,1,0,0,0,2026-04-25 01:25:00+00:00,2026-04-25 01:30:00+00:00,2026-04-25 01:30:00.563704+00:00,300,True,Down,0,True
0x9174a32b1c6cd2f442473f76e9269dc88be2b2bb859cb31f21fe0abc4f0fd788,2026-04-25 02:15:00+00:00,300,300,0,299,0,0,0,2,0,0,2026-04-25 02:15:00+00:00,2026-04-25 02:20:00+00:00,2026-04-25 02:20:00.546734+00:00,300,True,Up,1,True
0x88ca9cb15a6de6b846ca56cb29b450c49b7f97b2b78571a565f253c16ab31b1b,2026-04-25 02:50:00+00:00,300,300,0,299,0,0,0,1,0,0,2026-04-25 02:50:00+00:00,2026-04-25 02:55:00+00:00,2026-04-25 02:55:00.511336+00:00,300,True,Up,1,True
0x95489d69d9ade07f5373b0d4c3a963c0ad452f2e3d3c647b397fe79891606e76,2026-04-25 02:55:00+00:00,300,300,0,299,0,0,2,0,0,0,2026-04-25 02:55:00+00:00,2026-04-25 03:00:00+00:00,2026-04-25 03:00:00.835806+00:00,300,True,Down,0,True
0x7389e8750fd095a4a5bcd53eb32bc272fb3bd42408b1949b288ec014d3ff728f,2026-04-25 03:00:00+00:00,300,300,0,299,0,0,0,3,0,0,2026-04-25 03:00:00+00:00,2026-04-25 03:05:00+00:00,2026-04-25 03:05:00.488786+00:00,300,True,Up,1,True
0x00bb5694bfae93d1fadf15096821211e760de953d88f69b7e4e5e74a901a2b3d,2026-04-25 03:05:00+00:00,300,300,0,299,0,0,14,0,0,0,2026-04-25 03:05:00+00:00,2026-04-25 03:10:00+00:00,2026-04-25 03:10:00.534889+00:00,300,True,Down,0,True
0x1d775b8b7e5ccff5e026e793ef28a265e763000d9c2145907fb72e1fd73ddf67,2026-04-25 03:10:00+00:00,300,300,0,299,0,0,1,0,0,0,2026-04-25 03:10:00+00:00,2026-04-25 03:15:00+00:00,2026-04-25 03:15:00.509681+00:00,300,True,Down,0,True
0x628ffa9b8d165c4a144e58d008390048586db16b70609981f4499e4fb0191ab9,2026-04-25 03:15:00+00:00,300,300,0,299,0,0,0,1,0,0,2026-04-25 03:15:00+00:00,2026-04-25 03:20:00+00:00,2026-04-25 03:20:00.576094+00:00,300,True,Up,1,True
0x280bb416a1c7c6c7c8138a538e149791842b64c851f5ddfd5e9a10b3455f1cd4,2026-04-25 03:20:00+00:00,300,300,0,299,0,0,13,0,0,0,2026-04-25 03:20:00+00:00,2026-04-25 03:25:00+00:00,2026-04-25 03:25:01.915413+00:00,300,True,Down,0,True
0xb953b0f1749568c784c9d514240f2bdbcef6e1ab19c290c5c3f83dc8ab2c0380,2026-04-25 03:25:00+00:00,300,300,0,299,0,0,1,0,0,0,2026-04-25 03:25:00+00:00,2026-04-25 03:30:00+00:00,2026-04-25 03:30:00.474539+00:00,300,True,Down,0,True
0xfba101a0cd557507289d9fd743ce1ec1973b0b09ad397fa1f0d717ea99b6d88c,2026-04-25 03:30:00+00:00,300,300,0,299,0,0,0,9,0,0,2026-04-25 03:30:00+00:00,2026-04-25 03:35:00+00:00,2026-04-25 03:35:00.517708+00:00,300,True,Up,1,True
0x6426d3a1f736d5c7787739619c769e211a3f306bf37b16ebd7979fdf3fd3b18c,2026-04-25 03:35:00+00:00,300,300,0,299,0,0,0,15,0,0,2026-04-25 03:35:00+00:00,2026-04-25 03:40:00+00:00,2026-04-25 03:40:00.531223+00:00,300,True,Up,1,True
0x1576e220db720e6900eb8e21b0b5f2fae2f13cdfd93862b0695f385ddb950f00,2026-04-25 03:40:00+00:00,300,300,0,299,0,0,0,42,0,0,2026-04-25 03:40:00+00:00,2026-04-25 03:45:00+00:00,2026-04-25 03:45:00.604883+00:00,300,True,Up,1,True
0xabc917b0b2266651fe1cca799ed72eb4c28df3d9e5abf61f2e6cec876acb3c8b,2026-04-25 03:45:00+00:00,300,300,0,299,0,0,0,6,0,0,2026-04-25 03:45:00+00:00,2026-04-25 03:50:00+00:00,2026-04-25 03:50:00.502123+00:00,300,True,Up,1,True
0x1eb00ef2d41b641a81e0817a26b4fafb5da6884d79097a5d4bd564ff8a21d59b,2026-04-25 04:05:00+00:00,300,300,0,299,0,0,4,0,0,0,2026-04-25 04:05:00+00:00,2026-04-25 04:10:00+00:00,2026-04-25 04:10:00.460234+00:00,300,True,Up,1,True
0x5880feb8d9344fbcb99a5a7b4232abbbbfa4e605bd79594ccfc9af15e3f4d7f5,2026-04-25 04:10:00+00:00,300,300,0,299,0,0,0,0,0,0,2026-04-25 04:10:00+00:00,2026-04-25 04:15:00+00:00,2026-04-25 04:15:00.570712+00:00,300,True,Up,1,True
0x6045de61439f8ed2d85598d63cc60ece017defcda677702e66ecefc308df787a,2026-04-25 04:15:00+00:00,300,300,0,299,0,0,0,0,0,0,2026-04-25 04:15:00+00:00,2026-04-25 04:20:00+00:00,2026-04-25 04:20:00.477265+00:00,300,True,Down,0,True
0xb08baed8ddc0651b35ac26c91f7d31f0fed974116bc026ca3ebddb3fd66ab037,2026-04-25 04:20:00+00:00,300,300,0,299,0,0,0,0,0,0,2026-04-25 04:20:00+00:00,2026-04-25 04:25:00+00:00,2026-04-25 04:25:00.519350+00:00,300,True,Down,0,True
0x3457991b10b6018276a293bec5f931bc7a5cb9d767c63bd61618ef8cb5b29c3d,2026-04-25 04:35:00+00:00,300,300,0,299,0,0,2,0,0,0,2026-04-25 04:35:00+00:00,2026-04-25 04:40:00+00:00,2026-04-25 04:40:00.575060+00:00,300,True,Down,0,True
0x28631350435d3689fdaf89400fdbf7f341fe7acfdba3bc824d7b195051f1415b,2026-04-25 04:50:00+00:00,300,300,0,299,0,0,0,0,0,0,2026-04-25 04:50:00+00:00,2026-04-25 04:55:00+00:00,2026-04-25 04:55:00.614807+00:00,300,True,,0,True
0xe4655d26e40bdb84060b9741e9591f8ec33275f4c722d762b2f2d7e9ea5c0220,2026-04-25 04:55:00+00:00,300,300,0,299,0,0,0,0,0,0,2026-04-25 04:55:00+00:00,2026-04-25 05:00:00+00:00,2026-04-25 05:00:00.698395+00:00,300,True,Up,1,True
0x314ffe9dcb49cf0b9fd3e7f8eac695d987bccdca5a3934ab4d928a5a57d5fd22,2026-04-25 05:30:00+00:00,300,300,0,299,0,0,0,2,0,0,2026-04-25 05:30:00+00:00,2026-04-25 05:35:00+00:00,2026-04-25 05:35:00.520887+00:00,300,True,Up,1,True
0x3abdc71062a96bd0574e7b06a46278fcd8bf86b28c979322eb5cbc5ce2965a76,2026-04-25 05:40:00+00:00,300,300,0,299,0,0,0,0,0,0,2026-04-25 05:40:00+00:00,2026-04-25 05:45:00+00:00,2026-04-25 05:45:00.459312+00:00,300,True,Down,0,True
0xf5cbf0e9640f261f3c0d19bfad4fc20738ac186896d7bbfa5cda568902ec963d,2026-04-25 06:10:00+00:00,300,300,0,299,0,0,2,0,0,0,2026-04-25 06:10:00+00:00,2026-04-25 06:15:00+00:00,2026-04-25 06:15:00.609946+00:00,300,True,Down,0,True
0xbe2ee30b1db43c724c5a410a1c6e84541b5a0661b1f1e45fa6c92b4142aa9261,2026-04-25 06:20:00+00:00,300,300,0,299,0,0,18,0,0,0,2026-04-25 06:20:00+00:00,2026-04-25 06:25:00+00:00,2026-04-25 06:25:00.453785+00:00,300,True,Down,0,True
0xfaa57fcbb548d7295488cc07f98ff68a9ab77d40de94085fafa13bfc24eeaf2d,2026-04-25 06:45:00+00:00,300,300,0,299,0,0,0,2,0,0,2026-04-25 06:45:00+00:00,2026-04-25 06:50:00+00:00,2026-04-25 06:50:00.495935+00:00,300,True,Up,1,True
0xf539f813d05c4ed4312df8676e972c369a340b6026f0646d33942b8c51c5ae9b,2026-04-25 06:50:00+00:00,300,300,0,299,0,0,1,0,0,0,2026-04-25 06:50:00+00:00,2026-04-25 06:55:00+00:00,2026-04-25 06:55:00.543693+00:00,300,True,Down,0,True
0x3030d1c61a8fad14903c7982074f84cc34303da6e77501f761f5a69b4e194b32,2026-04-25 07:35:00+00:00,300,300,0,299,0,0,0,0,0,0,2026-04-25 07:35:00+00:00,2026-04-25 07:40:00+00:00,2026-04-25 07:40:00.518361+00:00,300,True,Up,1,True
0x4eb4868d8c9acd79130df9c6e032e661d178768d4fd7c178342dab5d5a5b4a5d,2026-04-25 07:50:00+00:00,300,300,0,299,0,0,0,5,0,0,2026-04-25 07:50:00+00:00,2026-04-25 07:55:00+00:00,2026-04-25 07:55:00.424899+00:00,300,True,Up,1,True
0xd675e6a750e0cb9f581926f649cb506b4c7ab504814fdab11dc43b43906e26f6,2026-04-25 08:00:00+00:00,300,300,0,299,0,0,0,0,0,0,2026-04-25 08:00:00+00:00,2026-04-25 08:05:00+00:00,2026-04-25 08:05:00.517142+00:00,300,True,,1,True
0xe344932e88456b6cb6dd841cca3d7b7067b700f701ae7322200d00efcb085cc7,2026-04-25 08:05:00+00:00,300,300,0,299,0,0,0,2,0,0,2026-04-25 08:05:00+00:00,2026-04-25 08:10:00+00:00,2026-04-25 08:10:00.525130+00:00,300,True,Up,1,True
0xb2a66b88ef9709e78ec2157cde3ec7a0f28b5d135bc80677760173c755a7b1ed,2026-04-25 08:20:00+00:00,300,300,0,299,0,0,0,0,0,0,2026-04-25 08:20:00+00:00,2026-04-25 08:25:00+00:00,2026-04-25 08:25:00.528346+00:00,300,True,,0,True
0xf911e0514e9b29597b643405d82377bcc7736b79e5cb34cfa6de50386c827537,2026-04-25 08:25:00+00:00,300,300,0,299,0,0,0,6,0,0,2026-04-25 08:25:00+00:00,2026-04-25 08:30:00+00:00,2026-04-25 08:30:00.618443+00:00,300,True,Up,1,True
0x77039965807b0fdb9176d4368a353712acd2f916b2d59c70a871a8640120f74e,2026-04-25 08:30:00+00:00,300,300,0,299,0,0,0,0,0,0,2026-04-25 08:30:00+00:00,2026-04-25 08:35:00+00:00,2026-04-25 08:35:00.543969+00:00,300,True,Up,1,True
0x51ff808ba64ac085a8c8494faf0f3c5baa409dff6eddbf72a33c2ba83daa1174,2026-04-25 09:00:00+00:00,300,300,0,299,0,0,4,0,0,0,2026-04-25 09:00:00+00:00,2026-04-25 09:05:00+00:00,2026-04-25 09:05:00.498521+00:00,300,True,Down,0,True
0xcffbf64a6d450ecb5df720a448efc2266afccea5f8b0ff264010ec3ccc0ed9c1,2026-04-25 09:10:00+00:00,300,300,0,299,0,0,0,0,0,0,2026-04-25 09:10:00+00:00,2026-04-25 09:15:00+00:00,2026-04-25 09:15:00.556087+00:00,300,True,Up,1,True
0x0e863c4c3e9c66ebbec60a77d69c562b86c4322f9b0a69a28ea6b2677ac18da1,2026-04-25 09:25:00+00:00,300,300,0,299,0,0,8,0,0,0,2026-04-25 09:25:00+00:00,2026-04-25 09:30:00+00:00,2026-04-25 09:30:00.625411+00:00,300,True,Down,0,True
0xc781182c0bedd46b4f1a29b51e300ff22e253040041dde03ee6a34cf925e44d8,2026-04-25 10:15:00+00:00,300,300,0,299,0,0,0,0,0,0,2026-04-25 10:15:00+00:00,2026-04-25 10:20:00+00:00,2026-04-25 10:20:00.484270+00:00,300,True,,0,True
0x3d7190cc3108bfaea5aab40375d6b7c36da4cb6cc9575a94b4e5cdab5855f28b,2026-04-25 10:50:00+00:00,300,300,0,299,0,0,0,0,0,0,2026-04-25 10:50:00+00:00,2026-04-25 10:55:00+00:00,2026-04-25 10:55:00.528464+00:00,300,True,Up,1,True
0xb9f0e2e854c79b907097e964e9401ed781e2563d691fed2a6e0fc7ff445fa2bb,2026-04-25 10:55:00+00:00,300,300,0,299,0,0,3,0,0,0,2026-04-25 10:55:00+00:00,2026-04-25 11:00:00+00:00,2026-04-25 11:00:00.730702+00:00,300,True,Down,0,True
0x7d6ca1e73b20a7c0db53e9fe4f114e11bb337e792cba3c0ecb1a9dee319dcc39,2026-04-25 11:00:00+00:00,300,300,0,299,0,0,0,0,0,0,2026-04-25 11:00:00+00:00,2026-04-25 11:05:00+00:00,2026-04-25 11:05:00.453391+00:00,300,True,Down,0,True
0x43635b5cd8dfbca3835d0fe3e9ca43a7bd7b0957e704a66cf045ab2e4a4ac47a,2026-04-25 11:55:00+00:00,300,300,0,299,0,0,0,5,0,0,2026-04-25 11:55:00+00:00,2026-04-25 12:00:00+00:00,2026-04-25 12:00:00.749492+00:00,300,True,Up,1,True
0xac803e9272752826dcef9c5091d1b03a585991b793f9d0e9422cf8d214ac24b0,2026-04-25 12:00:00+00:00,300,300,0,299,0,0,27,0,0,0,2026-04-25 12:00:00+00:00,2026-04-25 12:05:00+00:00,2026-04-25 12:05:01.011949+00:00,300,True,Down,0,True
0xbf8e672ed87f7fd15c215325f235cf6fb514a652d1a116a64d1214d590223838,2026-04-25 12:15:00+00:00,300,300,0,299,0,0,1,0,0,0,2026-04-25 12:15:00+00:00,2026-04-25 12:20:00+00:00,2026-04-25 12:20:00.565623+00:00,300,True,Down,0,True
0xb1e98caaa83bd9252f92437265229d96c9522cb3627c53e1fc47233c5bcafdca,2026-04-25 12:20:00+00:00,300,300,0,299,0,0,0,1,0,0,2026-04-25 12:20:00+00:00,2026-04-25 12:25:00+00:00,2026-04-25 12:25:00.444916+00:00,300,True,Up,1,True
0x90fce8afec31e1318ff4dde1a0bd0e17b8f542fcc1c2b67b312fce3f03c33708,2026-04-25 12:25:00+00:00,300,300,0,299,0,0,34,0,0,0,2026-04-25 12:25:00+00:00,2026-04-25 12:30:00+00:00,2026-04-25 12:30:00.563803+00:00,300,True,Down,0,True
0x6d5fa54e0eab6880180f33523ce477fabc469ba3a4f7339e598873a44399f9d4,2026-04-25 12:30:00+00:00,300,300,0,299,0,0,0,0,0,0,2026-04-25 12:30:00+00:00,2026-04-25 12:35:00+00:00,2026-04-25 12:35:00.497794+00:00,300,True,Down,0,True
0xb4903bf0f3587c2d0f069a685f9b1295c0b7183ae897e6263692b6a9f5bf7ed6,2026-04-25 12:40:00+00:00,300,300,0,299,0,0,0,0,0,0,2026-04-25 12:40:00+00:00,2026-04-25 12:45:00+00:00,2026-04-25 12:45:00.653422+00:00,300,True,Down,0,True
0xa9b8f880a8779a6391ba7bacbeda58f07b6ed0ec24885ba7363373b457eaa53b,2026-04-25 13:10:00+00:00,300,300,0,299,0,0,0,14,0,0,2026-04-25 13:10:00+00:00,2026-04-25 13:15:00+00:00,2026-04-25 13:15:00.567112+00:00,300,True,Up,1,True
0x88e9e12b6e3c5a4271cf32aafc5a0c00b42f16578545a3bda96f6970152b97da,2026-04-25 13:15:00+00:00,300,300,0,299,0,0,14,0,0,0,2026-04-25 13:15:00+00:00,2026-04-25 13:20:00+00:00,2026-04-25 13:20:00.607488+00:00,300,True,Down,0,True
0xf32b3264967437abe1d1388cc386a20623a1271e31d3cbdb9818bae6a3c2aeee,2026-04-25 13:40:00+00:00,300,300,0,299,0,0,0,6,0,0,2026-04-25 13:40:00+00:00,2026-04-25 13:45:00+00:00,2026-04-25 13:45:00.486402+00:00,300,True,Up,1,True
0x7eb065c4bea8d73592d0c8c829de85c5f847a2e8ad3f3e2cfb84818d301d8014,2026-04-25 13:45:00+00:00,300,300,0,299,0,0,0,0,0,0,2026-04-25 13:45:00+00:00,2026-04-25 13:50:00+00:00,2026-04-25 13:50:00.488691+00:00,300,True,Down,0,True
0x5f7bc590921fc60c5185fea9420d9e631b33f776ddf360d951ef6d99605712eb,2026-04-25 13:55:00+00:00,300,300,0,299,0,0,0,0,0,0,2026-04-25 13:55:00+00:00,2026-04-25 14:00:00+00:00,2026-04-25 14:00:00.702797+00:00,300,True,Down,0,True
0x1afd117c23f67fcdb555c6470ad515eca0c32d3354763a187082ee47fe147c8d,2026-04-25 14:10:00+00:00,300,300,0,299,0,0,0,4,0,0,2026-04-25 14:10:00+00:00,2026-04-25 14:15:00+00:00,2026-04-25 14:15:00.562783+00:00,300,True,Up,1,True
0x5eb7836f3005bbcb18007ea25a8666d3a8abc7ba43076c49728286d519a6e01f,2026-04-25 14:15:00+00:00,300,300,0,299,0,0,5,0,0,0,2026-04-25 14:15:00+00:00,2026-04-25 14:20:00+00:00,2026-04-25 14:20:00.579674+00:00,300,True,Down,0,True
0x669cc3d35c8d7a58c780198e0beefba8e2628e0c4d7afe957a46d5f6107d3cc4,2026-04-25 14:20:00+00:00,300,300,0,299,0,0,0,0,0,0,2026-04-25 14:20:00+00:00,2026-04-25 14:25:00+00:00,2026-04-25 14:25:00.573442+00:00,300,True,Up,1,True
0xaa234e05706f12fe3d30d3ce81666e3d6d77e0d750e3be716b08ede2c38d618c,2026-04-25 14:45:00+00:00,300,300,0,299,0,0,0,0,0,0,2026-04-25 14:45:00+00:00,2026-04-25 14:50:00+00:00,2026-04-25 14:50:00.503687+00:00,300,True,,1,True
0x208a67fe64dcb1384973061d41833d2f1b40e1ac7f0421d42c1a16696c9f1d20,2026-04-25 15:00:00+00:00,300,300,0,299,0,0,0,0,0,0,2026-04-25 15:00:00+00:00,2026-04-25 15:05:00+00:00,2026-04-25 15:05:00.496845+00:00,300,True,Up,1,True
0x34f6b666bc16c9b7d82ffe0062615152e79f6cc459addce274a096bf4f1e3491,2026-04-25 15:20:00+00:00,300,300,0,299,0,0,0,15,0,0,2026-04-25 15:20:00+00:00,2026-04-25 15:25:00+00:00,2026-04-25 15:25:00.533933+00:00,300,True,Up,1,True
0x0c9f73f4191c2fba2a4e15bd8b088d97c49d59718fa6e3a1b22cbd47e736b95f,2026-04-25 15:25:00+00:00,300,300,0,299,0,0,0,0,0,0,2026-04-25 15:25:00+00:00,2026-04-25 15:30:00+00:00,2026-04-25 15:30:00.645394+00:00,300,True,Down,0,True
0xa8b8e030e9e552e1dd5ddc2c3b80ca137626ff76026d54402e8cf79c77ab3334,2026-04-25 15:30:00+00:00,300,300,0,299,0,0,0,0,0,0,2026-04-25 15:30:00+00:00,2026-04-25 15:35:00+00:00,2026-04-25 15:35:00.544302+00:00,300,True,,1,True
0x3f1c5237ec11a0168d459e595d8ea46b7729f7d82da5785bf575e36097505be2,2026-04-25 15:35:00+00:00,300,300,0,299,0,0,6,0,0,0,2026-04-25 15:35:00+00:00,2026-04-25 15:40:00+00:00,2026-04-25 15:40:00.591683+00:00,300,True,Down,0,True
0xd108f7b6b335299e01d72b48c53925e9aeedb3f6019a0789276781102024b846,2026-04-25 15:40:00+00:00,300,300,0,299,0,0,27,0,0,0,2026-04-25 15:40:00+00:00,2026-04-25 15:45:00+00:00,2026-04-25 15:45:00.706763+00:00,300,True,Down,0,True
0x12d399eb1837d51e7568dfd06f784efe6f9a55f94ce1ac700d7109c8e5cced91,2026-04-25 17:05:00+00:00,300,300,0,299,0,0,7,0,0,0,2026-04-25 17:05:00+00:00,2026-04-25 17:10:00+00:00,2026-04-25 17:10:00.529922+00:00,300,True,Down,0,True
0x829da5330d3c09f006d9f8beed97eaa6f1eb0cfa13aed415c75d8d681f15cd66,2026-04-25 17:10:00+00:00,300,300,0,299,0,0,6,0,0,0,2026-04-25 17:10:00+00:00,2026-04-25 17:15:00+00:00,2026-04-25 17:15:00.573714+00:00,300,True,Down,0,True
0xbe3c811636ab15c2dbd8e9c0e1c902b862941a43ea6e3d75c10bf0cfbd252af8,2026-04-25 17:50:00+00:00,300,300,0,299,0,0,9,0,0,0,2026-04-25 17:50:00+00:00,2026-04-25 17:55:00+00:00,2026-04-25 17:55:00.490919+00:00,300,True,Down,0,True
0x0feae4f7f20852e636681dd6637e698679b62cd858d4d678757088172968e110,2026-04-25 17:55:00+00:00,300,300,0,299,0,0,0,6,0,0,2026-04-25 17:55:00+00:00,2026-04-25 18:00:00+00:00,2026-04-25 18:00:00.872371+00:00,300,True,Up,1,True
0xd5054ae628520fb50c02a8a70d012cde902190e37605ec3d9b7b78b4c51f368a,2026-04-25 18:15:00+00:00,300,300,0,299,0,0,0,1,0,0,2026-04-25 18:15:00+00:00,2026-04-25 18:20:00+00:00,2026-04-25 18:20:00.563947+00:00,300,True,Up,1,True
0x7f214f1b6815bf8198f471d5d3ffd89e659fb371bf825c8edd438b4a579023a0,2026-04-25 18:20:00+00:00,300,300,0,299,0,0,0,1,0,0,2026-04-25 18:20:00+00:00,2026-04-25 18:25:00+00:00,2026-04-25 18:25:00.571966+00:00,300,True,Up,1,True
0xaf647ffa047d693d41bd1bc2b359e2948ab6c66c742291d1bb7af5b124445f01,2026-04-25 18:25:00+00:00,300,300,0,299,0,0,0,8,0,0,2026-04-25 18:25:00+00:00,2026-04-25 18:30:00+00:00,2026-04-25 18:30:00.657470+00:00,300,True,Up,1,True
0x3ced7dac61159074c3c01d7b1d3eb432fb63167c0f3fd6b1feb76be1f83c823d,2026-04-25 18:30:00+00:00,300,300,0,299,0,0,0,9,0,0,2026-04-25 18:30:00+00:00,2026-04-25 18:35:00+00:00,2026-04-25 18:35:00.563996+00:00,300,True,Up,1,True
0x1a90ce38b916b1f5d533c7408c0c612d45502e228c7de5b52c781ed18b2551df,2026-04-25 18:45:00+00:00,300,300,0,299,0,0,0,0,0,0,2026-04-25 18:45:00+00:00,2026-04-25 18:50:00+00:00,2026-04-25 18:50:00.490654+00:00,300,True,,1,True
0x4c782008ba7cd99ab2628ad2d673dfa75f820d857dcfcdd0e392fd977800db91,2026-04-25 18:50:00+00:00,300,300,0,299,0,0,0,0,0,0,2026-04-25 18:50:00+00:00,2026-04-25 18:55:00+00:00,2026-04-25 18:55:00.487812+00:00,300,True,Down,0,True
0x3815f969c4604b2f757db053e27f5052a0513303cef27ee07f0f4004d5c29022,2026-04-25 18:55:00+00:00,300,300,0,299,0,0,0,0,0,0,2026-04-25 18:55:00+00:00,2026-04-25 19:00:00+00:00,2026-04-25 19:00:00.817242+00:00,300,True,,1,True
0x9b42d1b423a69b433a2c5fec81e01fe14df4de12a4ed5904516447f4a3047fb1,2026-04-25 19:00:00+00:00,300,300,0,299,0,0,0,0,0,0,2026-04-25 19:00:00+00:00,2026-04-25 19:05:00+00:00,2026-04-25 19:05:00.494863+00:00,300,True,Up,1,True
0x884d364581be4155fb2d31f1cfb11f2ba8f0935c5219e9b810df5e9939aca1cd,2026-04-25 19:10:00+00:00,300,300,0,299,0,0,0,3,0,0,2026-04-25 19:10:00+00:00,2026-04-25 19:15:00+00:00,2026-04-25 19:15:00.553378+00:00,300,True,Up,1,True
0x8c74e5602ed2a35d2dbf385f3cdaf96ede3723794b838b575ba8a411904069e2,2026-04-25 19:15:00+00:00,300,300,0,299,0,0,0,6,0,0,2026-04-25 19:15:00+00:00,2026-04-25 19:20:00+00:00,2026-04-25 19:20:00.556792+00:00,300,True,Up,1,True
0x9c51b2844a4193749186a7e5456dff1ed0a646f377005fd94b6e6386223fb9ec,2026-04-25 19:20:00+00:00,300,300,0,299,0,0,0,3,0,0,2026-04-25 19:20:00+00:00,2026-04-25 19:25:00+00:00,2026-04-25 19:25:00.520875+00:00,300,True,Up,1,True
0x3ca8e32eee7099259515c9f0b442a00e108e0962cb58fd6921253170293e547d,2026-04-25 19:25:00+00:00,300,300,0,299,0,0,54,0,0,0,2026-04-25 19:25:00+00:00,2026-04-25 19:30:00+00:00,2026-04-25 19:30:00.626034+00:00,300,True,Down,0,True
0x2ed919ad47941ba696776646f57425b59a34f8c9710ba9369642cf534065d49e,2026-04-25 19:55:00+00:00,300,300,0,299,0,0,0,28,0,0,2026-04-25 19:55:00+00:00,2026-04-25 20:00:00+00:00,2026-04-25 20:00:00.892251+00:00,300,True,Up,1,True
0x36c1e47f3489d84130785aa3b675325795eaa720543db23db68c12e0799bf134,2026-04-25 20:05:00+00:00,300,300,0,299,0,0,0,6,0,0,2026-04-25 20:05:00+00:00,2026-04-25 20:10:00+00:00,2026-04-25 20:10:00.521096+00:00,300,True,Up,1,True
0xfa52c8d9efb1b5a931f5770b9fb70499015311f008d6ac8e9bc128a67769a38a,2026-04-25 20:10:00+00:00,300,300,0,299,0,0,0,1,0,0,2026-04-25 20:10:00+00:00,2026-04-25 20:15:00+00:00,2026-04-25 20:15:00.520447+00:00,300,True,Up,1,True
0x4814657d8242b5db1b08920a93f4a50e10f04b7b18ceae769c41aa00ccce1ce3,2026-04-25 20:20:00+00:00,300,300,0,299,0,0,0,10,0,0,2026-04-25 20:20:00+00:00,2026-04-25 20:25:00+00:00,2026-04-25 20:25:00.503007+00:00,300,True,Up,1,True
0x09afadb6065d7515ac1e04705e68df7730347b5844ddae1b735a58ed4cf984b8,2026-04-25 20:40:00+00:00,300,300,0,299,0,0,0,0,0,0,2026-04-25 20:40:00+00:00,2026-04-25 20:45:00+00:00,2026-04-25 20:45:00.471446+00:00,300,True,,1,True
0x4af87dcdadff0b91a0b3c774d13bc05dcefc80326e8895651b645b5db89a3e53,2026-04-25 20:50:00+00:00,300,300,0,299,0,0,0,5,0,0,2026-04-25 20:50:00+00:00,2026-04-25 20:55:00+00:00,2026-04-25 20:55:00.485415+00:00,300,True,Up,1,True
0xc18232138d9c0766c7de82e4ae671dcb2315fa7966ea95a7115ffa4111f7cce1,2026-04-25 20:55:00+00:00,300,300,0,299,0,0,0,8,0,0,2026-04-25 20:55:00+00:00,2026-04-25 21:00:00+00:00,2026-04-25 21:00:00.904326+00:00,300,True,Up,1,True
0x6190ea11afde1a5ace1f277a84a83b2d3512d0e45a6ab1e53fb51055d98932f8,2026-04-25 21:45:00+00:00,300,300,0,299,0,0,0,6,0,0,2026-04-25 21:45:00+00:00,2026-04-25 21:50:00+00:00,2026-04-25 21:50:00.484711+00:00,300,True,Up,1,True
0xe353d2e586e55e19ee7c130ae13dff32b6b8e6e0822e68279040290e98ae0004,2026-04-25 21:50:00+00:00,300,300,0,299,0,0,0,3,0,0,2026-04-25 21:50:00+00:00,2026-04-25 21:55:00+00:00,2026-04-25 21:55:00.497413+00:00,300,True,Up,1,True
0x138afe4d78c79c7f581b38c56065f32d60f1b5cc50cbe3ef5f625ade91c68a37,2026-04-25 21:55:00+00:00,300,300,0,299,0,0,0,3,0,0,2026-04-25 21:55:00+00:00,2026-04-25 22:00:00+00:00,2026-04-25 22:00:00.892301+00:00,300,True,Up,1,True
0xcbc504cdc771fb361d6536b121425f2c73bdf344e0ec2f32913979976662ee59,2026-04-25 22:05:00+00:00,300,300,0,299,0,0,0,0,0,0,2026-04-25 22:05:00+00:00,2026-04-25 22:10:00+00:00,2026-04-25 22:10:00.551114+00:00,300,True,Up,1,True
0xccccbbfc0fb964141cd08d5a870d09e137dfe15f04f8a08b22225d3326ae3b0f,2026-04-25 22:10:00+00:00,300,300,0,299,0,0,7,0,0,0,2026-04-25 22:10:00+00:00,2026-04-25 22:15:00+00:00,2026-04-25 22:15:00.509559+00:00,300,True,Down,0,True
0x002f6c9402ca3cac62cd99933bf434fe7a7b530b90fe347256073a90b5501d8d,2026-04-25 22:30:00+00:00,300,300,0,299,0,0,0,8,0,0,2026-04-25 22:30:00+00:00,2026-04-25 22:35:00+00:00,2026-04-25 22:35:00.524857+00:00,300,True,Up,1,True
0x1825b353bca2126d53525edad5b629d0dc2e56c9cd24b09f038b114ce43d8016,2026-04-25 22:55:00+00:00,300,300,0,299,0,0,1,1,0,0,2026-04-25 22:55:00+00:00,2026-04-25 23:00:00+00:00,2026-04-25 23:00:00.477685+00:00,300,True,Up,1,True
0x9ba670707d3ad925b5f93326212f48efeb743abf65a1d167cf8b22808243cbb6,2026-04-25 23:00:00+00:00,300,300,0,299,0,0,0,4,0,0,2026-04-25 23:00:00+00:00,2026-04-25 23:05:00+00:00,2026-04-25 23:05:00.415967+00:00,300,True,Up,1,True
0x5788fcc000159aa6a2a8b21a143a47a43eee2502190c649e23259ba2ff54041d,2026-04-25 23:05:00+00:00,300,300,0,299,0,0,0,0,0,0,2026-04-25 23:05:00+00:00,2026-04-25 23:10:00+00:00,2026-04-25 23:10:00.513830+00:00,300,True,Up,1,True
0x594695b2c5c184675eee48b779e761ec26ec72b720cd6fef625fd0dfeb5fe06b,2026-04-25 23:10:00+00:00,300,300,0,299,0,0,0,0,0,0,2026-04-25 23:10:00+00:00,2026-04-25 23:15:00+00:00,2026-04-25 23:15:00.462292+00:00,300,True,Up,1,True
0x5e606673273e9cc4cdf21c4e7bd24c56c79e6e534047792175f6840addb75b50,2026-04-25 23:15:00+00:00,300,300,0,299,0,0,0,3,0,0,2026-04-25 23:15:00+00:00,2026-04-25 23:20:00+00:00,2026-04-25 23:20:00.533269+00:00,300,True,Up,1,True
0x863dddfe6b9e22eb073fc233e2fa2f20419f36511503108609703a24b5ab097e,2026-04-25 23:20:00+00:00,300,300,0,299,0,0,0,2,0,0,2026-04-25 23:20:00+00:00,2026-04-25 23:25:00+00:00,2026-04-25 23:25:00.475478+00:00,300,True,Up,1,True
0xfa7e214eb689cf695a8df723a6dbbc6ec1d7969270e53347cde5b5acbb02d481,2026-04-25 23:25:00+00:00,300,300,0,299,0,0,1,0,0,0,2026-04-25 23:25:00+00:00,2026-04-25 23:30:00+00:00,2026-04-25 23:30:00.480104+00:00,300,True,Down,0,True
0xa6cbe70604c3f4369deaf257f6bf831d97ddccc82ca974d986b7400ad30e5ae7,2026-04-25 23:30:00+00:00,300,300,0,299,0,0,0,2,0,0,2026-04-25 23:30:00+00:00,2026-04-25 23:35:00+00:00,2026-04-25 23:35:00.521984+00:00,300,True,Up,1,True
0x96be49bdfbffc6c6c60fd0a3c75ef5cc6be5b0ccdae6540c82a1cc83a3986733,2026-04-25 23:35:00+00:00,300,300,0,299,0,0,2,0,0,0,2026-04-25 23:35:00+00:00,2026-04-25 23:40:00+00:00,2026-04-25 23:40:00.471102+00:00,300,True,Down,0,True
0x731139306eed3de198e93e426a6ef7c3f5485ea77237fa90164aa3f3da6ac049,2026-04-25 23:50:00+00:00,300,300,0,299,0,0,0,1,0,0,2026-04-25 23:50:00+00:00,2026-04-25 23:55:00+00:00,2026-04-25 23:55:00.523769+00:00,300,True,Up,1,True
0xde4179300f7ed2cff5c8acddca42b0d5e8b634c3c9a4bf1da23aebb3de4954db,2026-04-26 00:00:00+00:00,300,300,0,299,0,0,0,0,0,0,2026-04-26 00:00:00+00:00,2026-04-26 00:05:00+00:00,2026-04-26 00:05:00.540462+00:00,300,True,Up,1,True
0x1d72a5bda8eebe63094f4669c8f13edcbe8e87e2eb15672926927efc7a5410c3,2026-04-26 00:40:00+00:00,300,300,0,299,0,0,0,6,0,0,2026-04-26 00:40:00+00:00,2026-04-26 00:45:00+00:00,2026-04-26 00:45:00.567926+00:00,300,True,Up,1,True
0xc94d7403358eba601a405dfbc77a2850506c4146e2f699a5538280eb0ee0dcad,2026-04-26 00:45:00+00:00,300,300,0,299,0,0,3,0,0,0,2026-04-26 00:45:00+00:00,2026-04-26 00:50:00+00:00,2026-04-26 00:50:00.519268+00:00,300,True,Down,0,True
0x79200f68ba450567110277d9da4d27d2c1eaf7084758445b568efea5e3e54bf7,2026-04-26 00:50:00+00:00,300,300,0,299,0,0,6,0,0,0,2026-04-26 00:50:00+00:00,2026-04-26 00:55:00+00:00,2026-04-26 00:55:00.527246+00:00,300,True,Down,0,True
0x29331105289058bbd558a8cce31d2118331fc6ab68b4c6adf6c9c830f6578a85,2026-04-26 00:55:00+00:00,300,300,0,299,0,0,6,0,0,0,2026-04-26 00:55:00+00:00,2026-04-26 01:00:00+00:00,2026-04-26 01:00:00.941398+00:00,300,True,Down,0,True
0x83dbec26694b363ee700030f30e5af663780af84924eb8ba6e36b07684cede67,2026-04-26 01:10:00+00:00,300,300,0,299,0,0,2,0,0,0,2026-04-26 01:10:00+00:00,2026-04-26 01:15:00+00:00,2026-04-26 01:15:00.574067+00:00,300,True,Down,0,True
0x354b1c8bbb58605e6a7ef93a8f51255cfcae515e14aa37da14d16d4beb624db2,2026-04-26 01:15:00+00:00,300,300,0,299,0,0,2,0,0,0,2026-04-26 01:15:00+00:00,2026-04-26 01:20:00+00:00,2026-04-26 01:20:00.408235+00:00,300,True,Down,0,True
0x2f048600740cc4e713c69fea0c5d1b0b0a011097eb349fb5588261da2ce57158,2026-04-26 01:25:00+00:00,300,300,0,299,0,0,6,0,0,0,2026-04-26 01:25:00+00:00,2026-04-26 01:30:00+00:00,2026-04-26 01:30:00.640211+00:00,300,True,Down,0,True
0x1f8b345ecd5195d4a5ff4951aea2af0f1f73aa33f24f7746f5a06c3315fdcbfc,2026-04-26 01:45:00+00:00,300,300,0,299,0,0,6,0,0,0,2026-04-26 01:45:00+00:00,2026-04-26 01:50:00+00:00,2026-04-26 01:50:00.536402+00:00,300,True,Down,0,True
0x0be3fe9788e321df582e21724bf36ee20b865ff8d76481e682effb5a82f79a2f,2026-04-26 01:50:00+00:00,300,300,0,299,0,0,0,5,0,0,2026-04-26 01:50:00+00:00,2026-04-26 01:55:00+00:00,2026-04-26 01:55:00.430294+00:00,300,True,Up,1,True
0xac0ac094ef3502605c46e1e4ff97af044df3228c438fdf1d23f3653d88af5c1f,2026-04-26 02:05:00+00:00,300,300,0,299,0,0,0,6,0,0,2026-04-26 02:05:00+00:00,2026-04-26 02:10:00+00:00,2026-04-26 02:10:00.532942+00:00,300,True,Up,1,True
0x0b3f7f03c369c8b86062225ed60ddd5dcd2694b43512e6aa7b480145095f0ae8,2026-04-26 06:30:00+00:00,300,300,0,299,0,0,6,0,0,0,2026-04-26 06:30:00+00:00,2026-04-26 06:35:00+00:00,2026-04-26 06:35:00.518667+00:00,300,True,Down,0,True
0x670a5971b5ebbbe9c4a62efc0692a407224af14f08ef99329fa98f7eb06ce24a,2026-04-26 06:35:00+00:00,300,300,0,299,0,0,0,8,0,0,2026-04-26 06:35:00+00:00,2026-04-26 06:40:00+00:00,2026-04-26 06:40:00.528691+00:00,300,True,Up,1,True
0xec82cc020b7b943f59dc9467180e4277331e59eeb790887edba1950ca7a5630a,2026-04-26 06:40:00+00:00,300,300,0,299,0,0,0,6,0,0,2026-04-26 06:40:00+00:00,2026-04-26 06:45:00+00:00,2026-04-26 06:45:00.675843+00:00,300,True,Up,1,True
0xbc4e57ebc00cc93618218c8867247447ac75038258bfab79502d605f01f83d67,2026-04-26 06:45:00+00:00,300,300,0,299,0,0,28,0,0,0,2026-04-26 06:45:00+00:00,2026-04-26 06:50:00+00:00,2026-04-26 06:50:00.572739+00:00,300,True,Down,0,True
0x4c54bfd67dacf9f6e1285ff463e8318a9a290a9b8b4a0a6bbfa5fb4749f6d05d,2026-04-26 06:50:00+00:00,300,300,0,299,0,0,0,5,0,0,2026-04-26 06:50:00+00:00,2026-04-26 06:55:00+00:00,2026-04-26 06:55:00.548067+00:00,300,True,Up,1,True
0xe9ea07cfc4b66e76ba695288481bda5b5ced08723918e792ef0188565e229f04,2026-04-26 07:00:00+00:00,300,300,0,299,0,0,0,2,0,0,2026-04-26 07:00:00+00:00,2026-04-26 07:05:00+00:00,2026-04-26 07:05:00.512904+00:00,300,True,,0,True
0x610a24ec72f9e79b0a81707ee73a15a2be20bf9b26cd470186b18b3b8bc55ff6,2026-04-26 07:05:00+00:00,300,300,0,299,0,0,5,0,0,0,2026-04-26 07:05:00+00:00,2026-04-26 07:10:00+00:00,2026-04-26 07:10:00.528034+00:00,300,True,Down,0,True
0x6ff353272540f60df5f6b0a999e7e70325ba2a4ce2a0741f7020b4b210fb65d6,2026-04-26 07:10:00+00:00,300,300,0,299,0,0,0,6,0,0,2026-04-26 07:10:00+00:00,2026-04-26 07:15:00+00:00,2026-04-26 07:15:00.575897+00:00,300,True,Up,1,True
0x262e9ddfff7bc8156f489c0d5aaa4496a38a6006d5475f42c04cea83475f2146,2026-04-26 07:15:00+00:00,300,300,0,299,0,0,1,0,0,0,2026-04-26 07:15:00+00:00,2026-04-26 07:20:00+00:00,2026-04-26 07:20:00.577760+00:00,300,True,Down,0,True
0xd5dbec6fa5316ed67d26b2288101320a05e15e9e00ccd6327b096c10962e9a85,2026-04-26 07:40:00+00:00,300,300,0,299,0,0,0,3,0,0,2026-04-26 07:40:00+00:00,2026-04-26 07:45:00+00:00,2026-04-26 07:45:00.656230+00:00,300,True,Up,1,True
0x73274adb88c037ad2b66a5280c452524394f3290ae2c7866ae5efac3f74734b9,2026-04-26 07:50:00+00:00,300,300,0,299,0,0,0,0,0,0,2026-04-26 07:50:00+00:00,2026-04-26 07:55:00+00:00,2026-04-26 07:55:00.533282+00:00,300,True,Up,1,True
0x5aff992e1f3f81048323188f344b23f0e326a8caf55f304e7ef438ac44398957,2026-04-26 08:20:00+00:00,300,300,0,299,0,0,0,1,0,0,2026-04-26 08:20:00+00:00,2026-04-26 08:25:00+00:00,2026-04-26 08:25:00.500610+00:00,300,True,,1,True
0x099d3219af06263542871e7dcc924a18aa96e0248411649a8d888b802228d01d,2026-04-26 08:30:00+00:00,300,300,0,299,0,0,0,16,0,0,2026-04-26 08:30:00+00:00,2026-04-26 08:35:00+00:00,2026-04-26 08:35:00.437703+00:00,300,True,Up,1,True
0x995e381e9d3679538aef37c94d11ab2078dc4d7d482e9f5406ea932cbc70e8ca,2026-04-26 08:35:00+00:00,300,300,0,299,0,0,0,6,0,0,2026-04-26 08:35:00+00:00,2026-04-26 08:40:00+00:00,2026-04-26 08:40:00.570556+00:00,300,True,Up,1,True
0xc8912e3b3250df0f8490a4d43e03da1ff4d7c2ffc07c0900a56c26ca554456f7,2026-04-26 08:50:00+00:00,300,300,0,299,0,0,0,8,0,0,2026-04-26 08:50:00+00:00,2026-04-26 08:55:00+00:00,2026-04-26 08:55:00.535965+00:00,300,True,Up,1,True
0x8c716707c33c9daa983f91ee9b941c1f50081212f7d5f8bac792e9fc19db7d1b,2026-04-26 08:55:00+00:00,300,300,0,299,0,0,6,0,0,0,2026-04-26 08:55:00+00:00,2026-04-26 09:00:00+00:00,2026-04-26 09:00:00.857106+00:00,300,True,Down,0,True
0xebc4e4e7519a312e267e591325a0c2726b9d29d52fea88fb7c631db7ad9920fc,2026-04-26 09:10:00+00:00,300,300,0,299,0,0,0,10,0,0,2026-04-26 09:10:00+00:00,2026-04-26 09:15:00+00:00,2026-04-26 09:15:00.586807+00:00,300,True,Up,1,True
0xd08d77432b646034590da4930ce5bae15ea297ed26e99496c0117c5bafe3dc47,2026-04-26 09:30:00+00:00,300,300,0,299,0,0,15,0,0,0,2026-04-26 09:30:00+00:00,2026-04-26 09:35:00+00:00,2026-04-26 09:35:00.487802+00:00,300,True,Down,0,True
0x5fd8d3959f0bae8693b507bae56eda2d6ea459f0180cbd688abee18b8335f2f5,2026-04-26 09:50:00+00:00,300,300,0,299,0,0,0,11,0,0,2026-04-26 09:50:00+00:00,2026-04-26 09:55:00+00:00,2026-04-26 09:55:00.754666+00:00,300,True,Up,1,True
0x3579fb8db4b7c14136fd535f67c68e03de5d174ffabea70ba8c420021ae36885,2026-04-26 09:55:00+00:00,300,300,0,299,0,0,0,5,0,0,2026-04-26 09:55:00+00:00,2026-04-26 10:00:00+00:00,2026-04-26 10:00:00.506263+00:00,300,True,Up,1,True
0x85ecfc7775bda968994134f4f0c1244fa4993e04bb5819a9f6103e6da17d23a4,2026-04-26 10:00:00+00:00,300,300,0,299,0,0,27,0,0,0,2026-04-26 10:00:00+00:00,2026-04-26 10:05:00+00:00,2026-04-26 10:05:00.667798+00:00,300,True,Down,0,True
0x75f78ac38eb8e04ac6ab6688f1ea1cdae6296d190b3b80a52e8b751cb0be59e2,2026-04-26 10:05:00+00:00,300,300,0,299,0,0,0,56,0,0,2026-04-26 10:05:00+00:00,2026-04-26 10:10:00+00:00,2026-04-26 10:10:00.534651+00:00,300,True,Up,1,True
0xd6a140cfc43d9c37a785c6a96fc4d21c22986096d730ac1faf711374fd29ebcf,2026-04-26 10:10:00+00:00,300,300,0,299,0,0,0,3,0,0,2026-04-26 10:10:00+00:00,2026-04-26 10:15:00+00:00,2026-04-26 10:15:00.534693+00:00,300,True,Up,1,True
0x0d69dfe22fe2217704f0a24ad3bf8a8f3741730f150464d49e3e5e2aca37bd46,2026-04-26 10:15:00+00:00,300,300,0,299,0,0,1,0,0,0,2026-04-26 10:15:00+00:00,2026-04-26 10:20:00+00:00,2026-04-26 10:20:00.565969+00:00,300,True,Down,0,True
0xda10e4d6c7072ed07b212c6b283de5513e772f56ad38c6acc2762b8ac8b8f18f,2026-04-26 10:20:00+00:00,300,300,0,299,0,0,2,0,0,0,2026-04-26 10:20:00+00:00,2026-04-26 10:25:00+00:00,2026-04-26 10:25:00.423621+00:00,300,True,Down,0,True
0x54755013eb812da45b412501afabc340cc29acd7cd159f1a85b37a6b42ae07f4,2026-04-26 10:25:00+00:00,300,300,0,299,0,0,6,0,0,0,2026-04-26 10:25:00+00:00,2026-04-26 10:30:00+00:00,2026-04-26 10:30:00.630273+00:00,300,True,Down,0,True
0x6358f2e0af42b223bfee82fb91e0e11282fd54daae24a61d3967497c24410d08,2026-04-26 10:30:00+00:00,300,300,0,299,0,0,0,0,0,0,2026-04-26 10:30:00+00:00,2026-04-26 10:35:00+00:00,2026-04-26 10:35:00.528476+00:00,300,True,,0,True
0x3089e6f9bce18845306b4bb9344a26d1ed36e8e486520ee08d1a596b1c7c41c9,2026-04-26 10:35:00+00:00,300,300,0,299,0,0,6,0,0,0,2026-04-26 10:35:00+00:00,2026-04-26 10:40:00+00:00,2026-04-26 10:40:00.566973+00:00,300,True,Down,0,True
0xc77c37518293adc8fb61885a03552f73048f920cf7f7be1df518c1278ae741ef,2026-04-26 10:45:00+00:00,300,300,0,299,0,0,7,0,0,0,2026-04-26 10:45:00+00:00,2026-04-26 10:50:00+00:00,2026-04-26 10:50:00.454491+00:00,300,True,Down,0,True
0xec386296c3e170b931a048c10c2e5de6adaf4c6670dcd82aceb0bb2524d64a64,2026-04-26 11:00:00+00:00,300,300,0,299,0,0,0,15,0,0,2026-04-26 11:00:00+00:00,2026-04-26 11:05:00+00:00,2026-04-26 11:05:00.855960+00:00,300,True,Up,1,True
0x91f7039b53f50000c6785f6be0242ca01822fbf0fd0d49a53c898912740e13f4,2026-04-26 11:05:00+00:00,300,300,0,299,0,0,0,11,0,0,2026-04-26 11:05:00+00:00,2026-04-26 11:10:00+00:00,2026-04-26 11:10:00.506927+00:00,300,True,Up,1,True
0xf01114a38021e71fff1565c9e803e733df7888f687f257740b2413d038758514,2026-04-26 11:10:00+00:00,300,300,0,299,0,0,4,0,0,0,2026-04-26 11:10:00+00:00,2026-04-26 11:15:00+00:00,2026-04-26 11:15:00.582151+00:00,300,True,Down,0,True
0x564ee224fb328f5a592fad7721be98b7f148e166921ef8e185277e755fbf8dd0,2026-04-26 11:15:00+00:00,300,300,0,299,0,0,3,0,0,0,2026-04-26 11:15:00+00:00,2026-04-26 11:20:00+00:00,2026-04-26 11:20:00.495171+00:00,300,True,,0,True
0x80d72b8ce081ce3d1a5976ca05ea5e14de6603473e423b5e3965f92076d7a8d9,2026-04-26 11:25:00+00:00,300,300,0,299,0,0,0,8,0,0,2026-04-26 11:25:00+00:00,2026-04-26 11:30:00+00:00,2026-04-26 11:30:00.543698+00:00,300,True,Up,1,True
0x3e2def58ff1f7ec6fc24e6eb812c6d0e09f1126212618713bb0fc90d9a63fe0f,2026-04-26 11:50:00+00:00,300,300,0,299,0,0,0,17,0,0,2026-04-26 11:50:00+00:00,2026-04-26 11:55:00+00:00,2026-04-26 11:55:00.502540+00:00,300,True,Up,1,True
0x46df73899c0b6aacecb1d33081f22a06fb01d4132e56622cd9740f675b143b60,2026-04-26 12:30:00+00:00,300,300,0,299,0,0,2,0,0,0,2026-04-26 12:30:00+00:00,2026-04-26 12:35:00+00:00,2026-04-26 12:35:00.532946+00:00,300,True,Down,0,True
0xc88bc035c04aec507be6e4d69b2f7e9ad4c964611b1ed68d0d422c754a4fbf4d,2026-04-26 13:35:00+00:00,300,300,0,299,0,0,0,10,0,0,2026-04-26 13:35:00+00:00,2026-04-26 13:40:00+00:00,2026-04-26 13:40:00.522168+00:00,300,True,Up,1,True
0x0e509383fc2eaf8205d2c6c418fd8d359f10aaff371c5c8f46c5f9a6ce1b22b8,2026-04-26 14:00:00+00:00,300,300,0,299,0,0,45,0,0,0,2026-04-26 14:00:00+00:00,2026-04-26 14:05:00+00:00,2026-04-26 14:05:00.533917+00:00,300,True,Down,0,True
0x397c7da630216802a59cb313c7e7c7576ca160ebda388a22d9a8b46b83614f4a,2026-04-26 14:05:00+00:00,300,300,0,299,0,0,0,8,0,0,2026-04-26 14:05:00+00:00,2026-04-26 14:10:00+00:00,2026-04-26 14:10:00.408865+00:00,300,True,Up,1,True
0xd12b3b70a749c679c3bb11a09c3ca5ac873656da3403ffcd52fcdc2e5b26558b,2026-04-26 14:15:00+00:00,300,300,0,299,0,0,0,19,0,0,2026-04-26 14:15:00+00:00,2026-04-26 14:20:00+00:00,2026-04-26 14:20:00.442682+00:00,300,True,Up,1,True
0x1f9d68e14e9a1f225b71be91712414611db22004d229876198417e289f5076e1,2026-04-26 14:20:00+00:00,300,300,0,299,0,0,0,8,0,0,2026-04-26 14:20:00+00:00,2026-04-26 14:25:00+00:00,2026-04-26 14:25:00.515687+00:00,300,True,Up,1,True
0x54c732536e1dee7692b605ad55e13f411bdc337566bc445b2f77eabf20d22877,2026-04-26 15:05:00+00:00,300,300,0,299,0,0,8,0,0,0,2026-04-26 15:05:00+00:00,2026-04-26 15:10:00+00:00,2026-04-26 15:10:00.522400+00:00,300,True,Down,0,True
0x7c92fc154071c4a495015f09b8ba4a9205f484deb143600c66c9ea91fa026c4b,2026-04-26 15:10:00+00:00,300,300,0,299,0,0,0,0,0,0,2026-04-26 15:10:00+00:00,2026-04-26 15:15:00+00:00,2026-04-26 15:15:00.566303+00:00,300,True,,1,True
0x6c9f1beed8d4cad9dd7b4061666d09b22d7515f0747b2d21070c2a07253ce15f,2026-04-26 15:15:00+00:00,300,300,0,299,0,0,0,8,0,0,2026-04-26 15:15:00+00:00,2026-04-26 15:20:00+00:00,2026-04-26 15:20:00.553540+00:00,300,True,Up,1,True
0xc055a38adcc03b70fc69322237fb01840e16c34d117cf502d8b16ea7e313bca8,2026-04-26 15:20:00+00:00,300,300,0,299,0,0,34,0,0,0,2026-04-26 15:20:00+00:00,2026-04-26 15:25:00+00:00,2026-04-26 15:25:00.549545+00:00,300,True,Down,0,True
0xf75d7bed43195b02ae3931d5892e37b89ed5484b7841bd9f1605f0f62e43cc14,2026-04-26 15:25:00+00:00,300,300,0,299,0,0,0,42,0,0,2026-04-26 15:25:00+00:00,2026-04-26 15:30:00+00:00,2026-04-26 15:30:00.484555+00:00,300,True,Up,1,True
0x4dd2b778dc3260c6c3bbc55da39c32ac189121b7c3dc59bc802e99b1ce38beb2,2026-04-26 15:35:00+00:00,300,300,0,299,0,0,0,19,0,0,2026-04-26 15:35:00+00:00,2026-04-26 15:40:00+00:00,2026-04-26 15:40:00.492350+00:00,300,True,Up,1,True
0xd7dee31e8b4cbbe530b5c687cd115def8e6c46e6ba854b51456c25ebbac91553,2026-04-26 15:40:00+00:00,300,300,0,299,0,0,11,0,0,0,2026-04-26 15:40:00+00:00,2026-04-26 15:45:00+00:00,2026-04-26 15:45:00.704087+00:00,300,True,Down,0,True
0x32d1938766ba7afe00df6a1f8a74dcb92b0cae171fc17d3ae3feeeecc2b1f7ef,2026-04-26 15:45:00+00:00,300,300,0,299,0,0,15,0,0,0,2026-04-26 15:45:00+00:00,2026-04-26 15:50:00+00:00,2026-04-26 15:50:00.396545+00:00,300,True,Down,0,True
0xbb3103368431f762ec0b58666ddfc97a9d9581c370ba58a56843b3022eb3a200,2026-04-26 15:50:00+00:00,300,300,0,299,0,0,0,21,0,0,2026-04-26 15:50:00+00:00,2026-04-26 15:55:00+00:00,2026-04-26 15:55:00.480461+00:00,300,True,Up,1,True
0x428030d95db555cef224ce2b7df35d85ad2a14ecaf6ded4c772cc6fc12f88183,2026-04-26 16:10:00+00:00,300,300,0,299,0,0,0,0,0,0,2026-04-26 16:10:00+00:00,2026-04-26 16:15:00+00:00,2026-04-26 16:15:00.570916+00:00,300,True,Down,0,True
0x5978325720bc289a204293cf503531316318dc414f4479edbbdab66d3263f416,2026-04-26 16:15:00+00:00,300,300,0,299,0,0,0,8,0,0,2026-04-26 16:15:00+00:00,2026-04-26 16:20:00+00:00,2026-04-26 16:20:00.548969+00:00,300,True,Up,1,True
0x03afe1150b8ac576d0d54c1446102da2f8ccf1fa50bc19599cf7ba038f917703,2026-04-26 16:20:00+00:00,300,300,0,299,0,0,1,3,0,0,2026-04-26 16:20:00+00:00,2026-04-26 16:25:00+00:00,2026-04-26 16:25:00.550028+00:00,300,True,Up,1,True
0xd086c7465e0c5557ad0168af8092b90c1be527f5a29bc9ffac4e10b243e80ee3,2026-04-26 16:25:00+00:00,300,300,0,299,0,0,0,0,0,0,2026-04-26 16:25:00+00:00,2026-04-26 16:30:00+00:00,2026-04-26 16:30:00.683698+00:00,300,True,Up,1,True
0xaeba560332ca983c517b919ba559a3c7ed3be49beaf12e7e9243ace649e5edaf,2026-04-26 16:30:00+00:00,300,300,0,299,0,0,0,9,0,0,2026-04-26 16:30:00+00:00,2026-04-26 16:35:00+00:00,2026-04-26 16:35:00.546120+00:00,300,True,Up,1,True
0x2fd65827cb9236a220a37622228bb977d5ee43c10bbe08af2ab4350c3fa72a7c,2026-04-26 16:35:00+00:00,300,300,0,299,0,0,17,0,0,0,2026-04-26 16:35:00+00:00,2026-04-26 16:40:00+00:00,2026-04-26 16:40:00.733865+00:00,300,True,Down,0,True
0x633403e32dd7dca17630288a64be781542c98771c222c0d5435749c76db277bd,2026-04-26 16:40:00+00:00,300,300,0,299,0,0,8,0,0,0,2026-04-26 16:40:00+00:00,2026-04-26 16:45:00+00:00,2026-04-26 16:45:00.772175+00:00,300,True,Down,0,True
0x35cd19a3da67cd7a7793cec0841f10559b2a8dfd74d0c4d06341b95e459bd52a,2026-04-26 16:45:00+00:00,300,300,0,299,0,0,0,27,0,0,2026-04-26 16:45:00+00:00,2026-04-26 16:50:00+00:00,2026-04-26 16:50:00.484692+00:00,300,True,Up,1,True
0x6a9ceafb8388ec596b9cfe348fc6c800e1d7507ca1c287a9361989b54dddf88c,2026-04-26 16:50:00+00:00,300,300,0,299,0,0,0,0,0,0,2026-04-26 16:50:00+00:00,2026-04-26 16:55:00+00:00,2026-04-26 16:55:00.447859+00:00,300,True,,1,True
0x514e26f947ba8ca8c6374f007a12fe4dc5fec9012e063969eaa581087c52cb00,2026-04-26 16:55:00+00:00,300,300,0,299,0,0,59,0,0,0,2026-04-26 16:55:00+00:00,2026-04-26 17:00:00+00:00,2026-04-26 17:00:00.761193+00:00,300,True,Down,0,True
0xd389b61ac5f78a7e8ccea5e5e152ddb8f6fe519a750ed87749ee20d86fd983a7,2026-04-26 17:00:00+00:00,300,300,0,299,0,0,0,8,0,0,2026-04-26 17:00:00+00:00,2026-04-26 17:05:00+00:00,2026-04-26 17:05:00.535989+00:00,300,True,Up,1,True
0x3f0243606ec8cd9f802501907d42cad6f86d86687606b066285b23a84a82c15e,2026-04-26 17:15:00+00:00,300,300,0,299,0,0,1,1,0,0,2026-04-26 17:15:00+00:00,2026-04-26 17:20:00+00:00,2026-04-26 17:20:00.566909+00:00,300,True,Up,1,True
0x2254084397d17bb4a366e21b7ab89271bc57f3a7194c7e8b3a17397d78f618aa,2026-04-26 17:25:00+00:00,300,300,0,299,0,0,0,4,0,0,2026-04-26 17:25:00+00:00,2026-04-26 17:30:00+00:00,2026-04-26 17:30:00.647149+00:00,300,True,Up,1,True
0xa29752884bbb3e0848f9a135c937617812fcb6ca7589d20d90b411e5146445b0,2026-04-26 17:35:00+00:00,300,300,0,299,0,0,5,0,0,0,2026-04-26 17:35:00+00:00,2026-04-26 17:40:00+00:00,2026-04-26 17:40:00.735868+00:00,300,True,Down,0,True
0xba6c099a2ad9ce9d7a647207cbba081ce6b8c7a47eb597d68d47919f77f3f966,2026-04-26 17:40:00+00:00,300,300,0,299,0,0,0,20,0,0,2026-04-26 17:40:00+00:00,2026-04-26 17:45:00+00:00,2026-04-26 17:45:00.753389+00:00,300,True,Up,1,True
0x5ef05c8685a7cc3f041ecf68c9cbbdb99f6c5af17943140565b9cfb4c47fada3,2026-04-26 17:45:00+00:00,300,300,0,299,0,0,0,6,0,0,2026-04-26 17:45:00+00:00,2026-04-26 17:50:00+00:00,2026-04-26 17:50:00.525682+00:00,300,True,Up,1,True
0xe39bce06ef504705f7bb225bd5bc9aa4609eb2d7b85bb486697d05a61332ac48,2026-04-26 17:55:00+00:00,300,300,0,299,0,0,1,0,0,0,2026-04-26 17:55:00+00:00,2026-04-26 18:00:00+00:00,2026-04-26 18:00:00.781827+00:00,300,True,Down,0,True
0x7a777ef460d1211995f8f8b92ba0e952a3cacfedf8b1998e721b05cc7a8b4580,2026-04-26 18:00:00+00:00,300,300,0,299,0,0,8,0,0,0,2026-04-26 18:00:00+00:00,2026-04-26 18:05:00+00:00,2026-04-26 18:05:00.538936+00:00,300,True,Down,0,True
0x26996e98e27b3fd60ff646307d20ae6dfaf6f27ef6a8adcd83dea4a308236863,2026-04-26 18:10:00+00:00,300,300,0,299,0,0,1,1,0,0,2026-04-26 18:10:00+00:00,2026-04-26 18:15:00+00:00,2026-04-26 18:15:00.581920+00:00,300,True,Up,1,True
0x3e09d8a4eb069623c0e076ce795d11ea65644dba17a2e11e0751a3a9a84e55d9,2026-04-26 18:40:00+00:00,300,300,0,299,0,0,0,8,0,0,2026-04-26 18:40:00+00:00,2026-04-26 18:45:00+00:00,2026-04-26 18:45:00.704517+00:00,300,True,Up,1,True
0x63731c088b159bdd1218ce8d04cba0a4ea4e3e0297da347c100de773525892d7,2026-04-26 19:50:00+00:00,300,300,0,299,0,0,0,18,0,0,2026-04-26 19:50:00+00:00,2026-04-26 19:55:00+00:00,2026-04-26 19:55:00.496953+00:00,300,True,Up,1,True
0x5d24eafcce9b0861d4678cd043d5b3ef35318bef4cedba22a2483b0bd233dd35,2026-04-26 19:55:00+00:00,300,300,0,299,0,0,22,0,0,0,2026-04-26 19:55:00+00:00,2026-04-26 20:00:00+00:00,2026-04-26 20:00:00.792476+00:00,300,True,Down,0,True
0x1f78c64b53ff92a7c43810ca32a354042e8bb6ec6f54fefa9f1097930f31c325,2026-04-26 20:05:00+00:00,300,300,0,299,0,0,0,8,0,0,2026-04-26 20:05:00+00:00,2026-04-26 20:10:00+00:00,2026-04-26 20:10:00.529767+00:00,300,True,Up,1,True
0x44487569a3aa8e8597b49e140c867c1d257f119475cfc4076400bed4f725e03b,2026-04-26 20:10:00+00:00,300,300,0,299,0,0,26,0,0,0,2026-04-26 20:10:00+00:00,2026-04-26 20:15:00+00:00,2026-04-26 20:15:00.479165+00:00,300,True,Down,0,True
0x271133b3d1fea798c663ad452259681489aeaabb3844fb82d87de329410c2200,2026-04-26 20:15:00+00:00,300,300,0,299,0,0,8,0,0,0,2026-04-26 20:15:00+00:00,2026-04-26 20:20:00+00:00,2026-04-26 20:20:00.558153+00:00,300,True,Down,0,True
0xecfe99323cb1dc1fb965bf1f48546ca7327a290240ee9aa0ddb17fe202f1559e,2026-04-26 20:20:00+00:00,300,300,0,299,0,0,0,14,0,0,2026-04-26 20:20:00+00:00,2026-04-26 20:25:00+00:00,2026-04-26 20:25:00.475278+00:00,300,True,Up,1,True
0x95272e9f372740fbd99c97b0fcda56b4a96de6a71dec39b7a958ed54610f9e35,2026-04-26 20:25:00+00:00,300,300,0,299,0,0,0,6,0,0,2026-04-26 20:25:00+00:00,2026-04-26 20:30:00+00:00,2026-04-26 20:30:00.586859+00:00,300,True,Up,1,True
0xe59a80b44193998b36006e64195925b9cac1f05ee9f471d08f82be18af5b1866,2026-04-26 20:30:00+00:00,300,300,0,299,0,0,0,42,0,0,2026-04-26 20:30:00+00:00,2026-04-26 20:35:00+00:00,2026-04-26 20:35:00.467982+00:00,300,True,Up,1,True
0x46316913f9b31faa42228b605fda50ff71baa5f888dc96660ba9838549d1151e,2026-04-26 20:45:00+00:00,300,300,0,299,0,0,0,0,0,0,2026-04-26 20:45:00+00:00,2026-04-26 20:50:00+00:00,2026-04-26 20:50:00.459389+00:00,300,True,Down,0,True
0x2ba3b950a772388bc6b6576a3ca14e21032997aadde1f81d98e0ef1dac714555,2026-04-26 21:10:00+00:00,300,300,0,299,0,0,6,0,0,0,2026-04-26 21:10:00+00:00,2026-04-26 21:15:00+00:00,2026-04-26 21:15:00.635697+00:00,300,True,Down,0,True
0x5efa1fe3c2479a0bc06c2fe6fd22879da9311e7cfb7ba6c2dd8c37a789c90e74,2026-04-26 21:15:00+00:00,300,300,0,299,0,0,0,0,0,0,2026-04-26 21:15:00+00:00,2026-04-26 21:20:00+00:00,2026-04-26 21:20:00.540696+00:00,300,True,Up,1,True
0xe2ebb6f90726ef40231405b930bdc59b54e7d5a50be340c6e3b668e39af64f84,2026-04-26 21:25:00+00:00,300,300,0,299,0,0,48,0,0,0,2026-04-26 21:25:00+00:00,2026-04-26 21:30:00+00:00,2026-04-26 21:30:00.620085+00:00,300,True,Down,0,True
0xa440e11fba5d16a8a46d92569bf86d6a37fdfbf6f7652f25adb2a6126192b8a2,2026-04-26 21:30:00+00:00,300,300,0,299,0,0,100,0,0,0,2026-04-26 21:30:00+00:00,2026-04-26 21:35:00+00:00,2026-04-26 21:35:00.391678+00:00,300,True,Down,0,True
0x4ca0c15c6f582d9340724a191e93c8d8070cd03dd413e2a93222f1be5129ac74,2026-04-26 22:40:00+00:00,300,300,0,299,0,0,0,39,0,0,2026-04-26 22:40:00+00:00,2026-04-26 22:45:00+00:00,2026-04-26 22:45:00.720961+00:00,300,True,Up,1,True
0x4429b512ba228b8da9f92857d8345eb35c8d22613276834b1a9559aa13f8f236,2026-04-26 22:50:00+00:00,300,300,0,299,0,0,6,0,0,0,2026-04-26 22:50:00+00:00,2026-04-26 22:55:00+00:00,2026-04-26 22:55:00.469496+00:00,300,True,Down,0,True
0xe9c0c61377a57b3c914845e5594869b29cd9e75510e771f104fffff24129021b,2026-04-26 23:00:00+00:00,300,300,0,299,0,0,0,1,0,0,2026-04-26 23:00:00+00:00,2026-04-26 23:05:00+00:00,2026-04-26 23:05:00.391515+00:00,300,True,Up,1,True
0x1c2e1eef0898a589a1f4098fee566630876a23544a68b2e9bc95c866513399b7,2026-04-26 23:10:00+00:00,300,300,0,299,0,0,0,23,0,0,2026-04-26 23:10:00+00:00,2026-04-26 23:15:00+00:00,2026-04-26 23:15:00.598926+00:00,300,True,Up,1,True
0x80b92f084b4a2aad69ee5e452ed22fb8e78635a62515c96c9229be882eaefb27,2026-04-26 23:25:00+00:00,300,300,0,299,0,0,28,0,0,0,2026-04-26 23:25:00+00:00,2026-04-26 23:30:00+00:00,2026-04-26 23:30:00.481090+00:00,300,True,Down,0,True
0xd8e659bcaaf09dee2da21bbde4819ec896d10e9bd352c243d4291a9c89edbdd7,2026-04-26 23:30:00+00:00,300,300,0,299,0,0,0,0,0,0,2026-04-26 23:30:00+00:00,2026-04-26 23:35:00+00:00,2026-04-26 23:35:00.467866+00:00,300,True,Up,1,True
0x83d85634cb1fcd84a64baaa53362dedbc50cb9e89da7c29ef0212cd6a9b0f377,2026-04-26 23:40:00+00:00,300,300,0,299,0,0,0,41,0,0,2026-04-26 23:40:00+00:00,2026-04-26 23:45:00+00:00,2026-04-26 23:45:00.756235+00:00,300,True,Up,1,True
0xd56bd29e7090a772e9510535d2b7b43881cf9df35028ad2110e308d17a7faa22,2026-04-27 00:20:00+00:00,300,300,0,299,0,0,7,0,0,0,2026-04-27 00:20:00+00:00,2026-04-27 00:25:00+00:00,2026-04-27 00:25:00.538929+00:00,300,True,Down,0,True
0x561e18b16c0aeb64225e03ce90394d07bc57f8693aaea9cc4061531b25ed25b4,2026-04-27 01:35:00+00:00,300,300,0,299,0,0,0,58,0,0,2026-04-27 01:35:00+00:00,2026-04-27 01:40:00+00:00,2026-04-27 01:40:00.554927+00:00,300,True,Up,1,True
0xf8ae2f2aece546eb794d813bbdd7e7dbf0be22ebb6b926a2b407d224c86ed66d,2026-04-27 01:45:00+00:00,300,300,0,299,0,0,0,141,0,0,2026-04-27 01:45:00+00:00,2026-04-27 01:50:00+00:00,2026-04-27 01:50:00.481089+00:00,300,True,Up,1,True
0x86fbb32f85ec95113118d69abd967b753821b0bf09e3bd010c9eeb4ccf2d3f11,2026-04-27 02:05:00+00:00,300,300,0,299,0,0,6,0,0,0,2026-04-27 02:05:00+00:00,2026-04-27 02:10:00+00:00,2026-04-27 02:10:00.439515+00:00,300,True,Down,0,True
0x03127754efb95cf8090ba7caa66606c8c595cdd6395c1e4fadf92b0553a7d99c,2026-04-27 02:10:00+00:00,300,300,0,299,0,0,0,20,0,0,2026-04-27 02:10:00+00:00,2026-04-27 02:15:00+00:00,2026-04-27 02:15:00.525737+00:00,300,True,Up,1,True
0xec1fb3362859d550d48c2eefc4699266ae21f66a7acfba24be8a050995a1f70a,2026-04-27 02:15:00+00:00,300,300,0,299,0,0,0,2,0,0,2026-04-27 02:15:00+00:00,2026-04-27 02:20:00+00:00,2026-04-27 02:20:00.396266+00:00,300,True,,0,True
0x271ecae15b7bb64d2f9715dae8570d2f69c7019d6a0c0ce3bff66ff848fca6cb,2026-04-27 02:20:00+00:00,300,300,0,299,0,0,7,0,0,0,2026-04-27 02:20:00+00:00,2026-04-27 02:25:00+00:00,2026-04-27 02:25:00.509047+00:00,300,True,Down,0,True
0x58610abc51d5f976ca768214229d018e6a7214f6e537889aa751e7e1e20185d3,2026-04-27 02:25:00+00:00,300,300,0,299,0,0,0,1,0,0,2026-04-27 02:25:00+00:00,2026-04-27 02:30:00+00:00,2026-04-27 02:30:00.672524+00:00,300,True,Up,1,True
0x336b42fce471f0bd65c46c9c1da3de01875933ff53d68f232b7578582e6e4e4a,2026-04-27 02:40:00+00:00,300,300,0,299,0,0,0,0,0,0,2026-04-27 02:40:00+00:00,2026-04-27 02:45:00+00:00,2026-04-27 02:45:00.662571+00:00,300,True,,0,True
0x4f35322b04cbf80059110e3c69cec315fc7e0a3aa0a764a9ba44a7d7fa055d5f,2026-04-27 02:45:00+00:00,300,300,0,299,0,0,1,2,0,0,2026-04-27 02:45:00+00:00,2026-04-27 02:50:00+00:00,2026-04-27 02:50:00.468545+00:00,300,True,Up,1,True
0xac3b14918d1437b1af5f8969efd7a4609c3dc40e472c8d80a56b5521f669b6a6,2026-04-27 02:50:00+00:00,300,300,0,299,0,0,0,31,0,0,2026-04-27 02:50:00+00:00,2026-04-27 02:55:00+00:00,2026-04-27 02:55:00.548455+00:00,300,True,Up,1,True
0x489c4cdf83dc3fbff6b8f7e3aaff6a9e02b4a885dae1f74876e111273bb589bf,2026-04-27 03:00:00+00:00,300,300,0,299,0,0,0,2,0,0,2026-04-27 03:00:00+00:00,2026-04-27 03:05:00+00:00,2026-04-27 03:05:00.515083+00:00,300,True,Up,1,True
0xf229ace584335ac08b39cbf2b9bd65cdbd9b1fd5f76e89370e29453bcfc57df4,2026-04-27 03:10:00+00:00,300,300,0,299,0,0,0,1,0,0,2026-04-27 03:10:00+00:00,2026-04-27 03:15:00+00:00,2026-04-27 03:15:00.575869+00:00,300,True,Up,1,True
0x6bacd158301fe11d9c1537ef05c6d65d646c70f505a847bdad85d8df2eb56392,2026-04-27 03:15:00+00:00,300,300,0,299,0,0,0,6,0,0,2026-04-27 03:15:00+00:00,2026-04-27 03:20:00+00:00,2026-04-27 03:20:00.541017+00:00,300,True,Up,1,True
0x43e4e34f83f38f4c0c195374d5d18672f82d84ece379ccbb54a9bdaaeac745dc,2026-04-27 03:25:00+00:00,300,300,0,299,0,0,0,1,0,0,2026-04-27 03:25:00+00:00,2026-04-27 03:30:00+00:00,2026-04-27 03:30:00.565234+00:00,300,True,Up,1,True
0x115711bb093bb238e66f68205bc6718f3c16215d2804ce35700b8309b83764aa,2026-04-27 03:45:00+00:00,300,300,0,299,0,0,8,0,0,0,2026-04-27 03:45:00+00:00,2026-04-27 03:50:00+00:00,2026-04-27 03:50:00.664531+00:00,300,True,Down,0,True
0x3c78aec620b59ea24c9bea836fdc7dc43fcfd40c39fde10066e0245814db4fda,2026-04-27 03:55:00+00:00,300,300,0,299,0,0,35,0,0,0,2026-04-27 03:55:00+00:00,2026-04-27 04:00:00+00:00,2026-04-27 04:00:00.866916+00:00,300,True,Down,0,True
0x2ae70a3335b52572188af1e32404dfc4e60dd5ee6cbc7181ea2cc7fec16e5299,2026-04-27 04:00:00+00:00,300,300,0,299,0,0,6,0,0,0,2026-04-27 04:00:00+00:00,2026-04-27 04:05:00+00:00,2026-04-27 04:05:00.569194+00:00,300,True,Up,1,True
0x53e701f30804f02109b6a78091e2349686b79b4fb4d93ecb0107652eb35b4544,2026-04-27 04:05:00+00:00,300,300,0,299,0,0,8,0,0,0,2026-04-27 04:05:00+00:00,2026-04-27 04:10:00+00:00,2026-04-27 04:10:00.494066+00:00,300,True,Down,0,True
0xd5e42b82840edde1418ddb9e0c8d3d33c28ffeeb8979863b8ac776528fbb8b0c,2026-04-27 04:10:00+00:00,300,300,0,299,0,0,2,0,0,0,2026-04-27 04:10:00+00:00,2026-04-27 04:15:00+00:00,2026-04-27 04:15:00.479294+00:00,300,True,Down,0,True
0xa54575313c6bd9022fa6cb4e8124c324906a0c0fad8205821572df9da7fc920f,2026-04-27 04:50:00+00:00,300,300,0,299,0,0,4,0,0,0,2026-04-27 04:50:00+00:00,2026-04-27 04:55:00+00:00,2026-04-27 04:55:00.503878+00:00,300,True,,1,True
0x1e7c7bac43cd010821d2b9a708d7f9553bde7e18a4dcc2bfbe8d73beba3fce1c,2026-04-27 04:55:00+00:00,300,300,0,299,0,0,29,0,0,0,2026-04-27 04:55:00+00:00,2026-04-27 05:00:00+00:00,2026-04-27 05:00:00.673059+00:00,300,True,Down,0,True
0x87efb2cf7bde4bc674d426f9bbeb81991e730b3c28ed4fffb1b939003c7ae9c3,2026-04-27 06:05:00+00:00,300,300,0,299,0,0,0,3,0,0,2026-04-27 06:05:00+00:00,2026-04-27 06:10:00+00:00,2026-04-27 06:10:00.559830+00:00,300,True,Up,1,True
0x125d62aca90e96fe28fda01e7f9aa6cdafc44ea453f3ca9aee06ca782f2cef54,2026-04-27 06:25:00+00:00,300,300,0,299,0,0,49,0,0,0,2026-04-27 06:25:00+00:00,2026-04-27 06:30:00+00:00,2026-04-27 06:30:00.605010+00:00,300,True,Down,0,True
0x04e2ef002221ab62d84c961a9fe5210fab444bc9c38ec0b1cdf22401415db670,2026-04-27 06:55:00+00:00,300,300,0,299,0,0,1,0,0,0,2026-04-27 06:55:00+00:00,2026-04-27 07:00:00+00:00,2026-04-27 07:00:00.886711+00:00,300,True,Down,0,True
0xd19c6089e819795523f8b4dc6137f9c63fd3b9455bd8bf1e71b03c9d6a3eff92,2026-04-27 07:00:00+00:00,300,300,0,299,0,0,0,0,0,0,2026-04-27 07:00:00+00:00,2026-04-27 07:05:00+00:00,2026-04-27 07:05:00.447675+00:00,300,True,Down,0,True
0x91c0729fc650efefc9f30a22a3a8ccfd7fb9f443c6d355239010ae8ebb71c3f0,2026-04-27 07:20:00+00:00,300,300,0,299,0,0,0,4,0,0,2026-04-27 07:20:00+00:00,2026-04-27 07:25:00+00:00,2026-04-27 07:25:00.574518+00:00,300,True,Up,1,True
0xcfb501bf707aa35fc86e23673a2ae46825c61eeb8643dba4ad099b6a3341dbd9,2026-04-27 07:30:00+00:00,300,300,0,299,0,0,26,0,0,0,2026-04-27 07:30:00+00:00,2026-04-27 07:35:00+00:00,2026-04-27 07:35:00.496331+00:00,300,True,Down,0,True
0x8ca4393f85a22d70da78b77fc4ec3136744b6cb07d20e15812dd455ef7e3b39b,2026-04-27 07:35:00+00:00,300,300,0,299,0,0,0,22,0,0,2026-04-27 07:35:00+00:00,2026-04-27 07:40:00+00:00,2026-04-27 07:40:00.608380+00:00,300,True,Up,1,True
0xb7f48be94e0d5503b78a2d1362a9b6846c27ec88553076385bf6bbbbc5c625de,2026-04-27 07:40:00+00:00,300,300,0,299,0,0,0,6,0,0,2026-04-27 07:40:00+00:00,2026-04-27 07:45:00+00:00,2026-04-27 07:45:00.705849+00:00,300,True,Up,1,True
0x090b9579ca7e9b301322451fc0eb5dd5aaa81a7d9535cfc391f5035b033f3ded,2026-04-27 07:45:00+00:00,300,300,0,299,0,0,7,0,0,0,2026-04-27 07:45:00+00:00,2026-04-27 07:50:00+00:00,2026-04-27 07:50:00.543397+00:00,300,True,,1,True
0xf88b6aa48997c0eb62724772a07789f08c17a589ddfaa22d27d832057a91dec6,2026-04-27 07:50:00+00:00,300,300,0,299,0,0,0,0,0,0,2026-04-27 07:50:00+00:00,2026-04-27 07:55:00+00:00,2026-04-27 07:55:00.563342+00:00,300,True,,1,True
0xefc86d84e954c910286bbc9c4aa21302c6de839736d763028ca8c6cf67a9b385,2026-04-27 07:55:00+00:00,300,300,0,299,0,0,11,0,0,0,2026-04-27 07:55:00+00:00,2026-04-27 08:00:00+00:00,2026-04-27 08:00:00.766499+00:00,300,True,Down,0,True
0x6af4b29d4a3bb734c1952a0178cb4dd8d4e27c7d9784e490e6b45698e1afa6ba,2026-04-27 08:00:00+00:00,300,300,0,299,0,0,0,37,0,0,2026-04-27 08:00:00+00:00,2026-04-27 08:05:00+00:00,2026-04-27 08:05:00.552523+00:00,300,True,Up,1,True
0x4dc52e5f478cbae4addaf8ded2f70c1d8e5f66834b947eba6c278d99b7a3fcea,2026-04-27 08:10:00+00:00,300,300,0,299,0,0,0,0,0,0,2026-04-27 08:10:00+00:00,2026-04-27 08:15:00+00:00,2026-04-27 08:15:00.615303+00:00,300,True,Up,1,True
0x30eced75e80e153cd87b75bc71e48783c60097a4acca078809f307d79eee01b8,2026-04-27 08:20:00+00:00,300,300,0,299,0,0,0,0,0,0,2026-04-27 08:20:00+00:00,2026-04-27 08:25:00+00:00,2026-04-27 08:25:00.517280+00:00,300,True,,0,True
0x06e36724c2d27d0bcbf0486eb3eaa383790eb4a422305a695ab59cfc8451e306,2026-04-27 08:25:00+00:00,300,300,0,299,0,0,20,0,0,0,2026-04-27 08:25:00+00:00,2026-04-27 08:30:00+00:00,2026-04-27 08:30:00.659229+00:00,300,True,Down,0,True
0x85d393271caa1134a2acfd01d28d197fee412d7bfefba35dafba0afb76bafa0a,2026-04-27 08:30:00+00:00,300,300,0,299,0,0,0,2,0,0,2026-04-27 08:30:00+00:00,2026-04-27 08:35:00+00:00,2026-04-27 08:35:00.495878+00:00,300,True,Up,1,True
0x47ad3cb57048d50e173236718662c7f14cf603f5b4a2059104ca3e845affa372,2026-04-27 08:40:00+00:00,300,300,0,299,0,0,1,0,0,0,2026-04-27 08:40:00+00:00,2026-04-27 08:45:00+00:00,2026-04-27 08:45:00.652692+00:00,300,True,Down,0,True
0xaff88f712a4e357cd4c4ac530f6abd7a35edc93c73775ad5e9ba2e0f6fbb94bc,2026-04-27 08:45:00+00:00,300,300,0,299,0,0,0,53,0,0,2026-04-27 08:45:00+00:00,2026-04-27 08:50:00+00:00,2026-04-27 08:50:00.559489+00:00,300,True,Up,1,True
0x32708a0999a82e8d8f7b79f710688ea17604743729c1f8c8472eab1f440d56f6,2026-04-27 08:50:00+00:00,300,300,0,299,0,0,0,1,0,0,2026-04-27 08:50:00+00:00,2026-04-27 08:55:00+00:00,2026-04-27 08:55:00.659235+00:00,300,True,Up,1,True
0xc5f3e7d9cb111feeb1886c01e17562430e652a99ce886195b27e0b8b2e0b4ebf,2026-04-27 09:15:00+00:00,300,300,0,299,0,0,46,0,0,0,2026-04-27 09:15:00+00:00,2026-04-27 09:20:00+00:00,2026-04-27 09:20:00.650351+00:00,300,True,Down,0,True
0xa7658a7d0dd52feba175a0a6b9943c9776899fe1d321c98e8d89edf15e00ebec,2026-04-27 09:25:00+00:00,300,300,0,299,0,0,0,47,0,0,2026-04-27 09:25:00+00:00,2026-04-27 09:30:00+00:00,2026-04-27 09:30:00.530956+00:00,300,True,Up,1,True
0xd11dd4c6937f2e603f4838b296a45618a9343852fea68dd38b1fdfbc74f4c2c9,2026-04-27 09:35:00+00:00,300,300,0,299,0,0,2,0,0,0,2026-04-27 09:35:00+00:00,2026-04-27 09:40:00+00:00,2026-04-27 09:40:00.496723+00:00,300,True,Down,0,True
0x5f17ff81ebcf7583655d65a8fbb6b61cb48bc6eba9e27af155e13fac78811c99,2026-04-27 09:50:00+00:00,300,300,0,299,0,0,0,30,0,0,2026-04-27 09:50:00+00:00,2026-04-27 09:55:00+00:00,2026-04-27 09:55:00.621481+00:00,300,True,Up,1,True
0x72651efbe9d79d959d3d13d1197f103bcdb7eb68d780b9815d900272b04d3e96,2026-04-27 10:00:00+00:00,300,300,0,299,0,0,13,0,0,0,2026-04-27 10:00:00+00:00,2026-04-27 10:05:00+00:00,2026-04-27 10:05:00.549978+00:00,300,True,Down,0,True
0x2154109953ebb2696d5d22dc487a2d31c20b2c68435539533f167af6d1b9e811,2026-04-27 10:05:00+00:00,300,300,0,299,0,0,4,0,0,0,2026-04-27 10:05:00+00:00,2026-04-27 10:10:00+00:00,2026-04-27 10:10:00.539804+00:00,300,True,Down,0,True
0x5ad249ffba265f65e4d9244d95da17931ebad76c261993c4a98d011145b1b8d6,2026-04-27 10:25:00+00:00,300,300,0,299,0,0,0,8,0,0,2026-04-27 10:25:00+00:00,2026-04-27 10:30:00+00:00,2026-04-27 10:30:00.599723+00:00,300,True,Up,1,True
0xe4eb80511055c78191066746059106f6767bf5efe3be5023c25f416a7930ac0b,2026-04-27 10:30:00+00:00,300,300,0,299,0,0,0,5,0,0,2026-04-27 10:30:00+00:00,2026-04-27 10:35:00+00:00,2026-04-27 10:35:00.484497+00:00,300,True,Up,1,True
0x0257f8aa1275002efcfaa54d4fd5732a9f2957f4859e92cc8672bff4120a5e1b,2026-04-27 10:40:00+00:00,300,300,0,299,0,0,1,0,0,0,2026-04-27 10:40:00+00:00,2026-04-27 10:45:00+00:00,2026-04-27 10:45:00.735475+00:00,300,True,Down,0,True
0x5cbab9513c292c966a24a2f7c4244520e5d09003783066243b2c1af28d9c0364,2026-04-27 10:45:00+00:00,300,300,0,299,0,0,8,0,0,0,2026-04-27 10:45:00+00:00,2026-04-27 10:50:00+00:00,2026-04-27 10:50:00.758392+00:00,300,True,Down,0,True
0xa4150b17e0e9a13c9685ecc5c0d9b7b5e75249cd726c232aa4d718a24642bbb8,2026-04-27 11:00:00+00:00,300,300,0,299,0,0,12,0,0,0,2026-04-27 11:00:00+00:00,2026-04-27 11:05:00+00:00,2026-04-27 11:05:00.474936+00:00,300,True,Down,0,True
0xb32cc0711da2b3f7c4afc3621ffda7adf2c374a108f505f99e1713e54ff8461a,2026-04-27 11:05:00+00:00,300,300,0,299,0,0,10,0,0,0,2026-04-27 11:05:00+00:00,2026-04-27 11:10:00+00:00,2026-04-27 11:10:00.514880+00:00,300,True,Down,0,True
0xf6093e15f0acf6bd3d57f86667fec238ad1c8fcbf9e2ec2204a4c2f3a1b77632,2026-04-27 11:10:00+00:00,300,300,0,299,0,0,0,8,0,0,2026-04-27 11:10:00+00:00,2026-04-27 11:15:00+00:00,2026-04-27 11:15:00.466385+00:00,300,True,Up,1,True
0x998b25912c0bc4822654df145d6d7db435157a4c36856427a5229549b4843858,2026-04-27 11:15:00+00:00,300,300,0,299,0,0,0,3,0,0,2026-04-27 11:15:00+00:00,2026-04-27 11:20:00+00:00,2026-04-27 11:20:00.574315+00:00,300,True,Up,1,True
0x8fe2c23780a4a7ad179b474ec89e74ace27da35ca56f88fa180bbad417c2aec9,2026-04-27 11:20:00+00:00,300,300,0,299,0,0,0,39,0,0,2026-04-27 11:20:00+00:00,2026-04-27 11:25:00+00:00,2026-04-27 11:25:01.874620+00:00,300,True,Up,1,True
0xeb377116c4c760ea838275a218a9128e385ce7abbcbb0049de43aed16fcff6fc,2026-04-27 11:25:00+00:00,300,300,0,299,0,0,0,0,0,0,2026-04-27 11:25:00+00:00,2026-04-27 11:30:00+00:00,2026-04-27 11:30:00.577439+00:00,300,True,Up,1,True
0xd324838eb62fbc7218926995054d1abd371eb6a0a83d3825eb64f36604098eb1,2026-04-27 11:45:00+00:00,300,300,0,299,0,0,0,0,0,0,2026-04-27 11:45:00+00:00,2026-04-27 11:50:00+00:00,2026-04-27 11:50:00.523911+00:00,300,True,Down,0,True
0x1eaf6156001d26d2090dc8f926d1c0aa917c2d5f938253ed4ebcee22baf90904,2026-04-27 11:55:00+00:00,300,300,0,299,0,0,0,3,0,0,2026-04-27 11:55:00+00:00,2026-04-27 12:00:00+00:00,2026-04-27 12:00:01.087846+00:00,300,True,Up,1,True
0x8a56d5c7b3874f3847fda06e2a32e8b0d47cc4b40cf1ffa5e06eae85b2f45ea6,2026-04-27 12:00:00+00:00,300,300,0,299,0,0,89,0,0,0,2026-04-27 12:00:00+00:00,2026-04-27 12:05:00+00:00,2026-04-27 12:05:00.472995+00:00,300,True,Down,0,True
0x558f74ffb60297d83eb578c973bfddc0b3996eb3903981d1de1b89bb3756d915,2026-04-27 12:10:00+00:00,300,300,0,299,0,0,0,11,0,0,2026-04-27 12:10:00+00:00,2026-04-27 12:15:00+00:00,2026-04-27 12:15:00.442750+00:00,300,True,Up,1,True
0x8489786e3c96480146d364b7f3c217651d7023d03b6a2959903e36a634f1dbed,2026-04-27 12:20:00+00:00,300,300,0,299,0,0,29,0,0,0,2026-04-27 12:20:00+00:00,2026-04-27 12:25:00+00:00,2026-04-27 12:25:00.520889+00:00,300,True,Down,0,True
0x5633f6fa91ac12c45acdde4f5da5df83fe0e2a293ce338ed862571abcc4c966a,2026-04-27 12:55:00+00:00,300,300,0,299,0,0,23,0,0,0,2026-04-27 12:55:00+00:00,2026-04-27 13:00:00+00:00,2026-04-27 13:00:00.752717+00:00,300,True,Down,0,True
0x397dfccb8d0dc1dee8f395cbe3a6d4dbbdf791a2f18b3e9947a53f57e9b93fa3,2026-04-27 13:15:00+00:00,300,300,0,299,0,0,0,6,0,0,2026-04-27 13:15:00+00:00,2026-04-27 13:20:00+00:00,2026-04-27 13:20:00.437338+00:00,300,True,Up,1,True
0xc86ce09d8f0528a3edd69f8132ddf96d0f18dccfd614f75644ad6ee10d015068,2026-04-27 13:20:00+00:00,300,300,0,299,0,0,0,10,0,0,2026-04-27 13:20:00+00:00,2026-04-27 13:25:00+00:00,2026-04-27 13:25:00.890249+00:00,300,True,Up,1,True
0xf2d2300526971cf16991bd1f552378de080278478e8b29a2e091b017903a6c86,2026-04-27 13:25:00+00:00,300,300,0,299,0,0,66,0,0,0,2026-04-27 13:25:00+00:00,2026-04-27 13:30:00+00:00,2026-04-27 13:30:00.585789+00:00,300,True,Down,0,True
0x36c4ec2eb1a411c3cac739d7cecaf12aa7dbaf39078c98a3e2aa1f36b2957ed1,2026-04-27 13:35:00+00:00,300,300,0,299,0,0,0,58,0,0,2026-04-27 13:35:00+00:00,2026-04-27 13:40:00+00:00,2026-04-27 13:40:00.488178+00:00,300,True,Up,1,True
0x301e4e3a0d327332edf6c0fd77ab28081333ebf52e1207223fe1df3194deff21,2026-04-27 13:55:00+00:00,300,300,0,299,0,0,0,4,0,0,2026-04-27 13:55:00+00:00,2026-04-27 14:00:00+00:00,2026-04-27 14:00:00.969682+00:00,300,True,Up,1,True
0x860143d1d0ea854b14f951408a7cb1b521ab84d3138f030dd5396840eafc6af2,2026-04-27 14:00:00+00:00,300,300,0,299,0,0,3,0,0,0,2026-04-27 14:00:00+00:00,2026-04-27 14:05:00+00:00,2026-04-27 14:05:00.525285+00:00,300,True,Down,0,True
0x69dadb295f59720683cebb59864ef67f04f638b1885820b46727ef3f0c773145,2026-04-27 14:05:00+00:00,300,300,0,299,0,0,0,43,0,0,2026-04-27 14:05:00+00:00,2026-04-27 14:10:00+00:00,2026-04-27 14:10:00.447844+00:00,300,True,Up,1,True
0x61f93d0125322023e57d9a5cb3f23c5bb0756b2c70cb928ea3624923d3d08147,2026-04-27 14:10:00+00:00,300,300,0,299,0,0,0,16,0,0,2026-04-27 14:10:00+00:00,2026-04-27 14:15:00+00:00,2026-04-27 14:15:00.520713+00:00,300,True,Up,1,True
0xcacfcb3436bfb04ecb50cbb64a41ee4444ec193906a5e21e95200d9c977a6bfd,2026-04-27 14:30:00+00:00,300,300,0,299,0,0,0,18,0,0,2026-04-27 14:30:00+00:00,2026-04-27 14:35:00+00:00,2026-04-27 14:35:00.547073+00:00,300,True,Up,1,True
0x3af312dca0cf6e81a96e2e147cd6bbb25984880a581a60e3c78b4ee827acb208,2026-04-27 15:40:00+00:00,300,300,0,299,0,0,0,0,0,0,2026-04-27 15:40:00+00:00,2026-04-27 15:45:00+00:00,2026-04-27 15:45:00.526930+00:00,300,True,,1,True
0x130b21f6d8d0fc813a3aab1bd26562d0ef0d7b56a5dba4dc309c4752b0333181,2026-04-27 16:20:00+00:00,300,300,0,299,0,0,21,0,0,0,2026-04-27 16:20:00+00:00,2026-04-27 16:25:00+00:00,2026-04-27 16:25:00.682184+00:00,300,True,Down,0,True
0xafe3e03bafc4a58409a4c2e425103935061e5967e23b685ca5dcf0a396d26a44,2026-04-27 16:25:00+00:00,300,300,0,299,0,0,0,2,0,0,2026-04-27 16:25:00+00:00,2026-04-27 16:30:00+00:00,2026-04-27 16:30:00.620047+00:00,300,True,Up,1,True
0xa753ada87b84f472ae9988e891d949f64d89aa13bb8643134cff67879a9c3041,2026-04-27 16:30:00+00:00,300,300,0,299,0,0,0,5,0,0,2026-04-27 16:30:00+00:00,2026-04-27 16:35:00+00:00,2026-04-27 16:35:00.465336+00:00,300,True,Up,1,True
0xa7b59855d68ae51919dfa5dd84651622cefe0c7e1c955255d413dd940d85705c,2026-04-27 17:15:00+00:00,300,300,0,299,0,0,6,0,0,0,2026-04-27 17:15:00+00:00,2026-04-27 17:20:00+00:00,2026-04-27 17:20:00.640737+00:00,300,True,Down,0,True
0xf694d6b1f3f7574f5bd63fe54884d5cb58fb589d45764fcd8ff4df225705da6b,2026-04-27 17:20:00+00:00,300,300,0,299,0,0,0,45,0,0,2026-04-27 17:20:00+00:00,2026-04-27 17:25:00+00:00,2026-04-27 17:25:00.555715+00:00,300,True,Up,1,True
0x1c2e46a2de9b8ca2a118f8d2d74b14d54bc02cc07b78c1a2dce88f7d21fee136,2026-04-27 17:45:00+00:00,300,300,0,299,0,0,18,0,0,0,2026-04-27 17:45:00+00:00,2026-04-27 17:50:00+00:00,2026-04-27 17:50:00.443791+00:00,300,True,Down,0,True
0xcd930990b4e62bf061e7aa5ee09fe16c6f53f855633f1d0bb2836d36d2c389d0,2026-04-27 17:50:00+00:00,300,300,0,299,0,0,13,0,0,0,2026-04-27 17:50:00+00:00,2026-04-27 17:55:00+00:00,2026-04-27 17:55:00.565382+00:00,300,True,Down,0,True
0x6d2b24fee7bbb56497c79beb3a9fcd7ac5191b9ea4b7eabe14109e721616f356,2026-04-27 17:55:00+00:00,300,300,0,299,0,0,2,0,0,0,2026-04-27 17:55:00+00:00,2026-04-27 18:00:00+00:00,2026-04-27 18:00:01.092940+00:00,300,True,Down,0,True
0x874c41eea1f0be489a3085eecf99c2d44111130d201313bea9b4723105cff254,2026-04-27 18:00:00+00:00,300,300,0,299,0,0,0,7,0,0,2026-04-27 18:00:00+00:00,2026-04-27 18:05:00+00:00,2026-04-27 18:05:00.554189+00:00,300,True,Up,1,True
0xb65366e9ee6b5d625cf69fabaaec8a9e675bd29f7406892eb27b1b3fbb77beec,2026-04-27 18:05:00+00:00,300,300,0,299,0,0,39,0,0,0,2026-04-27 18:05:00+00:00,2026-04-27 18:10:00+00:00,2026-04-27 18:10:00.505665+00:00,300,True,Down,0,True
0x66c607dc19f55711cc9d08a512d8af3f904bb1f8c965b1079f1a2bd34027bdbe,2026-04-27 18:10:00+00:00,300,300,0,299,0,0,0,46,0,0,2026-04-27 18:10:00+00:00,2026-04-27 18:15:00+00:00,2026-04-27 18:15:00.581167+00:00,300,True,Up,1,True
0x3eb65321cd152c526e4ad4fdfb42c4bbd144697fd855e0cf41c867a62e31e2b7,2026-04-27 18:35:00+00:00,300,300,0,299,0,0,0,0,0,0,2026-04-27 18:35:00+00:00,2026-04-27 18:40:00+00:00,2026-04-27 18:40:01.592839+00:00,300,True,,0,True
0x1f487b816edf3e84b9a59e20945465e8b3b03f44374c521d33bc7df7a4631f4b,2026-04-27 18:40:00+00:00,300,300,0,299,0,0,0,9,0,0,2026-04-27 18:40:00+00:00,2026-04-27 18:45:00+00:00,2026-04-27 18:45:00.445718+00:00,300,True,Up,1,True
0x5f4c80f99ea33d3ebb1208cfc94a97515716326c0f818c56c757d2bfe79791f6,2026-04-27 18:45:00+00:00,300,300,0,299,0,0,0,25,0,0,2026-04-27 18:45:00+00:00,2026-04-27 18:50:00+00:00,2026-04-27 18:50:00.579102+00:00,300,True,Up,1,True
0xaf07de563e6c8877327247aa7da99596a24567aa00001553b76b2a6e8f863714,2026-04-27 18:55:00+00:00,300,300,0,299,0,0,4,0,0,0,2026-04-27 18:55:00+00:00,2026-04-27 19:00:00+00:00,2026-04-27 19:00:00.837906+00:00,300,True,Down,0,True
0xce65d5c9516061ec4383ea2292443a851f4d790a0ba2af7f9a849f5a299c9b31,2026-04-27 19:00:00+00:00,300,300,0,299,0,0,3,0,0,0,2026-04-27 19:00:00+00:00,2026-04-27 19:05:00+00:00,2026-04-27 19:05:00.489317+00:00,300,True,Down,0,True
0x221d3a7dca66344f94a1263070239727f05429526eb2d432350b2d1735edb053,2026-04-27 19:05:00+00:00,300,300,0,299,0,0,3,0,0,0,2026-04-27 19:05:00+00:00,2026-04-27 19:10:00+00:00,2026-04-27 19:10:00.546706+00:00,300,True,Down,0,True
0x542375c2ec6e25d564c454014f4cf4c58344f55790adb67b71516129ba29b547,2026-04-27 19:10:00+00:00,300,300,0,299,0,0,0,58,0,0,2026-04-27 19:10:00+00:00,2026-04-27 19:15:00+00:00,2026-04-27 19:15:01.538847+00:00,300,True,Up,1,True
0xe9a76d61256b0c550a03229f89150a0f4c65849783fc4d22a0f5a42b62ed69f9,2026-04-27 19:15:00+00:00,300,300,0,299,0,0,33,0,0,0,2026-04-27 19:15:00+00:00,2026-04-27 19:20:00+00:00,2026-04-27 19:20:00.515791+00:00,300,True,Down,0,True
0xdab753de369b30b6b4ec3a5870ec1cf47425afe372522cf4c54f0f85b9ffa3e5,2026-04-27 19:20:00+00:00,300,300,0,299,0,0,7,0,0,0,2026-04-27 19:20:00+00:00,2026-04-27 19:25:00+00:00,2026-04-27 19:25:00.433699+00:00,300,True,Down,0,True
0xaa4fd31f58da9eca73b05de76d2886b788a8ad0a4ac6a9e1198ba29cf891f94d,2026-04-27 19:25:00+00:00,300,300,0,299,0,0,45,0,0,0,2026-04-27 19:25:00+00:00,2026-04-27 19:30:00+00:00,2026-04-27 19:30:00.566755+00:00,300,True,Down,0,True
0x664839d9d6ae225e21edbf8a734ccf5dc23c71a81b39a45c96ad0c97c26e6acb,2026-04-27 19:50:00+00:00,300,300,0,299,0,0,0,0,0,0,2026-04-27 19:50:00+00:00,2026-04-27 19:55:00+00:00,2026-04-27 19:55:00.444428+00:00,300,True,Up,1,True
0xef20458d8d95946304cdc777e623c32cf2d6eecbaa23fcfde159286328a945ab,2026-04-27 19:55:00+00:00,300,300,0,299,0,0,0,5,0,0,2026-04-27 19:55:00+00:00,2026-04-27 20:00:00+00:00,2026-04-27 20:00:00.759586+00:00,300,True,Up,1,True
0xe254e786d98823531382ade3197a91257b2923097411745533687f395ae4fd87,2026-04-27 20:00:00+00:00,300,300,0,299,0,0,0,13,0,0,2026-04-27 20:00:00+00:00,2026-04-27 20:05:00+00:00,2026-04-27 20:05:00.569775+00:00,300,True,Up,1,True
0xd980d740cc74b51ff966b67b5e68ef994f267e5a674714d5e15aa8f9a07ef38a,2026-04-27 20:05:00+00:00,300,300,0,299,0,0,5,0,0,0,2026-04-27 20:05:00+00:00,2026-04-27 20:10:00+00:00,2026-04-27 20:10:00.820812+00:00,300,True,Down,0,True
0xfa5e05f02e9100cf0e55cadae53e7839b3a22100f4e806d0c1d952ad63914039,2026-04-27 20:15:00+00:00,300,300,0,299,0,0,0,15,0,0,2026-04-27 20:15:00+00:00,2026-04-27 20:20:00+00:00,2026-04-27 20:20:00.544929+00:00,300,True,Up,1,True
0x775e2c54b6c5362412b4d0c332f2990de5c41ee759652563d58f933723fdb569,2026-04-27 20:20:00+00:00,300,300,0,299,0,0,0,4,0,0,2026-04-27 20:20:00+00:00,2026-04-27 20:25:00+00:00,2026-04-27 20:25:00.473971+00:00,300,True,Up,1,True
0x7c2bc92be7caa3b2d5ab708868b27a9c3bddf1be70ba84cff8a8cf3b59dd4442,2026-04-27 21:00:00+00:00,300,300,0,299,0,0,4,0,0,0,2026-04-27 21:00:00+00:00,2026-04-27 21:05:00+00:00,2026-04-27 21:05:00.490977+00:00,300,True,Down,0,True
0x5cc3738c5bff7088c1318823c8bf96e4ebd467c87c8e24b0fe7eceb0abc4858b,2026-04-27 21:05:00+00:00,300,300,0,299,0,0,0,1,0,0,2026-04-27 21:05:00+00:00,2026-04-27 21:10:00+00:00,2026-04-27 21:10:00.678437+00:00,300,True,,1,True
0xf912e092311c40b68878920685922aef7d5e0ed2b2be97761d1a5f58526a23cb,2026-04-27 21:20:00+00:00,300,300,0,299,0,0,1,0,0,0,2026-04-27 21:20:00+00:00,2026-04-27 21:25:00+00:00,2026-04-27 21:25:00.530514+00:00,300,True,Down,0,True
0x1be0756bfbfd7ded457829c7bf3e16dff05bc54fc73a6990be73fe896a4df816,2026-04-27 21:25:00+00:00,300,300,0,299,0,0,0,24,0,0,2026-04-27 21:25:00+00:00,2026-04-27 21:30:00+00:00,2026-04-27 21:30:01.197998+00:00,300,True,Up,1,True
0x9f03138525db3182c0d4d7b65692860790ca158f4d13be1fdb5e50d752b33200,2026-04-27 21:35:00+00:00,300,300,0,299,0,0,1,0,0,0,2026-04-27 21:35:00+00:00,2026-04-27 21:40:00+00:00,2026-04-27 21:40:00.575745+00:00,300,True,Down,0,True
0xe4e768eac0403da5a213359e161c97991805bfa71d9152eddbffe5354c497de7,2026-04-27 21:45:00+00:00,300,300,0,299,0,0,0,4,0,0,2026-04-27 21:45:00+00:00,2026-04-27 21:50:00+00:00,2026-04-27 21:50:00.509400+00:00,300,True,Up,1,True
0xf69531c4aac0afa286f2fed3ade68e2a7ee1a9605f15584705354e59eafe3249,2026-04-27 21:50:00+00:00,300,300,0,299,0,0,9,0,0,0,2026-04-27 21:50:00+00:00,2026-04-27 21:55:00+00:00,2026-04-27 21:55:00.534145+00:00,300,True,Down,0,True
0x6a98abf3cfa34d53d56b190a0a05314f032bf048647bfafb17667ccf979b7eba,2026-04-27 21:55:00+00:00,300,300,0,299,0,0,10,0,0,0,2026-04-27 21:55:00+00:00,2026-04-27 22:00:00+00:00,2026-04-27 22:00:00.723903+00:00,300,True,Down,0,True
0x392ef019261c642d7092435d1c294ccae7670cfad7240e2b19b97fd587e9745d,2026-04-27 22:00:00+00:00,300,300,0,299,0,0,0,5,0,0,2026-04-27 22:00:00+00:00,2026-04-27 22:05:00+00:00,2026-04-27 22:05:00.565457+00:00,300,True,Up,1,True
0x854e0e6819dcaef4a48fdd0e71f4179477b59e8eedd87ce34312d9d67f349e84,2026-04-27 22:05:00+00:00,300,300,0,299,0,0,0,14,0,0,2026-04-27 22:05:00+00:00,2026-04-27 22:10:00+00:00,2026-04-27 22:10:00.513661+00:00,300,True,Up,1,True
0xc815db9874d72a23fd1ed2c90ab9ec421ec39e9012a4defcbce76a8b2d257d16,2026-04-27 22:10:00+00:00,300,300,0,299,0,0,3,0,0,0,2026-04-27 22:10:00+00:00,2026-04-27 22:15:00+00:00,2026-04-27 22:15:00.542936+00:00,300,True,Down,0,True
0x1ae8ddded16b1c8bf895ee36317e0fc31961a99c5cb3207da329a314901481ab,2026-04-27 22:15:00+00:00,300,300,0,299,0,0,1,0,0,0,2026-04-27 22:15:00+00:00,2026-04-27 22:20:00+00:00,2026-04-27 22:20:00.507229+00:00,300,True,Down,0,True
0x7c3be0669f80cd1528ae875ec8d5dc90d989988291f097ea5145a09987757ca9,2026-04-27 22:20:00+00:00,300,300,0,299,0,0,0,3,0,0,2026-04-27 22:20:00+00:00,2026-04-27 22:25:00+00:00,2026-04-27 22:25:00.508387+00:00,300,True,Up,1,True
0xa6ea2425477bb6a321b14c3bf2aca109531e3e2648c6f9e4502d8dd045877a7b,2026-04-27 22:25:00+00:00,300,300,0,299,0,0,0,6,0,0,2026-04-27 22:25:00+00:00,2026-04-27 22:30:00+00:00,2026-04-27 22:30:00.528280+00:00,300,True,Up,1,True
0xb6f50d311e3dae1d9ec54c84b2f32f969445fb001dfec1e8d0501d589616fd99,2026-04-27 22:30:00+00:00,300,300,0,299,0,0,3,0,0,0,2026-04-27 22:30:00+00:00,2026-04-27 22:35:00+00:00,2026-04-27 22:35:00.452384+00:00,300,True,Down,0,True
0x3004c028bf25441dacad40fabe7e189a94f770b05e5d599382a887de24cde07f,2026-04-27 22:40:00+00:00,300,300,0,299,0,0,0,2,0,0,2026-04-27 22:40:00+00:00,2026-04-27 22:45:00+00:00,2026-04-27 22:45:00.690954+00:00,300,True,Up,1,True
0xf74b5424d94bb942739ecb4adadc0bef336edc96e0fe4fc807689c0591b0c897,2026-04-27 23:15:00+00:00,300,300,0,299,0,0,0,49,0,0,2026-04-27 23:15:00+00:00,2026-04-27 23:20:00+00:00,2026-04-27 23:20:00.535580+00:00,300,True,Up,1,True
0x356bfdf4e49dec7688428204b3e183144eabb781e98ce5fe8b0cb236504109db,2026-04-28 00:10:00+00:00,300,300,0,299,0,0,4,0,0,0,2026-04-28 00:10:00+00:00,2026-04-28 00:15:00+00:00,2026-04-28 00:15:00.493945+00:00,300,True,Down,0,True
0x9dd5f53c5215847f5d63b2a2217dce3449154e49e215eae81501eb754013b872,2026-04-28 00:20:00+00:00,300,300,0,299,0,0,5,0,0,0,2026-04-28 00:20:00+00:00,2026-04-28 00:25:00+00:00,2026-04-28 00:25:00.458803+00:00,300,True,Down,0,True
0x2a3b3be3289bcba358d18c3b147c452628babe4200f4300ff29337259ad01497,2026-04-28 00:25:00+00:00,300,300,0,299,0,0,5,0,0,0,2026-04-28 00:25:00+00:00,2026-04-28 00:30:00+00:00,2026-04-28 00:30:00.522032+00:00,300,True,Down,0,True
0xb2fbc03bd613cd7dfcb1a5e629f94e2eacd75d8cb640d15cc3aff3e880151d2c,2026-04-28 00:30:00+00:00,300,300,0,299,0,0,3,0,0,0,2026-04-28 00:30:00+00:00,2026-04-28 00:35:00+00:00,2026-04-28 00:35:00.521972+00:00,300,True,,0,True
0x04220500328dc547747f72c0a766fd34b1c877798524b1869a8ca2822e360026,2026-04-28 00:35:00+00:00,300,300,0,299,0,0,0,68,0,0,2026-04-28 00:35:00+00:00,2026-04-28 00:40:00+00:00,2026-04-28 00:40:00.432442+00:00,300,True,Up,1,True
0x74ad7a53ac405a5c27cf3c29c20bfcc5a0223f93871c7fa267516c289bb23d6b,2026-04-28 01:10:00+00:00,300,300,0,299,0,0,3,1,0,0,2026-04-28 01:10:00+00:00,2026-04-28 01:15:00+00:00,2026-04-28 01:15:00.581683+00:00,300,True,Down,0,True
0x802f0def6475bff41a79bd99abe4a0bf66112b6d5f1d63b9759bac6f4ab51cf8,2026-04-28 01:45:00+00:00,300,300,0,299,0,0,0,2,0,0,2026-04-28 01:45:00+00:00,2026-04-28 01:50:00+00:00,2026-04-28 01:50:00.519891+00:00,300,True,Up,1,True
0x7407e37ee420210791646f63f6f1502376b25a725ebea0ddd22aa8120bb60119,2026-04-28 02:00:00+00:00,300,300,0,299,0,0,0,42,0,0,2026-04-28 02:00:00+00:00,2026-04-28 02:05:00+00:00,2026-04-28 02:05:00.527466+00:00,300,True,Up,1,True
0xf7d435a3ca98196772dcb2bd4563c206d66ceeb78e08b1eded15ef614dbb91b2,2026-04-28 02:05:00+00:00,300,300,0,299,0,0,34,0,0,0,2026-04-28 02:05:00+00:00,2026-04-28 02:10:00+00:00,2026-04-28 02:10:00.984593+00:00,300,True,Down,0,True
0x2dcd1a32328e99a9ca2a39d849bd5255157f227d0b850a5193169848f6c7ef6d,2026-04-28 02:10:00+00:00,300,300,0,299,0,0,0,7,0,0,2026-04-28 02:10:00+00:00,2026-04-28 02:15:00+00:00,2026-04-28 02:15:00.513286+00:00,300,True,Up,1,True
0x75c73716f37b2977f65e0c1c031fdfb8479115d563d29a99d9f19ae046563a0c,2026-04-28 02:15:00+00:00,300,300,0,299,0,0,0,14,0,0,2026-04-28 02:15:00+00:00,2026-04-28 02:20:00+00:00,2026-04-28 02:20:00.526266+00:00,300,True,Up,1,True
0xb8673bcfd49a6436f09a7ea93a57156e6255f2a2bf9da9a901040be061d48517,2026-04-28 02:20:00+00:00,300,300,0,299,0,0,3,0,0,0,2026-04-28 02:20:00+00:00,2026-04-28 02:25:00+00:00,2026-04-28 02:25:00.528586+00:00,300,True,Down,0,True
0xec23fa05013735a038cccc17351dfb8858713bac9585125b20cb2a65222fada8,2026-04-28 02:25:00+00:00,300,300,0,299,0,0,68,0,0,0,2026-04-28 02:25:00+00:00,2026-04-28 02:30:00+00:00,2026-04-28 02:30:00.607067+00:00,300,True,Down,0,True
0xc8c4013294b64bd3a4d9fc52d84ea5999fbc871843ee787ef62520894a3d3aa6,2026-04-28 03:00:00+00:00,300,300,0,299,0,0,24,0,0,0,2026-04-28 03:00:00+00:00,2026-04-28 03:05:00+00:00,2026-04-28 03:05:00.493345+00:00,300,True,Down,0,True
0x0625cde35f435d1e614d4b38700b35b58c21d51b6260171ad1bb7579765275a2,2026-04-28 03:05:00+00:00,300,300,0,299,0,0,5,0,0,0,2026-04-28 03:05:00+00:00,2026-04-28 03:10:00+00:00,2026-04-28 03:10:00.455458+00:00,300,True,Down,0,True
0x1d12ba12d99b0694d44376fe6cdafa085f462b7c0e23d04d5e09c2ba06bd9ba1,2026-04-28 03:15:00+00:00,300,300,0,299,0,0,2,0,0,0,2026-04-28 03:15:00+00:00,2026-04-28 03:20:00+00:00,2026-04-28 03:20:00.483665+00:00,300,True,Down,0,True
0x13f1ab73de80f9c83ce78fe51b2801b78afaf032b18ac07fe87d211228427c0e,2026-04-28 03:20:00+00:00,300,300,0,299,0,0,2,0,0,0,2026-04-28 03:20:00+00:00,2026-04-28 03:25:00+00:00,2026-04-28 03:25:00.491998+00:00,300,True,Down,0,True
0x6dbb2521adf3395c3718577bc24571903b53b672cc99c537e9364016cf2f46c4,2026-04-28 04:00:00+00:00,300,300,0,299,0,0,2,0,0,0,2026-04-28 04:00:00+00:00,2026-04-28 04:05:00+00:00,2026-04-28 04:05:00.670962+00:00,300,True,Down,0,True
0x4c74335802753d331e265bc5180275cdd00d828688ea6fc75ec66bca72493f87,2026-04-28 04:05:00+00:00,300,300,0,299,0,0,0,10,0,0,2026-04-28 04:05:00+00:00,2026-04-28 04:10:00+00:00,2026-04-28 04:10:00.480915+00:00,300,True,Up,1,True
0x2d53361a3dd31a1aa6e8e2ad8ba2846a08568610869147fc31edc660fd26f849,2026-04-28 04:10:00+00:00,300,300,0,299,0,0,0,26,0,0,2026-04-28 04:10:00+00:00,2026-04-28 04:15:00+00:00,2026-04-28 04:15:00.548457+00:00,300,True,Up,1,True
0xd8acb708f9ecf19a3cb1f6b09c05fac444e6dcd00042099f5d944240618269a1,2026-04-28 04:15:00+00:00,300,300,0,299,0,0,23,0,0,0,2026-04-28 04:15:00+00:00,2026-04-28 04:20:00+00:00,2026-04-28 04:20:00.508214+00:00,300,True,Down,0,True
0x742175bb505e1777989d4c0dc1318344e9868ee4e68cf939528d46f5d7de4b18,2026-04-28 04:20:00+00:00,300,300,0,299,0,0,43,0,0,0,2026-04-28 04:20:00+00:00,2026-04-28 04:25:00+00:00,2026-04-28 04:25:00.452557+00:00,300,True,Down,0,True
0x852d2d24bf142012a218f34c107121359dc5c276a435f2a85549c028bffc5706,2026-04-28 04:25:00+00:00,300,300,0,299,0,0,0,16,0,0,2026-04-28 04:25:00+00:00,2026-04-28 04:30:00+00:00,2026-04-28 04:30:00.581845+00:00,300,True,Up,1,True
0x654a5f6988479690bc9c7c1984fa2c69a80a1d55f296246c308d5d80fee2670d,2026-04-28 04:35:00+00:00,300,300,0,299,0,0,1,0,0,0,2026-04-28 04:35:00+00:00,2026-04-28 04:40:00+00:00,2026-04-28 04:40:00.343100+00:00,300,True,Down,0,True
0xe15df7f205f1f6d93c6c14afe77aab093b7af56b4c9b9df1665cdd9b96a3dcb7,2026-04-28 04:40:00+00:00,300,300,0,299,0,0,0,6,0,0,2026-04-28 04:40:00+00:00,2026-04-28 04:45:00+00:00,2026-04-28 04:45:00.634164+00:00,300,True,Up,1,True
0xb240b29c7ee65b36a58cd544b132157883612d4e2a527ce08ea79d8d701f6865,2026-04-28 04:45:00+00:00,300,300,0,299,0,0,0,70,0,0,2026-04-28 04:45:00+00:00,2026-04-28 04:50:00+00:00,2026-04-28 04:50:00.537365+00:00,300,True,Up,1,True
0xca89b2ee4cc5a948990bd0dbb8e5b69252c2b266925e3db8651f847e184812ed,2026-04-28 04:50:00+00:00,300,300,0,299,0,0,6,0,0,0,2026-04-28 04:50:00+00:00,2026-04-28 04:55:00+00:00,2026-04-28 04:55:00.509369+00:00,300,True,Down,0,True
0x4330f0e183ec2315e88ecc52ed4a1f36deba8cc84e4fefc74e9ab3aa003534b6,2026-04-28 05:00:00+00:00,300,300,0,299,0,0,0,39,0,0,2026-04-28 05:00:00+00:00,2026-04-28 05:05:00+00:00,2026-04-28 05:05:00.529674+00:00,300,True,Up,1,True
0x58660cc17742036d1991614765569ead5aaa4fb6ea96bdeb338f7253d04507f8,2026-04-28 05:05:00+00:00,300,300,0,299,0,0,0,1,0,0,2026-04-28 05:05:00+00:00,2026-04-28 05:10:00+00:00,2026-04-28 05:10:00.439096+00:00,300,True,Up,1,True
0xd0f08a797845771990393928d1c8542089f2ac571de1892ca26a453bb5149afe,2026-04-28 05:20:00+00:00,300,300,0,299,0,0,0,1,0,0,2026-04-28 05:20:00+00:00,2026-04-28 05:25:00+00:00,2026-04-28 05:25:00.485809+00:00,300,True,Up,1,True
0x0d31b92865ddaea80e56af06cc773590670e0405bf27ee0f60668fceda0ab28a,2026-04-28 05:25:00+00:00,300,300,0,299,0,0,0,68,0,0,2026-04-28 05:25:00+00:00,2026-04-28 05:30:00+00:00,2026-04-28 05:30:00.556862+00:00,300,True,Up,1,True
0x1b06123bdf7459d0410432c770f23bf53417dde112e2df1cdd35bb3460f7f504,2026-04-28 05:40:00+00:00,300,300,0,299,0,0,0,0,0,0,2026-04-28 05:40:00+00:00,2026-04-28 05:45:00+00:00,2026-04-28 05:45:00.527840+00:00,300,True,Down,0,True
0x600d1a5b0e17d59c0c921c039ed6fbf00087f6640e4cb50387611c0f14862e87,2026-04-28 05:50:00+00:00,300,300,0,299,0,0,0,24,0,0,2026-04-28 05:50:00+00:00,2026-04-28 05:55:00+00:00,2026-04-28 05:55:00.491038+00:00,300,True,Up,1,True
0xf41107c8c9a351307b01c92fc7e91eafbdb594ed8848dbf1b8c9d3383be3117a,2026-04-28 05:55:00+00:00,300,300,0,299,0,0,6,0,0,0,2026-04-28 05:55:00+00:00,2026-04-28 06:00:00+00:00,2026-04-28 06:00:00.833521+00:00,300,True,Down,0,True
0x4928f482b8e71723369867d543c358ddf8941ae5a2cfdf2528ba788b8246f44b,2026-04-28 06:00:00+00:00,300,300,0,299,0,0,0,46,0,0,2026-04-28 06:00:00+00:00,2026-04-28 06:05:00+00:00,2026-04-28 06:05:00.464509+00:00,300,True,Up,1,True
0x45b8ecc11656321c8057de22cab4e01d26dd1238c0bc20a7f53611507256782f,2026-04-28 06:15:00+00:00,300,300,0,299,0,0,2,0,0,0,2026-04-28 06:15:00+00:00,2026-04-28 06:20:00+00:00,2026-04-28 06:20:00.585708+00:00,300,True,Down,0,True
0xe81a33286cb57be7b5392509a077366d577211ac2c4966b50253a279533ae405,2026-04-28 06:20:00+00:00,300,300,0,299,0,0,48,0,0,0,2026-04-28 06:20:00+00:00,2026-04-28 06:25:00+00:00,2026-04-28 06:25:00.456743+00:00,300,True,Down,0,True
0x998c68a72b7f07782db7aad7bd4570b0a0452ec749c55a354c3b0bfba144add4,2026-04-28 06:25:00+00:00,300,300,0,299,0,0,0,15,0,0,2026-04-28 06:25:00+00:00,2026-04-28 06:30:00+00:00,2026-04-28 06:30:00.625702+00:00,300,True,Up,1,True
0xb9fd093f9428d88ac52d84bbb80bc9eb817f4d7725d215083c00dd6d15ab914e,2026-04-28 06:30:00+00:00,300,300,0,299,0,0,0,1,0,0,2026-04-28 06:30:00+00:00,2026-04-28 06:35:00+00:00,2026-04-28 06:35:00.551145+00:00,300,True,Up,1,True
0xcd8219d88c69c9096f852046919669b3c6832e0bea55041c67745f40a14b8ff8,2026-04-28 06:35:00+00:00,300,300,0,299,0,0,57,0,0,0,2026-04-28 06:35:00+00:00,2026-04-28 06:40:00+00:00,2026-04-28 06:40:00.515070+00:00,300,True,Down,0,True
0x3384f1cb6922ec04dc6986e2ac0d58d95f5d8477516611f3a94b320e78e444d1,2026-04-28 07:00:00+00:00,300,300,0,299,0,0,15,0,0,0,2026-04-28 07:00:00+00:00,2026-04-28 07:05:00+00:00,2026-04-28 07:05:00.527553+00:00,300,True,Down,0,True
0x0ebc260353e611cef2e0a41380c471e9ed283fa3e43bacb730af79412c712b58,2026-04-28 07:05:00+00:00,300,300,0,299,0,0,5,0,0,0,2026-04-28 07:05:00+00:00,2026-04-28 07:10:00+00:00,2026-04-28 07:10:00.494416+00:00,300,True,Down,0,True
0xeea8ec8add49107667c851a6fca225318615486318b71b5be7039c4254c56b46,2026-04-28 07:10:00+00:00,300,300,0,299,0,0,3,0,0,0,2026-04-28 07:10:00+00:00,2026-04-28 07:15:00+00:00,2026-04-28 07:15:00.588431+00:00,300,True,Down,0,True
0x50d676c657e37df1c26617384254613680f99d3d8e3f6c1d677633b7ea3c7e11,2026-04-28 07:30:00+00:00,300,300,0,299,0,0,0,42,0,0,2026-04-28 07:30:00+00:00,2026-04-28 07:35:00+00:00,2026-04-28 07:35:00.376069+00:00,300,True,Up,1,True
0x7508407b8c8cc770696b4a2b18339d7753bb82e72049210660bb4f097b976c55,2026-04-28 07:55:00+00:00,300,300,0,299,0,0,11,0,0,0,2026-04-28 07:55:00+00:00,2026-04-28 08:00:00+00:00,2026-04-28 08:00:00.654710+00:00,300,True,Down,0,True
0x1c4f29f26050caa947502c9afd62f562220752df50feb5913fa9e30c0b5f680b,2026-04-28 08:10:00+00:00,300,300,0,299,0,0,0,13,0,0,2026-04-28 08:10:00+00:00,2026-04-28 08:15:00+00:00,2026-04-28 08:15:00.627984+00:00,300,True,Up,1,True
0xda24788a7604cc195cbfaba29da85f316c4ea4170a7f265b5f4ac0c66a14fb44,2026-04-28 08:20:00+00:00,300,300,0,299,0,0,3,0,0,0,2026-04-28 08:20:00+00:00,2026-04-28 08:25:00+00:00,2026-04-28 08:25:00.449157+00:00,300,True,Down,0,True
0x4a3cb04f9db8cfb5a1a3ad046bff019b74a9c60701162add252a40bf19c042dc,2026-04-28 08:40:00+00:00,300,300,0,299,0,0,51,0,0,0,2026-04-28 08:40:00+00:00,2026-04-28 08:45:00+00:00,2026-04-28 08:45:00.744681+00:00,300,True,Down,0,True
0x153ee6c26f0635c1d93892ef7d1a0fb25e23af0e35c6bbcde73a682fb3de3c11,2026-04-28 08:45:00+00:00,300,300,0,299,0,0,0,1,0,0,2026-04-28 08:45:00+00:00,2026-04-28 08:50:00+00:00,2026-04-28 08:50:00.480085+00:00,300,True,,0,True
0x34a2ab832f81aaec307bfa8b6a534a82f070247668634566809f4150f0d6b181,2026-04-28 08:50:00+00:00,300,300,0,299,0,0,1,0,0,0,2026-04-28 08:50:00+00:00,2026-04-28 08:55:00+00:00,2026-04-28 08:55:00.500118+00:00,300,True,Down,0,True
0x5835dcb57e1a7b06868ad3ff0accd45216cb2b5580d8051df89ddaa6e4b60597,2026-04-28 09:00:00+00:00,300,300,0,299,0,0,32,0,0,0,2026-04-28 09:00:00+00:00,2026-04-28 09:05:00+00:00,2026-04-28 09:05:00.554020+00:00,300,True,Down,0,True
0xc3bccb4df7a233bdd9362d6db09dfc2ba84c27d444aab838faa4629b728ac815,2026-04-28 09:05:00+00:00,300,300,0,299,0,0,0,24,0,0,2026-04-28 09:05:00+00:00,2026-04-28 09:10:00+00:00,2026-04-28 09:10:00.496860+00:00,300,True,Up,1,True
0x8e1b09834184b05ad2c894721b50f56c00f67174db8448331223679e724c1486,2026-04-28 09:10:00+00:00,300,300,0,299,0,0,12,0,0,0,2026-04-28 09:10:00+00:00,2026-04-28 09:15:00+00:00,2026-04-28 09:15:00.579518+00:00,300,True,Down,0,True
0x45cca40f2ea2449788c10f6098c9e7ee33484979a785f79386ebee787e14344b,2026-04-28 09:15:00+00:00,300,300,0,299,0,0,0,2,0,0,2026-04-28 09:15:00+00:00,2026-04-28 09:20:00+00:00,2026-04-28 09:20:00.542086+00:00,300,True,Up,1,True
0xd7d91c2cc2e4a93781a22281451ee2d9f680d9bcc849bd3b1b46cdb3c6a8f77d,2026-04-28 09:20:00+00:00,300,300,0,299,0,0,51,0,0,0,2026-04-28 09:20:00+00:00,2026-04-28 09:25:00+00:00,2026-04-28 09:25:00.552708+00:00,300,True,Down,0,True
0x4a65de8243846c7c16d6c86331234651591937b5eaafd4a67a2a886399e4b21e,2026-04-28 09:25:00+00:00,300,300,0,299,0,0,0,1,0,0,2026-04-28 09:25:00+00:00,2026-04-28 09:30:00+00:00,2026-04-28 09:30:00.538744+00:00,300,True,Up,1,True
0xc04349531e1b6be10e98b568ba5771208e9b0c71457d85839cbc080e8241a67f,2026-04-28 09:35:00+00:00,300,300,0,299,0,0,0,6,0,0,2026-04-28 09:35:00+00:00,2026-04-28 09:40:00+00:00,2026-04-28 09:40:00.714292+00:00,300,True,Up,1,True
0xbc5b1f28188e489027bcdcfa98d130427934217838ddc5a9cf2622984f64c9a8,2026-04-28 09:40:00+00:00,300,300,0,299,0,0,6,0,0,0,2026-04-28 09:40:00+00:00,2026-04-28 09:45:00+00:00,2026-04-28 09:45:00.679925+00:00,300,True,Down,0,True
0x6e1df8bb810dcdcdd57c4d5c43262f45967bc7ff170e303a90915f1c9200aeaf,2026-04-28 09:45:00+00:00,300,300,0,299,0,0,64,0,0,0,2026-04-28 09:45:00+00:00,2026-04-28 09:50:00+00:00,2026-04-28 09:50:00.523899+00:00,300,True,Down,0,True
0x33512790621bd1514c4ea8f8011dc4f23a8fc1091846b573c1f6340d5d7b5071,2026-04-28 10:10:00+00:00,300,300,0,299,0,0,6,0,0,0,2026-04-28 10:10:00+00:00,2026-04-28 10:15:00+00:00,2026-04-28 10:15:00.548621+00:00,300,True,Down,0,True
0xa9ac7976a86dcdb8a6c4384a9a842b1c7a2a2e22f3cfcc64f5089756fea5cd9b,2026-04-28 10:30:00+00:00,300,300,0,299,0,0,0,58,0,0,2026-04-28 10:30:00+00:00,2026-04-28 10:35:00+00:00,2026-04-28 10:35:00.562411+00:00,300,True,Up,1,True
0x5fdf44240b200eac39a7650993dbd57afe5d70e164f4cb30375ad899a7c458b5,2026-04-28 10:50:00+00:00,300,300,0,299,0,0,4,1,0,0,2026-04-28 10:50:00+00:00,2026-04-28 10:55:00+00:00,2026-04-28 10:55:01.006962+00:00,300,True,Down,0,True
0xe1a36a2a67923ab83d07e3ba12ba4a9ecd03780049f4983d5e199bccea574aa7,2026-04-28 11:00:00+00:00,300,300,0,299,0,0,0,0,0,0,2026-04-28 11:00:00+00:00,2026-04-28 11:05:00+00:00,2026-04-28 11:05:00.515716+00:00,300,True,,0,True
0x7a319b743f977966c53108e2881a1f373215c8a834358de1d1ac0db35db30c83,2026-04-28 12:35:00+00:00,300,300,0,299,0,0,0,1,0,0,2026-04-28 12:35:00+00:00,2026-04-28 12:40:00+00:00,2026-04-28 12:40:00.627954+00:00,300,True,Up,1,True
0x033df59a59f9e860c43cf07a3cf6d6694702502d36a7d46517c0b3f340b62dc6,2026-04-28 12:40:00+00:00,300,300,0,299,0,0,0,6,0,0,2026-04-28 12:40:00+00:00,2026-04-28 12:45:00+00:00,2026-04-28 12:45:00.755835+00:00,300,True,Up,1,True
0x7825301723b17222927a479053d47d53856bc9f2d7cda215a575b561f2908ca7,2026-04-28 12:45:00+00:00,300,300,0,299,0,0,0,24,0,0,2026-04-28 12:45:00+00:00,2026-04-28 12:50:00+00:00,2026-04-28 12:50:00.490900+00:00,300,True,Up,1,True
0x1539ce8dfb340c1fc8e473628e8b0380da5fa99fd60471e8a27596923484e91f,2026-04-28 12:55:00+00:00,300,300,0,299,0,0,0,1,0,0,2026-04-28 12:55:00+00:00,2026-04-28 13:00:00+00:00,2026-04-28 13:00:01.158871+00:00,300,True,Up,1,True
0x72946552fd2393ec94d76879791b5e7d9dea4ca12bc23a05bc357936bc66f235,2026-04-28 13:00:00+00:00,300,300,0,299,0,0,36,0,0,0,2026-04-28 13:00:00+00:00,2026-04-28 13:05:00+00:00,2026-04-28 13:05:00.563888+00:00,300,True,Down,0,True
0x63eeea491e4bed5edd681e5f0537b32efc27d82f8a0587e8e9d647df2f4db876,2026-04-28 13:05:00+00:00,300,300,0,299,0,0,62,0,0,0,2026-04-28 13:05:00+00:00,2026-04-28 13:10:00+00:00,2026-04-28 13:10:00.546699+00:00,300,True,Down,0,True
0xb5aac6808247f68f47d23f86e7a46be5dc3d14ca92e74e3617471844d1d51895,2026-04-28 13:10:00+00:00,300,300,0,299,0,0,0,2,0,0,2026-04-28 13:10:00+00:00,2026-04-28 13:15:00+00:00,2026-04-28 13:15:00.581682+00:00,300,True,Up,1,True
0x7c337158169921e86941b94bbc78c6f054b7252dedeb570ab5f9ec68933225fc,2026-04-28 13:35:00+00:00,300,300,0,299,0,0,0,82,0,0,2026-04-28 13:35:00+00:00,2026-04-28 13:40:00+00:00,2026-04-28 13:40:00.550904+00:00,300,True,Up,1,True
0x540cc76134293d3a57e022b63b1af141de6929814c875348bbc6a0832e321027,2026-04-28 14:05:00+00:00,300,300,0,299,0,0,0,0,0,0,2026-04-28 14:05:00+00:00,2026-04-28 14:10:00+00:00,2026-04-28 14:10:00.572891+00:00,300,True,,1,True
0x557a5fc0bbd75e1dc196d6d046cd90f179def9c25b46cc60855c597c217091ef,2026-04-28 14:10:00+00:00,300,300,0,299,0,0,2,0,0,0,2026-04-28 14:10:00+00:00,2026-04-28 14:15:00+00:00,2026-04-28 14:15:00.609274+00:00,300,True,Down,0,True
0xe6a2d144c204410cd62605e6a6c2f558c0a7a9e42b9ada540aae23e0c893ef00,2026-04-28 15:15:00+00:00,300,300,0,299,0,0,0,2,0,0,2026-04-28 15:15:00+00:00,2026-04-28 15:20:00+00:00,2026-04-28 15:20:00.553938+00:00,300,True,Up,1,True
0x6a22205484f2cbe39bcb2f350b8daf45d8c32afc4488216e8ea89351f0ca7af4,2026-04-28 15:35:00+00:00,300,300,0,299,0,0,0,22,0,0,2026-04-28 15:35:00+00:00,2026-04-28 15:40:00+00:00,2026-04-28 15:40:00.534006+00:00,300,True,Up,1,True
0xf9fa5923b47c63bf22fee7096e7b620252fe8c99f6e3c61d67ea3723ee77006f,2026-04-28 15:40:00+00:00,300,300,0,299,0,0,30,0,0,0,2026-04-28 15:40:00+00:00,2026-04-28 15:45:00+00:00,2026-04-28 15:45:00.662295+00:00,300,True,Down,0,True
0xc56b6850553e4a1c26199837f1c90368e6e12c814c571c7ae6da5fd98ee506e7,2026-04-28 15:50:00+00:00,300,300,0,299,0,0,0,78,0,0,2026-04-28 15:50:00+00:00,2026-04-28 15:55:00+00:00,2026-04-28 15:55:00.512377+00:00,300,True,Up,1,True
0x7df545dabe5175999d68e6441bb59991ff1dedc6778751e3522cdb75a3940bca,2026-04-28 15:55:00+00:00,300,300,0,299,0,0,3,0,0,0,2026-04-28 15:55:00+00:00,2026-04-28 16:00:00+00:00,2026-04-28 16:00:00.795840+00:00,300,True,Down,0,True
0xe2f6925fdca33bd16adf69e664b14233f6ca7576eca7014c5770c98f020f9c88,2026-04-28 16:05:00+00:00,300,300,0,299,0,0,17,0,0,0,2026-04-28 16:05:00+00:00,2026-04-28 16:10:00+00:00,2026-04-28 16:10:00.559433+00:00,300,True,Down,0,True
0x59c28e870096f125b16079718293167b8a259a749134da67a35b648eb916fa8f,2026-04-28 16:10:00+00:00,300,300,0,299,0,0,0,0,0,0,2026-04-28 16:10:00+00:00,2026-04-28 16:15:00+00:00,2026-04-28 16:15:00.599690+00:00,300,True,,1,True
0xf3c90d5d9013172ead1ec0b8d84598ac23c82fc28c0fb0cb90f29e8dd53744b4,2026-04-28 16:15:00+00:00,300,300,0,299,0,0,10,0,0,0,2026-04-28 16:15:00+00:00,2026-04-28 16:20:00+00:00,2026-04-28 16:20:00.531284+00:00,300,True,Down,0,True
0x27e779f1c7fc02a74325f13efc8dcd2f86bb20989aaf3685dc46627c73f41210,2026-04-28 16:25:00+00:00,300,300,0,299,0,0,1,0,0,0,2026-04-28 16:25:00+00:00,2026-04-28 16:30:00+00:00,2026-04-28 16:30:00.743399+00:00,300,True,Down,0,True
0x6685f2b6bcd44587af75a1f67e6f05811cef5cbaf1b6f8e092b31c27b4427963,2026-04-28 16:35:00+00:00,300,300,0,299,0,0,3,0,0,0,2026-04-28 16:35:00+00:00,2026-04-28 16:40:00+00:00,2026-04-28 16:40:00.504983+00:00,300,True,Down,0,True
0xd987c855a04701f351e2047546da194890dfc1998af1a8c83deba712ef6b3776,2026-04-28 17:15:00+00:00,300,300,0,299,0,0,34,0,0,0,2026-04-28 17:15:00+00:00,2026-04-28 17:20:00+00:00,2026-04-28 17:20:00.579469+00:00,300,True,Down,0,True
0x60af07ff027d24dc4a8479feada3cbb7647d32f07ed6d424245839d406e605d9,2026-04-28 17:20:00+00:00,300,300,0,299,0,0,0,40,0,0,2026-04-28 17:20:00+00:00,2026-04-28 17:25:00+00:00,2026-04-28 17:25:00.487029+00:00,300,True,Up,1,True
0x6b0624884412554f19fd36b4aa547cd22ccd6833887a9f40dd134048f22d00fd,2026-04-28 17:35:00+00:00,300,300,0,299,0,0,0,0,0,0,2026-04-28 17:35:00+00:00,2026-04-28 17:40:00+00:00,2026-04-28 17:40:00.547026+00:00,300,True,Up,1,True
0xc671de1eff725fb96391655abff489e4a7275fb93a87e4d324aacec9f56fcc3e,2026-04-28 17:45:00+00:00,300,300,0,299,0,0,5,0,0,0,2026-04-28 17:45:00+00:00,2026-04-28 17:50:00+00:00,2026-04-28 17:50:00.523873+00:00,300,True,Down,0,True
0x5e1d12e8014c99323b47640c1b5026739d60913caf594e1aa7c4b33f8d3e6fb1,2026-04-28 17:50:00+00:00,300,300,0,299,0,0,17,0,0,0,2026-04-28 17:50:00+00:00,2026-04-28 17:55:00+00:00,2026-04-28 17:55:00.538571+00:00,300,True,Down,0,True
0x8b79b56b732aaad2e240dccba562acac01d25b8e41a8236daffde552bc0506ba,2026-04-28 18:00:00+00:00,300,300,0,299,0,0,0,25,0,0,2026-04-28 18:00:00+00:00,2026-04-28 18:05:00+00:00,2026-04-28 18:05:00.536588+00:00,300,True,Up,1,True
0x5f9ee9d8d051d9ee5708915219410371cfe477b09567b1585a5083270e969f2d,2026-04-28 18:05:00+00:00,300,300,0,299,0,0,40,0,0,0,2026-04-28 18:05:00+00:00,2026-04-28 18:10:00+00:00,2026-04-28 18:10:00.525360+00:00,300,True,Down,0,True
0x2d23fe3b873be80aa174499da865012a2cc7366dd74b2e41cce3b07a3553aec5,2026-04-28 18:20:00+00:00,300,300,0,299,0,0,0,22,0,0,2026-04-28 18:20:00+00:00,2026-04-28 18:25:00+00:00,2026-04-28 18:25:00.495136+00:00,300,True,Up,1,True
0xec2c3901e6c2c0f66c249b4d4dde226fe70d2081d8210270098eb4b7352187a7,2026-04-28 18:25:00+00:00,300,300,0,299,0,0,14,0,0,0,2026-04-28 18:25:00+00:00,2026-04-28 18:30:00+00:00,2026-04-28 18:30:00.587963+00:00,300,True,Down,0,True
0x884afc14b88dae3cbbbb4c4908d01467e72eeeb36c9a10979107d88a89d95103,2026-04-28 18:40:00+00:00,300,300,0,299,0,0,16,0,0,0,2026-04-28 18:40:00+00:00,2026-04-28 18:45:00+00:00,2026-04-28 18:45:00.765607+00:00,300,True,Down,0,True
0x350c07fae895b79705135d7e01d6adcc74d8f617427920955633d6dbb4b424a4,2026-04-28 18:50:00+00:00,300,300,0,299,0,0,0,18,0,0,2026-04-28 18:50:00+00:00,2026-04-28 18:55:00+00:00,2026-04-28 18:55:00.520594+00:00,300,True,Up,1,True
0x05f695092bee1b3223c793e671e1aef9473d29b02a3c242a357d8a01fd48e4fd,2026-04-28 19:00:00+00:00,300,300,0,299,0,0,35,0,0,0,2026-04-28 19:00:00+00:00,2026-04-28 19:05:00+00:00,2026-04-28 19:05:00.560489+00:00,300,True,Down,0,True
0x8ade9783de7585ae2e5d88a49304660a484fc35d219e9272309b11c18b62301b,2026-04-28 19:25:00+00:00,300,300,0,299,0,0,0,23,0,0,2026-04-28 19:25:00+00:00,2026-04-28 19:30:00+00:00,2026-04-28 19:30:00.606945+00:00,300,True,Up,1,True
0x72bfe6ca8db66f1b379e6566a871447c6ca757f894cffe8f981096fec0f2ae72,2026-04-28 19:35:00+00:00,300,300,0,299,0,0,0,41,0,0,2026-04-28 19:35:00+00:00,2026-04-28 19:40:00+00:00,2026-04-28 19:40:00.527440+00:00,300,True,Up,1,True
0xb4eb5e8083cdb623dbe58e88e56cabb1c117849d9d3324783ee6ed380ca26f97,2026-04-28 19:40:00+00:00,300,300,0,299,0,0,0,41,0,0,2026-04-28 19:40:00+00:00,2026-04-28 19:45:00+00:00,2026-04-28 19:45:00.775481+00:00,300,True,Up,1,True
0x3c0b4aba7f40a1b3a4e62e4ffab0867f1cc7d218ba907b1132981baf11acf1b5,2026-04-28 20:35:00+00:00,300,300,0,299,0,0,3,0,0,0,2026-04-28 20:35:00+00:00,2026-04-28 20:40:00+00:00,2026-04-28 20:40:00.546243+00:00,300,True,Down,0,True
0xf8a82006d697c046798a467a5755171e45e051e2e095dce89b727f0364efb23f,2026-04-28 21:00:00+00:00,300,300,0,299,0,0,0,1,0,0,2026-04-28 21:00:00+00:00,2026-04-28 21:05:00+00:00,2026-04-28 21:05:00.592986+00:00,300,True,Up,1,True
0xbd301cb8eeefe0551541e045bc29af5c1719818a3ef74f1e446768c6a42e5483,2026-04-28 21:30:00+00:00,300,300,0,299,0,0,0,19,0,0,2026-04-28 21:30:00+00:00,2026-04-28 21:35:00+00:00,2026-04-28 21:35:00.638754+00:00,300,True,Up,1,True
0x1de12b516cfdbafd152ae44e7b3a6d76c4b95d78d1b3071c08a737fa3cf64af1,2026-04-28 21:40:00+00:00,300,300,0,299,0,0,22,0,0,0,2026-04-28 21:40:00+00:00,2026-04-28 21:45:00+00:00,2026-04-28 21:45:00.754865+00:00,300,True,Down,0,True
0xcc601cc498e1005f570409311d7db582a65e3e309d5915a11255af2dfe65760f,2026-04-28 21:45:00+00:00,300,300,0,299,0,0,0,3,0,0,2026-04-28 21:45:00+00:00,2026-04-28 21:50:00+00:00,2026-04-28 21:50:00.474817+00:00,300,True,Up,1,True
0x5f0f1697ded8959ed337b42d09abd7b0a563db7464d44719dfbfa598da780d54,2026-04-28 21:50:00+00:00,300,300,0,299,0,0,22,0,0,0,2026-04-28 21:50:00+00:00,2026-04-28 21:55:00+00:00,2026-04-28 21:55:00.527221+00:00,300,True,Down,0,True
0xaa9a1a410aed93554c07e78de1a878a4fa62d93fc7352c1879e32cdcc010ba26,2026-04-28 21:55:00+00:00,300,300,0,299,0,0,0,52,0,0,2026-04-28 21:55:00+00:00,2026-04-28 22:00:00+00:00,2026-04-28 22:00:00.869700+00:00,300,True,Up,1,True
0x0709760f51e7f512b1b47d704060fe9549ec490ebea54ee344581a5187f20055,2026-04-28 22:00:00+00:00,300,300,0,299,0,0,0,27,0,0,2026-04-28 22:00:00+00:00,2026-04-28 22:05:00+00:00,2026-04-28 22:05:00.482455+00:00,300,True,Up,1,True
0xe3a4303046758405fa51bca6ba4a0c955aa151554422ffd64ec57067c2873b6d,2026-04-28 22:05:00+00:00,300,300,0,299,0,0,0,2,0,0,2026-04-28 22:05:00+00:00,2026-04-28 22:10:00+00:00,2026-04-28 22:10:00.542908+00:00,300,True,Up,1,True
0x63b6cfb338976e3e450aaff6096931138ec27e81b10d3efd0b9eb931192624bb,2026-04-28 22:20:00+00:00,300,300,0,299,0,0,0,0,0,0,2026-04-28 22:20:00+00:00,2026-04-28 22:25:00+00:00,2026-04-28 22:25:00.526889+00:00,300,True,Up,1,True
0x2977d500cd9c8177b338d2793eb779808fe4b23325d4b984c9097b7cad8ee8fe,2026-04-28 22:25:00+00:00,300,300,0,299,0,0,1,0,0,0,2026-04-28 22:25:00+00:00,2026-04-28 22:30:00+00:00,2026-04-28 22:30:00.595164+00:00,300,True,Down,0,True
0x3f911422c311a6451e0c9d5a609099c203c611a4f2dacac55b731f08bf498271,2026-04-28 22:30:00+00:00,300,300,0,299,0,0,0,4,0,0,2026-04-28 22:30:00+00:00,2026-04-28 22:35:00+00:00,2026-04-28 22:35:00.535478+00:00,300,True,Up,1,True
0xf1855d47c0f70732e3d51cf9b690139ea24d31fed71552c8d195b1c60a1aef82,2026-04-28 22:35:00+00:00,300,300,0,299,0,0,20,0,0,0,2026-04-28 22:35:00+00:00,2026-04-28 22:40:00+00:00,2026-04-28 22:40:00.519861+00:00,300,True,Down,0,True
0xf8b3c850acadd4716eba192241c3c22a05bd9e47dd303b6455ccdb508d036cf0,2026-04-28 22:45:00+00:00,300,300,0,299,0,0,1,0,0,0,2026-04-28 22:45:00+00:00,2026-04-28 22:50:00+00:00,2026-04-28 22:50:00.568305+00:00,300,True,Down,0,True
0xd69269d7745293afc7a93e21edaf46511f40c66d0803626e45a8c8c186d7bcc3,2026-04-28 22:50:00+00:00,300,300,0,299,0,0,48,0,0,0,2026-04-28 22:50:00+00:00,2026-04-28 22:55:00+00:00,2026-04-28 22:55:00.528026+00:00,300,True,Down,0,True
0x33f53846823d826ba7b9ccc4bc094e38262651b8e7026e8d032c441fe8c715da,2026-04-28 22:55:00+00:00,300,300,0,299,0,0,0,18,0,0,2026-04-28 22:55:00+00:00,2026-04-28 23:00:00+00:00,2026-04-28 23:00:00.851388+00:00,300,True,Up,1,True
0x91b23f49b8d3e78ea474cde6f6ffcc5e09e1440c53b13abbd280f3e1800eafad,2026-04-28 23:15:00+00:00,300,300,0,299,0,0,33,0,0,0,2026-04-28 23:15:00+00:00,2026-04-28 23:20:00+00:00,2026-04-28 23:20:00.520893+00:00,300,True,Down,0,True
0x671113cdb16fa7d9945c5b171c42245fc323c6830d137a14038d759e4bea0075,2026-04-28 23:30:00+00:00,300,300,0,299,0,0,3,0,0,0,2026-04-28 23:30:00+00:00,2026-04-28 23:35:00+00:00,2026-04-28 23:35:00.423129+00:00,300,True,Down,0,True
0x164b162a845636edc857cee4333b4321bc20f8f239e785a754bbce3f54ccd2fa,2026-04-28 23:40:00+00:00,300,300,0,299,0,0,0,13,0,0,2026-04-28 23:40:00+00:00,2026-04-28 23:45:00+00:00,2026-04-28 23:45:00.696386+00:00,300,True,Up,1,True
0xefbe39d87df6aa0992b83ca05f2c78bf9ec8fc8673a880291c0970c95e0411db,2026-04-28 23:50:00+00:00,300,300,0,299,0,0,0,4,0,0,2026-04-28 23:50:00+00:00,2026-04-28 23:55:00+00:00,2026-04-28 23:55:00.621653+00:00,300,True,Up,1,True
0x28359384d25ed626c75bfb7c216edbbdc8a2dd1a330b5fb8f6b6100a72af7623,2026-04-28 23:55:00+00:00,300,300,0,299,0,0,3,0,0,0,2026-04-28 23:55:00+00:00,2026-04-29 00:00:00+00:00,2026-04-29 00:00:00.866689+00:00,300,True,Down,0,True
0xa647214b44a16aab430e01b9f3a212239fb5b5f7e7905ba4be92b5f97377205f,2026-04-29 00:00:00+00:00,300,300,0,299,0,0,0,1,0,0,2026-04-29 00:00:00+00:00,2026-04-29 00:05:00+00:00,2026-04-29 00:05:00.488418+00:00,300,True,Up,1,True
0xf404989ec2daf704931683ccd3cfcde2ea94c5d17a991152cd8a33fd4936e10f,2026-04-29 00:05:00+00:00,300,300,0,299,0,0,0,3,0,0,2026-04-29 00:05:00+00:00,2026-04-29 00:10:00+00:00,2026-04-29 00:10:00.484114+00:00,300,True,Up,1,True
0x155f7f3a93a48d32e378cf637e72ae7e723c3d9b3e1c0feca953d4b14cd08efe,2026-04-29 00:10:00+00:00,300,300,0,299,0,0,2,0,0,0,2026-04-29 00:10:00+00:00,2026-04-29 00:15:00+00:00,2026-04-29 00:15:00.626194+00:00,300,True,Down,0,True
0x2533ac13185eadc9bf06e1bb8d44b9f1dda127d5dc14c73ffcbfbae9282a5d64,2026-04-29 00:20:00+00:00,300,300,0,299,0,0,2,0,0,0,2026-04-29 00:20:00+00:00,2026-04-29 00:25:00+00:00,2026-04-29 00:25:00.526996+00:00,300,True,Down,0,True
0x87b0628784a2aeb5be24715095e2fb0e7c7c45329fdd2d8f01ca2b0d507ca307,2026-04-29 00:25:00+00:00,300,300,0,299,0,0,7,0,0,0,2026-04-29 00:25:00+00:00,2026-04-29 00:30:00+00:00,2026-04-29 00:30:00.615613+00:00,300,True,Down,0,True
0x584e2e59e0281f6c6562e794f980404c3ba74be23834074dc07e0d6e078491fb,2026-04-29 00:30:00+00:00,300,300,0,299,0,0,5,0,0,0,2026-04-29 00:30:00+00:00,2026-04-29 00:35:00+00:00,2026-04-29 00:35:00.545938+00:00,300,True,Down,0,True
0x736d664b1efb836b43d16877a612d96b27e988c660cca8ac732dc02a8ffebfa9,2026-04-29 00:35:00+00:00,300,300,0,299,0,0,0,6,0,0,2026-04-29 00:35:00+00:00,2026-04-29 00:40:00+00:00,2026-04-29 00:40:00.504716+00:00,300,True,Up,1,True
0x00139f07297e02d7813848ec9086a7202e7cf2d87cbe95636bbce2aba8f16c80,2026-04-29 01:15:00+00:00,300,300,0,299,0,0,29,0,0,0,2026-04-29 01:15:00+00:00,2026-04-29 01:20:00+00:00,2026-04-29 01:20:00.563433+00:00,300,True,Down,0,True
0xabb3fa579766cb6a2301b7e71262c5d21fd2a660848b12187b851d2f661091ef,2026-04-29 01:30:00+00:00,300,300,0,299,0,0,0,7,0,0,2026-04-29 01:30:00+00:00,2026-04-29 01:35:00+00:00,2026-04-29 01:35:00.481211+00:00,300,True,Up,1,True
0x490e7452e3ff0044a9fe085d5254d0b7ade4b6db4e8106744cad1493327c5901,2026-04-29 02:20:00+00:00,300,300,0,299,0,0,34,0,0,0,2026-04-29 02:20:00+00:00,2026-04-29 02:25:00+00:00,2026-04-29 02:25:00.489998+00:00,300,True,Down,0,True
0x82fdb141c6045fbe14b342dcf3e401da28b614c02c395cea3e2c194a2dc11637,2026-04-29 02:35:00+00:00,300,300,0,299,0,0,1,0,0,0,2026-04-29 02:35:00+00:00,2026-04-29 02:40:00+00:00,2026-04-29 02:40:00.577677+00:00,300,True,Down,0,True
0x35c346d4596c9e7c6f86e386277c2b445235ff620c893de4b71c8b6e69643516,2026-04-29 02:45:00+00:00,300,300,0,299,0,0,0,32,0,0,2026-04-29 02:45:00+00:00,2026-04-29 02:50:00+00:00,2026-04-29 02:50:00.422438+00:00,300,True,Up,1,True
0x9fcf453e73ff08ab5c63ac8eb2aef19dc865197ff01e2c1f1d470762839ba47e,2026-04-29 02:50:00+00:00,300,300,0,299,0,0,0,0,0,0,2026-04-29 02:50:00+00:00,2026-04-29 02:55:00+00:00,2026-04-29 02:55:00.549004+00:00,300,True,,0,True
0x041d9804a65b241069793a67f17150bccdfd7a6895b35e5716de8d87094dc32f,2026-04-29 03:00:00+00:00,300,300,0,299,0,0,1,0,0,0,2026-04-29 03:00:00+00:00,2026-04-29 03:05:00+00:00,2026-04-29 03:05:00.529497+00:00,300,True,Down,0,True
0x71fba4fbf76c39fb0ee1ba6e2c5666f15ea5dec79b8b111649b4064ba4178b8e,2026-04-29 03:15:00+00:00,300,300,0,299,0,0,0,97,0,0,2026-04-29 03:15:00+00:00,2026-04-29 03:20:00+00:00,2026-04-29 03:20:00.558314+00:00,300,True,Up,1,True
0xf5e22b4aa800f506ebff07d0104b1df6046caa25f7566a2832a5a49ca9625035,2026-04-29 04:15:00+00:00,300,300,0,299,0,0,0,11,0,0,2026-04-29 04:15:00+00:00,2026-04-29 04:20:00+00:00,2026-04-29 04:20:00.646305+00:00,300,True,Up,1,True
0xac082d4e6934d430598411234ff2db74e7a4c7914fee15f3ccfe9a141bbb60b8,2026-04-29 05:10:00+00:00,300,300,0,299,0,0,13,0,0,0,2026-04-29 05:10:00+00:00,2026-04-29 05:15:00+00:00,2026-04-29 05:15:00.566176+00:00,300,True,Down,0,True
0x46becbd50ab5498dd1ac88682222ab3b99e2cc0e480d01d5fb7dcd2e36bfde76,2026-04-29 05:20:00+00:00,300,300,0,299,0,0,0,4,0,0,2026-04-29 05:20:00+00:00,2026-04-29 05:25:00+00:00,2026-04-29 05:25:00.569061+00:00,300,True,Up,1,True
0xc40242f98ea784809e24f1a1d4cf86ded47a8e21992e8735e610be3917feeb1e,2026-04-29 05:25:00+00:00,300,300,0,299,0,0,0,2,0,0,2026-04-29 05:25:00+00:00,2026-04-29 05:30:00+00:00,2026-04-29 05:30:00.646346+00:00,300,True,Up,1,True
0x956ee3ab2e4d4ac619a3b2624764ef4f74530b691c9c5f11bf686ae31a635516,2026-04-29 05:40:00+00:00,300,300,0,299,0,0,3,0,0,0,2026-04-29 05:40:00+00:00,2026-04-29 05:45:00+00:00,2026-04-29 05:45:00.693750+00:00,300,True,Down,0,True
0x368694a3225e2490e2571f80421e87528592cfef0ac429c2267b1d2994f40f39,2026-04-29 05:45:00+00:00,300,300,0,299,0,0,0,3,0,0,2026-04-29 05:45:00+00:00,2026-04-29 05:50:00+00:00,2026-04-29 05:50:00.528617+00:00,300,True,Up,1,True
0x8ad6670285c69500c2a0563117acc860c464d59aec78566ed845705f7bab7d65,2026-04-29 06:15:00+00:00,300,300,0,299,0,0,3,0,0,0,2026-04-29 06:15:00+00:00,2026-04-29 06:20:00+00:00,2026-04-29 06:20:00.502792+00:00,300,True,Down,0,True
0x104f27e82a923cf3832854ae080bd8838ad288ee719e5cb1ac140e3b982d8f3d,2026-04-29 06:20:00+00:00,300,300,0,299,0,0,6,0,0,0,2026-04-29 06:20:00+00:00,2026-04-29 06:25:00+00:00,2026-04-29 06:25:00.543315+00:00,300,True,Down,0,True
0x725d49504ebb3d7467baa1b442f14fd1ecf31408aaa55c2d0aee5279b8d28719,2026-04-29 06:25:00+00:00,300,300,0,299,0,0,32,0,0,0,2026-04-29 06:25:00+00:00,2026-04-29 06:30:00+00:00,2026-04-29 06:30:00.548771+00:00,300,True,Down,0,True
0xd2edb61ffbc70375b77f0644e50e2da3d28336ce34b8d2206c4fdbb9a2618918,2026-04-29 06:30:00+00:00,300,300,0,299,0,0,21,0,0,0,2026-04-29 06:30:00+00:00,2026-04-29 06:35:00+00:00,2026-04-29 06:35:00.492501+00:00,300,True,Down,0,True
0xdf0c4e578f3289bf7e4f27b62da7ef8d4d4822c289c702fb7fca977b0036f173,2026-04-29 06:50:00+00:00,300,300,0,299,0,0,52,0,0,0,2026-04-29 06:50:00+00:00,2026-04-29 06:55:00+00:00,2026-04-29 06:55:00.702736+00:00,300,True,Down,0,True
0x6f1470a27db536c8856e4de0d22ffe5b539bdd357138b5a674cbb35f261a3d52,2026-04-29 07:05:00+00:00,300,300,0,299,0,0,0,2,0,0,2026-04-29 07:05:00+00:00,2026-04-29 07:10:00+00:00,2026-04-29 07:10:00.494036+00:00,300,True,Up,0,True
0x96e7e986dc33ac77404a64f85034cf65983be9265dc1ccf251a410299277397a,2026-04-29 07:15:00+00:00,300,300,0,299,0,0,21,0,0,0,2026-04-29 07:15:00+00:00,2026-04-29 07:20:00+00:00,2026-04-29 07:20:00.514160+00:00,300,True,Down,0,True
0xed8e3554913cac7fb0b131fdf5ff3b23bd23ed368e0d22c5a84c48e0537257a4,2026-04-29 07:20:00+00:00,300,300,0,299,0,0,0,2,0,0,2026-04-29 07:20:00+00:00,2026-04-29 07:25:00+00:00,2026-04-29 07:25:00.559598+00:00,300,True,Up,1,True
0x07432411fdc2f7479ec2ac7f2b64d593a57f3ca3df6df933622cbf9242cb4317,2026-04-29 07:25:00+00:00,300,300,0,299,0,0,0,3,0,0,2026-04-29 07:25:00+00:00,2026-04-29 07:30:00+00:00,2026-04-29 07:30:00.850998+00:00,300,True,Up,1,True
0xf5a22983e6b9f21c143319fc00fc27b7afd1bf9f62bca312ecffa3049a382cc6,2026-04-29 07:30:00+00:00,300,300,0,299,0,0,0,11,0,0,2026-04-29 07:30:00+00:00,2026-04-29 07:35:00+00:00,2026-04-29 07:35:00.539975+00:00,300,True,Up,1,True
0xba9a62fcf62830d8fd1bca5803b822cbe97e6cf940a7d4d7e18e11e21ea4d86b,2026-04-29 07:40:00+00:00,300,300,0,299,0,0,0,4,0,0,2026-04-29 07:40:00+00:00,2026-04-29 07:45:00+00:00,2026-04-29 07:45:00.580947+00:00,300,True,Up,1,True
0x9d17034e74944c6f9fc8ede7d0b89ba3e2464c6151da2a22221bb0f2b580a88d,2026-04-29 07:50:00+00:00,300,300,0,299,0,0,32,0,0,0,2026-04-29 07:50:00+00:00,2026-04-29 07:55:00+00:00,2026-04-29 07:55:00.500885+00:00,300,True,Down,0,True
0x0ef17ee1b5eb1b90383f4e61f492241541d4793ebdfe42b307d3bb7ecb1c168b,2026-04-29 08:00:00+00:00,300,300,0,299,0,0,4,2,0,0,2026-04-29 08:00:00+00:00,2026-04-29 08:05:00+00:00,2026-04-29 08:05:00.430272+00:00,300,True,,0,True
0x4736b6263b675d95592df604a0e65548ae70b42fef770a2cfb7b92d222f3d6e4,2026-04-29 08:05:00+00:00,300,300,0,299,0,0,17,0,0,0,2026-04-29 08:05:00+00:00,2026-04-29 08:10:00+00:00,2026-04-29 08:10:00.470508+00:00,300,True,Down,0,True
0x642b756348cdfe70cfb9587511067554476d3c9f39e03bad2c6db1815bed3a2c,2026-04-29 08:10:00+00:00,300,300,0,299,0,0,0,41,0,0,2026-04-29 08:10:00+00:00,2026-04-29 08:15:00+00:00,2026-04-29 08:15:00.601439+00:00,300,True,Up,1,True
0x60ae7ac26e3c7736343eb155dfce766a7030326c97073ba8e7326d86d58abea7,2026-04-29 08:15:00+00:00,300,300,0,299,0,0,0,45,0,0,2026-04-29 08:15:00+00:00,2026-04-29 08:20:00+00:00,2026-04-29 08:20:00.553872+00:00,300,True,Up,1,True
0xa2661d0da873a08eddd686a76b34055ea6a0c6d64f47b9faf23282982390d15d,2026-04-29 08:20:00+00:00,300,300,0,299,0,0,0,0,0,0,2026-04-29 08:20:00+00:00,2026-04-29 08:25:00+00:00,2026-04-29 08:25:00.495419+00:00,300,True,,1,True
0x9b7c160f2050c415cd3bfa8a9284cfe6513854226c67858bde0f7d63e308925d,2026-04-29 08:25:00+00:00,300,300,0,299,0,0,1,1,0,0,2026-04-29 08:25:00+00:00,2026-04-29 08:30:00+00:00,2026-04-29 08:30:00.611179+00:00,300,True,Up,1,True
0x8923449ade636fdab3550ba7e53b77c5a75a287dcc2b519800c16e7dde41de7b,2026-04-29 08:30:00+00:00,300,300,0,299,0,0,60,0,0,0,2026-04-29 08:30:00+00:00,2026-04-29 08:35:00+00:00,2026-04-29 08:35:00.732414+00:00,300,True,Down,0,True
0x576ef88f32245d4fedf4afd9d6e22eecd1b25937f74a8352c2717ac52e1e2e1e,2026-04-29 08:40:00+00:00,300,300,0,299,0,0,0,10,0,0,2026-04-29 08:40:00+00:00,2026-04-29 08:45:00+00:00,2026-04-29 08:45:00.563341+00:00,300,True,Up,1,True
0xaf028022c245d2abf8d2b6d199bf447f30aa8320afe56b6af51034141db1c793,2026-04-29 08:45:00+00:00,300,300,0,299,0,0,5,0,0,0,2026-04-29 08:45:00+00:00,2026-04-29 08:50:00+00:00,2026-04-29 08:50:00.522037+00:00,300,True,Down,0,True
0x1f3134dfd7d3e211da289517769c0acba1a6fe06db939cc0f7d7e84ca57d6cc3,2026-04-29 08:50:00+00:00,300,300,0,299,0,0,0,1,0,0,2026-04-29 08:50:00+00:00,2026-04-29 08:55:00+00:00,2026-04-29 08:55:00.591167+00:00,300,True,Up,1,True
0xe9e91c2e5d8e2ce50d7852c32c63c2407adcd0c9e7633a953c0ed49a291712bc,2026-04-29 08:55:00+00:00,300,300,0,299,0,0,0,0,0,0,2026-04-29 08:55:00+00:00,2026-04-29 09:00:00+00:00,2026-04-29 09:00:00.738462+00:00,300,True,,0,True
0x4ddafc08bd1ab17e4fa1f1da2e4683f231830bc89ac79e20c50c10ba001d63f8,2026-04-29 09:00:00+00:00,300,300,0,299,0,0,21,0,0,0,2026-04-29 09:00:00+00:00,2026-04-29 09:05:00+00:00,2026-04-29 09:05:00.476791+00:00,300,True,Down,0,True
0xf678a3fb57e4c974147b8ee75ace78d27d1460147030e133b64f49a4d7c8d9f8,2026-04-29 09:05:00+00:00,300,300,0,299,0,0,39,0,0,0,2026-04-29 09:05:00+00:00,2026-04-29 09:10:00+00:00,2026-04-29 09:10:00.512033+00:00,300,True,Down,0,True
0x7102873ec3e329d92d401fc5d51a1f2b201924ed5981d258c7a938309d7e3315,2026-04-29 09:15:00+00:00,300,300,0,299,0,0,0,8,0,0,2026-04-29 09:15:00+00:00,2026-04-29 09:20:00+00:00,2026-04-29 09:20:00.575060+00:00,300,True,Up,1,True
0x7fd4b93d32b6c041dd29c5dd4959f580c5f0267e91a7aeb9a5969f7d8e6e6d81,2026-04-29 09:20:00+00:00,300,300,0,299,0,0,0,32,0,0,2026-04-29 09:20:00+00:00,2026-04-29 09:25:00+00:00,2026-04-29 09:25:00.570223+00:00,300,True,Up,1,True
0x517a6900d723b9010e326a39eecbab86c6bdcfcf7b04daa24e87b1104ba7fcfa,2026-04-29 10:50:00+00:00,300,300,0,299,0,0,3,0,0,0,2026-04-29 10:50:00+00:00,2026-04-29 10:55:00+00:00,2026-04-29 10:55:00.517724+00:00,300,True,Down,0,True
0xcd9a8cd4ebceb2ecdfacde16479ed4002bef8aa4b9cef85212a9f840ea3b0737,2026-04-29 11:05:00+00:00,300,300,0,299,0,0,68,0,0,0,2026-04-29 11:05:00+00:00,2026-04-29 11:10:00+00:00,2026-04-29 11:10:00.499537+00:00,300,True,Down,0,True
0xd582e73c932534e60574ac3c80023a055fe88aa4c3fc25089f51a21b72b73f14,2026-04-29 11:15:00+00:00,300,300,0,299,0,0,15,0,0,0,2026-04-29 11:15:00+00:00,2026-04-29 11:20:00+00:00,2026-04-29 11:20:00.580944+00:00,300,True,Down,0,True
0x9020cdf659f06964f39769a689768f65a980ff9f4d392f7b70a71902ac1b30f4,2026-04-29 11:20:00+00:00,300,300,0,299,0,0,3,0,0,0,2026-04-29 11:20:00+00:00,2026-04-29 11:25:00+00:00,2026-04-29 11:25:00.564026+00:00,300,True,Down,0,True
0x1444a73703ab5f133f04b59ba516b149b89f8b81b46d62eef619147cb047ef6d,2026-04-29 11:30:00+00:00,300,300,0,299,0,0,0,31,0,0,2026-04-29 11:30:00+00:00,2026-04-29 11:35:00+00:00,2026-04-29 11:35:00.508280+00:00,300,True,Up,1,True
0xf1aa1a56d623d1678a96cc9c2b6017d9ffd46c44d0cfbe61858f3faf43b36a71,2026-04-29 11:35:00+00:00,300,300,0,299,0,0,0,56,0,0,2026-04-29 11:35:00+00:00,2026-04-29 11:40:00+00:00,2026-04-29 11:40:00.431281+00:00,300,True,Up,1,True
0x1361f7be9af5921244f55ed6d71ea0701ecf0fa2b63d959d5c31bfed23f5ab5d,2026-04-29 11:40:00+00:00,300,300,0,299,0,0,16,0,0,0,2026-04-29 11:40:00+00:00,2026-04-29 11:45:00+00:00,2026-04-29 11:45:00.590602+00:00,300,True,Down,0,True
0xb6cc35bc76589fbf55a9b27dbe5b43dd1e082419cbbc23f52d3a01d5c20518fa,2026-04-29 11:50:00+00:00,300,300,0,299,0,0,1,1,0,0,2026-04-29 11:50:00+00:00,2026-04-29 11:55:00+00:00,2026-04-29 11:55:00.542497+00:00,300,True,Down,0,True
0x33b20a12231a74cd45b6d44da46034a653613efd8ffc76b93e18ef0541a898a5,2026-04-29 12:00:00+00:00,300,300,0,299,0,0,43,0,0,0,2026-04-29 12:00:00+00:00,2026-04-29 12:05:00+00:00,2026-04-29 12:05:00.579700+00:00,300,True,Down,0,True
0x5f025a018ec1f1d961061fcd3db7a81f5e413be17644b3567840c5f39de19971,2026-04-29 12:50:00+00:00,300,300,0,299,0,0,0,1,0,0,2026-04-29 12:50:00+00:00,2026-04-29 12:55:00+00:00,2026-04-29 12:55:00.530835+00:00,300,True,Up,1,True
0x1a977b34ef4bd4add03ad7ef4e05921b80ddec54760f45d75f0bcc3eaea76d21,2026-04-29 13:00:00+00:00,300,300,0,299,0,0,0,0,0,0,2026-04-29 13:00:00+00:00,2026-04-29 13:05:00+00:00,2026-04-29 13:05:00.507867+00:00,300,True,,0,True
0x02c8ee2b47351ada8dc930bc4e3a82393b8808c63297dd0ab5a2923aa2c5c5cd,2026-04-29 13:10:00+00:00,300,300,0,299,0,0,0,17,0,0,2026-04-29 13:10:00+00:00,2026-04-29 13:15:00+00:00,2026-04-29 13:15:00.454778+00:00,300,True,Up,1,True
0x84839ea341251b8e5c0a0b171782b01b3723bb7bfccdd7740fd37d1558c06669,2026-04-29 13:20:00+00:00,300,300,0,299,0,0,58,0,0,0,2026-04-29 13:20:00+00:00,2026-04-29 13:25:00+00:00,2026-04-29 13:25:00.487548+00:00,300,True,Down,0,True
0xaa55d17433ca8be3f5bbac94c9e7bc56ae182bee96975b35bc3d4eb3b63f22c9,2026-04-29 13:25:00+00:00,300,300,0,299,0,0,6,0,0,0,2026-04-29 13:25:00+00:00,2026-04-29 13:30:00+00:00,2026-04-29 13:30:00.655493+00:00,300,True,Down,0,True
0xa26203cbda381d5181cc7ad02dfe8d01fb4e0b343549504e125c3ff842e4ffb5,2026-04-29 14:30:00+00:00,300,300,0,299,0,0,14,0,0,0,2026-04-29 14:30:00+00:00,2026-04-29 14:35:00+00:00,2026-04-29 14:35:00.473373+00:00,300,True,Down,0,True
0xdacdb365a3dc97cb8545c2d3e9fe52ea9e79e7bd9d49ad8b5dbc22fd0029dca0,2026-04-29 14:35:00+00:00,300,300,0,299,0,0,0,12,0,0,2026-04-29 14:35:00+00:00,2026-04-29 14:40:00+00:00,2026-04-29 14:40:00.587807+00:00,300,True,Up,1,True
0x76bf8ab677ccb0411ad374b6d808b8c3cf911618637fa784ff2bc334e76be5cb,2026-04-29 16:15:00+00:00,300,300,0,299,0,0,40,0,0,0,2026-04-29 16:15:00+00:00,2026-04-29 16:20:00+00:00,2026-04-29 16:20:00.574395+00:00,300,True,Down,0,True
0xe7454ee6aa399a2dd9b2d7eff072bb2ae88a4305eb19d620c47b80ba962e8ee2,2026-04-29 16:25:00+00:00,300,300,0,299,0,0,0,51,0,0,2026-04-29 16:25:00+00:00,2026-04-29 16:30:00+00:00,2026-04-29 16:30:00.612250+00:00,300,True,Up,1,True
0x7bb9fabf8b7b66c3d5a4c4451b287133a4de54420f917f5e1d37d620f3e18d1e,2026-04-29 16:50:00+00:00,300,300,0,299,0,0,0,0,0,0,2026-04-29 16:50:00+00:00,2026-04-29 16:55:00+00:00,2026-04-29 16:55:00.501241+00:00,300,True,,1,True
0xffb2bf4cdaa28cd31730826da1073112394c2c5941ca538f626da956b827a8ee,2026-04-29 17:00:00+00:00,300,300,0,299,0,0,0,129,0,0,2026-04-29 17:00:00+00:00,2026-04-29 17:05:00+00:00,2026-04-29 17:05:00.529667+00:00,300,True,Up,1,True
0x30e74e3581898264528ce4a0fce91a3d0512dd66dcf4499bfbcdc10578ca35cb,2026-04-29 17:05:00+00:00,300,300,0,299,0,0,43,0,0,0,2026-04-29 17:05:00+00:00,2026-04-29 17:10:00+00:00,2026-04-29 17:10:00.566477+00:00,300,True,Down,0,True
0xfe1ee321edb976e603a5e041d98ac96e1a8c511e620539369364dfe8ef9c85df,2026-04-29 17:15:00+00:00,300,300,0,299,0,0,0,29,0,0,2026-04-29 17:15:00+00:00,2026-04-29 17:20:00+00:00,2026-04-29 17:20:00.588709+00:00,300,True,Up,1,True
0xd90de42cbaff2e0273ac32bd9b8aa4dd0a062d1ff8d0bb8f6813dba4e3f7abf5,2026-04-29 17:35:00+00:00,300,300,0,299,0,0,0,6,0,0,2026-04-29 17:35:00+00:00,2026-04-29 17:40:00+00:00,2026-04-29 17:40:00.476681+00:00,300,True,Up,1,True
0x0be02923ef6fa6f9e1872491375431a7d4630ff629526b50a7e7f034ed7b2d1d,2026-04-29 17:40:00+00:00,300,300,0,299,0,0,0,10,0,0,2026-04-29 17:40:00+00:00,2026-04-29 17:45:00+00:00,2026-04-29 17:45:00.743198+00:00,300,True,Up,1,True
0xe5a53bfcbb9e0a2789aa2a0ed13b7c2d92b3aa444b893710755c0552903f8f47,2026-04-29 17:45:00+00:00,300,300,0,299,0,0,0,0,0,0,2026-04-29 17:45:00+00:00,2026-04-29 17:50:00+00:00,2026-04-29 17:50:00.507896+00:00,300,True,,1,True
0x56194c4a2f748f8fcec23150ce02f25a4bd6d87b0c2bf6d84a59b0c48b44ecee,2026-04-29 18:00:00+00:00,300,300,0,299,0,0,114,0,0,0,2026-04-29 18:00:00+00:00,2026-04-29 18:05:00+00:00,2026-04-29 18:05:00.573963+00:00,300,True,Down,0,True
0x9086a0aa12bef39c94888d514f09228ec34ccfe6f7ddb356c17ea56c4efea749,2026-04-29 18:35:00+00:00,300,300,0,299,0,0,0,50,0,0,2026-04-29 18:35:00+00:00,2026-04-29 18:40:00+00:00,2026-04-29 18:40:00.436557+00:00,300,True,Up,1,True
0xca272c9a8590cfec796462bc36d82eb8d37f34ebf7dee313645073bbdf99b703,2026-04-29 18:45:00+00:00,300,300,0,299,0,0,0,43,0,0,2026-04-29 18:45:00+00:00,2026-04-29 18:50:00+00:00,2026-04-29 18:50:00.567676+00:00,300,True,Up,1,True
0xb96ca7f8b8c21f257d57a2cedfd246826c0dbb7008f5db1432f19897342f7a34,2026-04-29 18:50:00+00:00,300,300,0,299,0,0,0,62,0,0,2026-04-29 18:50:00+00:00,2026-04-29 18:55:00+00:00,2026-04-29 18:55:00.537752+00:00,300,True,Up,1,True
0x967445b9bbbb6a9b83184ef16482d6a7a77c362938c73e9e1b2e606c78f32ea3,2026-04-29 18:55:00+00:00,300,300,0,299,0,0,0,22,0,0,2026-04-29 18:55:00+00:00,2026-04-29 19:00:00+00:00,2026-04-29 19:00:00.652913+00:00,300,True,Up,1,True
0x7034451218f1ddb03171f4d000f270174849e3c99bc77c7f574478812efd4540,2026-04-29 19:00:00+00:00,300,300,0,299,0,0,0,0,0,0,2026-04-29 19:00:00+00:00,2026-04-29 19:05:00+00:00,2026-04-29 19:05:00.492254+00:00,300,True,,1,True
0x06d32e5fc371694d42622f20e6760d90a6a72aea8a654455ea4cd5cc3ba38c07,2026-04-29 19:05:00+00:00,300,300,0,299,0,0,43,0,0,0,2026-04-29 19:05:00+00:00,2026-04-29 19:10:00+00:00,2026-04-29 19:10:00.486546+00:00,300,True,Down,0,True
0xce7d83411949d3299f83fc6446fc91a8670471cd6431d9eed0b7d597c4e0da64,2026-04-29 19:10:00+00:00,300,300,0,299,0,0,0,72,0,0,2026-04-29 19:10:00+00:00,2026-04-29 19:15:00+00:00,2026-04-29 19:15:00.608257+00:00,300,True,Up,1,True
0x1813b8c410b9a231985766e19c082ac696d4234befb586484cf5c1f1ef9e215c,2026-04-29 19:15:00+00:00,300,300,0,299,0,0,0,0,0,0,2026-04-29 19:15:00+00:00,2026-04-29 19:20:00+00:00,2026-04-29 19:20:00.503934+00:00,300,True,,0,True
0x996300eba1ff5680b28ebeec2996338c5e0cfa79a6516093928d61bcf2c72415,2026-04-29 19:25:00+00:00,300,300,0,299,0,0,0,0,0,0,2026-04-29 19:25:00+00:00,2026-04-29 19:30:00+00:00,2026-04-29 19:30:00.547740+00:00,300,True,,0,True
0x01b918ce7fa7be79f8edb04c4e9753097ba0ecb20031e94710881b69615c17d5,2026-04-29 19:30:00+00:00,300,300,0,299,0,0,110,0,0,0,2026-04-29 19:30:00+00:00,2026-04-29 19:35:00+00:00,2026-04-29 19:35:00.512876+00:00,300,True,Down,0,True
0x3bb4b4685bec171c12cec7edb83b476c7909caea9a6270479ce7393dfa01c238,2026-04-29 19:40:00+00:00,300,300,0,299,0,0,0,0,0,0,2026-04-29 19:40:00+00:00,2026-04-29 19:45:00+00:00,2026-04-29 19:45:00.581298+00:00,300,True,,1,True
0xac93771878c7b0a607623e9a3bba4824db1438f9ec60d1c5314a8495d142bf1f,2026-04-29 19:45:00+00:00,300,300,0,299,0,0,0,47,0,0,2026-04-29 19:45:00+00:00,2026-04-29 19:50:00+00:00,2026-04-29 19:50:00.550051+00:00,300,True,Up,1,True
0x09075be64e60981760a73c0fbe7fc113f97f0024afe0b8c84227825c34db723c,2026-04-29 19:50:00+00:00,300,300,0,299,0,0,0,12,0,0,2026-04-29 19:50:00+00:00,2026-04-29 19:55:00+00:00,2026-04-29 19:55:00.482707+00:00,300,True,Up,1,True
0xd820b78d711f1a40d3b871655d7920b2ef75cfcd821b4b50b48405f5d160a6a8,2026-04-29 19:55:00+00:00,300,300,0,299,0,0,0,8,0,0,2026-04-29 19:55:00+00:00,2026-04-29 20:00:00+00:00,2026-04-29 20:00:00.721239+00:00,300,True,Up,1,True
0x81d0fd0d1516c9567c783e034697fbd5686323519d2840ad430fd7c4d9f8e32a,2026-04-29 20:00:00+00:00,300,300,0,299,0,0,0,90,0,0,2026-04-29 20:00:00+00:00,2026-04-29 20:05:00+00:00,2026-04-29 20:05:00.596671+00:00,300,True,Up,1,True
0x5738f0dbbeba41fd1a7aad3f3639701934fdfdbf944d2fb32a8e16bf2db4e808,2026-04-29 20:20:00+00:00,300,300,0,299,0,0,3,0,0,0,2026-04-29 20:20:00+00:00,2026-04-29 20:25:00+00:00,2026-04-29 20:25:00.435651+00:00,300,True,Down,0,True
0x335d128fc573b1a566e5ed5cafd4e7e045709d89d7d60238f143604b6b44dc5c,2026-04-29 20:55:00+00:00,300,300,0,299,0,0,10,0,0,0,2026-04-29 20:55:00+00:00,2026-04-29 21:00:00+00:00,2026-04-29 21:00:00.587696+00:00,300,True,Down,0,True
0x46fac30aadd12e400626f5cd4e2adad63be45e6d95d2c371032824bc59af51ea,2026-04-29 21:05:00+00:00,300,300,0,299,0,0,0,2,0,0,2026-04-29 21:05:00+00:00,2026-04-29 21:10:00+00:00,2026-04-29 21:10:00.512899+00:00,300,True,Up,1,True
0x72e2641420195920bbdc63fba79c9e9ad23207ba9fd698ba459e3ababa0947bd,2026-04-29 21:10:00+00:00,300,300,0,299,0,0,0,97,0,0,2026-04-29 21:10:00+00:00,2026-04-29 21:15:00+00:00,2026-04-29 21:15:00.590922+00:00,300,True,Up,1,True
0xf5fea4f14092fa5be9ecb7cb4e0646e4d6157c4977dda2834dd89b19d8b31f8f,2026-04-29 21:20:00+00:00,300,300,0,299,0,0,0,0,0,0,2026-04-29 21:20:00+00:00,2026-04-29 21:25:00+00:00,2026-04-29 21:25:00.553965+00:00,300,True,,1,True
0x7ac38d3af30daff9920ac01df6fbcc84f5950a843867325242ef02fb9805ade8,2026-04-29 21:30:00+00:00,300,300,0,299,0,0,0,60,0,0,2026-04-29 21:30:00+00:00,2026-04-29 21:35:00+00:00,2026-04-29 21:35:00.477443+00:00,300,True,Up,1,True
0x03ce0c49cc00b56bd7fbf25a20ea7aaebcbb3e3f5bce036b94e2cf3316f143c7,2026-04-29 22:05:00+00:00,300,300,0,299,0,0,0,0,0,0,2026-04-29 22:05:00+00:00,2026-04-29 22:10:00+00:00,2026-04-29 22:10:00.516679+00:00,300,True,,0,True
0x9906ab1c585dbcb4ca8f30e1c014f77f730e9a38b163831a2d36a58689d282be,2026-04-29 22:10:00+00:00,300,300,0,299,0,0,0,0,0,0,2026-04-29 22:10:00+00:00,2026-04-29 22:15:00+00:00,2026-04-29 22:15:00.649946+00:00,300,True,,1,True
0xda4c704d2d5baf668c248d5a2b13960aabfd3917881f10c2946cbc8cf5fad6a5,2026-04-29 22:15:00+00:00,300,300,0,299,0,0,0,3,0,0,2026-04-29 22:15:00+00:00,2026-04-29 22:20:00+00:00,2026-04-29 22:20:00.556921+00:00,300,True,Up,1,True
0x2c7f7bb0a673ae3446346b15a508bdec9e30cc58d582d62b2386c0344c6b704d,2026-04-29 22:20:00+00:00,300,300,0,299,0,0,20,0,0,0,2026-04-29 22:20:00+00:00,2026-04-29 22:25:00+00:00,2026-04-29 22:25:00.526775+00:00,300,True,Down,0,True
0xfa379c2788def44866877ddef2f025f89916c8463e8e295a9ce91f6de3d9d371,2026-04-29 22:25:00+00:00,300,300,0,299,0,0,32,0,0,0,2026-04-29 22:25:00+00:00,2026-04-29 22:30:00+00:00,2026-04-29 22:30:00.562989+00:00,300,True,Down,0,True
0xe6057cef3d1af2e00c434ca02f41e4061e785f28850e9eb70072d17dd207fd35,2026-04-29 22:30:00+00:00,300,300,0,299,0,0,0,81,0,0,2026-04-29 22:30:00+00:00,2026-04-29 22:35:00+00:00,2026-04-29 22:35:00.476300+00:00,300,True,Up,1,True
0x720dd66fcaea2e0a23dccbf4117346d9d632c7b73f8a5432384a1c7f3f4c07db,2026-04-29 22:35:00+00:00,300,300,0,299,0,0,0,3,0,0,2026-04-29 22:35:00+00:00,2026-04-29 22:40:00+00:00,2026-04-29 22:40:00.602195+00:00,300,True,Up,1,True
0xa7b1a9926a4d1e5b03ffe1cd8c58ebccab3c8f98f29232e836a4c001e2a9bf18,2026-04-29 22:40:00+00:00,300,300,0,299,0,0,0,0,0,0,2026-04-29 22:40:00+00:00,2026-04-29 22:45:00+00:00,2026-04-29 22:45:00.597761+00:00,300,True,,0,True
0xbd2376530912f39921513091f769b0ab25ff3b5b8f72b6f75726905f0f90ae46,2026-04-29 22:45:00+00:00,300,300,0,299,0,0,5,0,0,0,2026-04-29 22:45:00+00:00,2026-04-29 22:50:00+00:00,2026-04-29 22:50:00.501049+00:00,300,True,Down,0,True
0x0a7a3a6ad809e2a8b73ca98d19ed07e2a1b4e4e10081d362fb550fa9d339ae21,2026-04-29 22:50:00+00:00,300,300,0,299,0,0,0,13,0,0,2026-04-29 22:50:00+00:00,2026-04-29 22:55:00+00:00,2026-04-29 22:55:00.446979+00:00,300,True,,1,True
0xf5606a2a7892e606201b411c7d9a4dbc7deed55f6e28900c0c908a014b0bd949,2026-04-29 22:55:00+00:00,300,300,0,299,0,0,2,0,0,0,2026-04-29 22:55:00+00:00,2026-04-29 23:00:00+00:00,2026-04-29 23:00:00.842510+00:00,300,True,Down,0,True
0x6a2f899d2683055f5f0a4cb50f177e230fe3274899600be68c8ae9c7f75f9a12,2026-04-29 23:00:00+00:00,300,300,0,299,0,0,0,0,0,0,2026-04-29 23:00:00+00:00,2026-04-29 23:05:00+00:00,2026-04-29 23:05:00.497550+00:00,300,True,,0,True
0x5ff8d8aacaf5ce1305488dbb26963ce276dce935a20beb244ed08312a0b5098f,2026-04-29 23:05:00+00:00,300,300,0,299,0,0,0,37,0,0,2026-04-29 23:05:00+00:00,2026-04-29 23:10:00+00:00,2026-04-29 23:10:00.500043+00:00,300,True,,1,True
0xadbd87644ef62296111b15326c12cf6a46ec70b542e8b968592d27d989559f96,2026-04-29 23:10:00+00:00,300,300,0,299,0,0,0,0,0,0,2026-04-29 23:10:00+00:00,2026-04-29 23:15:00+00:00,2026-04-29 23:15:00.498613+00:00,300,True,,1,True
0x112e48d8e59aa30e6d5cdb65d1b9edd2526aa73e6a7ce86c6e8a66d68c5b237c,2026-04-29 23:15:00+00:00,300,300,0,299,0,0,24,0,0,0,2026-04-29 23:15:00+00:00,2026-04-29 23:20:00+00:00,2026-04-29 23:20:00.479687+00:00,300,True,Down,0,True
0xc2a69940dea0423b4b1ef2bb4d9d7d877726ed808e5ef85bc8e32af8c8d85b13,2026-04-29 23:20:00+00:00,300,300,0,299,0,0,29,0,0,0,2026-04-29 23:20:00+00:00,2026-04-29 23:25:00+00:00,2026-04-29 23:25:00.532765+00:00,300,True,Down,0,True
0xaeb9f8bdff6554e0a975de241eae1b7bed8092d2b793bf2e810bb224fdb10cdc,2026-04-29 23:40:00+00:00,300,300,0,299,0,0,0,1,0,0,2026-04-29 23:40:00+00:00,2026-04-29 23:45:00+00:00,2026-04-29 23:45:00.586080+00:00,300,True,Up,1,True
0xd2ec0afdbdabe0e4799bef2a73ac7bf5bd7a5ef91b780ca182aafa639af2a442,2026-04-29 23:45:00+00:00,300,300,0,299,0,0,15,0,0,0,2026-04-29 23:45:00+00:00,2026-04-29 23:50:00+00:00,2026-04-29 23:50:00.513058+00:00,300,True,Down,0,True
0x5618d7d5ab0bf17074deb047ba5aa1b7b8e9cd8e4b5ef62e55b517dc791622a5,2026-04-29 23:50:00+00:00,300,300,0,299,0,0,0,0,0,0,2026-04-29 23:50:00+00:00,2026-04-29 23:55:00+00:00,2026-04-29 23:55:00.431708+00:00,300,True,,1,True
0xe6dc52d2cedb19854a01600344ed607a8ec1ced2b46acf1398133e766e870a1c,2026-04-29 23:55:00+00:00,300,300,0,299,0,0,0,0,0,0,2026-04-29 23:55:00+00:00,2026-04-30 00:00:00+00:00,2026-04-30 00:00:00.746987+00:00,300,True,,0,True
0x80b8e5e55c86bc4452c02e9bcd5a321a6392bb0a83dc8ac1f0491a6d26241804,2026-04-30 00:00:00+00:00,300,300,0,299,0,0,0,26,0,0,2026-04-30 00:00:00+00:00,2026-04-30 00:05:00+00:00,2026-04-30 00:05:00.531916+00:00,300,True,,1,True
0xed66be15bc5ad95073469e46f0563b465da21cc16735bf45dd5e7c4ab16a8c40,2026-04-30 00:05:00+00:00,300,300,0,299,0,0,4,0,0,0,2026-04-30 00:05:00+00:00,2026-04-30 00:10:00+00:00,2026-04-30 00:10:00.513914+00:00,300,True,Down,0,True
0x4c516f1b3450544d2e4a6a6c673079dea4e43fc062384099afc1df0b837a4fbe,2026-04-30 00:10:00+00:00,300,300,0,299,0,0,5,0,0,0,2026-04-30 00:10:00+00:00,2026-04-30 00:15:00+00:00,2026-04-30 00:15:00.540354+00:00,300,True,Down,0,True
0xe5679b0e079552c6c4a3edff9dbaaed8bff1a3dd38c3260f7e6ba59b628b35b8,2026-04-30 00:15:00+00:00,300,300,0,299,0,0,0,3,0,0,2026-04-30 00:15:00+00:00,2026-04-30 00:20:00+00:00,2026-04-30 00:20:00.534399+00:00,300,True,Up,1,True
0x25df21cba6c856e13821d9a13f652e11140aa989f2e4ceb3845818a01ec7d31c,2026-04-30 00:20:00+00:00,300,300,0,299,0,0,0,1,0,0,2026-04-30 00:20:00+00:00,2026-04-30 00:25:00+00:00,2026-04-30 00:25:00.485823+00:00,300,True,Up,1,True
0x04d1a729cc960022e60207b03ef64e65ff8c8bbe32c423f7234c710b419b88ab,2026-04-30 00:25:00+00:00,300,300,0,299,0,0,0,14,0,0,2026-04-30 00:25:00+00:00,2026-04-30 00:30:00+00:00,2026-04-30 00:30:00.562163+00:00,300,True,Up,1,True
0x4943a6dba96a19e360776325a350bfffd3c8617996e9766539e731b90a600b2d,2026-04-30 00:30:00+00:00,300,300,0,299,0,0,0,59,0,0,2026-04-30 00:30:00+00:00,2026-04-30 00:35:00+00:00,2026-04-30 00:35:00.532156+00:00,300,True,Up,1,True
0xfed7f27d06f8502238941cd12ed5e8339b5331d315c673c121a234f2e2a76f17,2026-04-30 00:35:00+00:00,300,300,0,299,0,0,0,87,0,0,2026-04-30 00:35:00+00:00,2026-04-30 00:40:00+00:00,2026-04-30 00:40:00.525871+00:00,300,True,Up,1,True
0x3df7f0650c2fdff8acb061b01e30b36cd628eda3e943e12d72e8ec0b3443f498,2026-04-30 01:05:00+00:00,300,300,0,299,0,0,0,2,0,0,2026-04-30 01:05:00+00:00,2026-04-30 01:10:00+00:00,2026-04-30 01:10:00.374069+00:00,300,True,Up,1,True
0x28ea1012236892bf2e9e382257004669246dcb570cb13041f5c607f6b5bc1f46,2026-04-30 01:15:00+00:00,300,300,0,299,0,0,0,3,0,0,2026-04-30 01:15:00+00:00,2026-04-30 01:20:00+00:00,2026-04-30 01:20:00.558929+00:00,300,True,Up,1,True
0x5248ff4b9e6dd52531b78d86f043647e86b5a16d85cc7b16baf773fc18c2126a,2026-04-30 01:20:00+00:00,300,300,0,299,0,0,0,2,0,0,2026-04-30 01:20:00+00:00,2026-04-30 01:25:00+00:00,2026-04-30 01:25:00.504332+00:00,300,True,Up,1,True
0x227f40fc72c457b7462e441c2e768047dc65f816791017fe68bf9a2801eb5f46,2026-04-30 01:25:00+00:00,300,300,0,299,0,0,0,40,0,0,2026-04-30 01:25:00+00:00,2026-04-30 01:30:00+00:00,2026-04-30 01:30:00.540528+00:00,300,True,Up,1,True
0xa6aa2716b3be88f033bff7d73be928f2a1d1206a9cbadb05c49e375466696c84,2026-04-30 01:30:00+00:00,300,300,0,299,0,0,0,2,0,0,2026-04-30 01:30:00+00:00,2026-04-30 01:35:00+00:00,2026-04-30 01:35:00.491950+00:00,300,True,Up,1,True
0xd057e28658172829984b0b56ca88c4f48b857ca30150b67e3d21e939437838bb,2026-04-30 01:45:00+00:00,300,300,0,299,0,0,0,4,0,0,2026-04-30 01:45:00+00:00,2026-04-30 01:50:00+00:00,2026-04-30 01:50:00.527433+00:00,300,True,Up,1,True
0xa024e4a3a978646b71c9ccae1aad8f3f36f987091329390bc63a09d419609655,2026-04-30 01:50:00+00:00,300,300,0,299,0,0,0,0,0,0,2026-04-30 01:50:00+00:00,2026-04-30 01:55:00+00:00,2026-04-30 01:55:00.538684+00:00,300,True,,1,True
0x7e4e561d7c46ecc16522176bbb72099e2e0b18314d86211f295f63cc6f2c498e,2026-04-30 01:55:00+00:00,300,300,0,299,0,0,5,0,0,0,2026-04-30 01:55:00+00:00,2026-04-30 02:00:00+00:00,2026-04-30 02:00:00.700807+00:00,300,True,Down,0,True
0x71b8c527cb051bb5a8782d79dbf898ba65561d8846da05843d33d6086b4db89f,2026-04-30 02:05:00+00:00,300,300,0,299,0,0,0,3,0,0,2026-04-30 02:05:00+00:00,2026-04-30 02:10:00+00:00,2026-04-30 02:10:00.519864+00:00,300,True,Up,1,True
0xd12a22161fac26330a6439771909699d29d2fd9a3cf47c9dbdb4cf5a4d6bbd00,2026-04-30 02:10:00+00:00,300,300,0,299,0,0,0,2,0,0,2026-04-30 02:10:00+00:00,2026-04-30 02:15:00+00:00,2026-04-30 02:15:00.551676+00:00,300,True,Up,1,True
0xfe32741f550ddf176588f3294076ffe8fe010d2037fc6545ed96e12620b7e55c,2026-04-30 02:15:00+00:00,300,300,0,299,0,0,25,0,0,0,2026-04-30 02:15:00+00:00,2026-04-30 02:20:00+00:00,2026-04-30 02:20:00.526944+00:00,300,True,Down,0,True
0x77ccf6963e419bb96fbf92a9766f7738e50e149aef60ea23d76262c44052d421,2026-04-30 02:20:00+00:00,300,300,0,299,0,0,0,1,0,0,2026-04-30 02:20:00+00:00,2026-04-30 02:25:00+00:00,2026-04-30 02:25:00.499975+00:00,300,True,,1,True
0x034d4d2fb8db47e0b32e9a8544ead7452c1e7caccf8f3cfb669ad2e0b6686afd,2026-04-30 02:25:00+00:00,300,300,0,299,0,0,49,0,0,0,2026-04-30 02:25:00+00:00,2026-04-30 02:30:00+00:00,2026-04-30 02:30:00.671467+00:00,300,True,Down,0,True
0x8ce01ccfa24ead660a104cf2e2c4d8496dad59723ec964fdcd03ef5a54ac1cd6,2026-04-30 03:00:00+00:00,300,300,0,299,0,0,0,8,0,0,2026-04-30 03:00:00+00:00,2026-04-30 03:05:00+00:00,2026-04-30 03:05:00.562480+00:00,300,True,Up,1,True
0xa051df934d0532bef7bd56d9e71cbb1c410be62b84490f5d012541d821e41d0e,2026-04-30 03:10:00+00:00,300,300,0,299,0,0,0,0,0,0,2026-04-30 03:10:00+00:00,2026-04-30 03:15:00+00:00,2026-04-30 03:15:00.565401+00:00,300,True,Up,1,True
0xb59104c5bb7af0ee8d082c3ba9eb21e045113ce9b0b4d647dccc563e3a0f4fed,2026-04-30 03:15:00+00:00,300,300,0,299,0,0,1,0,0,0,2026-04-30 03:15:00+00:00,2026-04-30 03:20:00+00:00,2026-04-30 03:20:00.536166+00:00,300,True,Down,0,True
0x6f2d370b8f89c123341dcf272a3b48f774d1a34469cd2e03807d1aa6d999e888,2026-04-30 03:25:00+00:00,300,300,0,299,0,0,0,15,0,0,2026-04-30 03:25:00+00:00,2026-04-30 03:30:00+00:00,2026-04-30 03:30:00.552365+00:00,300,True,Up,1,True
0x3f4fbad6a8d6629c104f2dcb8797d43c61fbc82a002a7f98bb6ca97c2c642ca2,2026-04-30 03:35:00+00:00,300,300,0,299,0,0,0,58,0,0,2026-04-30 03:35:00+00:00,2026-04-30 03:40:00+00:00,2026-04-30 03:40:00.537391+00:00,300,True,Up,1,True
0x80309d50791bd346c8e731d93b534e4a1b0f883e36009527f5e3d7b425adf1ad,2026-04-30 03:40:00+00:00,300,300,0,299,0,0,0,0,0,0,2026-04-30 03:40:00+00:00,2026-04-30 03:45:00+00:00,2026-04-30 03:45:00.507235+00:00,300,True,Down,0,True
0x82a08e75e6cd0dd9da4c2c4882d87e5aa11123ea4285f86f91bf085cad8607c3,2026-04-30 03:45:00+00:00,300,300,0,299,0,0,2,0,0,0,2026-04-30 03:45:00+00:00,2026-04-30 03:50:00+00:00,2026-04-30 03:50:00.522975+00:00,300,True,Down,0,True
0xf64617557f21efa120f379d7bbb817c866e29ef37562436b81f5bcebbc5d7c05,2026-04-30 03:55:00+00:00,300,300,0,299,0,0,17,0,0,0,2026-04-30 03:55:00+00:00,2026-04-30 04:00:00+00:00,2026-04-30 04:00:00.948144+00:00,300,True,Down,0,True
0x7bf60241b44d6eb60df027b2104fca318045b2192de9f85086e2d4c599557043,2026-04-30 04:00:00+00:00,300,300,0,299,0,0,16,0,0,0,2026-04-30 04:00:00+00:00,2026-04-30 04:05:00+00:00,2026-04-30 04:05:00.570766+00:00,300,True,Down,0,True
0x4a42f05a6c5ab3407ef7339b89eec316dd7c5b8d5562bb944ea099d3ca13910f,2026-04-30 04:05:00+00:00,300,300,0,299,0,0,15,0,0,0,2026-04-30 04:05:00+00:00,2026-04-30 04:10:00+00:00,2026-04-30 04:10:00.583170+00:00,300,True,Down,0,True
0x9257a33f6b297371f9f43229a8ade31b4292337fc75f0a24994639bdb4d0c4e5,2026-04-30 04:55:00+00:00,300,300,0,299,0,0,0,2,0,0,2026-04-30 04:55:00+00:00,2026-04-30 05:00:00+00:00,2026-04-30 05:00:00.574422+00:00,300,True,Up,1,True
0x9695fe07c152f8996c22d292429608a3243b28b6cc71f7a8805656a5c49af849,2026-04-30 05:00:00+00:00,300,300,0,299,0,0,0,68,0,0,2026-04-30 05:00:00+00:00,2026-04-30 05:05:00+00:00,2026-04-30 05:05:00.508872+00:00,300,True,Up,1,True
0x2cef855bf088913f7e6b3beaaaccfa517a06d1eab92b1c7fa5d9572db5b5cec5,2026-04-30 05:15:00+00:00,300,300,0,299,0,0,40,0,0,0,2026-04-30 05:15:00+00:00,2026-04-30 05:20:00+00:00,2026-04-30 05:20:00.460097+00:00,300,True,Down,0,True
0x571813628c0a6315d5fd784e760eae2dff801906fc857abe5a059694871c6049,2026-04-30 05:20:00+00:00,300,300,0,299,0,0,1,0,0,0,2026-04-30 05:20:00+00:00,2026-04-30 05:25:00+00:00,2026-04-30 05:25:00.439147+00:00,300,True,Down,0,True
0xd0ca9f0d9755b5b2312e43b28c1c9dc37f594ccb5217c9fe5592adde358fbd32,2026-04-30 05:25:00+00:00,300,300,0,299,0,0,60,0,0,0,2026-04-30 05:25:00+00:00,2026-04-30 05:30:00+00:00,2026-04-30 05:30:00.578895+00:00,300,True,Down,0,True
0x68ee9f2d8cec76eba34c8eb694822da57e4a27b46db9008abc838f31a780083b,2026-04-30 05:40:00+00:00,300,300,0,299,0,0,0,1,0,0,2026-04-30 05:40:00+00:00,2026-04-30 05:45:00+00:00,2026-04-30 05:45:00.663042+00:00,300,True,Up,1,True
0x9484718d13331519333df78a38db18a9282471567df0c90bf997a2fe40c60810,2026-04-30 05:50:00+00:00,300,300,0,299,0,0,0,0,0,0,2026-04-30 05:50:00+00:00,2026-04-30 05:55:00+00:00,2026-04-30 05:55:00.480372+00:00,300,True,Up,1,True
0x1f5ade0f6855382d4277cff96ac10aa023c2698f64965626344ebe4dcb1189eb,2026-04-30 05:55:00+00:00,300,300,0,299,0,0,18,0,0,0,2026-04-30 05:55:00+00:00,2026-04-30 06:00:00+00:00,2026-04-30 06:00:00.860039+00:00,300,True,Down,0,True
0xf803219ac352a0c136c97d2149477479d990e1c62c75b7c7c9d0ead54b08d4bc,2026-04-30 06:10:00+00:00,300,300,0,299,0,0,13,0,0,0,2026-04-30 06:10:00+00:00,2026-04-30 06:15:00+00:00,2026-04-30 06:15:00.608370+00:00,300,True,Down,0,True
0xcdc4bf587cf69c1131f380d563d6f5ae4c4a9e2ef2528b0da3a7a4320ea6344c,2026-04-30 06:15:00+00:00,300,300,0,299,0,0,0,31,0,0,2026-04-30 06:15:00+00:00,2026-04-30 06:20:00+00:00,2026-04-30 06:20:00.531381+00:00,300,True,Up,1,True
0xc4153adab367d34007a2703b8c01f8c612e099eb8b7124ed9a48b30a486d963a,2026-04-30 06:20:00+00:00,300,300,0,299,0,0,1,0,0,0,2026-04-30 06:20:00+00:00,2026-04-30 06:25:00+00:00,2026-04-30 06:25:00.504876+00:00,300,True,Down,0,True
0x5058b08eb401cd11bfb585fe90aedb1e3c5522d95edf73a66d05bfe3f00b3b48,2026-04-30 06:30:00+00:00,300,300,0,299,0,0,0,47,0,0,2026-04-30 06:30:00+00:00,2026-04-30 06:35:00+00:00,2026-04-30 06:35:00.640109+00:00,300,True,Up,1,True
0x827ca5c87eb7f5ba17b4c0eb9db75095f1d466f6b242643229370b9316d9007c,2026-04-30 06:45:00+00:00,300,300,0,299,0,0,0,0,0,0,2026-04-30 06:45:00+00:00,2026-04-30 06:50:00+00:00,2026-04-30 06:50:00.520935+00:00,300,True,Up,1,True
0xdfb20a7ddd2fb449764dcecfabba4153252ca236c30f0e17298eb4d9e19113af,2026-04-30 06:50:00+00:00,300,300,0,299,0,0,0,5,0,0,2026-04-30 06:50:00+00:00,2026-04-30 06:55:00+00:00,2026-04-30 06:55:00.487955+00:00,300,True,Up,1,True
0xb214cc936983f2fb27b8d78251b419be6d72a9362ddf3bd4d93c9d76f4089cec,2026-04-30 06:55:00+00:00,300,300,0,299,0,0,1,0,0,0,2026-04-30 06:55:00+00:00,2026-04-30 07:00:00+00:00,2026-04-30 07:00:00.614438+00:00,300,True,Down,0,True
0xe4d40fb41d0acedbcae8592f00ec3ac0f6e662f89260c11a65443385996537a3,2026-04-30 07:00:00+00:00,300,300,0,299,0,0,0,1,0,0,2026-04-30 07:00:00+00:00,2026-04-30 07:05:00+00:00,2026-04-30 07:05:00.465282+00:00,300,True,Up,1,True
0x500cd45fbe9ba85c68645a35fde47450d1d7afe7db89ee8150c0e0af5d4114d2,2026-04-30 07:10:00+00:00,300,300,0,299,0,0,1,0,0,0,2026-04-30 07:10:00+00:00,2026-04-30 07:15:00+00:00,2026-04-30 07:15:00.927373+00:00,300,True,Down,0,True
0xe360ccba6eb0cba18a507f893a9f7eacb8f84dc0630b1abfc2dbe96aa171ed42,2026-04-30 07:15:00+00:00,300,300,0,299,0,0,1,0,0,0,2026-04-30 07:15:00+00:00,2026-04-30 07:20:00+00:00,2026-04-30 07:20:00.575816+00:00,300,True,Down,0,True
0x7424176c8c0f410caeb89cd236f5b582f03ba4e26c8c0f4f6274143e3e6f7abd,2026-04-30 07:20:00+00:00,300,300,0,299,0,0,0,9,0,0,2026-04-30 07:20:00+00:00,2026-04-30 07:25:00+00:00,2026-04-30 07:25:00.458335+00:00,300,True,Up,1,True
0xe7fbe33112f7b49f5c7104d176dfbb29f2f7c477f69b1904f4e045167b129b8a,2026-04-30 08:15:00+00:00,300,300,0,299,0,0,3,0,0,0,2026-04-30 08:15:00+00:00,2026-04-30 08:20:00+00:00,2026-04-30 08:20:00.530173+00:00,300,True,Down,0,True
0x1a99eee894811074cf16403a046aeba566fff9ce65ddf3fdc1bfa3b9bbcc2f0e,2026-04-30 08:20:00+00:00,300,300,0,299,0,0,16,0,0,0,2026-04-30 08:20:00+00:00,2026-04-30 08:25:00+00:00,2026-04-30 08:25:00.534965+00:00,300,True,Down,0,True
0x55a8c84b23319b904875954b93401539280ba67898bb1e3239556acc51be1869,2026-04-30 08:30:00+00:00,300,300,0,299,0,0,0,3,0,0,2026-04-30 08:30:00+00:00,2026-04-30 08:35:00+00:00,2026-04-30 08:35:00.442790+00:00,300,True,Up,1,True
0x7c7b304a85a5f3ede1df72b1da4c2ed406bebd4fd1ee20dc47a683fbacb2e2f4,2026-04-30 08:35:00+00:00,300,300,0,299,0,0,0,9,0,0,2026-04-30 08:35:00+00:00,2026-04-30 08:40:00+00:00,2026-04-30 08:40:00.497705+00:00,300,True,Up,1,True
0xef5f80429e179b9f19a4a3e3f296625bd3b7953ab8ca32d75c926a7fcf990822,2026-04-30 08:40:00+00:00,300,300,0,299,0,0,0,0,0,0,2026-04-30 08:40:00+00:00,2026-04-30 08:45:00+00:00,2026-04-30 08:45:01.179779+00:00,300,True,,1,True
0x09e4e0a20ef28b10e0f02aabe755c7e429af5a32c2df5cf8c8aaaf0773365f44,2026-04-30 08:45:00+00:00,300,300,0,299,0,0,0,0,0,0,2026-04-30 08:45:00+00:00,2026-04-30 08:50:00+00:00,2026-04-30 08:50:00.535067+00:00,300,True,,1,True
0x7cc88745ac5cf0369c355891f1ae39f723eef3d581acbdc271e90125a5ed526c,2026-04-30 08:50:00+00:00,300,300,0,299,0,0,4,0,0,0,2026-04-30 08:50:00+00:00,2026-04-30 08:55:00+00:00,2026-04-30 08:55:00.470399+00:00,300,True,Down,0,True
0x8a6298cae60d3ffb996d80a993bc1d5bfe803d3375eaa78883fd508979363d8b,2026-04-30 09:05:00+00:00,300,300,0,299,0,0,0,2,0,0,2026-04-30 09:05:00+00:00,2026-04-30 09:10:00+00:00,2026-04-30 09:10:00.506752+00:00,300,True,Up,1,True
0xbb262e9449597cc53c570cae7a985994db632a0ac52d11a640bb8e9fca316d2d,2026-04-30 09:10:00+00:00,300,300,0,299,0,0,1,0,0,0,2026-04-30 09:10:00+00:00,2026-04-30 09:15:00+00:00,2026-04-30 09:15:00.591989+00:00,300,True,Down,0,True
0xd4edaf5bf056a0787f7e39201afa39be984e5eb58babd802758e5bcdd7eef47c,2026-04-30 09:15:00+00:00,300,300,0,299,0,0,0,0,0,0,2026-04-30 09:15:00+00:00,2026-04-30 09:20:00+00:00,2026-04-30 09:20:00.614734+00:00,300,True,Down,0,True
0x501eb3c0ff2b69d11be692400ea33c54ef39ac7d3c84501bb8c96c8d3f5c68c9,2026-04-30 09:20:00+00:00,300,300,0,299,0,0,0,0,0,0,2026-04-30 09:20:00+00:00,2026-04-30 09:25:00+00:00,2026-04-30 09:25:00.600686+00:00,300,True,Down,0,True
0x4f209a0767db54558c93830e680a3e91e209149939f2ef45dca31d2fadef4efa,2026-04-30 09:25:00+00:00,300,300,0,299,0,0,0,52,0,0,2026-04-30 09:25:00+00:00,2026-04-30 09:30:00+00:00,2026-04-30 09:30:00.567913+00:00,300,True,Up,1,True
0xd2e3f22f9ba8526455a61246d9f4befff853a37bf3c6433dffff10b00573b8e1,2026-04-30 09:55:00+00:00,300,300,0,299,0,0,6,0,0,0,2026-04-30 09:55:00+00:00,2026-04-30 10:00:00+00:00,2026-04-30 10:00:00.860911+00:00,300,True,Down,0,True
0x4e8b6c8cb34a59e0f98ae10a0319c89c701bf99253079401651cba69b3d28c1b,2026-04-30 10:05:00+00:00,300,300,0,299,0,0,0,0,0,0,2026-04-30 10:05:00+00:00,2026-04-30 10:10:00+00:00,2026-04-30 10:10:00.558464+00:00,300,True,,0,True
0x9fa8410099538bb871d5c69899f41559f72ce2db2bb34896498eb3461d5a618b,2026-04-30 10:10:00+00:00,300,300,0,299,0,0,46,0,0,0,2026-04-30 10:10:00+00:00,2026-04-30 10:15:00+00:00,2026-04-30 10:15:00.787071+00:00,300,True,Down,0,True
0xce1a9144ce3012536000191ca2b64a1709cebba90869d30b8ef1cb950be5071e,2026-04-30 10:15:00+00:00,300,300,0,299,0,0,4,0,0,0,2026-04-30 10:15:00+00:00,2026-04-30 10:20:00+00:00,2026-04-30 10:20:00.487698+00:00,300,True,Down,0,True
0xabf5ca12967484e00f8a6a45f9d6f4c0edc34ad6294cc5d0fec0936601f66f9c,2026-04-30 11:05:00+00:00,300,300,0,299,0,0,0,24,0,0,2026-04-30 11:05:00+00:00,2026-04-30 11:10:00+00:00,2026-04-30 11:10:00.495057+00:00,300,True,Up,1,True
0x22e4a57ca17662e0484c01d35e708604b47154d42ce39167cf755d351868a99a,2026-04-30 11:30:00+00:00,300,300,0,299,0,0,2,0,0,0,2026-04-30 11:30:00+00:00,2026-04-30 11:35:00+00:00,2026-04-30 11:35:00.434849+00:00,300,True,Down,0,True
0x104d16da377848acc174416ed99767b74cbf56f292ed2d58e4acea8b9784dff3,2026-04-30 11:35:00+00:00,300,300,0,299,0,0,6,0,0,0,2026-04-30 11:35:00+00:00,2026-04-30 11:40:00+00:00,2026-04-30 11:40:00.451700+00:00,300,True,Down,0,True
0x6c39636d44956e33eae8737271e9bc716a691aee860af2a4c9d79c87be8403b3,2026-04-30 11:55:00+00:00,300,300,0,299,0,0,0,10,0,0,2026-04-30 11:55:00+00:00,2026-04-30 12:00:00+00:00,2026-04-30 12:00:00.745732+00:00,300,True,Up,1,True
0x613ee04cd8f132ae9cd1c39f52274fb0f367aabea61c3b30a4a55cd372ca0209,2026-04-30 12:00:00+00:00,300,300,0,299,0,0,0,27,0,0,2026-04-30 12:00:00+00:00,2026-04-30 12:05:00+00:00,2026-04-30 12:05:00.743623+00:00,300,True,Up,1,True
0xde6e06c88fddd8be09298df3de5754f91296aa808c49dd95c13d92a9a3fbb7c0,2026-04-30 12:50:00+00:00,300,300,0,299,0,0,0,4,0,0,2026-04-30 12:50:00+00:00,2026-04-30 12:55:00+00:00,2026-04-30 12:55:00.547292+00:00,300,True,Up,1,True
0x928104d7deab5ed311045c4484850ebe1e4b009650ad3a7a5034dd4f3ad1d583,2026-04-30 12:55:00+00:00,300,300,0,299,0,0,4,0,0,0,2026-04-30 12:55:00+00:00,2026-04-30 13:00:00+00:00,2026-04-30 13:00:00.755981+00:00,300,True,Down,0,True
0xc1ff3d4194f403ef32e1ef940c4bf7891df43ef82642ac9c19cf47957d879f03,2026-04-30 13:00:00+00:00,300,300,0,299,0,0,0,8,0,0,2026-04-30 13:00:00+00:00,2026-04-30 13:05:00+00:00,2026-04-30 13:05:00.513752+00:00,300,True,Up,1,True
0x9c9536be03688887a05ad71ad6875a2f722654b1e6fe06e2c7de6ad724071607,2026-04-30 13:10:00+00:00,300,300,0,299,0,0,3,0,0,0,2026-04-30 13:10:00+00:00,2026-04-30 13:15:00+00:00,2026-04-30 13:15:00.696342+00:00,300,True,Down,0,True
0x080548fb677e5cd7a8857ad42af5738fad47145041551881b2a0b2f09e1c3f62,2026-04-30 13:20:00+00:00,300,300,0,299,0,0,14,0,0,0,2026-04-30 13:20:00+00:00,2026-04-30 13:25:00+00:00,2026-04-30 13:25:00.496139+00:00,300,True,Down,0,True
0x4c92bff839bcc510ba7777a9a1d3287ed9a43c093d96673fb403d6db6d59f423,2026-04-30 13:25:00+00:00,300,300,0,299,0,0,68,0,0,0,2026-04-30 13:25:00+00:00,2026-04-30 13:30:00+00:00,2026-04-30 13:30:00.655946+00:00,300,True,Down,0,True
0x60d6a9fadf3b9e3fca53d460fc0ce2e02f8052eaa0e5efb5dacccf571aa7cd78,2026-04-30 14:30:00+00:00,300,300,0,299,0,0,0,2,0,0,2026-04-30 14:30:00+00:00,2026-04-30 14:35:00+00:00,2026-04-30 14:35:00.831407+00:00,300,True,,0,True
0x723835991925a3bd95131ee638f636e89e4a74fb6261f61896bf058fd301cf0f,2026-04-30 14:35:00+00:00,300,300,0,299,0,0,41,0,0,0,2026-04-30 14:35:00+00:00,2026-04-30 14:40:00+00:00,2026-04-30 14:40:00.531940+00:00,300,True,Down,0,True
0x665029daf1a4f81bdf0c6e3c28f4337643fdb416746c6943b8953a72241b8f3f,2026-04-30 14:45:00+00:00,300,300,0,299,0,0,0,13,0,0,2026-04-30 14:45:00+00:00,2026-04-30 14:50:00+00:00,2026-04-30 14:50:00.562985+00:00,300,True,Up,1,True
0x2e4f9d25e1ab2df73b58ebf4fa2239513122d503377089e3aef1f12fbdaa8e28,2026-04-30 14:50:00+00:00,300,300,0,299,0,0,1,0,0,0,2026-04-30 14:50:00+00:00,2026-04-30 14:55:00+00:00,2026-04-30 14:55:00.512705+00:00,300,True,Down,0,True
0xcbcbf909d256d5014849bcb9b7c08316e0915cc79947b7b804f0725a7f6a17d1,2026-04-30 15:00:00+00:00,300,300,0,299,0,0,42,0,0,0,2026-04-30 15:00:00+00:00,2026-04-30 15:05:00+00:00,2026-04-30 15:05:00.526686+00:00,300,True,Down,0,True
0x63d5c6e487b198069b2e75142cf792014812dbe362a7cc4a2fc954dfc4ce9a4d,2026-04-30 15:05:00+00:00,300,300,0,299,0,0,0,22,0,0,2026-04-30 15:05:00+00:00,2026-04-30 15:10:00+00:00,2026-04-30 15:10:00.554907+00:00,300,True,,1,True
0xf0cb90fce94218321fa9ab3a55db3d30b5f9fcdc14ce0bc5370141f08d4eb408,2026-04-30 15:10:00+00:00,300,300,0,299,0,0,0,10,0,0,2026-04-30 15:10:00+00:00,2026-04-30 15:15:00+00:00,2026-04-30 15:15:00.587516+00:00,300,True,Up,1,True
0x8c00838924c3a584342e3d9cc3163bb3f437fd20bcd37770e50c0e15c04ae5b5,2026-04-30 15:15:00+00:00,300,300,0,299,0,0,0,1,0,0,2026-04-30 15:15:00+00:00,2026-04-30 15:20:00+00:00,2026-04-30 15:20:00.579966+00:00,300,True,Up,1,True
0x2bdaaea2e148838adc689771f269ef0f7bf1fcd92c07396eddd9fd9df9558bf1,2026-04-30 15:20:00+00:00,300,300,0,299,0,0,0,0,0,0,2026-04-30 15:20:00+00:00,2026-04-30 15:25:00+00:00,2026-04-30 15:25:00.585674+00:00,300,True,,1,True
0x7a2e7bc5d04a7ecefe55d4f7cdaa7632fbb6d2822ae69d9f27177d2d9da7bcd6,2026-04-30 15:25:00+00:00,300,300,0,299,0,0,0,6,0,0,2026-04-30 15:25:00+00:00,2026-04-30 15:30:00+00:00,2026-04-30 15:30:00.622164+00:00,300,True,,1,True
0x8a1401e89872736d19fc8cf16000395eda8a37a15c0954ce1789c07e384c718a,2026-04-30 15:30:00+00:00,300,300,0,299,0,0,10,0,0,0,2026-04-30 15:30:00+00:00,2026-04-30 15:35:00+00:00,2026-04-30 15:35:00.727339+00:00,300,True,,0,True
0x5278c24f4593f64757899b0f8ed9b4f26c8b3cc004879ef8091d43fda4f62a02,2026-04-30 15:40:00+00:00,300,300,0,299,0,0,10,0,0,0,2026-04-30 15:40:00+00:00,2026-04-30 15:45:00+00:00,2026-04-30 15:45:00.442204+00:00,300,True,,0,True
0xd1187be676253aa5f4502fa400a7389a8157984eedfb18b59d30b3a8f6401866,2026-04-30 15:55:00+00:00,300,300,0,299,0,0,0,0,0,0,2026-04-30 15:55:00+00:00,2026-04-30 16:00:00+00:00,2026-04-30 16:00:00.833397+00:00,300,True,,0,True
0x6382e1d060ba9ac12997843db475d40239de078d1bfac78726fa6572998b7487,2026-04-30 16:10:00+00:00,300,300,0,299,0,0,0,28,0,0,2026-04-30 16:10:00+00:00,2026-04-30 16:15:00+00:00,2026-04-30 16:15:00.587697+00:00,300,True,Up,1,True
0xb53e29b365eda861491c47e1dcac2a498cf18e876b950736780b0d513c95e455,2026-04-30 16:15:00+00:00,300,300,0,299,0,0,39,0,0,0,2026-04-30 16:15:00+00:00,2026-04-30 16:20:00+00:00,2026-04-30 16:20:00.563554+00:00,300,True,Down,0,True
0x43886182d611ebbb4747a064f099e853231959d3506b29f5b472c6c54940ac98,2026-04-30 16:20:00+00:00,300,300,0,299,0,0,0,0,0,0,2026-04-30 16:20:00+00:00,2026-04-30 16:25:00+00:00,2026-04-30 16:25:00.562922+00:00,300,True,,0,True
0x39d57cca8de3ea79692c198dd0fa11c5e8ef8fb38aea8155ccdeb0778f5739b6,2026-04-30 16:50:00+00:00,300,300,0,299,0,0,9,0,0,0,2026-04-30 16:50:00+00:00,2026-04-30 16:55:00+00:00,2026-04-30 16:55:00.688363+00:00,300,True,Down,0,True
0x6a6add2fac61acd0d20185449ec38af261533eaa96b8656c19fdaa3e6a50c468,2026-04-30 16:55:00+00:00,300,300,0,299,0,0,14,0,0,0,2026-04-30 16:55:00+00:00,2026-04-30 17:00:00+00:00,2026-04-30 17:00:00.492211+00:00,300,True,Down,0,True
0x5296a81d1668d4945a678d36b5430803f22d3d6dc108e2c2a498f95cd470bfaa,2026-04-30 17:00:00+00:00,300,300,0,299,0,0,0,0,0,0,2026-04-30 17:00:00+00:00,2026-04-30 17:05:00+00:00,2026-04-30 17:05:00.532905+00:00,300,True,,1,True
0x52a2a0add4f2f2b5b03911370e6642d2ee9d6cb3da782b47e8b7381d33486e30,2026-04-30 17:05:00+00:00,300,300,0,299,0,0,0,38,0,0,2026-04-30 17:05:00+00:00,2026-04-30 17:10:00+00:00,2026-04-30 17:10:00.558832+00:00,300,True,Up,1,True
0x6c0853b958c41731cd5d03d73a615379f1fbc891639ea5d480110e0ae17f7959,2026-04-30 17:15:00+00:00,300,300,0,299,0,0,43,0,0,0,2026-04-30 17:15:00+00:00,2026-04-30 17:20:00+00:00,2026-04-30 17:20:00.604114+00:00,300,True,Down,0,True
0x50efb8fb558e9d43f11bc8451c9df469db7e2a66d43fb08271faf176eba88404,2026-04-30 17:40:00+00:00,300,300,0,299,0,0,0,0,0,0,2026-04-30 17:40:00+00:00,2026-04-30 17:45:00+00:00,2026-04-30 17:45:00.577953+00:00,300,True,,0,True
0xd5b0d040eaac21018934fc82f3e85dd4f4523a8a59819f9efc28dab2a04a0cf0,2026-04-30 17:45:00+00:00,300,300,0,299,0,0,0,47,0,0,2026-04-30 17:45:00+00:00,2026-04-30 17:50:00+00:00,2026-04-30 17:50:00.496800+00:00,300,True,Up,1,True
0xd777d4af1c5179d0ddb6709a91eac7c8609926fead9d37231a80413c722d6363,2026-04-30 17:55:00+00:00,300,300,0,299,0,0,0,0,0,0,2026-04-30 17:55:00+00:00,2026-04-30 18:00:00+00:00,2026-04-30 18:00:00.583756+00:00,300,True,,0,True
0x78ef2dbbfa44fa24af1fcdf0b298aa5eff48fabe36171d075041ecda5ecf0ac1,2026-04-30 18:00:00+00:00,300,300,0,299,0,0,0,97,0,0,2026-04-30 18:00:00+00:00,2026-04-30 18:05:00+00:00,2026-04-30 18:05:00.563829+00:00,300,True,Up,1,True
0xc03c3f8acb9b5a61421f2bd0187b2c45d1040aaf0e3c31e1b08eda90c241ac52,2026-04-30 18:15:00+00:00,300,300,0,299,0,0,0,81,0,0,2026-04-30 18:15:00+00:00,2026-04-30 18:20:00+00:00,2026-04-30 18:20:00.538695+00:00,300,True,Up,1,True
0x920bbb935cec1ce227be73289b8315c26a5c92fa7165b5b60bf23d07184d4377,2026-04-30 18:20:00+00:00,300,300,0,299,0,0,0,0,0,0,2026-04-30 18:20:00+00:00,2026-04-30 18:25:00+00:00,2026-04-30 18:25:00.506169+00:00,300,True,,0,True
0x6b3494887f73cf5622767e3c809eb908007faacce20584de8ca5c6da84abe9b1,2026-04-30 18:35:00+00:00,300,300,0,299,0,0,0,24,0,0,2026-04-30 18:35:00+00:00,2026-04-30 18:40:00+00:00,2026-04-30 18:40:00.582709+00:00,300,True,Up,1,True
0x19f10ad4568a37d189084f6acfb074ec7b8c562dedf52a782223e38b3ccbcfc4,2026-04-30 18:40:00+00:00,300,300,0,299,0,0,0,72,0,0,2026-04-30 18:40:00+00:00,2026-04-30 18:45:00+00:00,2026-04-30 18:45:00.781065+00:00,300,True,Up,1,True
0x6fe03c3c781f62d456518a3a6b2b95c0d0bee427243bcef06f5b37b3f1c395b7,2026-04-30 18:50:00+00:00,300,300,0,299,0,0,2,0,0,0,2026-04-30 18:50:00+00:00,2026-04-30 18:55:00+00:00,2026-04-30 18:55:00.563312+00:00,300,True,,0,True
0xf19bb5698c68ac73a2fbdbb6c2bc6e83c93dad2479629f309d9f34d6fb173037,2026-04-30 18:55:00+00:00,300,300,0,299,0,0,23,0,0,0,2026-04-30 18:55:00+00:00,2026-04-30 19:00:00+00:00,2026-04-30 19:00:00.661034+00:00,300,True,,0,True
0x0f037b9817a08fdbd6591494683c0bd41b70484413c3510eb8308c86e12deaf9,2026-04-30 19:00:00+00:00,300,300,0,299,0,0,0,0,0,0,2026-04-30 19:00:00+00:00,2026-04-30 19:05:00+00:00,2026-04-30 19:05:00.504654+00:00,300,True,,0,True
0xa90cdc5faa57e8f9480c76897f61d3ed3be36b34c5832571326e08b56d4462b6,2026-04-30 19:05:00+00:00,300,300,0,299,0,0,0,38,0,0,2026-04-30 19:05:00+00:00,2026-04-30 19:10:00+00:00,2026-04-30 19:10:00.525474+00:00,300,True,Up,1,True
0xf29aad0160ebe183c518117cfb20f76f2239e2496f1847a123842873aca3fb44,2026-04-30 19:10:00+00:00,300,300,0,299,0,0,0,15,0,0,2026-04-30 19:10:00+00:00,2026-04-30 19:15:00+00:00,2026-04-30 19:15:00.369365+00:00,300,True,Up,1,True
0x0b7e51b0ebd327708b1d5247f55713a50c428162f8e661f21f9b6752077cc585,2026-04-30 19:15:00+00:00,300,300,0,299,0,0,5,0,0,0,2026-04-30 19:15:00+00:00,2026-04-30 19:20:00+00:00,2026-04-30 19:20:00.573268+00:00,300,True,Down,0,True
0x2c0567beb0bd8605203bd8cf1bf528402e0e93d4da2cd2ca2c3b54c6b6ca77be,2026-04-30 19:25:00+00:00,300,300,0,299,0,0,8,0,0,0,2026-04-30 19:25:00+00:00,2026-04-30 19:30:00+00:00,2026-04-30 19:30:00.698365+00:00,300,True,,0,True
0xbea81e79848840c0981903e92998da0001c32cba7261bda7159b14bcdb000f92,2026-04-30 19:35:00+00:00,300,300,0,299,0,0,0,0,0,0,2026-04-30 19:35:00+00:00,2026-04-30 19:40:00+00:00,2026-04-30 19:40:00.546613+00:00,300,True,,1,True
0xad3bc11032e0a10dc9a1272a39cfe239be06e81052b789ce52c29e9327fddfb1,2026-04-30 19:50:00+00:00,300,300,0,299,0,0,0,0,0,0,2026-04-30 19:50:00+00:00,2026-04-30 19:55:00+00:00,2026-04-30 19:55:00.546833+00:00,300,True,,0,True
0xc27cca5db30a4be28c008849b5c1e0cab0d8e1f134e2b40f982ca70fb5786b1e,2026-04-30 20:00:00+00:00,300,300,0,299,0,0,2,0,0,0,2026-04-30 20:00:00+00:00,2026-04-30 20:05:00+00:00,2026-04-30 20:05:00.500897+00:00,300,True,Down,0,True
0x6d639cf0d97aa9408c0692c354366928134b24e7ba05f9f71fb76ea19d041a6e,2026-04-30 20:05:00+00:00,300,300,0,299,0,0,0,0,0,0,2026-04-30 20:05:00+00:00,2026-04-30 20:10:00+00:00,2026-04-30 20:10:00.499720+00:00,300,True,,1,True
0x3be50de5355d504e082232b4aba71f77409071753959c9706756eb2debc78e4e,2026-04-30 20:10:00+00:00,300,300,0,299,0,0,0,18,0,0,2026-04-30 20:10:00+00:00,2026-04-30 20:15:00+00:00,2026-04-30 20:15:00.597589+00:00,300,True,Up,1,True
0x9c6085e7c8197dc3311406368403ad5e1b3d948624e89e173f1923b958c04533,2026-04-30 20:15:00+00:00,300,300,0,299,0,0,25,0,0,0,2026-04-30 20:15:00+00:00,2026-04-30 20:20:00+00:00,2026-04-30 20:20:00.507739+00:00,300,True,,0,True
0xc79b10bac358e1c26f47d53c3be212315d692fcd7c45e8950eac82289bb450e7,2026-04-30 20:20:00+00:00,300,300,0,299,0,0,0,75,0,0,2026-04-30 20:20:00+00:00,2026-04-30 20:25:00+00:00,2026-04-30 20:25:00.525908+00:00,300,True,Up,1,True
0x928a2e99797ea6cc6a40cc22805547ec8290f63425fb661fc8406fd6bbf703b2,2026-04-30 20:30:00+00:00,300,300,0,299,0,0,0,0,0,0,2026-04-30 20:30:00+00:00,2026-04-30 20:35:00+00:00,2026-04-30 20:35:00.519568+00:00,300,True,,1,True
0x9a43b8636ebc95679536c7efb2f93ffe87056d332cf0dd0bfd4d54505add3195,2026-04-30 20:45:00+00:00,300,300,0,299,0,0,0,11,0,0,2026-04-30 20:45:00+00:00,2026-04-30 20:50:00+00:00,2026-04-30 20:50:00.517895+00:00,300,True,,1,True
0x1f3ceb71d63d740a4a65eb8c12c6cd66145872978fb1ab514a558bbb8aebcb88,2026-04-30 21:00:00+00:00,300,300,0,299,0,0,0,13,0,0,2026-04-30 21:00:00+00:00,2026-04-30 21:05:00+00:00,2026-04-30 21:05:00.511755+00:00,300,True,,1,True
0x150851b6149c4c94d8415d493bc6c81cfe0906c2483f4dcf0399b1a1bfa09739,2026-04-30 21:05:00+00:00,300,300,0,299,0,0,27,0,0,0,2026-04-30 21:05:00+00:00,2026-04-30 21:10:00+00:00,2026-04-30 21:10:00.524776+00:00,300,True,Down,0,True
0x7dd437d4c74909b8df5a4144b405589f93393bfc4696e6f1ddbb24327e600e37,2026-04-30 21:10:00+00:00,300,300,0,299,0,0,0,33,0,0,2026-04-30 21:10:00+00:00,2026-04-30 21:15:00+00:00,2026-04-30 21:15:00.577162+00:00,300,True,Up,1,True
0xfd7587da43675da79a38ee054bb62f6da0bf76f70f1c61f664ebdbb17ff45aca,2026-04-30 21:15:00+00:00,300,300,0,299,0,0,57,0,0,0,2026-04-30 21:15:00+00:00,2026-04-30 21:20:00+00:00,2026-04-30 21:20:00.530188+00:00,300,True,Down,0,True
0xfb8549061303fdf387e68030b72acd75a6af5380361db1532b72858f4f2f206c,2026-04-30 21:20:00+00:00,300,300,0,299,0,0,27,0,0,0,2026-04-30 21:20:00+00:00,2026-04-30 21:25:00+00:00,2026-04-30 21:25:00.523670+00:00,300,True,Down,0,True
0xf93a6c4961db6a3296c22d5a1fc7476e8931b08125eebb859766e23fecf9e2f9,2026-04-30 21:25:00+00:00,300,300,0,299,0,0,31,0,0,0,2026-04-30 21:25:00+00:00,2026-04-30 21:30:00+00:00,2026-04-30 21:30:00.674995+00:00,300,True,,0,True
0x2e1c2e0ce5dcc393fd5cc872dae4692c3e66364e261a8bd3fda0ac2e6203e17a,2026-04-30 21:40:00+00:00,300,300,0,299,0,0,12,0,0,0,2026-04-30 21:40:00+00:00,2026-04-30 21:45:00+00:00,2026-04-30 21:45:00.582131+00:00,300,True,Down,0,True
0x72e8611464606a407600f9f334b77cd48e7fa61c1f919f7a81f3409980ee030b,2026-04-30 21:45:00+00:00,300,300,0,299,0,0,70,0,0,0,2026-04-30 21:45:00+00:00,2026-04-30 21:50:00+00:00,2026-04-30 21:50:00.521230+00:00,300,True,Down,0,True
0x6bd136a448af1d9de73769ca82fe2cf591c68479c831c8c5a206169722b343ce,2026-04-30 22:15:00+00:00,300,300,0,299,0,0,0,13,0,0,2026-04-30 22:15:00+00:00,2026-04-30 22:20:00+00:00,2026-04-30 22:20:00.516460+00:00,300,True,Up,1,True
0x7058768cd93d80a81f22108b3f98898ec9faebe37ead3d7694c5ed9612d47b72,2026-04-30 22:25:00+00:00,300,300,0,299,0,0,0,16,0,0,2026-04-30 22:25:00+00:00,2026-04-30 22:30:00+00:00,2026-04-30 22:30:00.587958+00:00,300,True,Up,1,True
0x615bc35aadcab64f14f4034682a25391aea377ce8897a7ef20ebcdadb81c7546,2026-04-30 22:35:00+00:00,300,300,0,299,0,0,6,0,0,0,2026-04-30 22:35:00+00:00,2026-04-30 22:40:00+00:00,2026-04-30 22:40:00.546810+00:00,300,True,Down,0,True
0x624f3a457d74109387ea16592bf59f79ffa53869dbcd132ab2908aa9ab3d03c1,2026-04-30 22:45:00+00:00,300,300,0,299,0,0,0,0,0,0,2026-04-30 22:45:00+00:00,2026-04-30 22:50:00+00:00,2026-04-30 22:50:00.598329+00:00,300,True,,0,True
0x4647207a5e8f39512873a1fb91008b9204bc729845c2cf2345e1e06d5210cae8,2026-04-30 22:50:00+00:00,300,300,0,299,0,0,27,0,0,0,2026-04-30 22:50:00+00:00,2026-04-30 22:55:00+00:00,2026-04-30 22:55:00.517021+00:00,300,True,,0,True
0xa287c74fe56a4b83c3dd581f7bd237743342333355f1f499be4c2ce56f7a3606,2026-04-30 22:55:00+00:00,300,300,0,299,0,0,7,0,0,0,2026-04-30 22:55:00+00:00,2026-04-30 23:00:00+00:00,2026-04-30 23:00:00.723069+00:00,300,True,,0,True
0x57a299fc5650626bcf479d32ceacb89bd6bd42aad989c4649103cd60767e3161,2026-04-30 23:00:00+00:00,300,300,0,299,0,0,0,5,0,0,2026-04-30 23:00:00+00:00,2026-04-30 23:05:00+00:00,2026-04-30 23:05:00.594706+00:00,300,True,Up,1,True
0xa6b300ae9a8065197263be5eb7a4b9b7ae91aabac89b4b3b25e19a2ca56e47d7,2026-04-30 23:15:00+00:00,300,300,0,299,0,0,0,7,0,0,2026-04-30 23:15:00+00:00,2026-04-30 23:20:00+00:00,2026-04-30 23:20:00.543946+00:00,300,True,Up,1,True
0xe96e7126f62d8cf2bc52b9b45c6d73742ea7144e64ab63672a554458a1516c2e,2026-04-30 23:20:00+00:00,300,300,0,299,0,0,0,7,0,0,2026-04-30 23:20:00+00:00,2026-04-30 23:25:00+00:00,2026-04-30 23:25:00.524851+00:00,300,True,Up,1,True
0x5f0457fc5b7c8d75f5db1f4c368284c624826fa420439d794eca66cd6eb1ea55,2026-04-30 23:25:00+00:00,300,300,0,299,0,0,0,6,0,0,2026-04-30 23:25:00+00:00,2026-04-30 23:30:00+00:00,2026-04-30 23:30:00.606616+00:00,300,True,Up,1,True
0xfed77752f17973b85926e06c9276c65605920b3f49e8ed37e75655c6b1ba9536,2026-04-30 23:30:00+00:00,300,300,0,299,0,0,0,1,0,0,2026-04-30 23:30:00+00:00,2026-04-30 23:35:00+00:00,2026-04-30 23:35:00.532827+00:00,300,True,,0,True
0x754dc6450eef5fcef30e2d8016407608553f6bc3c0567203d707e46d408c5298,2026-04-30 23:35:00+00:00,300,300,0,299,0,0,0,0,0,0,2026-04-30 23:35:00+00:00,2026-04-30 23:40:00+00:00,2026-04-30 23:40:00.565680+00:00,300,True,,1,True
0xefeaa19b4e4fcf4d470f0ea797f704c65cdde7f644104b3292d600efd1160bc4,2026-04-30 23:40:00+00:00,300,300,0,299,0,0,0,0,0,0,2026-04-30 23:40:00+00:00,2026-04-30 23:45:00+00:00,2026-04-30 23:45:00.782378+00:00,300,True,,0,True
0xe434b761370ba1fb95f17179abcde1bcc16a128c995a6400fbbeaff170f724b2,2026-04-30 23:45:00+00:00,300,300,0,299,0,0,0,4,0,0,2026-04-30 23:45:00+00:00,2026-04-30 23:50:00+00:00,2026-04-30 23:50:00.484976+00:00,300,True,Up,1,True
0x62fa6e3ab6ccba3f00617296eb6ad5a72c542795bdcde840e2831124fb9ea54b,2026-04-30 23:50:00+00:00,300,300,0,299,0,0,0,3,0,0,2026-04-30 23:50:00+00:00,2026-04-30 23:55:00+00:00,2026-04-30 23:55:00.474664+00:00,300,True,Up,1,True
0xee974912ed98c794f2606f3724ad889f018aa2afbe409e49df09205e61303701,2026-05-01 00:05:00+00:00,300,300,0,299,0,0,0,2,0,0,2026-05-01 00:05:00+00:00,2026-05-01 00:10:00+00:00,2026-05-01 00:10:00.498795+00:00,300,True,Up,1,True
0x01f075a527fe98b6ac9d6748ff14bdb51ac71b77714ec63fc2ec4cfb7600ec28,2026-05-01 00:20:00+00:00,300,300,0,299,0,0,1,0,0,0,2026-05-01 00:20:00+00:00,2026-05-01 00:25:00+00:00,2026-05-01 00:25:00.531009+00:00,300,True,,0,True
0x30f62b052eccaea428898738516660194f1704cb09d2c7217ffdaa8fe9561764,2026-05-01 00:35:00+00:00,300,300,0,299,0,0,4,1,0,0,2026-05-01 00:35:00+00:00,2026-05-01 00:40:00+00:00,2026-05-01 00:40:00.612451+00:00,300,True,Down,0,True
0x2361b093930d60b3621017781d84cf159059e9a0d327fbc0d4d86a022c48f99b,2026-05-01 00:40:00+00:00,300,300,0,299,0,0,0,36,0,0,2026-05-01 00:40:00+00:00,2026-05-01 00:45:00+00:00,2026-05-01 00:45:00.642663+00:00,300,True,Up,1,True
0x599c8516542d29f68fcebaf353ab39da3b018049cd26e764c529cb383000d890,2026-05-01 00:45:00+00:00,300,300,0,299,0,0,3,1,0,0,2026-05-01 00:45:00+00:00,2026-05-01 00:50:00+00:00,2026-05-01 00:50:00.531913+00:00,300,True,,0,True
0xdfb7d7fc201ad66b72c2e51b2d2544e798ae638001fc7a4f7618e50d1f661baa,2026-05-01 00:50:00+00:00,300,300,0,299,0,0,1,1,0,0,2026-05-01 00:50:00+00:00,2026-05-01 00:55:00+00:00,2026-05-01 00:55:00.499707+00:00,300,True,,0,True
0xc258a6ecc832a280af6c7a536ffa711cf33abcb9f068999f38f0e9115d2acb87,2026-05-01 00:55:00+00:00,300,300,0,299,0,0,6,0,0,0,2026-05-01 00:55:00+00:00,2026-05-01 01:00:00+00:00,2026-05-01 01:00:00.819799+00:00,300,True,,0,True
0xaa752ee4958dea7dcee209b913d078b78b1e8f01fe8edc3480f26ab3f3893e14,2026-05-01 01:05:00+00:00,300,300,0,299,0,0,0,17,0,0,2026-05-01 01:05:00+00:00,2026-05-01 01:10:00+00:00,2026-05-01 01:10:00.510181+00:00,300,True,,1,True
0x8b7891217aeeae9295f8c214e87f2b97df96868f2601ca9a757bf43fe8282a86,2026-05-01 01:10:00+00:00,300,300,0,299,0,0,0,0,0,0,2026-05-01 01:10:00+00:00,2026-05-01 01:15:00+00:00,2026-05-01 01:15:00.550121+00:00,300,True,,1,True
0xb2a06b2bdab4750fe0601319dcf55a17438d0390e427033e319378c5096814d3,2026-05-01 01:30:00+00:00,300,300,0,299,0,0,0,4,0,0,2026-05-01 01:30:00+00:00,2026-05-01 01:35:00+00:00,2026-05-01 01:35:00.474710+00:00,300,True,,1,True
0x04889a18fc34d0a49dfd971ec6d0e7173b1d0d218f572a040a5a1ed388922e06,2026-05-01 01:35:00+00:00,300,300,0,299,0,0,0,7,0,0,2026-05-01 01:35:00+00:00,2026-05-01 01:40:00+00:00,2026-05-01 01:40:00.495878+00:00,300,True,Up,1,True
0x02ce70493472bfaedacf96465af64b69ef3639b4ce58b77c6a8f47563c8ebb8e,2026-05-01 01:40:00+00:00,300,300,0,299,0,0,0,7,0,0,2026-05-01 01:40:00+00:00,2026-05-01 01:45:00+00:00,2026-05-01 01:45:00.810692+00:00,300,True,Up,1,True
0xa56b81ea537a35e5dce0022234f57538c273cbf83205901765762fd41b178183,2026-05-01 01:45:00+00:00,300,300,0,299,0,0,0,54,0,0,2026-05-01 01:45:00+00:00,2026-05-01 01:50:00+00:00,2026-05-01 01:50:00.493887+00:00,300,True,Up,1,True
0x3ce8a374a2b8216258c0adde4fd4baaf5765e95b50a5287785c8298079a27cc2,2026-05-01 02:05:00+00:00,300,300,0,299,0,0,0,21,0,0,2026-05-01 02:05:00+00:00,2026-05-01 02:10:00+00:00,2026-05-01 02:10:00.468944+00:00,300,True,Up,1,True
0xa7eb4471ccf9d7e93b6813171918bbc6e8e705fa862bba707b3aa33f733118ea,2026-05-01 02:10:00+00:00,300,300,0,299,0,0,26,0,0,0,2026-05-01 02:10:00+00:00,2026-05-01 02:15:00+00:00,2026-05-01 02:15:00.488615+00:00,300,True,,0,True
0x5f2ad2e1303581307e7ca4dca6f17d95755ec40f71b2fd0b710e14fec02c8795,2026-05-01 02:20:00+00:00,300,300,0,299,0,0,0,7,0,0,2026-05-01 02:20:00+00:00,2026-05-01 02:25:00+00:00,2026-05-01 02:25:00.502688+00:00,300,True,Up,1,True
0x4457464258a563f533b7efdb0f27da7981bae695b4afc9abccaac74e73dd1235,2026-05-01 02:30:00+00:00,300,300,0,299,0,0,5,0,0,0,2026-05-01 02:30:00+00:00,2026-05-01 02:35:00+00:00,2026-05-01 02:35:00.513123+00:00,300,True,Down,0,True
0x342355a3b095730799d00bb865c8fafbd7b53e3147c7d0f61181ad97d17504ff,2026-05-01 02:35:00+00:00,300,300,0,299,0,0,0,37,0,0,2026-05-01 02:35:00+00:00,2026-05-01 02:40:00+00:00,2026-05-01 02:40:00.484455+00:00,300,True,Up,1,True
0x5945b981b3368351422972e50ba77cc28b2880bebf34244631bd4bfa89000f74,2026-05-01 02:40:00+00:00,300,300,0,299,0,0,7,0,0,0,2026-05-01 02:40:00+00:00,2026-05-01 02:45:00+00:00,2026-05-01 02:45:00.593171+00:00,300,True,Down,0,True
0xa326847c0888bae72e6a6ae76ff65a8114f8f2ac3fe7696dda52f75f6555e1b8,2026-05-01 02:45:00+00:00,300,300,0,299,0,0,0,0,0,0,2026-05-01 02:45:00+00:00,2026-05-01 02:50:00+00:00,2026-05-01 02:50:00.531828+00:00,300,True,,1,True
0x8d609e67e1872037b959e44230acdd645bcbc620a50620ac48e4199c761d6856,2026-05-01 02:50:00+00:00,300,300,0,299,0,0,0,0,0,0,2026-05-01 02:50:00+00:00,2026-05-01 02:55:00+00:00,2026-05-01 02:55:00.522262+00:00,300,True,Down,0,True
0xbbb3d437d6a4204072dbce4d16f0930d3472347f4fe66e38a9e38096986bb643,2026-05-01 02:55:00+00:00,300,300,0,299,0,0,0,6,0,0,2026-05-01 02:55:00+00:00,2026-05-01 03:00:00+00:00,2026-05-01 03:00:00.526600+00:00,300,True,,1,True
0xa56ae142ddeee10e5728788a629acf2a433771d069bb3365ea65d05483bc1bfa,2026-05-01 03:10:00+00:00,300,300,0,299,0,0,0,14,0,0,2026-05-01 03:10:00+00:00,2026-05-01 03:15:00+00:00,2026-05-01 03:15:00.514527+00:00,300,True,Up,1,True
0x2f605f1178f551758fd36066f78b6f0e6784eb395153f2e8ad11a8618620931b,2026-05-01 03:50:00+00:00,300,300,0,299,0,0,3,0,0,0,2026-05-01 03:50:00+00:00,2026-05-01 03:55:00+00:00,2026-05-01 03:55:00.537941+00:00,300,True,Down,0,True
0x2f61c5b7716276fb7aed56e13bb2c1c3390ec5c14510b4dd21ccb1e60d2d56fd,2026-05-01 04:05:00+00:00,300,300,0,299,0,0,0,5,0,0,2026-05-01 04:05:00+00:00,2026-05-01 04:10:00+00:00,2026-05-01 04:10:00.571591+00:00,300,True,Up,1,True
0xb277af8fc09805e5a3ebd072b8e7a651885b96a9b6b109a9e35fefdeda434947,2026-05-01 04:15:00+00:00,300,300,0,299,0,0,0,62,0,0,2026-05-01 04:15:00+00:00,2026-05-01 04:20:00+00:00,2026-05-01 04:20:00.547398+00:00,300,True,Up,1,True
0xe88c50ce7e9e553e258cb8b72a7b4ed78d3ac36c49aee891d33db3574bfbe0ef,2026-05-01 04:40:00+00:00,300,300,0,299,0,0,0,0,0,0,2026-05-01 04:40:00+00:00,2026-05-01 04:45:00+00:00,2026-05-01 04:45:00.527162+00:00,300,True,,0,True
0x31acf6bf2de9a42d7bcd036cd3932ae86176d5e87b33af8c79962847cb09c029,2026-05-01 04:45:00+00:00,300,300,0,299,0,0,0,0,0,0,2026-05-01 04:45:00+00:00,2026-05-01 04:50:00+00:00,2026-05-01 04:50:00.539381+00:00,300,True,,0,True
0x095b9bcb070b341ceaa086db65d8b48b645659c11372ec3ed6fa9749f0528b6d,2026-05-01 04:55:00+00:00,300,300,0,299,0,0,0,0,0,0,2026-05-01 04:55:00+00:00,2026-05-01 05:00:00+00:00,2026-05-01 05:00:00.733572+00:00,300,True,,0,True
0xb33dfafd200d80ccfab7631617368fbc2ee6ea78606ec48e84835daf068f484c,2026-05-01 05:00:00+00:00,300,300,0,299,0,0,0,17,0,0,2026-05-01 05:00:00+00:00,2026-05-01 05:05:00+00:00,2026-05-01 05:05:00.554261+00:00,300,True,Up,1,True
0xdd19205ab2c171f28022d666a2118dd2c60b9c54c0a8725b5b40553fa338ea7f,2026-05-01 05:10:00+00:00,300,300,0,299,0,0,7,0,0,0,2026-05-01 05:10:00+00:00,2026-05-01 05:15:00+00:00,2026-05-01 05:15:00.566172+00:00,300,True,Down,0,True
0xe25a164fb34f0eeb7bdaf7e0166da44b215e29152f25489d90c9f4ad35b05911,2026-05-01 05:15:00+00:00,300,300,0,299,0,0,42,0,0,0,2026-05-01 05:15:00+00:00,2026-05-01 05:20:00+00:00,2026-05-01 05:20:00.499070+00:00,300,True,Down,0,True
0x718c35aeabc3e1a65a94eaacc5e23b103e281174303d79697df6d1632bc439af,2026-05-01 05:25:00+00:00,300,300,0,299,0,0,7,0,0,0,2026-05-01 05:25:00+00:00,2026-05-01 05:30:00+00:00,2026-05-01 05:30:05.413078+00:00,300,True,Down,0,True
0x8c4c739b235bc1f9af80b4837d8b706b735ebd6deac77397f091555c59796051,2026-05-01 05:30:00+00:00,300,300,0,299,0,0,0,6,0,0,2026-05-01 05:30:00+00:00,2026-05-01 05:35:00+00:00,2026-05-01 05:35:00.491901+00:00,300,True,Up,1,True
0x5e46686af36077d6dbc154c6e6e5c579ddcb91ddec4ea80b27358df36afc3a78,2026-05-01 05:35:00+00:00,300,300,0,299,0,0,0,4,0,0,2026-05-01 05:35:00+00:00,2026-05-01 05:40:00+00:00,2026-05-01 05:40:00.588042+00:00,300,True,Up,1,True
0x3ab4aef8886b77afce464732979a536e2b91a7223afbcdfb119287d32a3206f3,2026-05-01 05:55:00+00:00,300,300,0,299,0,0,0,0,0,0,2026-05-01 05:55:00+00:00,2026-05-01 06:00:00+00:00,2026-05-01 06:00:00.798698+00:00,300,True,,1,True
0x4648491f6d04f1762554ec9c446590ec913750b330e93165b43c2363dc000876,2026-05-01 06:10:00+00:00,300,300,0,299,0,0,0,0,0,0,2026-05-01 06:10:00+00:00,2026-05-01 06:15:00+00:00,2026-05-01 06:15:00.584097+00:00,300,True,,1,True
0x504276d8b92c45e71a7bf5e8e8041a792054426ceffe3ad3bff113220b8db1ab,2026-05-01 06:15:00+00:00,300,300,0,299,0,0,3,0,0,0,2026-05-01 06:15:00+00:00,2026-05-01 06:20:00+00:00,2026-05-01 06:20:00.572365+00:00,300,True,Down,0,True
0x8eda39d843cede04c7bcf8d76b332ca231f339e864df91038123881812826ca3,2026-05-01 06:25:00+00:00,300,300,0,299,0,0,0,2,0,0,2026-05-01 06:25:00+00:00,2026-05-01 06:30:00+00:00,2026-05-01 06:30:00.569517+00:00,300,True,Up,1,True
0xc38083275c2e56e41870f06ade78cd1d90a256c3bdf96e3a8400ca9b2a35d485,2026-05-01 06:30:00+00:00,300,300,0,299,0,0,0,1,0,0,2026-05-01 06:30:00+00:00,2026-05-01 06:35:00+00:00,2026-05-01 06:35:01.972911+00:00,300,True,Up,1,True
0x612b2ea066acc95d91245855ac1b6ff5218d360e04ab6e2cee27fe8024e39b93,2026-05-01 06:50:00+00:00,300,300,0,299,0,0,0,4,0,0,2026-05-01 06:50:00+00:00,2026-05-01 06:55:00+00:00,2026-05-01 06:55:00.516225+00:00,300,True,Up,1,True
0xd4d5804205def961bbd74cd47fd85596cad7a648b9e10fd108c30903b36c89e5,2026-05-01 07:00:00+00:00,300,300,0,299,0,0,6,0,0,0,2026-05-01 07:00:00+00:00,2026-05-01 07:05:00+00:00,2026-05-01 07:05:00.459794+00:00,300,True,Down,0,True
0xed1b24d1084e9ea6b19839566d8797647a8b77e929135348ffdbead638ef7196,2026-05-01 07:10:00+00:00,300,300,0,299,0,0,0,0,0,0,2026-05-01 07:10:00+00:00,2026-05-01 07:15:00+00:00,2026-05-01 07:15:00.702868+00:00,300,True,,0,True
0xdca9529de488b04ac9da33ab3a1185a957a6a3b6047531c3ec0f7568ce3053fe,2026-05-01 07:35:00+00:00,300,300,0,299,0,0,0,0,0,0,2026-05-01 07:35:00+00:00,2026-05-01 07:40:00+00:00,2026-05-01 07:40:00.769760+00:00,300,True,,1,True
0xbd67a3635a2f289c37de4845ee27558814bd479de6b4415627fc22394e0a72cc,2026-05-01 07:40:00+00:00,300,300,0,299,0,0,4,0,0,0,2026-05-01 07:40:00+00:00,2026-05-01 07:45:00+00:00,2026-05-01 07:45:00.740503+00:00,300,True,Down,0,True
0x9e1f1a2f68802700962a071f4d0418b81b9cf15e5fb40702762e6ac44b3938dc,2026-05-01 07:45:00+00:00,300,300,0,299,0,0,0,28,0,0,2026-05-01 07:45:00+00:00,2026-05-01 07:50:00+00:00,2026-05-01 07:50:00.482960+00:00,300,True,Up,1,True
0xa23f693a8d25748b4db6f4747218c0b4474dec9d39926b26cb6bf4217c1b3021,2026-05-01 08:05:00+00:00,300,300,0,299,0,0,0,16,0,0,2026-05-01 08:05:00+00:00,2026-05-01 08:10:00+00:00,2026-05-01 08:10:00.476239+00:00,300,True,Up,1,True
0x7db17833104d56e0e86d04a6089c5ca80d5cd8065db93fa672c63f4570763a36,2026-05-01 08:10:00+00:00,300,300,0,299,0,0,0,32,0,0,2026-05-01 08:10:00+00:00,2026-05-01 08:15:00+00:00,2026-05-01 08:15:00.557913+00:00,300,True,Up,1,True
0x53d36621a6653bd4ea98e5b29729c110cca80d7a2d8987e3dc580be7b6eed8e8,2026-05-01 08:50:00+00:00,300,300,0,299,0,0,0,3,0,0,2026-05-01 08:50:00+00:00,2026-05-01 08:55:00+00:00,2026-05-01 08:55:00.669300+00:00,300,True,,0,True
0x6373b360e1d3e08ff04a52e421706b44e772adc8f1a4e91ae55a41bafd9e4a58,2026-05-01 08:55:00+00:00,300,300,0,299,0,0,0,5,0,0,2026-05-01 08:55:00+00:00,2026-05-01 09:00:00+00:00,2026-05-01 09:00:00.774948+00:00,300,True,Up,1,True
0xf4bb9f47a6b40b7c2cbb1fe658e2cf7609c5c5af33d885b69dbc926b34ec314b,2026-05-01 09:05:00+00:00,300,300,0,299,0,0,0,10,0,0,2026-05-01 09:05:00+00:00,2026-05-01 09:10:00+00:00,2026-05-01 09:10:00.556944+00:00,300,True,,1,True
0x8415196fa739a7544dfdf07a038681fd696bc7a753dbf88ac1aeb9623f0569d5,2026-05-01 09:10:00+00:00,300,300,0,299,0,0,4,0,0,0,2026-05-01 09:10:00+00:00,2026-05-01 09:15:00+00:00,2026-05-01 09:15:00.633694+00:00,300,True,Down,0,True
0x21d4dbe08536af782b9b73f3588ef98818b9dfcfe2a85ddd3a38982a3f4de092,2026-05-01 09:15:00+00:00,300,300,0,299,0,0,2,0,0,0,2026-05-01 09:15:00+00:00,2026-05-01 09:20:00+00:00,2026-05-01 09:20:00.489367+00:00,300,True,Down,0,True
0x5b419255f2a4fadc6b0cdfea14b3d61e1f6b3a7fb103451cf7b207274216bde1,2026-05-01 09:30:00+00:00,300,300,0,299,0,0,10,0,0,0,2026-05-01 09:30:00+00:00,2026-05-01 09:35:00+00:00,2026-05-01 09:35:00.546675+00:00,300,True,,0,True
0xdb78d66a150eceab7aa6b93f84fc1f88d31c2d637a0d986c548c7c4940774e59,2026-05-01 09:35:00+00:00,300,300,0,299,0,0,8,0,0,0,2026-05-01 09:35:00+00:00,2026-05-01 09:40:00+00:00,2026-05-01 09:40:00.547895+00:00,300,True,Down,0,True
0x112268288c1c1a3cd723a4499a6873d9f48d2fbe62ea57272a98599c9f8a1239,2026-05-01 09:40:00+00:00,300,300,0,299,0,0,1,1,0,0,2026-05-01 09:40:00+00:00,2026-05-01 09:45:00+00:00,2026-05-01 09:45:00.620206+00:00,300,True,,0,True
0x189ff17a1fa1374d9e919f0390475074a70ca191ee33cdea0ac904abe798fe6e,2026-05-01 09:45:00+00:00,300,300,0,299,0,0,11,0,0,0,2026-05-01 09:45:00+00:00,2026-05-01 09:50:00+00:00,2026-05-01 09:50:00.649462+00:00,300,True,,0,True
0x19035cd6dd0d97a667995755780893f5baf65001528d4f428e4001cd9ea0bed5,2026-05-01 10:00:00+00:00,300,300,0,299,0,0,39,0,0,0,2026-05-01 10:00:00+00:00,2026-05-01 10:05:00+00:00,2026-05-01 10:05:00.558514+00:00,300,True,,0,True
0x5f946aa37859d7d4b259eaa25cd33fcf62d56a76a38cabc296b8d51fbb6f78a0,2026-05-01 10:05:00+00:00,300,300,0,299,0,0,2,0,0,0,2026-05-01 10:05:00+00:00,2026-05-01 10:10:00+00:00,2026-05-01 10:10:00.483776+00:00,300,True,Down,0,True
0xcc8a32a6baa6949107ffb942c10e5ea0ee849f155c29adc6a1f52e4ef8673d36,2026-05-01 10:35:00+00:00,300,300,0,299,0,0,24,0,0,0,2026-05-01 10:35:00+00:00,2026-05-01 10:40:00+00:00,2026-05-01 10:40:00.595878+00:00,300,True,Down,0,True
0xe4efe633526f947d28ca27311c0d24b61737d698103521c08a955ea2b5d6c44f,2026-05-01 10:40:00+00:00,300,300,0,299,0,0,1,0,0,0,2026-05-01 10:40:00+00:00,2026-05-01 10:45:00+00:00,2026-05-01 10:45:00.691922+00:00,300,True,Down,0,True
0x79e5efcfa1d2158e1ae00bda95d3fbcb07d400a837884400ba1f96185123de60,2026-05-01 10:45:00+00:00,300,300,0,299,0,0,0,7,0,0,2026-05-01 10:45:00+00:00,2026-05-01 10:50:00+00:00,2026-05-01 10:50:00.548906+00:00,300,True,Up,1,True
0xfc7ac2e79418a4220e4719b970c109c8f18d63e34181945367583268b0c05cb6,2026-05-01 10:50:00+00:00,300,300,0,299,0,0,0,1,0,0,2026-05-01 10:50:00+00:00,2026-05-01 10:55:00+00:00,2026-05-01 10:55:00.833671+00:00,300,True,,0,True
0xa5d97773eb4f0284ef2b007ebe9ae06d765b19b6a001e7388afab686f3a563f9,2026-05-01 10:55:00+00:00,300,300,0,299,0,0,0,21,0,0,2026-05-01 10:55:00+00:00,2026-05-01 11:00:00+00:00,2026-05-01 11:00:00.810677+00:00,300,True,Up,1,True
0x406a958ce96c3adcea0252d3214a962a2add0e54a6ec43481e03c4e5938d56b7,2026-05-01 11:00:00+00:00,300,300,0,299,0,0,1,0,0,0,2026-05-01 11:00:00+00:00,2026-05-01 11:05:00+00:00,2026-05-01 11:05:00.541130+00:00,300,True,,0,True
0x3470cd221db05d5627c1fbfd37b03d87464130a8685c09b35f37fa18eb84cfd3,2026-05-01 11:05:00+00:00,300,300,0,299,0,0,7,0,0,0,2026-05-01 11:05:00+00:00,2026-05-01 11:10:00+00:00,2026-05-01 11:10:00.533901+00:00,300,True,Down,0,True
0xe18487d12d81d555ceaa75c6e5c08c23620eac2e20973b95dc667c7edf87e90d,2026-05-01 11:10:00+00:00,300,300,0,299,0,0,0,78,0,0,2026-05-01 11:10:00+00:00,2026-05-01 11:15:00+00:00,2026-05-01 11:15:00.498302+00:00,300,True,Up,1,True
0x958f019ddbb04c6c488af11afde0a804a202dee283fa40dfb7c9a6a16e8b9562,2026-05-01 11:15:00+00:00,300,300,0,299,0,0,0,84,0,0,2026-05-01 11:15:00+00:00,2026-05-01 11:20:00+00:00,2026-05-01 11:20:00.491231+00:00,300,True,Up,1,True
0xe2c467a2de5fb00b185190e6cfda5923b49bfa60ca33ee9ee484b8ecd67d2074,2026-05-01 11:20:00+00:00,300,300,0,299,0,0,0,1,0,0,2026-05-01 11:20:00+00:00,2026-05-01 11:25:00+00:00,2026-05-01 11:25:00.560842+00:00,300,True,,0,True
0x59f750bd10b030e086ab02a29174689bf956c301b4c5ef2b4a19b43cb9617f8a,2026-05-01 11:35:00+00:00,300,300,0,299,0,0,2,1,0,0,2026-05-01 11:35:00+00:00,2026-05-01 11:40:00+00:00,2026-05-01 11:40:00.631934+00:00,300,True,Down,0,True
0x27624822a5dbad8f54b6665d845af03d7c5eab3123d6a15313f1b65607b30201,2026-05-01 11:40:00+00:00,300,300,0,299,0,0,0,11,0,0,2026-05-01 11:40:00+00:00,2026-05-01 11:45:00+00:00,2026-05-01 11:45:00.660712+00:00,300,True,Up,1,True
0x84b688313604452e71d0e29ea872ac0e59d84464ad9019d19a1f9dc170d9eb42,2026-05-01 11:45:00+00:00,300,300,0,299,0,0,35,0,0,0,2026-05-01 11:45:00+00:00,2026-05-01 11:50:00+00:00,2026-05-01 11:50:00.542914+00:00,300,True,Down,0,True
0x10fa2851dd53fb90c99c5015644b306e942e38d41418f4839681ac38f31b8591,2026-05-01 11:50:00+00:00,300,300,0,299,0,0,0,18,0,0,2026-05-01 11:50:00+00:00,2026-05-01 11:55:00+00:00,2026-05-01 11:55:00.494862+00:00,300,True,,1,True
0xb50261fb55dee23665333f81e0596bda77f68202d693e7edfe903976d2d33742,2026-05-01 11:55:00+00:00,300,300,0,299,0,0,0,61,0,0,2026-05-01 11:55:00+00:00,2026-05-01 12:00:00+00:00,2026-05-01 12:00:00.732749+00:00,300,True,Up,1,True
0x41f5202917243a9e8b6c48279190f5769b83f89ee4b1e65c5bc9bd817dbf5c99,2026-05-01 14:45:00+00:00,300,300,0,299,0,0,0,69,0,0,2026-05-01 14:45:00+00:00,2026-05-01 14:50:00+00:00,2026-05-01 14:50:00.516501+00:00,300,True,,1,True
0x93f5b744951119e4412a35a1451db8b382ffbf93da7dcd9fc0a2667115612357,2026-05-01 14:55:00+00:00,300,300,0,299,0,0,0,8,0,0,2026-05-01 14:55:00+00:00,2026-05-01 15:00:00+00:00,2026-05-01 15:00:00.696090+00:00,300,True,Up,1,True
0x3bc416921ba8b00d017ea1687efafb87d99cd398e10b27cf798fc35a653c1345,2026-05-01 15:10:00+00:00,300,300,0,299,0,0,0,77,0,0,2026-05-01 15:10:00+00:00,2026-05-01 15:15:00+00:00,2026-05-01 15:15:00.631921+00:00,300,True,Up,1,True
0x1c07e0cc3e80e7c1dc965bde4a0749fee91f818042a93f11aa65bee31cc3b8d9,2026-05-01 15:20:00+00:00,300,300,0,299,0,0,0,19,0,0,2026-05-01 15:20:00+00:00,2026-05-01 15:25:00+00:00,2026-05-01 15:25:00.444734+00:00,300,True,,1,True
0xe08b657642a4f8185f69feb2504e8aa3bd732ab956ab97fe4850c390b52dc3c4,2026-05-01 15:25:00+00:00,300,300,0,299,0,0,0,22,0,0,2026-05-01 15:25:00+00:00,2026-05-01 15:30:00+00:00,2026-05-01 15:30:00.592714+00:00,300,True,Up,1,True
0xe059a19ef5b37657e7a10c31165245efe751aeecfb651323ffeffe04a4962718,2026-05-01 16:20:00+00:00,300,300,0,299,0,0,3,27,0,0,2026-05-01 16:20:00+00:00,2026-05-01 16:25:00+00:00,2026-05-01 16:25:00.507690+00:00,300,True,Down,0,True
0x92cc95f9147850d590b3fe125c2af9d275ea230e6f3e8624533678f70eb4a90b,2026-05-01 16:40:00+00:00,300,300,0,299,0,0,41,0,0,0,2026-05-01 16:40:00+00:00,2026-05-01 16:45:00+00:00,2026-05-01 16:45:00.550142+00:00,300,True,Down,0,True
0x3b47827b1407b642bff2c9f07b69d7970dde5e89debc5cdc5bc491ba26c00eb7,2026-05-01 16:45:00+00:00,300,300,0,299,0,0,54,0,0,0,2026-05-01 16:45:00+00:00,2026-05-01 16:50:00+00:00,2026-05-01 16:50:00.521972+00:00,300,True,Down,0,True
0x462ace99bfc2850c31ee4d952a2bb38f818e9ec08c4764c6a446d51f581405f5,2026-05-01 16:50:00+00:00,300,300,0,299,0,0,0,24,0,0,2026-05-01 16:50:00+00:00,2026-05-01 16:55:00+00:00,2026-05-01 16:55:00.545985+00:00,300,True,,1,True
0xb802d1d2b62baa7af98d21d5c90beaebd3b95da0fa2e0264d0c367025f83d1aa,2026-05-01 17:00:00+00:00,300,300,0,299,0,0,7,0,0,0,2026-05-01 17:00:00+00:00,2026-05-01 17:05:00+00:00,2026-05-01 17:05:00.509173+00:00,300,True,Down,0,True
0x28db2431bb1be58300763e28107fb45343d9a0138ab86976937b88617e8f186c,2026-05-01 17:10:00+00:00,300,300,0,299,0,0,0,50,0,0,2026-05-01 17:10:00+00:00,2026-05-01 17:15:00+00:00,2026-05-01 17:15:00.511531+00:00,300,True,Up,1,True
0x10d8564c89eb6e6769f7d722e379e6e0145f3089fa08a8166822f95f9684a73b,2026-05-01 17:15:00+00:00,300,300,0,299,0,0,3,0,0,0,2026-05-01 17:15:00+00:00,2026-05-01 17:20:00+00:00,2026-05-01 17:20:00.605708+00:00,300,True,Down,0,True
0xb87910836e479eb33271867b244805aac20891fb76f25f212995c7207539c950,2026-05-01 17:20:00+00:00,300,300,0,299,0,0,29,0,0,0,2026-05-01 17:20:00+00:00,2026-05-01 17:25:00+00:00,2026-05-01 17:25:00.522904+00:00,300,True,,0,True
0x2ece375ae05baaf60f70ee58d9bd30ffc25155e719508ef359b9878a8247eade,2026-05-01 17:30:00+00:00,300,300,0,299,0,0,2,0,0,0,2026-05-01 17:30:00+00:00,2026-05-01 17:35:00+00:00,2026-05-01 17:35:00.473715+00:00,300,True,Down,0,True
0x079743595d65903d730617b29a096a8b682d7d975ef624971560f6bedd85ab88,2026-05-01 18:35:00+00:00,300,300,0,299,0,0,4,0,0,0,2026-05-01 18:35:00+00:00,2026-05-01 18:40:00+00:00,2026-05-01 18:40:00.529692+00:00,300,True,Down,0,True
0x358c5b31e4bd65885004ecc0539b69cd300412d65faee23f0019b4ec94d2988b,2026-05-01 18:45:00+00:00,300,300,0,299,0,0,0,3,0,0,2026-05-01 18:45:00+00:00,2026-05-01 18:50:00+00:00,2026-05-01 18:50:00.534573+00:00,300,True,Up,1,True
0x0cf39d5c319a59a2e030bd67f26c952f16d876fecd77686f1fad282afadeb0fd,2026-05-01 18:55:00+00:00,300,300,0,299,0,0,0,0,0,0,2026-05-01 18:55:00+00:00,2026-05-01 19:00:00+00:00,2026-05-01 19:00:00.776294+00:00,300,True,,0,True
0x292c21fe09fa4e89d2e75e0f30c1a3cfa95cae2d8a7615d131ba0d6567e56616,2026-05-01 19:00:00+00:00,300,300,0,299,0,0,0,0,0,0,2026-05-01 19:00:00+00:00,2026-05-01 19:05:00+00:00,2026-05-01 19:05:00.468336+00:00,300,True,,1,True
0xb682d6f2059c9eebc68f2dc5a30978f42edeee3365cc6b99b0e3352db2f27ed0,2026-05-01 19:05:00+00:00,300,300,0,299,0,0,0,13,0,0,2026-05-01 19:05:00+00:00,2026-05-01 19:10:00+00:00,2026-05-01 19:10:00.597739+00:00,300,True,,1,True
0x8da9f4eccd3eb4d07bc704fab47361af09f5aa4d9707ac1f3a3efb0251693cd4,2026-05-01 19:10:00+00:00,300,300,0,299,0,0,0,0,0,0,2026-05-01 19:10:00+00:00,2026-05-01 19:15:00+00:00,2026-05-01 19:15:00.591547+00:00,300,True,,0,True
0x9704031ee3a41490b0a98013d9563ff154c75d4e9221770f7886186d7b65fca7,2026-05-01 19:15:00+00:00,300,300,0,299,0,0,86,0,0,0,2026-05-01 19:15:00+00:00,2026-05-01 19:20:00+00:00,2026-05-01 19:20:00.471376+00:00,300,True,,0,True
0xa84a6ef95b6802b0f36bbb229c875e35ece92ba390974c528a4db67380c4f434,2026-05-01 19:20:00+00:00,300,300,0,299,0,0,0,2,0,0,2026-05-01 19:20:00+00:00,2026-05-01 19:25:00+00:00,2026-05-01 19:25:00.563476+00:00,300,True,,1,True
0x5c44fdfd9a078d417d6dd7bc9707bfab83be6dfa973d1a736888c4bd00d603df,2026-05-01 19:30:00+00:00,300,300,0,299,0,0,40,0,0,0,2026-05-01 19:30:00+00:00,2026-05-01 19:35:00+00:00,2026-05-01 19:35:00.511666+00:00,300,True,Down,0,True
0x08f0cfcbf89a8859a4dfb439d0a36811d06e17262f5c7badf3c55ab1dd79db23,2026-05-01 20:10:00+00:00,300,300,0,299,0,0,0,0,0,0,2026-05-01 20:10:00+00:00,2026-05-01 20:15:00+00:00,2026-05-01 20:15:00.595464+00:00,300,True,,0,True
0xe1e3e0d8bc1d8f548c259459e1f198b8a6fa888c8f502ac298138b64b3c7cf48,2026-05-01 20:15:00+00:00,300,300,0,299,0,0,73,0,0,0,2026-05-01 20:15:00+00:00,2026-05-01 20:20:00+00:00,2026-05-01 20:20:00.553468+00:00,300,True,Down,0,True
0xa8799c52ee85ba2c906ae8c9003e0ea4005e0ac41102760852fc95b666ec9527,2026-05-01 21:10:00+00:00,300,300,0,299,0,0,0,0,0,0,2026-05-01 21:10:00+00:00,2026-05-01 21:15:00+00:00,2026-05-01 21:15:00.581020+00:00,300,True,,0,True
0x0162985e51bd05e7be7b678a945074eb71adf73e54ddb0f232fbb3de27c1a124,2026-05-01 21:15:00+00:00,300,300,0,299,0,0,0,3,0,0,2026-05-01 21:15:00+00:00,2026-05-01 21:20:00+00:00,2026-05-01 21:20:00.558481+00:00,300,True,Up,1,True
0xfc7206540db354a6f10dd3f69de087aa7dde59d56a5d5cb4929e36f7c6d116aa,2026-05-01 21:20:00+00:00,300,300,0,299,0,0,1,0,0,0,2026-05-01 21:20:00+00:00,2026-05-01 21:25:00+00:00,2026-05-01 21:25:00.531563+00:00,300,True,Down,0,True
0x14e02476854e76a02a3e28e43eeec1533985fa9cdc875befe85a9d5b264cdba1,2026-05-01 21:25:00+00:00,300,300,0,299,0,0,0,12,0,0,2026-05-01 21:25:00+00:00,2026-05-01 21:30:00+00:00,2026-05-01 21:30:00.601565+00:00,300,True,Up,1,True
0x9afd4012c1dbddf30619bcec6ca542b981ba40beb44b1e217c81aee4f98136c8,2026-05-01 21:45:00+00:00,300,300,0,299,0,0,0,28,0,0,2026-05-01 21:45:00+00:00,2026-05-01 21:50:00+00:00,2026-05-01 21:50:00.536998+00:00,300,True,Up,1,True
0x831057ffc92b9db8aa8ded88952e231f82d6006d499bcecf9b5831dec0928dd1,2026-05-01 21:50:00+00:00,300,300,0,299,0,0,0,3,0,0,2026-05-01 21:50:00+00:00,2026-05-01 21:55:00+00:00,2026-05-01 21:55:00.486415+00:00,300,True,Up,1,True
0xaa24fb88f9d1d46eff64f4b9a8e76add021878bfe8bf91ea850a4e91bde98ab2,2026-05-01 21:55:00+00:00,300,300,0,299,0,0,0,1,0,0,2026-05-01 21:55:00+00:00,2026-05-01 22:00:00+00:00,2026-05-01 22:00:00.891033+00:00,300,True,Up,1,True
0x4d8b2cec30b784f57b763f74402dd664a9b8b0d71d0a1c26b0af5569456abf6c,2026-05-01 22:35:00+00:00,300,300,0,299,0,0,7,0,0,0,2026-05-01 22:35:00+00:00,2026-05-01 22:40:00+00:00,2026-05-01 22:40:00.937678+00:00,300,True,Down,0,True
0x1027ce23134d24f80802802dc146ac87d552e459e29d77e1615aa3d82860e2d7,2026-05-01 22:55:00+00:00,300,300,0,299,0,0,0,1,0,0,2026-05-01 22:55:00+00:00,2026-05-01 23:00:00+00:00,2026-05-01 23:00:00.780396+00:00,300,True,,0,True
0x3da368b822019b302feb590f53a234633a1d658dd809774dc90148cf52c565fc,2026-05-01 23:10:00+00:00,300,300,0,299,0,0,0,0,0,0,2026-05-01 23:10:00+00:00,2026-05-01 23:15:00+00:00,2026-05-01 23:15:00.574982+00:00,300,True,,0,True
0x23d3c7c9b6da9e8d8b77e9486da0f78f2a312ed7041b8ec79110b4edf9eb3f2a,2026-05-01 23:15:00+00:00,300,300,0,299,0,0,1,0,0,0,2026-05-01 23:15:00+00:00,2026-05-01 23:20:00+00:00,2026-05-01 23:20:00.501702+00:00,300,True,Down,0,True
0x6abc85323293338777e45e142ee87006fd9fb7037381f36f88572b4d0dae691a,2026-05-01 23:20:00+00:00,300,300,0,299,0,0,0,0,0,0,2026-05-01 23:20:00+00:00,2026-05-01 23:25:00+00:00,2026-05-01 23:25:00.509991+00:00,300,True,Down,0,True
0x4939728a6d6673e326dcead01f592a6cbcb0fe955d9ee717bb39de069a0e5432,2026-05-01 23:35:00+00:00,300,300,0,299,0,0,0,9,0,0,2026-05-01 23:35:00+00:00,2026-05-01 23:40:00+00:00,2026-05-01 23:40:00.574447+00:00,300,True,Up,1,True
0x917efebbdfad9241bf639dd803f65c3ffad7473ceb27bf19b792b9736a3c941a,2026-05-01 23:45:00+00:00,300,300,0,299,0,0,0,11,0,0,2026-05-01 23:45:00+00:00,2026-05-01 23:50:00+00:00,2026-05-01 23:50:00.476899+00:00,300,True,Up,1,True
0x6f82ae69f11d0b9c198d8f134d88e3bafeafc02e5c8074a5d4ae391d2321eebb,2026-05-01 23:50:00+00:00,300,300,0,299,0,0,0,0,0,0,2026-05-01 23:50:00+00:00,2026-05-01 23:55:00+00:00,2026-05-01 23:55:00.488402+00:00,300,True,,0,True
0x7382373a58b74c75b3de3eb4051fe507fe4881d23773f49367b1b1cacf6803da,2026-05-01 23:55:00+00:00,300,300,0,299,0,0,0,47,0,0,2026-05-01 23:55:00+00:00,2026-05-02 00:00:00+00:00,2026-05-02 00:00:00.773856+00:00,300,True,Up,1,True
0x1ef5769fe16d36e45a006d54dfc966b904e2e732009bebfe46cf802b2b0cb3c3,2026-05-02 00:05:00+00:00,300,300,0,299,0,0,1,0,0,0,2026-05-02 00:05:00+00:00,2026-05-02 00:10:00+00:00,2026-05-02 00:10:00.418341+00:00,300,True,Down,0,True
0x92d83651f27d3f30db6ac94b7d923ee574f284418114a18d862bc1ffe2c880a4,2026-05-02 00:15:00+00:00,300,300,0,299,0,0,0,0,0,0,2026-05-02 00:15:00+00:00,2026-05-02 00:20:00+00:00,2026-05-02 00:20:00.505853+00:00,300,True,,0,True
0x9f4e38d263236560c81bcbbfaff3849f0b3e3bf74a02d5bd7c3905d3e740b776,2026-05-02 00:20:00+00:00,300,300,0,299,0,0,0,33,0,0,2026-05-02 00:20:00+00:00,2026-05-02 00:25:00+00:00,2026-05-02 00:25:00.527881+00:00,300,True,Up,1,True
0xa43123e7a217ae846087016528f713653266fbecbda4b72497ec44701c50d428,2026-05-02 00:25:00+00:00,300,300,0,299,0,0,10,0,0,0,2026-05-02 00:25:00+00:00,2026-05-02 00:30:00+00:00,2026-05-02 00:30:00.612012+00:00,300,True,,0,True
0xfb4d1d85791a5d8942a59b49e302f0460c0bce131d7602a5ed0acbe1ae131a29,2026-05-02 00:35:00+00:00,300,300,0,299,0,0,18,0,0,0,2026-05-02 00:35:00+00:00,2026-05-02 00:40:00+00:00,2026-05-02 00:40:00.592831+00:00,300,True,Down,0,True
0x55603de238c24d580ba967a2c20ee745f1c85c064161993d04cc47447200780d,2026-05-02 00:40:00+00:00,300,300,0,299,0,0,0,33,0,0,2026-05-02 00:40:00+00:00,2026-05-02 00:45:00+00:00,2026-05-02 00:45:00.542503+00:00,300,True,Up,1,True
0xef4addcce7ff0476780900f9f3f3f9ffdee3b57ce776edde60dab7b7f4537aaf,2026-05-02 01:00:00+00:00,300,300,0,299,0,0,2,0,0,0,2026-05-02 01:00:00+00:00,2026-05-02 01:05:00+00:00,2026-05-02 01:05:00.469440+00:00,300,True,Down,0,True
0x7c7daae5c82c627ad2e8e7cb79856cae7175b8f2284d02c6393b8191877804e1,2026-05-02 01:05:00+00:00,300,300,0,299,0,0,0,11,0,0,2026-05-02 01:05:00+00:00,2026-05-02 01:10:00+00:00,2026-05-02 01:10:00.542737+00:00,300,True,Up,1,True
0x7609e283aa2c4680e554f6f6d9ccaa106c7833f1ae4ddb76250a8839eac96a6d,2026-05-02 01:10:00+00:00,300,300,0,299,0,0,0,0,0,0,2026-05-02 01:10:00+00:00,2026-05-02 01:15:00+00:00,2026-05-02 01:15:00.583074+00:00,300,True,,1,True
0x0ea5b05efa156e051f3ed497c7efe278c5073365dffaecac49c10fb8fd6246f2,2026-05-02 01:15:00+00:00,300,300,0,299,0,0,16,0,0,0,2026-05-02 01:15:00+00:00,2026-05-02 01:20:00+00:00,2026-05-02 01:20:00.557473+00:00,300,True,Down,0,True
0x37e57ceabb91ddfafbe181a8727292d624712ffdc70d64e12c425ef519e7f1eb,2026-05-02 01:25:00+00:00,300,300,0,299,0,0,0,2,0,0,2026-05-02 01:25:00+00:00,2026-05-02 01:30:00+00:00,2026-05-02 01:30:00.614106+00:00,300,True,Up,1,True
0x46447a8c8d21ee9446b5b102b2f10651bd3ecf2314ac08695600caf49109d859,2026-05-02 01:30:00+00:00,300,300,0,299,0,0,0,14,0,0,2026-05-02 01:30:00+00:00,2026-05-02 01:35:00+00:00,2026-05-02 01:35:00.544126+00:00,300,True,Up,1,True
0x72a69b8777409e9014654b9af108cc09f1ef2413971a282bdd6452458e5440c8,2026-05-02 01:45:00+00:00,300,300,0,299,0,0,8,1,0,0,2026-05-02 01:45:00+00:00,2026-05-02 01:50:00+00:00,2026-05-02 01:50:00.506401+00:00,300,True,Down,0,True
0xaf98bd21d511deac4e205405247caca524e5bdd6762fb7f875e076b131969e13,2026-05-02 01:55:00+00:00,300,300,0,299,0,0,0,0,0,0,2026-05-02 01:55:00+00:00,2026-05-02 02:00:00+00:00,2026-05-02 02:00:00.758236+00:00,300,True,Up,1,True
0x9166a4b26b63bd8c4e224982d23efef1e5c855c0268c4c97c57282f822240a12,2026-05-02 02:10:00+00:00,300,300,0,299,0,0,3,0,0,0,2026-05-02 02:10:00+00:00,2026-05-02 02:15:00+00:00,2026-05-02 02:15:00.562008+00:00,300,True,Down,0,True
0x49110832283bd5620c3f2021258d157aa3fd9b7ceb91b64e85b07fddd1f2674b,2026-05-02 02:15:00+00:00,300,300,0,299,0,0,0,5,0,0,2026-05-02 02:15:00+00:00,2026-05-02 02:20:00+00:00,2026-05-02 02:20:00.460340+00:00,300,True,Up,1,True
0xca4df60e9ae32898e0b5db6f08ed214f161abdb503bfa6b286825f664f18769d,2026-05-02 02:20:00+00:00,300,300,0,299,0,0,7,0,0,0,2026-05-02 02:20:00+00:00,2026-05-02 02:25:00+00:00,2026-05-02 02:25:00.539143+00:00,300,True,Down,0,True
0x94c9dfc23b6052313e140dbea8744145bdcb8a69df6dc8a3332a9c3c2aa1ca42,2026-05-02 02:35:00+00:00,300,300,0,299,0,0,0,24,0,0,2026-05-02 02:35:00+00:00,2026-05-02 02:40:00+00:00,2026-05-02 02:40:00.563412+00:00,300,True,Up,1,True
0x11dab69d2f0e780facf5f0f8df78aa0a8ecfc24a0199fe3ecaf2a522f8ad2d01,2026-05-02 02:40:00+00:00,300,300,0,299,0,0,0,0,0,0,2026-05-02 02:40:00+00:00,2026-05-02 02:45:00+00:00,2026-05-02 02:45:00.605028+00:00,300,True,,0,True
0x47e3c2c21c1c40a337ce6a207ccd3320143cf245c83fd91a3246b68983d84e51,2026-05-02 03:05:00+00:00,300,300,0,299,0,0,11,1,0,0,2026-05-02 03:05:00+00:00,2026-05-02 03:10:00+00:00,2026-05-02 03:10:00.522064+00:00,300,True,Down,0,True
0xfd53017fb09b535c35034ab70728018f4963343f40b1ceb0ddb3a55d6d37ab25,2026-05-02 03:15:00+00:00,300,300,0,299,0,0,0,7,0,0,2026-05-02 03:15:00+00:00,2026-05-02 03:20:00+00:00,2026-05-02 03:20:00.526849+00:00,300,True,Up,1,True
0x7c00c98f6dc6eb658f45c7a487555edd2546bdfe59845651a3771f8b3f26e4f2,2026-05-02 03:25:00+00:00,300,300,0,299,0,0,0,2,0,0,2026-05-02 03:25:00+00:00,2026-05-02 03:30:00+00:00,2026-05-02 03:30:00.725161+00:00,300,True,Up,1,True
0xb5705f10f45d338d9f53d0faeb46b4e484ccee3de48b000ebc922ad0994c9682,2026-05-02 03:30:00+00:00,300,300,0,299,0,0,0,17,0,0,2026-05-02 03:30:00+00:00,2026-05-02 03:35:00+00:00,2026-05-02 03:35:00.491815+00:00,300,True,Up,1,True
0x9e9a5b459de6133a8ac1bf0ce78fc25c7d03a5761a5a7ed7ff114a3a053cbd9f,2026-05-02 03:35:00+00:00,300,300,0,299,0,0,3,0,0,0,2026-05-02 03:35:00+00:00,2026-05-02 03:40:00+00:00,2026-05-02 03:40:00.444828+00:00,300,True,Down,0,True
0x49184e58eba9f90a27187b1297b35c22fdac08572970547248cc20ba64153889,2026-05-02 03:55:00+00:00,300,300,0,299,0,0,0,2,0,0,2026-05-02 03:55:00+00:00,2026-05-02 04:00:00+00:00,2026-05-02 04:00:00.749891+00:00,300,True,Up,1,True
0xb817bd7e24485f133eee218f95ff50906a6b29b77a8e2e5cbe6adb1d61453608,2026-05-02 04:00:00+00:00,300,300,0,299,0,0,2,0,0,0,2026-05-02 04:00:00+00:00,2026-05-02 04:05:00+00:00,2026-05-02 04:05:00.551707+00:00,300,True,Down,0,True
0xaaecc93982ae909e464ea22aec0164e7cd157b5c8efa9beae4389c8930108a99,2026-05-02 04:05:00+00:00,300,300,0,299,0,0,119,0,0,0,2026-05-02 04:05:00+00:00,2026-05-02 04:10:00+00:00,2026-05-02 04:10:00.974544+00:00,300,True,Down,0,True
0x6adae4491757acd7eca93b792ed50919a681703bd7462eff91c80e4a618d022e,2026-05-02 04:15:00+00:00,300,300,0,299,0,0,4,0,0,0,2026-05-02 04:15:00+00:00,2026-05-02 04:20:00+00:00,2026-05-02 04:20:00.519678+00:00,300,True,Down,0,True
0xbabc8bd720463f5255134001e543115aff9142aca498b89376fc6e4acf7a8818,2026-05-02 04:20:00+00:00,300,300,0,299,0,0,2,0,0,0,2026-05-02 04:20:00+00:00,2026-05-02 04:25:00+00:00,2026-05-02 04:25:00.542958+00:00,300,True,Down,0,True
0x58a1c0a3710d6d3e13c610c914d3ada2061e6193792c4c4ca9b27d3537736407,2026-05-02 04:25:00+00:00,300,300,0,299,0,0,0,0,0,0,2026-05-02 04:25:00+00:00,2026-05-02 04:30:00+00:00,2026-05-02 04:30:00.606054+00:00,300,True,,1,True
0x6c2348f2620d58f8963acda278580fc9e3f30399194c63a77f4963b8a6f7151b,2026-05-02 04:35:00+00:00,300,300,0,299,0,0,3,0,0,0,2026-05-02 04:35:00+00:00,2026-05-02 04:40:00+00:00,2026-05-02 04:40:00.560612+00:00,300,True,Down,0,True
0x5534983de7ec0032d98972eda1d6a4d19eec14bb1e5d578ed653ac90c901933d,2026-05-02 04:40:00+00:00,300,300,0,299,0,0,12,0,0,0,2026-05-02 04:40:00+00:00,2026-05-02 04:45:00+00:00,2026-05-02 04:45:00.847847+00:00,300,True,Down,0,True
0xb499f9668939606efc58b7022b8f1843aa5cdb30efc96df6aff65e71258eec1e,2026-05-02 05:50:00+00:00,300,300,0,299,0,0,3,2,0,0,2026-05-02 05:50:00+00:00,2026-05-02 05:55:00+00:00,2026-05-02 05:55:00.542194+00:00,300,True,Down,0,True
0x04774a689600ec8b1a3465f4d74e47945e003d84d74cb96c3907ddfe368c55e8,2026-05-02 06:00:00+00:00,300,300,0,299,0,0,0,82,0,0,2026-05-02 06:00:00+00:00,2026-05-02 06:05:00+00:00,2026-05-02 06:05:00.542229+00:00,300,True,Up,1,True
0x7fa802d151c67fcf4e8dac39e5e8e4034ce9a5f4ba1de3e9c08f6ec86f20378c,2026-05-02 06:05:00+00:00,300,300,0,299,0,0,4,0,0,0,2026-05-02 06:05:00+00:00,2026-05-02 06:10:00+00:00,2026-05-02 06:10:00.533844+00:00,300,True,Down,0,True
0x58f39bb6f452a6ecc752b6e77b1e7ebe242128e634e19df503f4a96adfb5aaaf,2026-05-02 06:10:00+00:00,300,300,0,299,0,0,4,0,0,0,2026-05-02 06:10:00+00:00,2026-05-02 06:15:00+00:00,2026-05-02 06:15:00.610227+00:00,300,True,Down,0,True
0xacfda23132bef7f4267edf687cddeef7a24ce92427fc77952594a7b250b770d1,2026-05-02 06:15:00+00:00,300,300,0,299,0,0,2,4,0,0,2026-05-02 06:15:00+00:00,2026-05-02 06:20:00+00:00,2026-05-02 06:20:00.488233+00:00,300,True,Up,1,True
0xeaf0b21156c62de6ade801e8f0f34c589ca61aab9fdc203ccdfe8f68ba7d3b6e,2026-05-02 06:20:00+00:00,300,300,0,299,0,0,26,0,0,0,2026-05-02 06:20:00+00:00,2026-05-02 06:25:00+00:00,2026-05-02 06:25:00.506979+00:00,300,True,Down,0,True
0x60c854561b5b2161b0839c5b56d31dbb5b7fb9d70593c4320914e7be5eca0087,2026-05-02 06:25:00+00:00,300,300,0,299,0,0,3,0,0,0,2026-05-02 06:25:00+00:00,2026-05-02 06:30:00+00:00,2026-05-02 06:30:00.583777+00:00,300,True,Down,0,True
0x3f3361fc8340c5bab1bf5a9eee90f4438dad169f5fe2cdc2deaed3c1d3d58c03,2026-05-02 06:30:00+00:00,300,300,0,299,0,0,0,1,0,0,2026-05-02 06:30:00+00:00,2026-05-02 06:35:00+00:00,2026-05-02 06:35:00.450719+00:00,300,True,Up,1,True
0x2f6418362bce074f26a378800f86bf0196a6f544040551c8666040e089dbc18e,2026-05-02 06:35:00+00:00,300,300,0,299,0,0,0,6,0,0,2026-05-02 06:35:00+00:00,2026-05-02 06:40:00+00:00,2026-05-02 06:40:00.594479+00:00,300,True,Up,1,True
0x974da977ba171cb1ea6b1298d40c6f0d0b0cb28beba91af3b658e6bda2bbebdc,2026-05-02 06:40:00+00:00,300,300,0,299,0,0,0,7,0,0,2026-05-02 06:40:00+00:00,2026-05-02 06:45:00+00:00,2026-05-02 06:45:00.619202+00:00,300,True,Up,1,True
0x11e5c14e5325df3de84be1cee43d938cf0683c4f41c0c7f2535a515b065b277c,2026-05-02 07:20:00+00:00,300,300,0,299,0,0,0,8,0,0,2026-05-02 07:20:00+00:00,2026-05-02 07:25:00+00:00,2026-05-02 07:25:00.475205+00:00,300,True,Up,1,True
0xa039dbc490fddffc5f46910d37bc3c9111befcb545d71533f43fdc9680a6588b,2026-05-02 07:25:00+00:00,300,300,0,299,0,0,5,0,0,0,2026-05-02 07:25:00+00:00,2026-05-02 07:30:00+00:00,2026-05-02 07:30:00.587954+00:00,300,True,Down,0,True
0xdc078b9938889702421d33b09987242ae1d76b9de6a608ab4d2d9cf1d54240a0,2026-05-02 07:30:00+00:00,300,300,0,299,0,0,14,0,0,0,2026-05-02 07:30:00+00:00,2026-05-02 07:35:00+00:00,2026-05-02 07:35:00.777968+00:00,300,True,Down,0,True
0xff869f93b90ee4c5719173dfc3b8b0b965fa31f9d519d2459a32e9f90b77b440,2026-05-02 07:35:00+00:00,300,300,0,299,0,0,7,0,0,0,2026-05-02 07:35:00+00:00,2026-05-02 07:40:00+00:00,2026-05-02 07:40:00.495465+00:00,300,True,Down,0,True
0x053477a52743a856ae91bce9777b25dbf18ab973635c0fe85e974df5f55f50a2,2026-05-02 07:45:00+00:00,300,300,0,299,0,0,5,0,0,0,2026-05-02 07:45:00+00:00,2026-05-02 07:50:00+00:00,2026-05-02 07:50:00.551189+00:00,300,True,Down,0,True
0x3d20255faad397c52ded54921cce31799b3c06d244ec7bd9f6a297248885e75d,2026-05-02 07:50:00+00:00,300,300,0,299,0,0,0,1,0,0,2026-05-02 07:50:00+00:00,2026-05-02 07:55:00+00:00,2026-05-02 07:55:00.555037+00:00,300,True,Up,1,True
0xdedf82c050c0c1d47500891a0d99dfae13a07c57e397d0b8cbe97179df515daa,2026-05-02 07:55:00+00:00,300,300,0,299,0,0,2,0,0,0,2026-05-02 07:55:00+00:00,2026-05-02 08:00:00+00:00,2026-05-02 08:00:00.673042+00:00,300,True,Down,0,True
0xfed5cc933c2009b5a523c0d2d1288d6d9cb67bd444f67a8606341481f262ed35,2026-05-02 08:05:00+00:00,300,300,0,299,0,0,0,6,0,0,2026-05-02 08:05:00+00:00,2026-05-02 08:10:00+00:00,2026-05-02 08:10:00.517150+00:00,300,True,Up,1,True
0x1d878aafde224a0a51b8b19b659ba25cfda278091502ac142d28a95c6de8a020,2026-05-02 08:10:00+00:00,300,300,0,299,0,0,0,22,0,0,2026-05-02 08:10:00+00:00,2026-05-02 08:15:00+00:00,2026-05-02 08:15:00.585882+00:00,300,True,Up,1,True
0x07ad046c7395a6a64fa0a43d89d76ba75be1873a003e82460f1cf87bbd2e4952,2026-05-02 08:15:00+00:00,300,300,0,299,0,0,0,2,0,0,2026-05-02 08:15:00+00:00,2026-05-02 08:20:00+00:00,2026-05-02 08:20:00.488725+00:00,300,True,Up,1,True
0xe91f9e54495f34ec57be64b817d59b66c0c06c6405f6f0e441418cc40bd97e8f,2026-05-02 08:30:00+00:00,300,300,0,299,0,0,0,6,0,0,2026-05-02 08:30:00+00:00,2026-05-02 08:35:00+00:00,2026-05-02 08:35:00.477081+00:00,300,True,Up,1,True
0xfd0f2f0bf2220644da121f5d61f1836bfeb044b7923094fea6c708e535e3c96b,2026-05-02 08:45:00+00:00,300,300,0,299,0,0,0,1,0,0,2026-05-02 08:45:00+00:00,2026-05-02 08:50:00+00:00,2026-05-02 08:50:00.508687+00:00,300,True,Up,1,True
0x7c931eb08d79d289b1979168ca78ebbd1b59c757fbdaafb3767e5ddffd8d4635,2026-05-02 09:45:00+00:00,300,300,0,299,0,0,2,0,0,0,2026-05-02 09:45:00+00:00,2026-05-02 09:50:00+00:00,2026-05-02 09:50:00.474966+00:00,300,True,,0,True
0xb2f3b806422caaf9867af5b327a0f2c6cbf2af818bda83b2b83f1cce60c25d49,2026-05-02 09:50:00+00:00,300,300,0,299,0,0,0,0,0,0,2026-05-02 09:50:00+00:00,2026-05-02 09:55:00+00:00,2026-05-02 09:55:00.527152+00:00,300,True,,1,True
0x1993759a0d3e60896078993fd5a4b3ce0bb93c3a5e86a3483f2091dc867f1dcb,2026-05-02 09:55:00+00:00,300,300,0,299,0,0,2,0,0,0,2026-05-02 09:55:00+00:00,2026-05-02 10:00:00+00:00,2026-05-02 10:00:00.795549+00:00,300,True,Down,0,True
0x740adcf7c571ec8c36ed8ea58fe492f82406aa9b4288507023d95aa4ee5218ff,2026-05-02 10:00:00+00:00,300,300,0,299,0,0,0,0,0,0,2026-05-02 10:00:00+00:00,2026-05-02 10:05:00+00:00,2026-05-02 10:05:00.560780+00:00,300,True,Up,1,True
0xdd928967f2c92cd0ea2b0c7ebec6f00d3efdccce57c8396ffccfccacfd5bc76b,2026-05-02 10:05:00+00:00,300,300,0,299,0,0,5,0,0,0,2026-05-02 10:05:00+00:00,2026-05-02 10:10:00+00:00,2026-05-02 10:10:00.534303+00:00,300,True,Down,0,True
0x0d40686b556f446785ac8bb9226670eb222cddf376d4627c1fdaa03f5b47baf0,2026-05-02 10:15:00+00:00,300,300,0,299,0,0,5,0,0,0,2026-05-02 10:15:00+00:00,2026-05-02 10:20:00+00:00,2026-05-02 10:20:00.582496+00:00,300,True,Down,0,True
0xa412dfb395c75a02f32f04799546ffb348973679433ee51ff1724bcda069cd90,2026-05-02 10:20:00+00:00,300,300,0,299,0,0,46,0,0,0,2026-05-02 10:20:00+00:00,2026-05-02 10:25:00+00:00,2026-05-02 10:25:00.441512+00:00,300,True,Down,0,True
0xf8dab5fc47f6ccb21e251bd225ebe880c04a185390e05cfae90c1f2606e54f3b,2026-05-02 10:30:00+00:00,300,300,0,299,0,0,0,6,0,0,2026-05-02 10:30:00+00:00,2026-05-02 10:35:00+00:00,2026-05-02 10:35:00.510898+00:00,300,True,Up,1,True
0x8163d5a400ffaf0f758d2bd79d4fb3c4caf5f437eb2d4cbca66827cd4d909d30,2026-05-02 10:35:00+00:00,300,300,0,299,0,0,5,0,0,0,2026-05-02 10:35:00+00:00,2026-05-02 10:40:00+00:00,2026-05-02 10:40:00.544407+00:00,300,True,Down,0,True
0xd6f685f49f482c9af774fe73f7beb074410927cef437f6aeb451c9f8d8730daf,2026-05-02 10:40:00+00:00,300,300,0,299,0,0,1,1,0,0,2026-05-02 10:40:00+00:00,2026-05-02 10:45:00+00:00,2026-05-02 10:45:00.688788+00:00,300,True,,1,True
0x5b281104553ee8ce2eb66e0f2749704a74cba3bd710930980eb887a83e9a42ac,2026-05-02 10:45:00+00:00,300,300,0,299,0,0,0,5,0,0,2026-05-02 10:45:00+00:00,2026-05-02 10:50:00+00:00,2026-05-02 10:50:00.529689+00:00,300,True,Up,1,True
0xb4a3767ae26237ee20df229eb97b07b20f123bcd8f270d5f04f9c82eae0c63cf,2026-05-02 10:50:00+00:00,300,300,0,299,0,0,4,3,0,0,2026-05-02 10:50:00+00:00,2026-05-02 10:55:00+00:00,2026-05-02 10:55:00.615990+00:00,300,True,Down,0,True
0x7cb92817f393a8641912a4c76f3020a2e19b46e4da0f4522fdcee550d95d01eb,2026-05-02 11:00:00+00:00,300,300,0,299,0,0,54,0,0,0,2026-05-02 11:00:00+00:00,2026-05-02 11:05:00+00:00,2026-05-02 11:05:00.529753+00:00,300,True,Down,0,True
0x488ee46a44cb266c79c22e02a828cd9452ce73e53a90742c1f70c12cd3f95cd1,2026-05-02 11:15:00+00:00,300,300,0,299,0,0,1,7,0,0,2026-05-02 11:15:00+00:00,2026-05-02 11:20:00+00:00,2026-05-02 11:20:00.580936+00:00,300,True,Up,1,True
0xf4a48e7910809b14d1a6b3524fe3511d74483cd780917fe49c5150bbf116a362,2026-05-02 11:25:00+00:00,300,300,0,299,0,0,7,0,0,0,2026-05-02 11:25:00+00:00,2026-05-02 11:30:00+00:00,2026-05-02 11:30:00.585394+00:00,300,True,Down,0,True
0xdc7943d0072992891644d235ac9600400979dfdc7631fd991dfe1e258b7090e9,2026-05-02 11:35:00+00:00,300,300,0,299,0,0,3,0,0,0,2026-05-02 11:35:00+00:00,2026-05-02 11:40:00+00:00,2026-05-02 11:40:00.500048+00:00,300,True,Down,0,True
0x722f1737baa4ff42a1bda6f0eb1a3a9eb7326e64805c296517b8b97a8887992b,2026-05-02 11:40:00+00:00,300,300,0,299,0,0,0,3,0,0,2026-05-02 11:40:00+00:00,2026-05-02 11:45:00+00:00,2026-05-02 11:45:00.599700+00:00,300,True,Up,1,True
0xd910ba91526905709b1ea787a10cae2f49040aed771059f1906c04da455153cd,2026-05-02 11:55:00+00:00,300,300,0,299,0,0,2,33,0,0,2026-05-02 11:55:00+00:00,2026-05-02 12:00:00+00:00,2026-05-02 12:00:00.924426+00:00,300,True,Up,1,True
0xcce800d2d689587945283da7a75c4925e350f9cbc5c0493aa523426a958bb900,2026-05-02 12:10:00+00:00,300,300,0,299,0,0,0,33,0,0,2026-05-02 12:10:00+00:00,2026-05-02 12:15:00+00:00,2026-05-02 12:15:00.540502+00:00,300,True,Up,1,True
0x0753b00121225df522e65a97b2e671dcb86b51a359e7af0d793c0c5c614b53ee,2026-05-02 12:25:00+00:00,300,300,0,299,0,0,0,89,0,0,2026-05-02 12:25:00+00:00,2026-05-02 12:30:00+00:00,2026-05-02 12:30:00.603093+00:00,300,True,Up,1,True
0x3d84f51952eacbd26fb94b254141d237effba8f0c24c1b90e13d46a3ad6887e1,2026-05-02 12:35:00+00:00,300,300,0,299,0,0,25,0,0,0,2026-05-02 12:35:00+00:00,2026-05-02 12:40:00+00:00,2026-05-02 12:40:00.549255+00:00,300,True,Down,0,True
0x99b39c76687982d6cfd635d7e2b573fdc67a1bf23b1182d7f5f72ba3386eaddd,2026-05-02 12:40:00+00:00,300,300,0,299,0,0,0,16,0,0,2026-05-02 12:40:00+00:00,2026-05-02 12:45:00+00:00,2026-05-02 12:45:00.613698+00:00,300,True,Up,1,True
0xa1a97183731c3e03fe9dcbf30a4ff2c1d8336af05b0197ebb45830ef2021cb86,2026-05-02 12:45:00+00:00,300,300,0,299,0,0,0,0,0,0,2026-05-02 12:45:00+00:00,2026-05-02 12:50:00+00:00,2026-05-02 12:50:00.521958+00:00,300,True,,0,True
0xc8132bbea31f634b8f16eed5ae6361feaf77c219c3a598bf07796ced209a8beb,2026-05-02 12:50:00+00:00,300,300,0,299,0,0,3,0,0,0,2026-05-02 12:50:00+00:00,2026-05-02 12:55:00+00:00,2026-05-02 12:55:00.557694+00:00,300,True,Down,0,True
0xe8149945c8ae8f3567b1cbeb1ddff426ca5dec50eb590bac53b475e07a131c2e,2026-05-02 12:55:00+00:00,300,300,0,299,0,0,0,35,0,0,2026-05-02 12:55:00+00:00,2026-05-02 13:00:00+00:00,2026-05-02 13:00:00.749417+00:00,300,True,Up,1,True
0x65716fa68f73aabfa0af6eb5f6bb120e55bb3b7e6b7d5d7ead946436e74b1c71,2026-05-02 13:10:00+00:00,300,300,0,299,0,0,0,67,0,0,2026-05-02 13:10:00+00:00,2026-05-02 13:15:00+00:00,2026-05-02 13:15:00.551813+00:00,300,True,Up,1,True
0xbd9df71d200e6c8b4d5e13d12eb3eafb2c5abd78f69144c514b210b5f4e80a3e,2026-05-02 13:25:00+00:00,300,300,0,299,0,0,0,0,0,0,2026-05-02 13:25:00+00:00,2026-05-02 13:30:00+00:00,2026-05-02 13:30:00.573046+00:00,300,True,,0,True
0xecbe85ba50cd6118cf026dd74b28204394015bd66262a8d7f15b0081b56d5ffd,2026-05-02 13:30:00+00:00,300,300,0,299,0,0,0,3,0,0,2026-05-02 13:30:00+00:00,2026-05-02 13:35:00+00:00,2026-05-02 13:35:00.546685+00:00,300,True,Up,1,True
0xf20514698507537e0331f849ba2bae7d84c07137f11e24ba8ddd59183b4b3a48,2026-05-02 13:35:00+00:00,300,300,0,299,0,0,2,0,0,0,2026-05-02 13:35:00+00:00,2026-05-02 13:40:00+00:00,2026-05-02 13:40:00.570977+00:00,300,True,Down,0,True
0x00147d16d143da2ba4d6a14abaabac3635866ff9c95d50f58f8ee9e07e01a2d7,2026-05-02 13:40:00+00:00,300,300,0,299,0,0,0,40,0,0,2026-05-02 13:40:00+00:00,2026-05-02 13:45:00+00:00,2026-05-02 13:45:00.750230+00:00,300,True,Up,1,True
0x8902fdc5779642021a6e21e40c486ecb8a30e2bdf97ecc401f29dcd3b1896e35,2026-05-02 13:45:00+00:00,300,300,0,299,0,0,10,0,0,0,2026-05-02 13:45:00+00:00,2026-05-02 13:50:00+00:00,2026-05-02 13:50:00.626505+00:00,300,True,Down,0,True
0xfa35e4139bff1d848c8a45e322373158fa56fc9e78a30b2a154bc4307b4eb9b6,2026-05-02 13:50:00+00:00,300,300,0,299,0,0,1,2,0,0,2026-05-02 13:50:00+00:00,2026-05-02 13:55:00+00:00,2026-05-02 13:55:00.533731+00:00,300,True,Up,1,True
0x77f06ec95128c61b46926553430762a2fe5cb064baad84537f29bcf6a6f218c3,2026-05-02 13:55:00+00:00,300,300,0,299,0,0,0,5,0,0,2026-05-02 13:55:00+00:00,2026-05-02 14:00:00+00:00,2026-05-02 14:00:00.678872+00:00,300,True,Up,1,True
0x443d215f703524f0a0235d8ab3ec339611ccc86697625d451bf0590c2d0444a7,2026-05-02 14:15:00+00:00,300,300,0,299,0,0,0,19,0,0,2026-05-02 14:15:00+00:00,2026-05-02 14:20:00+00:00,2026-05-02 14:20:00.577686+00:00,300,True,Up,1,True
0x8e5a2d552df46bcb98470852a894d264500fe04b48dd21f88a8188e7c9e44755,2026-05-02 14:25:00+00:00,300,300,0,299,0,0,0,7,0,0,2026-05-02 14:25:00+00:00,2026-05-02 14:30:00+00:00,2026-05-02 14:30:00.601110+00:00,300,True,Up,1,True
0x015a9903daceb85a8c39c6cca2493d08ef35ccfb19b4473573732dc9681caf2c,2026-05-02 14:35:00+00:00,300,300,0,299,0,0,43,0,0,0,2026-05-02 14:35:00+00:00,2026-05-02 14:40:00+00:00,2026-05-02 14:40:00.579458+00:00,300,True,Down,0,True
0xd49dc7dd14e46134d2952e2b880e25b7794ad47c09f71119f8a1fdd6608a1002,2026-05-02 14:45:00+00:00,300,300,0,299,0,0,0,27,0,0,2026-05-02 14:45:00+00:00,2026-05-02 14:50:00+00:00,2026-05-02 14:50:00.558346+00:00,300,True,Up,1,True
0x49930501c5b91ffe8b6562db681b6edc351b10fdcb605b45eca55470dc03eb44,2026-05-02 14:50:00+00:00,300,300,0,299,0,0,3,0,0,0,2026-05-02 14:50:00+00:00,2026-05-02 14:55:00+00:00,2026-05-02 14:55:00.484910+00:00,300,True,,1,True
0x7eb90eb72eafd6295f0877bc9b8c555cf80e7cc02609179042f744a3e2068553,2026-05-02 15:05:00+00:00,300,300,0,299,0,0,2,0,0,0,2026-05-02 15:05:00+00:00,2026-05-02 15:10:00+00:00,2026-05-02 15:10:00.781778+00:00,300,True,,1,True
0x558c6ceabbe0785bcf348072c68d1a966b276f58cd709f81db8ab7cebdead5b4,2026-05-02 15:15:00+00:00,300,300,0,299,0,0,47,1,0,0,2026-05-02 15:15:00+00:00,2026-05-02 15:20:00+00:00,2026-05-02 15:20:00.560548+00:00,300,True,Down,0,True
0xe7892e34327d94768b744c60b422ded2fbcfce17a7cf32ca07f4e5ce5bf76d7f,2026-05-02 15:20:00+00:00,300,300,0,299,0,0,1,4,0,0,2026-05-02 15:20:00+00:00,2026-05-02 15:25:00+00:00,2026-05-02 15:25:00.491958+00:00,300,True,,1,True
0x0b0811553089b87a1a48fc6ac6db691db6356da1e4a240b73b063546ea7f7ce5,2026-05-02 15:25:00+00:00,300,300,0,299,0,0,4,0,0,0,2026-05-02 15:25:00+00:00,2026-05-02 15:30:00+00:00,2026-05-02 15:30:00.494960+00:00,300,True,Down,0,True
0xefb9ea3bee69e8b4256c99bdb1325bcd30bcc1ee46cc667d4ee2c12c42ef1775,2026-05-02 15:30:00+00:00,300,300,0,299,0,0,0,18,0,0,2026-05-02 15:30:00+00:00,2026-05-02 15:35:00+00:00,2026-05-02 15:35:00.564833+00:00,300,True,Up,1,True
0x114f2f47ec9bdcd741efba46d23a5cb53bed9707228c6314df8b98f6a92a9edf,2026-05-02 15:35:00+00:00,300,300,0,299,0,0,2,0,0,0,2026-05-02 15:35:00+00:00,2026-05-02 15:40:00+00:00,2026-05-02 15:40:00.614789+00:00,300,True,Down,0,True
0x49fa1dead515e97e90b4499ebb77b256d48d8e75a1c36a38617e89e9cd97e111,2026-05-02 15:40:00+00:00,300,300,0,299,0,0,0,23,0,0,2026-05-02 15:40:00+00:00,2026-05-02 15:45:00+00:00,2026-05-02 15:45:00.872947+00:00,300,True,Up,1,True
0x55739d0b1bce571eeaa387b0d0e2f128db90050d132822dfb73cd3d17f37947d,2026-05-02 15:45:00+00:00,300,300,0,299,0,0,2,0,0,0,2026-05-02 15:45:00+00:00,2026-05-02 15:50:00+00:00,2026-05-02 15:50:00.553902+00:00,300,True,,0,True
0x7f1b04d5b705a00aac17613b571531b4621b01f44581682a50e27c7ee98d0aba,2026-05-02 15:50:00+00:00,300,300,0,299,0,0,1,25,0,0,2026-05-02 15:50:00+00:00,2026-05-02 15:55:00+00:00,2026-05-02 15:55:00.487013+00:00,300,True,Up,1,True
0x2a04eb0430c049b77cf7aa46477c1f4eb50d861baf09f37d779ca2628eb550ee,2026-05-02 16:40:00+00:00,300,300,0,299,0,0,5,0,0,0,2026-05-02 16:40:00+00:00,2026-05-02 16:45:00+00:00,2026-05-02 16:45:00.626280+00:00,300,True,Down,0,True
0xa51b2c1d96c51f3afce6313b78b698a9e8b1f294ba0784370d93b8220ca17408,2026-05-02 17:05:00+00:00,300,300,0,299,0,0,0,0,0,0,2026-05-02 17:05:00+00:00,2026-05-02 17:10:00+00:00,2026-05-02 17:10:00.488533+00:00,300,True,,0,True
0xa409d6b94f1b2845dd0e1fdfa9132ae830167759001d943cd7ba1d3e6a9919ba,2026-05-02 17:10:00+00:00,300,300,0,299,0,0,0,0,0,0,2026-05-02 17:10:00+00:00,2026-05-02 17:15:00+00:00,2026-05-02 17:15:00.515730+00:00,300,True,,0,True
0xaa8e2b2e59529a49c55298d71042d68a06dae2092f239484de227e43547183d4,2026-05-02 17:20:00+00:00,300,300,0,299,0,0,2,0,0,0,2026-05-02 17:20:00+00:00,2026-05-02 17:25:00+00:00,2026-05-02 17:25:00.567578+00:00,300,True,Down,0,True
0x3ef485d6ab73f60477147838f668319def175560793fc0a92e2e715367fba2a5,2026-05-02 17:30:00+00:00,300,300,0,299,0,0,2,9,0,0,2026-05-02 17:30:00+00:00,2026-05-02 17:35:00+00:00,2026-05-02 17:35:00.677938+00:00,300,True,Up,1,True
0xa113d1356f977e16fa343b29921f5065841b77d91e585c7a6febfd0cefccfb53,2026-05-02 17:45:00+00:00,300,300,0,299,0,0,6,0,0,0,2026-05-02 17:45:00+00:00,2026-05-02 17:50:00+00:00,2026-05-02 17:50:00.519036+00:00,300,True,Down,0,True
0x8a7f13809558c11a57cb8d09fd87b10c4bc2a64d86acaa53057c808c006df3ea,2026-05-02 17:50:00+00:00,300,300,0,299,0,0,1,0,0,0,2026-05-02 17:50:00+00:00,2026-05-02 17:55:00+00:00,2026-05-02 17:55:00.554817+00:00,300,True,Down,0,True
0x3d9d5d6569782727fcb39f81db1567ddce41d028af929f7441c2f7a6c037ea36,2026-05-02 18:25:00+00:00,300,300,0,299,0,0,0,6,0,0,2026-05-02 18:25:00+00:00,2026-05-02 18:30:00+00:00,2026-05-02 18:30:00.618944+00:00,300,True,Up,1,True
0x40942276360a25fca09142052e61e4919e126d20fec27526dc3f8687912ea4c7,2026-05-02 18:30:00+00:00,300,300,0,299,0,0,1,51,0,0,2026-05-02 18:30:00+00:00,2026-05-02 18:35:00+00:00,2026-05-02 18:35:00.443711+00:00,300,True,Up,1,True
0x49b66e7f9bd0fa79d944d1592a526eb7db6d6a72887aa86a53a50ff3b32d48bf,2026-05-02 18:45:00+00:00,300,300,0,299,0,0,0,6,0,0,2026-05-02 18:45:00+00:00,2026-05-02 18:50:00+00:00,2026-05-02 18:50:00.554941+00:00,300,True,Up,1,True
0xf5cf4ba6ecfbd54bc3099f931b0cf114f24d7263d6fd99907740924f10f47b1d,2026-05-02 18:50:00+00:00,300,300,0,299,0,0,0,27,0,0,2026-05-02 18:50:00+00:00,2026-05-02 18:55:00+00:00,2026-05-02 18:55:00.563701+00:00,300,True,Up,1,True
0xc84c3230cf28538a0405d522e51689cc22fe8d202a31a8e5b8ffffa5665cec9f,2026-05-02 18:55:00+00:00,300,300,0,299,0,0,6,0,0,0,2026-05-02 18:55:00+00:00,2026-05-02 19:00:00+00:00,2026-05-02 19:00:00.806602+00:00,300,True,,0,True
0x4877e8f9a0a37ff5393f6c4e35b66afa41a3b154201c6ffa151f5e8122563503,2026-05-02 19:05:00+00:00,300,300,0,299,0,0,0,3,0,0,2026-05-02 19:05:00+00:00,2026-05-02 19:10:00+00:00,2026-05-02 19:10:00.547002+00:00,300,True,Up,1,True
0x55c88a42cabe43e1aff8a5fbbe6b59053cada0f401cd4759dfaf42ce2084d428,2026-05-02 19:10:00+00:00,300,300,0,299,0,0,0,2,0,0,2026-05-02 19:10:00+00:00,2026-05-02 19:15:00+00:00,2026-05-02 19:15:00.688954+00:00,300,True,Up,1,True
0x25f7aa88283e16b5fbfe8d3c057adaa1454cde4be08556cca5b609f190080a47,2026-05-02 19:20:00+00:00,300,300,0,299,0,0,1,0,0,0,2026-05-02 19:20:00+00:00,2026-05-02 19:25:00+00:00,2026-05-02 19:25:00.581948+00:00,300,True,,0,True
0x487d4b1b1e79db63a8198fe6845a4e29f3a6b109a288b9f578eed6b80812a560,2026-05-02 19:25:00+00:00,300,300,0,299,0,0,0,0,0,0,2026-05-02 19:25:00+00:00,2026-05-02 19:30:00+00:00,2026-05-02 19:30:00.668106+00:00,300,True,,0,True
0x75ed31d13466af95c1d1c6e3989ae2e2723a5b1501c54b35f95fd6f656890844,2026-05-02 19:30:00+00:00,300,300,0,299,0,0,0,4,0,0,2026-05-02 19:30:00+00:00,2026-05-02 19:35:00+00:00,2026-05-02 19:35:00.507985+00:00,300,True,Up,1,True
0x47634f7b7f166e2f90f4a544f7b110196c4aaf4d04563066974f0729174058fc,2026-05-02 19:35:00+00:00,300,300,0,299,0,0,0,3,0,0,2026-05-02 19:35:00+00:00,2026-05-02 19:40:00+00:00,2026-05-02 19:40:00.510662+00:00,300,True,,1,True
0x1af6ab4f9f8108105359af4cb238497a760a8fd44477f8788a1f177ed96d24bf,2026-05-02 19:40:00+00:00,300,300,0,299,0,0,0,2,0,0,2026-05-02 19:40:00+00:00,2026-05-02 19:45:00+00:00,2026-05-02 19:45:00.756847+00:00,300,True,Up,1,True
0xc63bce0d5aa33010bbd6608f07fab2778c90b7043c08494ceb3369ba68899126,2026-05-02 19:55:00+00:00,300,300,0,299,0,0,0,3,0,0,2026-05-02 19:55:00+00:00,2026-05-02 20:00:00+00:00,2026-05-02 20:00:00.951096+00:00,300,True,Up,1,True
0xc7c9a4613b42f3b40c5cc930e2af8c99623a6c95671a4f7976fd50aaf702f919,2026-05-02 20:00:00+00:00,300,300,0,299,0,0,29,0,0,0,2026-05-02 20:00:00+00:00,2026-05-02 20:05:00+00:00,2026-05-02 20:05:00.614104+00:00,300,True,Down,0,True
0x170a988faf96ca7512483547c4d9ed51ea7ad3f198ce9858f6036e4049f5856a,2026-05-02 20:10:00+00:00,300,300,0,299,0,0,13,0,0,0,2026-05-02 20:10:00+00:00,2026-05-02 20:15:00+00:00,2026-05-02 20:15:00.517159+00:00,300,True,Down,0,True
0x566238c5671b0629f733e3f9048695ad976a9cf35aa0eea338f4a48ad46b3f2f,2026-05-02 20:15:00+00:00,300,300,0,299,0,0,3,1,0,0,2026-05-02 20:15:00+00:00,2026-05-02 20:20:00+00:00,2026-05-02 20:20:00.415703+00:00,300,True,,0,True
0xd7c03d6638202b2ee3c40e5e96d54aadee843446a7404cd2a8a0996a331e4d1f,2026-05-02 20:20:00+00:00,300,300,0,299,0,0,1,3,0,0,2026-05-02 20:20:00+00:00,2026-05-02 20:25:00+00:00,2026-05-02 20:25:00.566918+00:00,300,True,Up,1,True
0x52b1d316af3163539d0bae6ae744d22045928778f89e634bd356e80b3a6c8898,2026-05-02 20:25:00+00:00,300,300,0,299,0,0,4,0,0,0,2026-05-02 20:25:00+00:00,2026-05-02 20:30:00+00:00,2026-05-02 20:30:00.579563+00:00,300,True,Down,0,True
0x122c884bf1b7d09a3de1bbc3cc040f1dce010f01a4c46636dc25c8c81b941e1f,2026-05-02 20:30:00+00:00,300,300,0,299,0,0,2,5,0,0,2026-05-02 20:30:00+00:00,2026-05-02 20:35:00+00:00,2026-05-02 20:35:00.526194+00:00,300,True,,1,True
0x7ddc22c0f3b2dc054f3f86a550c8e5dd70f171ff3f369b870022b1b979b0ccab,2026-05-02 20:35:00+00:00,300,300,0,299,0,0,1,9,0,0,2026-05-02 20:35:00+00:00,2026-05-02 20:40:00+00:00,2026-05-02 20:40:00.551261+00:00,300,True,Up,1,True
0x0c50799826aa9454538de586ce90066e7bb63b8bb76373c06a9491ccae0777c5,2026-05-02 20:40:00+00:00,300,300,0,299,0,0,34,0,0,0,2026-05-02 20:40:00+00:00,2026-05-02 20:45:00+00:00,2026-05-02 20:45:00.671691+00:00,300,True,Down,0,True
0xb844c6f1ce1a1fb8c2b85e59964e6a9a21cd0e359eed0c4183cd0eed46416ea2,2026-05-02 20:45:00+00:00,300,300,0,299,0,0,13,1,0,0,2026-05-02 20:45:00+00:00,2026-05-02 20:50:00+00:00,2026-05-02 20:50:00.662140+00:00,300,True,Down,0,True
0xec3a78f701e67a44a31487c947294b8590f2d5ced2cbcb301681df3c69bd9932,2026-05-02 20:50:00+00:00,300,300,0,299,0,0,0,25,0,0,2026-05-02 20:50:00+00:00,2026-05-02 20:55:00+00:00,2026-05-02 20:55:00.596801+00:00,300,True,,1,True
0x476b70c5f907f6dc86486281e5db0eef215a30e6074f6482e2001e1950cb1706,2026-05-02 20:55:00+00:00,300,300,0,299,0,0,0,4,0,0,2026-05-02 20:55:00+00:00,2026-05-02 21:00:00+00:00,2026-05-02 21:00:00.683568+00:00,300,True,,1,True
0x9d5129c62b3e57ea52a8ddeaa53a849e86acb5a7a95f85628fda90fb381da02d,2026-05-02 21:00:00+00:00,300,300,0,299,0,0,0,37,0,0,2026-05-02 21:00:00+00:00,2026-05-02 21:05:00+00:00,2026-05-02 21:05:00.789436+00:00,300,True,Up,1,True
0xaccea095cc0c90099340c8f058efae2f0d98f487cee5cc481133d669989e2cd8,2026-05-02 21:15:00+00:00,300,300,0,299,0,0,0,38,0,0,2026-05-02 21:15:00+00:00,2026-05-02 21:20:00+00:00,2026-05-02 21:20:00.574085+00:00,300,True,Up,1,True
0x66cdd676ce57208d9b17367c0c4738e9e020a31e5e5ff201b8f675e385b5cdea,2026-05-02 21:30:00+00:00,300,300,0,299,0,0,0,9,0,0,2026-05-02 21:30:00+00:00,2026-05-02 21:35:00+00:00,2026-05-02 21:35:00.496427+00:00,300,True,Up,1,True
0xbda34a7ec294e0e0bdf842549f2816d4089b78881a4fb604bdf5e7792fa8a102,2026-05-02 22:00:00+00:00,300,300,0,299,0,0,4,3,0,0,2026-05-02 22:00:00+00:00,2026-05-02 22:05:00+00:00,2026-05-02 22:05:00.494108+00:00,300,True,Down,0,True
0x7ad600ea69bd479acde9b8dbc28a9139849150cc6d7e9fdc237f6c22c84b5fff,2026-05-02 22:05:00+00:00,300,300,0,299,0,0,2,7,0,0,2026-05-02 22:05:00+00:00,2026-05-02 22:10:00+00:00,2026-05-02 22:10:00.568511+00:00,300,True,Up,1,True
0xe2591e9cf0896c57bff3b326caf352edb9b555ed5100fd948c1b63e4d7b1fadd,2026-05-02 22:20:00+00:00,300,300,0,299,0,0,19,0,0,0,2026-05-02 22:20:00+00:00,2026-05-02 22:25:00+00:00,2026-05-02 22:25:00.461935+00:00,300,True,Down,0,True
0x0f040240728b8811340e7e359093d2b709c214b1c68098b91dd874ccffb4e0e8,2026-05-02 22:25:00+00:00,300,300,0,299,0,0,3,1,0,0,2026-05-02 22:25:00+00:00,2026-05-02 22:30:00+00:00,2026-05-02 22:30:00.654568+00:00,300,True,,0,True
0x8295fac63e856c0550027f0b7b10ef7938c233ac3f825cf3280c75abc3b66691,2026-05-02 22:30:00+00:00,300,300,0,299,0,0,2,82,0,0,2026-05-02 22:30:00+00:00,2026-05-02 22:35:00+00:00,2026-05-02 22:35:00.520871+00:00,300,True,Up,1,True
0x5013020ac78355c7b06e9d989f679d2ddbb1b8a6aa8e131490c4549b4867dc30,2026-05-02 22:40:00+00:00,300,300,0,299,0,0,2,0,0,0,2026-05-02 22:40:00+00:00,2026-05-02 22:45:00+00:00,2026-05-02 22:45:00.687402+00:00,300,True,,0,True
0x11a5e1c11c2c1ff263f1ba4e202ed97bc5130de3ee37ad2c7c4327549c23063a,2026-05-02 22:50:00+00:00,300,300,0,299,0,0,1,92,0,0,2026-05-02 22:50:00+00:00,2026-05-02 22:55:00+00:00,2026-05-02 22:55:00.850591+00:00,300,True,Up,1,True
0xfde97d042c79372095a0fa97f444afa2a1a309648a52ddd128744e5aa502e709,2026-05-02 23:05:00+00:00,300,300,0,299,0,0,9,0,0,0,2026-05-02 23:05:00+00:00,2026-05-02 23:10:00+00:00,2026-05-02 23:10:00.532040+00:00,300,True,Down,0,True
0xa7f538eb96a2b680a9625d6a413081d8aae910c9bbf91679b960696ef42d9338,2026-05-02 23:10:00+00:00,300,300,0,299,0,0,0,6,0,0,2026-05-02 23:10:00+00:00,2026-05-02 23:15:00+00:00,2026-05-02 23:15:00.624352+00:00,300,True,,1,True
0x2e4528da36047399fc7031db1a0c320551d6e24294cb4f978f27ce662e017bd4,2026-05-02 23:20:00+00:00,300,300,0,299,0,0,0,2,0,0,2026-05-02 23:20:00+00:00,2026-05-02 23:25:00+00:00,2026-05-02 23:25:00.447395+00:00,300,True,,1,True
0x78e02f60dd460ad7036271833b6024f060b91d0c34d6b288887caefcdcaa93d1,2026-05-02 23:25:00+00:00,300,300,0,299,0,0,0,35,0,0,2026-05-02 23:25:00+00:00,2026-05-02 23:30:00+00:00,2026-05-02 23:30:00.532310+00:00,300,True,Up,1,True
0x788b25ecdf010e530011baf8faf8e347ca231702e71ff55acc55fb40af1d6c93,2026-05-02 23:35:00+00:00,300,300,0,299,0,0,64,2,0,0,2026-05-02 23:35:00+00:00,2026-05-02 23:40:00+00:00,2026-05-02 23:40:00.571201+00:00,300,True,Down,0,True
0xf0d6e84a47a663971dee894a7ce514b3db26468e8fb01c1402c225651cd87024,2026-05-02 23:45:00+00:00,300,300,0,299,0,0,7,0,0,0,2026-05-02 23:45:00+00:00,2026-05-02 23:50:00+00:00,2026-05-02 23:50:00.518209+00:00,300,True,Down,0,True
0xbf6f85e0332ba796341fcb7d8ff192f1e0d72b9d2b786b3f728a4630c6fbbdff,2026-05-02 23:55:00+00:00,300,300,0,299,0,0,1,1,0,0,2026-05-02 23:55:00+00:00,2026-05-03 00:00:00+00:00,2026-05-03 00:00:00.929680+00:00,300,True,,0,True
0xfa7bfbd514c0716196e991e0739661b49d297fab3869c36e8e9150681d399a4e,2026-05-03 00:05:00+00:00,300,300,0,299,0,0,106,0,0,0,2026-05-03 00:05:00+00:00,2026-05-03 00:10:00+00:00,2026-05-03 00:10:00.527209+00:00,300,True,Down,0,True
0x662ac99d5ad3f0eaaaa061cbb7481d748ce76e34abac01b2a2184b49c2d21646,2026-05-03 00:10:00+00:00,300,300,0,299,0,0,22,0,0,0,2026-05-03 00:10:00+00:00,2026-05-03 00:15:00+00:00,2026-05-03 00:15:00.500539+00:00,300,True,Down,0,True
0x4e6b0cd5a77b11a676ba5497e123c98ffe0a25f25e695be1533aaea2bb24c0c5,2026-05-03 00:25:00+00:00,300,300,0,299,0,0,0,42,0,0,2026-05-03 00:25:00+00:00,2026-05-03 00:30:00+00:00,2026-05-03 00:30:00.590794+00:00,300,True,,1,True
0xf65e1539f19a12e5e861cff44ecc4085fe0e719558606bb419a62334e801b3db,2026-05-03 00:30:00+00:00,300,300,0,299,0,0,1,3,0,0,2026-05-03 00:30:00+00:00,2026-05-03 00:35:00+00:00,2026-05-03 00:35:00.493361+00:00,300,True,Up,1,True
0x6f21ed609545295b7b32c25de798a124336919d6f7e2660a5c4d6122348d7019,2026-05-03 00:35:00+00:00,300,300,0,299,0,0,0,15,0,0,2026-05-03 00:35:00+00:00,2026-05-03 00:40:00+00:00,2026-05-03 00:40:00.521998+00:00,300,True,Up,1,True
0x3dabf33316b4e143ca0729ab0c98a321ea31f4cd24d3d7536a515295ad2299e3,2026-05-03 00:40:00+00:00,300,300,0,299,0,0,26,0,0,0,2026-05-03 00:40:00+00:00,2026-05-03 00:45:00+00:00,2026-05-03 00:45:00.691297+00:00,300,True,Down,0,True
0xa4ae96f601d431c3092c16e3a221dcab8a5490ab4bd427c2f28c9cad6b13b35e,2026-05-03 00:45:00+00:00,300,300,0,299,0,0,98,0,0,0,2026-05-03 00:45:00+00:00,2026-05-03 00:50:00+00:00,2026-05-03 00:50:00.511846+00:00,300,True,Down,0,True
0xb6b98a7e14a064d6803d60ad80ed0f896957add2684ee1becff782b3bec2bd55,2026-05-03 00:55:00+00:00,300,300,0,299,0,0,0,35,0,0,2026-05-03 00:55:00+00:00,2026-05-03 01:00:00+00:00,2026-05-03 01:00:00.730709+00:00,300,True,Up,1,True
0xe32edc9e351dced4ed8f21f7b8855a4ecb41123c04324462c365ab88b65b87f2,2026-05-03 01:00:00+00:00,300,300,0,299,0,0,145,0,0,0,2026-05-03 01:00:00+00:00,2026-05-03 01:05:00+00:00,2026-05-03 01:05:00.538770+00:00,300,True,Down,0,True
0x596c3c09e5456dbf724e8f0c9f6ef8425097ecb77cdf44ea8bb5df51fbacc1c9,2026-05-03 01:15:00+00:00,300,300,0,299,0,0,36,0,0,0,2026-05-03 01:15:00+00:00,2026-05-03 01:20:00+00:00,2026-05-03 01:20:01.015275+00:00,300,True,Down,0,True
0xecd14dc3104ac6f24af11dbdd9f0599f5755a7b967729f966d3ce2b99158531d,2026-05-03 02:00:00+00:00,300,300,0,299,0,0,0,7,0,0,2026-05-03 02:00:00+00:00,2026-05-03 02:05:00+00:00,2026-05-03 02:05:00.561443+00:00,300,True,Up,1,True
0xa49b96fbb3ff83b85000e85433b79ca75a274ff94a7bf79c4b8dea37101ba4c3,2026-05-03 02:10:00+00:00,300,300,0,299,0,0,94,0,0,0,2026-05-03 02:10:00+00:00,2026-05-03 02:15:00+00:00,2026-05-03 02:15:00.747518+00:00,300,True,Down,0,True
0x18198c532d8cc4f1fd47ff0bc564c9a80b0f45bc95fc7f4bef786d4d7539a0ed,2026-05-03 02:55:00+00:00,300,300,0,299,0,0,6,0,0,0,2026-05-03 02:55:00+00:00,2026-05-03 03:00:00+00:00,2026-05-03 03:00:00.804410+00:00,300,True,Down,0,True
0xa17df294899f1b700d9ff4a606aad273d0d95be94f55799567e09e83c1fcbbdb,2026-05-03 03:00:00+00:00,300,300,0,299,0,0,17,1,0,0,2026-05-03 03:00:00+00:00,2026-05-03 03:05:00+00:00,2026-05-03 03:05:00.518504+00:00,300,True,Down,0,True
0xe4a34273bc23c8d374d5860c4e11981eef6ef6b718ba626f9ece64b19656b129,2026-05-03 03:05:00+00:00,300,300,0,299,0,0,0,27,0,0,2026-05-03 03:05:00+00:00,2026-05-03 03:10:00+00:00,2026-05-03 03:10:00.561353+00:00,300,True,Up,1,True
0x413b92247681b31063dc8aead74b938f4eaaae7744a735785ef2b6f8d7e76fb9,2026-05-03 03:15:00+00:00,300,300,0,299,0,0,1,0,0,0,2026-05-03 03:15:00+00:00,2026-05-03 03:20:00+00:00,2026-05-03 03:20:00.549234+00:00,300,True,Down,0,True
0x82b2a4625305b5dd78ebe4b592771e5c6e3fe033e45fbbe098d0a4d2a931a73c,2026-05-03 03:20:00+00:00,300,300,0,299,0,0,7,2,0,0,2026-05-03 03:20:00+00:00,2026-05-03 03:25:00+00:00,2026-05-03 03:25:00.508929+00:00,300,True,Down,0,True
0xdedcaea51c31a46674125aaa0f831f7eaae30d3d085b12d00c65c81c4fb30df9,2026-05-03 03:25:00+00:00,300,300,0,299,0,0,4,1,0,0,2026-05-03 03:25:00+00:00,2026-05-03 03:30:00+00:00,2026-05-03 03:30:00.582745+00:00,300,True,,0,True
0x861fac61ca79024529d5d852085447070d2df65b14bd97bc49a69868905ba4d9,2026-05-03 03:30:00+00:00,300,300,0,299,0,0,0,71,0,0,2026-05-03 03:30:00+00:00,2026-05-03 03:35:00+00:00,2026-05-03 03:35:00.509885+00:00,300,True,Up,1,True
0x7b2a7e9f112872e475ff01e1ab1c4986df9d1a002d2e4023661542dcee21969b,2026-05-03 03:40:00+00:00,300,300,0,299,0,0,42,0,0,0,2026-05-03 03:40:00+00:00,2026-05-03 03:45:00+00:00,2026-05-03 03:45:00.687066+00:00,300,True,Down,0,True
0x69b23f163ca5185e710579ef8d3ac5cadec24b66883ed371b875763090464495,2026-05-03 03:45:00+00:00,300,300,0,299,0,0,0,39,0,0,2026-05-03 03:45:00+00:00,2026-05-03 03:50:00+00:00,2026-05-03 03:50:00.509938+00:00,300,True,Up,1,True
0xea8a3fcef08d7ffcd28d82757b7f920756d415dc6d2756f6d6c2e510b2411481,2026-05-03 03:55:00+00:00,300,300,0,299,0,0,5,2,0,0,2026-05-03 03:55:00+00:00,2026-05-03 04:00:00+00:00,2026-05-03 04:00:00.801878+00:00,300,True,Down,0,True
0x7720759908acc91cbe0283838799eca10e806623d6a02b6bf59a6696baa2d565,2026-05-03 04:05:00+00:00,300,300,0,299,0,0,36,0,0,0,2026-05-03 04:05:00+00:00,2026-05-03 04:10:00+00:00,2026-05-03 04:10:00.578450+00:00,300,True,Down,0,True
0x60ae934165bd1d55c7c78c20055ce474a3461d8b271d032a1d13516a2afdd6b1,2026-05-03 04:15:00+00:00,300,300,0,299,0,0,1,7,0,0,2026-05-03 04:15:00+00:00,2026-05-03 04:20:00+00:00,2026-05-03 04:20:00.573214+00:00,300,True,Up,1,True
0x8ed7642bcfaf75ec2f01251a663e9dc00a82245dfb734fb8e7d8765ab560e238,2026-05-03 04:20:00+00:00,300,300,0,299,0,0,0,8,0,0,2026-05-03 04:20:00+00:00,2026-05-03 04:25:00+00:00,2026-05-03 04:25:01.050262+00:00,300,True,Up,1,True
0x700204345688aa65460b7efd5c2e4f27b48ec189421fc1a18853d0fecb1f7adf,2026-05-03 04:40:00+00:00,300,300,0,299,0,0,39,0,0,0,2026-05-03 04:40:00+00:00,2026-05-03 04:45:00+00:00,2026-05-03 04:45:00.665248+00:00,300,True,Down,0,True
0x91a0156f6f3390ba9365f8997b42aa7530e0fb9c6da9b068312cde1fe10c3f0a,2026-05-03 04:45:00+00:00,300,300,0,299,0,0,32,0,0,0,2026-05-03 04:45:00+00:00,2026-05-03 04:50:00+00:00,2026-05-03 04:50:00.477550+00:00,300,True,Down,0,True
0xee2bd8192a196e5a724903e2a1ef219a2115b9ee39ca6c678b6da660b4d8dc75,2026-05-03 04:50:00+00:00,300,300,0,299,0,0,2,34,0,0,2026-05-03 04:50:00+00:00,2026-05-03 04:55:00+00:00,2026-05-03 04:55:00.509409+00:00,300,True,Up,1,True
0x156023cd167671f9202f7af94b5ae8810d0316ab4e48083eac97063e14852371,2026-05-03 05:00:00+00:00,300,300,0,299,0,0,0,42,0,0,2026-05-03 05:00:00+00:00,2026-05-03 05:05:00+00:00,2026-05-03 05:05:00.530711+00:00,300,True,Up,1,True
0x968e1fda58a1ea3bf7c8a4c9d80491499e0c618ef9ab1bd129cbc9ecbe23fe67,2026-05-03 05:10:00+00:00,300,300,0,299,0,0,2,1,0,0,2026-05-03 05:10:00+00:00,2026-05-03 05:15:00+00:00,2026-05-03 05:15:00.547412+00:00,300,True,,0,True
0x1c384a4b91fa37efc7fa96ae2164c93c53d8ab4e8657b9091b4b618ecb5d24ce,2026-05-03 05:35:00+00:00,300,300,0,299,0,0,7,2,0,0,2026-05-03 05:35:00+00:00,2026-05-03 05:40:00+00:00,2026-05-03 05:40:00.571683+00:00,300,True,Down,0,True
0x013b57cb0f317c7183d9e60677ede3570c6c4d5de16b2bbaaa78023d78ba7000,2026-05-03 05:45:00+00:00,300,300,0,299,0,0,0,9,0,0,2026-05-03 05:45:00+00:00,2026-05-03 05:50:00+00:00,2026-05-03 05:50:00.533660+00:00,300,True,Up,1,True
0xcb0a4a8492c343662216615d19231a21e8c66246f364a135d69c8e22da96156d,2026-05-03 05:50:00+00:00,300,300,0,299,0,0,2,21,0,0,2026-05-03 05:50:00+00:00,2026-05-03 05:55:00+00:00,2026-05-03 05:55:00.516672+00:00,300,True,Up,1,True
0xc294bb2b8fa85e6f6413ad19ebbc21b51f1a83d5c6aaeacb66d4719c4b3cff04,2026-05-03 06:00:00+00:00,300,300,0,299,0,0,56,0,0,0,2026-05-03 06:00:00+00:00,2026-05-03 06:05:00+00:00,2026-05-03 06:05:00.763146+00:00,300,True,Down,0,True
0x9783fd32fbc917e5c768ecf3ecc9f9e4095947bdf77077c5478c1eaccfebdd15,2026-05-03 06:40:00+00:00,300,300,0,299,0,0,3,2,0,0,2026-05-03 06:40:00+00:00,2026-05-03 06:45:00+00:00,2026-05-03 06:45:00.667750+00:00,300,True,Down,0,True
0x86b8581f8c96ed32c413ecabf015753d0c1b40f10204a37dc091bcec6d012e5b,2026-05-03 07:20:00+00:00,300,300,0,299,0,0,0,8,0,0,2026-05-03 07:20:00+00:00,2026-05-03 07:25:00+00:00,2026-05-03 07:25:00.665200+00:00,300,True,Up,1,True
0x6b0fa7f2a336d583c57960cb3c65c7ae205e5f1dc02cd7c54c7454161089156d,2026-05-03 08:05:00+00:00,300,300,0,299,0,0,0,42,0,0,2026-05-03 08:05:00+00:00,2026-05-03 08:10:00+00:00,2026-05-03 08:10:00.408596+00:00,300,True,Up,1,True
0xc110a65e771453d4c5608c52127db8c0a13237a5361a95ba700ceeec83836f55,2026-05-03 08:30:00+00:00,300,300,0,299,0,0,13,0,0,0,2026-05-03 08:30:00+00:00,2026-05-03 08:35:00+00:00,2026-05-03 08:35:00.490932+00:00,300,True,Down,0,True
0x1b47aa9aecc06c4e7931116250d0edf66fe2a34c3f47e06c96c99fbf26f4884a,2026-05-03 08:35:00+00:00,300,300,0,299,0,0,0,57,0,0,2026-05-03 08:35:00+00:00,2026-05-03 08:40:00+00:00,2026-05-03 08:40:00.545945+00:00,300,True,Up,1,True
0x9e52c555826609d4379d8dede0ec2a3ef070594c414bc956816dbe35868f6d5d,2026-05-03 08:45:00+00:00,300,300,0,299,0,0,4,2,0,0,2026-05-03 08:45:00+00:00,2026-05-03 08:50:00+00:00,2026-05-03 08:50:00.545691+00:00,300,True,Down,0,True
0x4579d0c04826ed2ef3c4dc7f36e8dac9db606ec8fcce4498428972032970f11e,2026-05-03 08:50:00+00:00,300,300,0,299,0,0,21,1,0,0,2026-05-03 08:50:00+00:00,2026-05-03 08:55:00+00:00,2026-05-03 08:55:00.545347+00:00,300,True,Down,0,True
0x8cdda782ff750e32a0b7e1fe569f8fb217ce4e364655f7776f18304e2da81be2,2026-05-03 09:20:00+00:00,300,300,0,299,0,0,0,13,0,0,2026-05-03 09:20:00+00:00,2026-05-03 09:25:00+00:00,2026-05-03 09:25:00.520385+00:00,300,True,Up,1,True
0x466279286151eef9a7060b2558d09495b72affd73c50e9b2781429c442281c58,2026-05-03 09:25:00+00:00,300,300,0,299,0,0,0,6,0,0,2026-05-03 09:25:00+00:00,2026-05-03 09:30:00+00:00,2026-05-03 09:30:00.542157+00:00,300,True,Up,1,True
0x3722c6b611403c943f46542ec7869d22e2743ef7bbecaa10b96152f88045faa4,2026-05-03 10:10:00+00:00,300,300,0,299,0,0,1,9,0,0,2026-05-03 10:10:00+00:00,2026-05-03 10:15:00+00:00,2026-05-03 10:15:00.711613+00:00,300,True,Up,1,True
0x606d929d0c1977acad95953562d89945a0b05025f041a900c1e14cee46c1d882,2026-05-03 10:15:00+00:00,300,300,0,299,0,0,9,0,0,0,2026-05-03 10:15:00+00:00,2026-05-03 10:20:00+00:00,2026-05-03 10:20:00.578342+00:00,300,True,Down,0,True
0xd5e754e63fc5c5cfc62139c6db833f92a09bd56d53b27810f47fcc5b6dbf016f,2026-05-03 10:20:00+00:00,300,300,0,299,0,0,8,0,0,0,2026-05-03 10:20:00+00:00,2026-05-03 10:25:00+00:00,2026-05-03 10:25:00.532707+00:00,300,True,Down,0,True
0x05eb10cff820a50838e00ad45ea7de332c49f14501998b5f082308663c687133,2026-05-03 10:25:00+00:00,300,300,0,299,0,0,25,0,0,0,2026-05-03 10:25:00+00:00,2026-05-03 10:30:00+00:00,2026-05-03 10:30:00.602502+00:00,300,True,Down,0,True
0x864e6fd974a28cf9a52057fb0afb29cfd88fe4fc5394c3c42c582f2202b52636,2026-05-03 10:30:00+00:00,300,300,0,299,0,0,0,51,0,0,2026-05-03 10:30:00+00:00,2026-05-03 10:35:00+00:00,2026-05-03 10:35:00.556698+00:00,300,True,Up,1,True
0x3f31e1a180779747a2b85dfa958b727e54d0a89047ea8270004eebf75e767cf5,2026-05-03 10:35:00+00:00,300,300,0,299,0,0,14,0,0,0,2026-05-03 10:35:00+00:00,2026-05-03 10:40:00+00:00,2026-05-03 10:40:00.533794+00:00,300,True,Down,0,True
0x6abfc328e292e44680e4b1ee4ed5f14e04322810e4dba180374c74059f37d248,2026-05-03 10:40:00+00:00,300,300,0,299,0,0,4,3,0,0,2026-05-03 10:40:00+00:00,2026-05-03 10:45:00+00:00,2026-05-03 10:45:00.660762+00:00,300,True,,0,True
0xea5e516a94270ef49dea680f6e5f50bbac4d6dac7a1e5f50e6bb2d42e3e4f67f,2026-05-03 10:45:00+00:00,300,300,0,299,0,0,46,0,0,0,2026-05-03 10:45:00+00:00,2026-05-03 10:50:00+00:00,2026-05-03 10:50:00.494487+00:00,300,True,Down,0,True
0x13ec946edc0a27b3c857af4d0cb8502d0efb73614652c8bec438dc9bba8e5d3f,2026-05-03 10:55:00+00:00,300,300,0,299,0,0,7,0,0,0,2026-05-03 10:55:00+00:00,2026-05-03 11:00:00+00:00,2026-05-03 11:00:00.820239+00:00,300,True,Down,0,True
0x2b567ec069fd5d1eed1cb8471219aba6c217806e081ceaccc0710ee802a0bb1c,2026-05-03 11:10:00+00:00,300,300,0,299,0,0,0,110,0,0,2026-05-03 11:10:00+00:00,2026-05-03 11:15:00+00:00,2026-05-03 11:15:00.568963+00:00,300,True,Up,1,True
0x2bb552a09791f27ffd02dc36b770bafaca027b3161dbb46237b532b6675e4b73,2026-05-03 11:30:00+00:00,300,300,0,299,0,0,0,15,0,0,2026-05-03 11:30:00+00:00,2026-05-03 11:35:00+00:00,2026-05-03 11:35:00.806605+00:00,300,True,Up,1,True
0x874098bc113334a0921f1836ae1ec0acb93cc38e9ce80b03add94fae5a04637d,2026-05-03 12:40:00+00:00,300,300,0,299,0,0,0,12,0,0,2026-05-03 12:40:00+00:00,2026-05-03 12:45:00+00:00,2026-05-03 12:45:00.695781+00:00,300,True,Up,1,True
0x68f2eca14f8dc340a50135cb3882d47d9407d1c6555a4c85299bdd242ca979de,2026-05-03 13:10:00+00:00,300,300,0,299,0,0,1,3,0,0,2026-05-03 13:10:00+00:00,2026-05-03 13:15:00+00:00,2026-05-03 13:15:00.598975+00:00,300,True,Up,1,True
0x87147353eef977e96dd8be192585a6d06a2fcb5e0929b77feafa278b092e6243,2026-05-03 13:30:00+00:00,300,300,0,299,0,0,0,25,0,0,2026-05-03 13:30:00+00:00,2026-05-03 13:35:00+00:00,2026-05-03 13:35:00.522880+00:00,300,True,Up,1,True
0x0f9d038d2c51ca8e0bbab01bb47dd7f1b232cc6d95447bf9329f412e785a8e89,2026-05-03 13:35:00+00:00,300,300,0,299,0,0,0,41,0,0,2026-05-03 13:35:00+00:00,2026-05-03 13:40:00+00:00,2026-05-03 13:40:00.568361+00:00,300,True,Up,1,True
0x1c8f263f6ebfc13982b2b02681fe673ca73366085a2fd490c8418e01e2259120,2026-05-03 13:50:00+00:00,300,300,0,299,0,0,0,42,0,0,2026-05-03 13:50:00+00:00,2026-05-03 13:55:00+00:00,2026-05-03 13:55:00.694886+00:00,300,True,Up,1,True
0x5c5014d49b58f95821f908603e41109a7715903e88fdb311d8a11c4316344f66,2026-05-03 14:00:00+00:00,300,300,0,299,0,0,0,79,0,0,2026-05-03 14:00:00+00:00,2026-05-03 14:05:00+00:00,2026-05-03 14:05:00.545455+00:00,300,True,Up,1,True
0xf79300668d65914c0d666df163b504604400630cdbe55841cf683d82e5757dfe,2026-05-03 14:30:00+00:00,300,300,0,299,0,0,0,10,0,0,2026-05-03 14:30:00+00:00,2026-05-03 14:35:00+00:00,2026-05-03 14:35:00.589900+00:00,300,True,Up,1,True
0xca3f72dfe2c3eb902fc6e387f4fc6ecb7b089ca524facd14ed40049749e80f0d,2026-05-03 14:40:00+00:00,300,300,0,299,0,0,0,14,0,0,2026-05-03 14:40:00+00:00,2026-05-03 14:45:00+00:00,2026-05-03 14:45:00.778441+00:00,300,True,Up,1,True
0x95632be8488ac3528aa397fde5400a7d9b524a6e5ac8bbb050f0289957b97da6,2026-05-03 14:45:00+00:00,300,300,0,299,0,0,6,0,0,0,2026-05-03 14:45:00+00:00,2026-05-03 14:50:00+00:00,2026-05-03 14:50:00.538387+00:00,300,True,Down,0,True
0x362da6d5ec6072ce0792bb3ed9d1e868e55fc5561b71586272e3587ef8907e7d,2026-05-03 15:00:00+00:00,300,300,0,299,0,0,0,19,0,0,2026-05-03 15:00:00+00:00,2026-05-03 15:05:00+00:00,2026-05-03 15:05:00.549307+00:00,300,True,Up,1,True
0x9ff910b60f8ab49a9c86b0665f33ea59a84f1fb18509c338cea91079ebe269ff,2026-05-03 15:35:00+00:00,300,300,0,299,0,0,27,1,0,0,2026-05-03 15:35:00+00:00,2026-05-03 15:40:00+00:00,2026-05-03 15:40:00.514091+00:00,300,True,Down,0,True
0xf6757ef2dabc37c5e46b5123920f1203d916457efc5f08ee13d03a42efcf00aa,2026-05-03 15:40:00+00:00,300,300,0,299,0,0,0,6,0,0,2026-05-03 15:40:00+00:00,2026-05-03 15:45:00+00:00,2026-05-03 15:45:00.696048+00:00,300,True,Up,1,True
0x5b96155569586070cc37fb0f1458b6eb04d75a86e77ebc758b43e2de0d696a36,2026-05-03 15:50:00+00:00,300,300,0,299,0,0,4,2,0,0,2026-05-03 15:50:00+00:00,2026-05-03 15:55:00+00:00,2026-05-03 15:55:00.526847+00:00,300,True,Down,0,True
0xdcce7a6241a3ed0644fbff8ab3b03b08e91057079d33e283ca2cc2ace677a58d,2026-05-03 15:55:00+00:00,300,300,0,299,0,0,1,3,0,0,2026-05-03 15:55:00+00:00,2026-05-03 16:00:00+00:00,2026-05-03 16:00:00.738184+00:00,300,True,,1,True
0xd26dd90ba415710267407435518f60ec5b891ec548d609d9524fc1bc4d3914fb,2026-05-03 16:00:00+00:00,300,300,0,299,0,0,1,12,0,0,2026-05-03 16:00:00+00:00,2026-05-03 16:05:00+00:00,2026-05-03 16:05:00.539781+00:00,300,True,Up,1,True
0x13a1d1b9d6a0a790d900bc0879b47f67b280d5e683c44225c11ffa4185508f59,2026-05-03 16:05:00+00:00,300,300,0,299,0,0,106,0,0,0,2026-05-03 16:05:00+00:00,2026-05-03 16:10:00+00:00,2026-05-03 16:10:00.920028+00:00,300,True,Down,0,True
0x051ec4f9ba9fd59a2ea5d9f8259519cd411773eddeb5f10a6c26fde1f127ab68,2026-05-03 16:15:00+00:00,300,300,0,299,0,0,2,3,0,0,2026-05-03 16:15:00+00:00,2026-05-03 16:20:00+00:00,2026-05-03 16:20:00.629382+00:00,300,True,Down,0,True
0x752af87e1ba5f0a2917d98da23c0a0e1234df31043fb7b6aa3c3ee97d0a44e7f,2026-05-03 16:20:00+00:00,300,300,0,299,0,0,0,21,0,0,2026-05-03 16:20:00+00:00,2026-05-03 16:25:00+00:00,2026-05-03 16:25:00.546282+00:00,300,True,Up,1,True
0x416483d67da3ddd8f8f35c9b7766a2626c69785eee460c84512d6a8c5c4b8934,2026-05-03 16:30:00+00:00,300,300,0,299,0,0,0,55,0,0,2026-05-03 16:30:00+00:00,2026-05-03 16:35:00+00:00,2026-05-03 16:35:00.559928+00:00,300,True,Up,1,True
0x30de522c086ae11543cf05ef6543f8039053571dcb5d57d4e13bd376a5c872a1,2026-05-03 16:50:00+00:00,300,300,0,299,0,0,7,1,0,0,2026-05-03 16:50:00+00:00,2026-05-03 16:55:00+00:00,2026-05-03 16:55:00.526954+00:00,300,True,Down,0,True
0xc13d8a76d22414c10f4f9debffe89e806b0e263dfd644d486e1ca6c913d93421,2026-05-03 16:55:00+00:00,300,300,0,299,0,0,40,0,0,0,2026-05-03 16:55:00+00:00,2026-05-03 17:00:00+00:00,2026-05-03 17:00:00.608258+00:00,300,True,Down,0,True
0xf77cdd5975ddc7a38d537caf679a935861c68b1fc4db7dcdb2d95d2f6d69418c,2026-05-03 17:00:00+00:00,300,300,0,299,0,0,36,0,0,0,2026-05-03 17:00:00+00:00,2026-05-03 17:05:00+00:00,2026-05-03 17:05:00.585693+00:00,300,True,Down,0,True
0x0d63d0b1c0e71cabb06452b747589cc6032c7fe1a7a2860bd33a62d184eb4bb0,2026-05-03 17:10:00+00:00,300,300,0,299,0,0,0,46,0,0,2026-05-03 17:10:00+00:00,2026-05-03 17:15:00+00:00,2026-05-03 17:15:00.569180+00:00,300,True,Up,1,True
0x2fd3ca5ae0dde8e020ef0f3f13406c8a9486c174bc732e01f38d1a021148eee1,2026-05-03 17:15:00+00:00,300,300,0,299,0,0,0,26,0,0,2026-05-03 17:15:00+00:00,2026-05-03 17:20:00+00:00,2026-05-03 17:20:00.525515+00:00,300,True,Up,1,True
0x19c2e821d8ce484fa1beef5a0a31b5d2fd652e952f054714acb8e3703ade3178,2026-05-03 17:20:00+00:00,300,300,0,299,0,0,0,27,0,0,2026-05-03 17:20:00+00:00,2026-05-03 17:25:00+00:00,2026-05-03 17:25:00.533873+00:00,300,True,Up,1,True
0x03afb756ce58ee2e30f0cb2ab3966f9872f3c4bfcf002d3139ca08525c817737,2026-05-03 17:25:00+00:00,300,300,0,299,0,0,15,0,0,0,2026-05-03 17:25:00+00:00,2026-05-03 17:30:00+00:00,2026-05-03 17:30:00.548431+00:00,300,True,Down,0,True
0x0702f87abc413edb00cbb1b0a269766f715daaca958806e5949e1a4dd047f9ec,2026-05-03 17:30:00+00:00,300,300,0,299,0,0,0,17,0,0,2026-05-03 17:30:00+00:00,2026-05-03 17:35:00+00:00,2026-05-03 17:35:00.562653+00:00,300,True,Up,1,True
0x458c61eace6fac78e298c871950e6987f89b8f15d1e0da2f3f0993ab610512b9,2026-05-03 17:50:00+00:00,300,300,0,299,0,0,52,0,0,0,2026-05-03 17:50:00+00:00,2026-05-03 17:55:00+00:00,2026-05-03 17:55:00.537575+00:00,300,True,Down,0,True
0xaa01d7060afb5f0926aa8541ab69efe640f698a10f356bf7de507805521f63e2,2026-05-03 17:55:00+00:00,300,300,0,299,0,0,3,0,0,0,2026-05-03 17:55:00+00:00,2026-05-03 18:00:00+00:00,2026-05-03 18:00:00.866131+00:00,300,True,Down,0,True
0x83c042a7b671d9a19d0eeaf26f92927fb02f730e5f9d05f4336659b53f46dbd7,2026-05-03 18:00:00+00:00,300,300,0,299,0,0,31,0,0,0,2026-05-03 18:00:00+00:00,2026-05-03 18:05:00+00:00,2026-05-03 18:05:00.563900+00:00,300,True,Down,0,True
0xc5ed5f807ed460c58d09abd979f1675b7ba435522ebf46069f270c9e95fe8df6,2026-05-03 18:05:00+00:00,300,300,0,299,0,0,0,3,0,0,2026-05-03 18:05:00+00:00,2026-05-03 18:10:00+00:00,2026-05-03 18:10:00.541608+00:00,300,True,Up,1,True
0x5d366e6ae69d7e0b1206594b83faacfc2f60560251d798c5bca919f2df5d2106,2026-05-03 18:10:00+00:00,300,300,0,299,0,0,9,0,0,0,2026-05-03 18:10:00+00:00,2026-05-03 18:15:00+00:00,2026-05-03 18:15:00.527904+00:00,300,True,Down,0,True
0x9bd5357882b23c65e3bda61c095fbbc01da57bd66937db08c1e53206bc4700b0,2026-05-03 18:15:00+00:00,300,300,0,299,0,0,0,9,0,0,2026-05-03 18:15:00+00:00,2026-05-03 18:20:00+00:00,2026-05-03 18:20:00.502712+00:00,300,True,Up,1,True
0x5854bb8bda88f5dcaa0dd84148317974d422e1642950c45b954b5e0e2654b67e,2026-05-03 18:25:00+00:00,300,300,0,299,0,0,0,41,0,0,2026-05-03 18:25:00+00:00,2026-05-03 18:30:00+00:00,2026-05-03 18:30:00.597675+00:00,300,True,Up,1,True
0xeb37c40fbb34d7df87a23cbccb6444f7ca2d282910e3d73d06dfb132fc621ac1,2026-05-03 18:45:00+00:00,300,300,0,299,0,0,0,10,0,0,2026-05-03 18:45:00+00:00,2026-05-03 18:50:00+00:00,2026-05-03 18:50:00.565292+00:00,300,True,Up,1,True
0x048b11097f889ce63bbbc0261265f34e387f80042803a90aa61487663e24120a,2026-05-03 19:10:00+00:00,300,300,0,299,0,0,10,0,0,0,2026-05-03 19:10:00+00:00,2026-05-03 19:15:00+00:00,2026-05-03 19:15:00.545687+00:00,300,True,Down,0,True
0x9d2ffcc5543f1a478faad0e43156bb4a9584e361b70a0fe985e1bc362fbb8e27,2026-05-03 19:25:00+00:00,300,300,0,299,0,0,5,0,0,0,2026-05-03 19:25:00+00:00,2026-05-03 19:30:00+00:00,2026-05-03 19:30:00.565655+00:00,300,True,Down,0,True
0x5e1cfcf5ebe9920e52e4858935bfd208901ccd5bc78073e02018515d29d326b7,2026-05-03 19:45:00+00:00,300,300,0,299,0,0,6,3,0,0,2026-05-03 19:45:00+00:00,2026-05-03 19:50:00+00:00,2026-05-03 19:50:00.606075+00:00,300,True,Down,0,True
0x5eff21189505608b357f5b47018aaace91a9932ce7511d55a66ee13758b4b8b6,2026-05-03 20:10:00+00:00,300,300,0,299,0,0,0,0,0,0,2026-05-03 20:10:00+00:00,2026-05-03 20:15:00+00:00,2026-05-03 20:15:00.507964+00:00,300,True,,0,True
0xf5d51e6bc5d1fd83b5f48eaa3da83654028e6515bd29eae169bf923d20cad017,2026-05-03 20:20:00+00:00,300,300,0,299,0,0,0,17,0,0,2026-05-03 20:20:00+00:00,2026-05-03 20:25:00+00:00,2026-05-03 20:25:00.535479+00:00,300,True,Up,1,True
0x914a12f19026dcfc87533886dac4ae9003e5ea6c206dc288581a24b51dc4c7f7,2026-05-03 20:25:00+00:00,300,300,0,299,0,0,4,0,0,0,2026-05-03 20:25:00+00:00,2026-05-03 20:30:00+00:00,2026-05-03 20:30:00.496826+00:00,300,True,Down,0,True
0x7ca8ffe259c390e885323c6b773b2018ef3150f59a189f66f14eae815b472e9e,2026-05-03 20:35:00+00:00,300,300,0,299,0,0,0,83,0,0,2026-05-03 20:35:00+00:00,2026-05-03 20:40:00+00:00,2026-05-03 20:40:00.609834+00:00,300,True,Up,1,True
0x1a101e311cfb2d536ee785470a8b9763f55f8d2dd20cd83b7b962ac6d08fee18,2026-05-03 20:55:00+00:00,300,300,0,299,0,0,0,37,0,0,2026-05-03 20:55:00+00:00,2026-05-03 21:00:00+00:00,2026-05-03 21:00:00.827795+00:00,300,True,Up,1,True
0x2ad10903bafb0a7f77fc66f1c60dd48265a9b2e5ab090b687d7b40db302362ae,2026-05-03 21:00:00+00:00,300,300,0,299,0,0,4,0,0,0,2026-05-03 21:00:00+00:00,2026-05-03 21:05:00+00:00,2026-05-03 21:05:00.538674+00:00,300,True,Down,0,True
0xd9a7732f92eecafb49b93ba4adde7e8e8d5db57bf22c7f82f55498a56b952818,2026-05-03 21:05:00+00:00,300,300,0,299,0,0,0,83,0,0,2026-05-03 21:05:00+00:00,2026-05-03 21:10:00+00:00,2026-05-03 21:10:00.534936+00:00,300,True,Up,1,True
0x5bc5bf771c16fca10b2db24cbc0f7ae91fa8451232856a889767cb080ab8a784,2026-05-03 21:10:00+00:00,300,300,0,299,0,0,0,13,0,0,2026-05-03 21:10:00+00:00,2026-05-03 21:15:00+00:00,2026-05-03 21:15:00.597623+00:00,300,True,Up,1,True
0xd849d8b6ccf09ff4fd29feaec642115f7dfe5953d4bfde0cd34db38ae837a95b,2026-05-03 21:15:00+00:00,300,300,0,299,0,0,16,0,0,0,2026-05-03 21:15:00+00:00,2026-05-03 21:20:00+00:00,2026-05-03 21:20:00.583879+00:00,300,True,Down,0,True
0x3084796bc32995b57d47f5e2661005f48ab95012cfcf7ca68bb792d34b504e66,2026-05-03 21:25:00+00:00,300,300,0,299,0,0,21,0,0,0,2026-05-03 21:25:00+00:00,2026-05-03 21:30:00+00:00,2026-05-03 21:30:00.567467+00:00,300,True,Down,0,True
0x43e442b03014fb06afeeb8e7b8050cd9be336d179ba18043e43322305b1b1132,2026-05-03 21:35:00+00:00,300,300,0,299,0,0,23,0,0,0,2026-05-03 21:35:00+00:00,2026-05-03 21:40:00+00:00,2026-05-03 21:40:00.520362+00:00,300,True,Down,0,True
0x29492930a4bfce69a569cf72f7ce45500342e2e03e686d1425a427ee4c578fbd,2026-05-03 21:40:00+00:00,300,300,0,299,0,0,99,0,0,0,2026-05-03 21:40:00+00:00,2026-05-03 21:45:00+00:00,2026-05-03 21:45:00.530080+00:00,300,True,Down,0,True
0x373aa077502f52e6a78391f1f69f671c2f119b7bd7c88567401044a0764109c6,2026-05-03 21:55:00+00:00,300,300,0,299,0,0,0,54,0,0,2026-05-03 21:55:00+00:00,2026-05-03 22:00:00+00:00,2026-05-03 22:00:00.809726+00:00,300,True,Up,1,True
0x77fb2f8309788da3321b3f6fb1590117d51c07fdf231f9cd52017d1715e595d7,2026-05-03 22:00:00+00:00,300,300,0,299,0,0,0,134,0,0,2026-05-03 22:00:00+00:00,2026-05-03 22:05:00+00:00,2026-05-03 22:05:00.563245+00:00,300,True,Up,1,True
0x28e1af5aa94c36b74478603fd559d096536d6648d84fb56b1e3fa70427be1c15,2026-05-03 22:10:00+00:00,300,300,0,299,0,0,0,125,0,0,2026-05-03 22:10:00+00:00,2026-05-03 22:15:00+00:00,2026-05-03 22:15:00.538086+00:00,300,True,Up,1,True
0xfdf92102b80f66d91ae621f84c54bb39e0c1e02ba37c29e54b9bcd3f479dcc44,2026-05-03 22:20:00+00:00,300,300,0,299,0,0,95,0,0,0,2026-05-03 22:20:00+00:00,2026-05-03 22:25:00+00:00,2026-05-03 22:25:00.516564+00:00,300,True,Down,0,True
0x1e9be17e9f78ac6a640e1a1a70b37610588128f659fed922767620a2d1d57e25,2026-05-03 22:35:00+00:00,300,300,0,299,0,0,28,0,0,0,2026-05-03 22:35:00+00:00,2026-05-03 22:40:00+00:00,2026-05-03 22:40:00.929838+00:00,300,True,Down,0,True
0xc821d3af5007876462f8a9ed317bc2c0e493022e658cf9aa9740e940b6554807,2026-05-03 22:50:00+00:00,300,300,0,299,0,0,75,0,0,0,2026-05-03 22:50:00+00:00,2026-05-03 22:55:00+00:00,2026-05-03 22:55:00.513908+00:00,300,True,Down,0,True
0x7d51bedaf60ae4cf69414b60dfd89bd28a7c03349f7612f9f2312b5b8516b666,2026-05-03 22:55:00+00:00,300,300,0,299,0,0,3,1,0,0,2026-05-03 22:55:00+00:00,2026-05-03 23:00:00+00:00,2026-05-03 23:00:00.721065+00:00,300,True,Down,0,True
0x6020d08b706fb7febb33352b49de51f66a69af0c368ee92110545c759d1a2425,2026-05-03 23:00:00+00:00,300,300,0,299,0,0,0,56,0,0,2026-05-03 23:00:00+00:00,2026-05-03 23:05:00+00:00,2026-05-03 23:05:00.562609+00:00,300,True,Up,1,True
0x79c76e700c3cbd792d6c2709e4c04fc5515e227a14a20001f0718c53b756864a,2026-05-03 23:05:00+00:00,300,300,0,299,0,0,12,0,0,0,2026-05-03 23:05:00+00:00,2026-05-03 23:10:00+00:00,2026-05-03 23:10:00.513802+00:00,300,True,Down,0,True
0xf236053ab62e60029f7f426c889bd5d1d8d014b2c6750669501986c458f1c0dc,2026-05-03 23:15:00+00:00,300,300,0,299,0,0,12,0,0,0,2026-05-03 23:15:00+00:00,2026-05-03 23:20:00+00:00,2026-05-03 23:20:00.574913+00:00,300,True,Down,0,True
0x82fda6c4bd5c12421679a3273a91a138918e0d9c26b9a2a740cad5b98a1589a3,2026-05-03 23:20:00+00:00,300,300,0,299,0,0,124,0,0,0,2026-05-03 23:20:00+00:00,2026-05-03 23:25:00+00:00,2026-05-03 23:25:00.522132+00:00,300,True,Down,0,True
0x0f4c98035a336e532922baa55fe6baa167a11b8399a476c4e4d781b5e1f5d621,2026-05-03 23:40:00+00:00,300,300,0,299,0,0,8,0,0,0,2026-05-03 23:40:00+00:00,2026-05-03 23:45:00+00:00,2026-05-03 23:45:00.719393+00:00,300,True,Down,0,True
0x4f265725d04c5f725a9580122454a5ec12894fb71ce6b5e4c9bf5565eede0de7,2026-05-03 23:50:00+00:00,300,300,0,299,0,0,0,5,0,0,2026-05-03 23:50:00+00:00,2026-05-03 23:55:00+00:00,2026-05-03 23:55:00.594971+00:00,300,True,Up,1,True
0xf9b2583a9778386dca67edf19ab445c45340a92c41bf2cdbd6223af744407da2,2026-05-04 00:00:00+00:00,300,300,0,299,0,0,33,0,0,0,2026-05-04 00:00:00+00:00,2026-05-04 00:05:00+00:00,2026-05-04 00:05:00.555785+00:00,300,True,Down,0,True
0x8fc27b7f703fbde70c0e0a0f362eaae860be7920275182568efb48cc11251f45,2026-05-04 00:20:00+00:00,300,300,0,299,0,0,4,0,0,0,2026-05-04 00:20:00+00:00,2026-05-04 00:25:00+00:00,2026-05-04 00:25:00.537774+00:00,300,True,Down,0,True
0xe71641fa5514ff67b78d4f0bf263365660debf648c1a87de2728ead7e1cbd505,2026-05-04 00:25:00+00:00,300,300,0,299,0,0,0,57,0,0,2026-05-04 00:25:00+00:00,2026-05-04 00:30:00+00:00,2026-05-04 00:30:00.497814+00:00,300,True,Up,1,True
0x6cab3a439892711e14e4d5155ce37fd04fc4ff443c770369bc681cb8440f5422,2026-05-04 00:30:00+00:00,300,300,0,299,0,0,0,34,0,0,2026-05-04 00:30:00+00:00,2026-05-04 00:35:00+00:00,2026-05-04 00:35:00.538336+00:00,300,True,Up,1,True
0x9b60741574878bd81e21014cd6df84d66390e4d79fd8fe2fcf0a999b6b91a26d,2026-05-04 00:40:00+00:00,300,300,0,299,0,0,0,37,0,0,2026-05-04 00:40:00+00:00,2026-05-04 00:45:00+00:00,2026-05-04 00:45:00.600968+00:00,300,True,Up,1,True
0xc2e328a71b0ef3032110aefeacffc30805906a777d593fbdeb383dd3a91fc558,2026-05-04 00:45:00+00:00,300,300,0,299,0,0,0,65,0,0,2026-05-04 00:45:00+00:00,2026-05-04 00:50:00+00:00,2026-05-04 00:50:00.484266+00:00,300,True,Up,1,True
0x6c613ae603b97052b56adcc87878c29cd5c2251e125b63c4d7dee8bc01ffea7e,2026-05-04 00:50:00+00:00,300,300,0,299,0,0,16,0,0,0,2026-05-04 00:50:00+00:00,2026-05-04 00:55:00+00:00,2026-05-04 00:55:00.519693+00:00,300,True,Down,0,True
0x78796385a65f80ed05010ee4112990f5f5e38a907bd3ef6a0b8625bbfb1393b9,2026-05-04 01:00:00+00:00,300,300,0,299,0,0,110,0,0,0,2026-05-04 01:00:00+00:00,2026-05-04 01:05:00+00:00,2026-05-04 01:05:00.479945+00:00,300,True,Down,0,True
0x5257fe20afa5f8c52dfb3ac3d93fefab07464bd5a3370ee9712f49f97197bb1d,2026-05-04 01:10:00+00:00,300,300,0,299,0,0,6,0,0,0,2026-05-04 01:10:00+00:00,2026-05-04 01:15:00+00:00,2026-05-04 01:15:00.586665+00:00,300,True,Down,0,True
0x7cba6e626c5335d2843bdffada0f5d5a5d7a2d6571ca4412d9635151e1ad0c0e,2026-05-04 01:15:00+00:00,300,300,0,299,0,0,3,2,0,0,2026-05-04 01:15:00+00:00,2026-05-04 01:20:00+00:00,2026-05-04 01:20:00.572686+00:00,300,True,Up,0,True
0x02dc62c41d76bc82a06f318952b396e348cb348cca8065c3a55ce2305e1f7daf,2026-05-04 01:20:00+00:00,300,300,0,299,0,0,9,0,0,0,2026-05-04 01:20:00+00:00,2026-05-04 01:25:00+00:00,2026-05-04 01:25:00.532758+00:00,300,True,Down,0,True
0x8efeaea466d70b6bffd3243ba20e1aec2f75ce7e50990559173b889d79525cf8,2026-05-04 01:25:00+00:00,300,300,0,299,0,0,0,110,0,0,2026-05-04 01:25:00+00:00,2026-05-04 01:30:00+00:00,2026-05-04 01:30:00.618251+00:00,300,True,Up,1,True
0x49d350e56769d1fc58341f693570b0a2448b5cb182c5c987c54f42beb67daa13,2026-05-04 01:30:00+00:00,300,300,0,299,0,0,0,148,0,0,2026-05-04 01:30:00+00:00,2026-05-04 01:35:00+00:00,2026-05-04 01:35:00.492846+00:00,300,True,Up,1,True
0xe1207c5e9649bc09ba3e245585bd9b185f55d352d2ad97954e6aa5d54207a45b,2026-05-04 01:40:00+00:00,300,300,0,299,0,0,15,0,0,0,2026-05-04 01:40:00+00:00,2026-05-04 01:45:00+00:00,2026-05-04 01:45:00.553841+00:00,300,True,Down,0,True
0x6dc04bfdeb7c0140538aac6ba6156ba5f24f0ee2afb07f050820a17327cc35cc,2026-05-04 01:45:00+00:00,300,300,0,299,0,0,0,38,0,0,2026-05-04 01:45:00+00:00,2026-05-04 01:50:00+00:00,2026-05-04 01:50:00.541314+00:00,300,True,Up,1,True
0x2b15ce8e56d4938a4774161feef9dddfaaf7a82d6e9fb32a41b1379b871e9917,2026-05-04 01:50:00+00:00,300,300,0,299,0,0,0,89,0,0,2026-05-04 01:50:00+00:00,2026-05-04 01:55:00+00:00,2026-05-04 01:55:00.525873+00:00,300,True,Up,1,True
0xf6f11d1a645ceb111f4163df846271bb812f52af3cf316cc2c1b3c7ff79cd6d5,2026-05-04 02:15:00+00:00,300,300,0,299,0,0,11,0,0,0,2026-05-04 02:15:00+00:00,2026-05-04 02:20:00+00:00,2026-05-04 02:20:00.548764+00:00,300,True,Down,0,True
0x631baf4da429c1ce6b471bffa4167a21081e307d757f5c5b69e858948c39a74e,2026-05-04 02:25:00+00:00,300,300,0,299,0,0,4,2,0,0,2026-05-04 02:25:00+00:00,2026-05-04 02:30:00+00:00,2026-05-04 02:30:00.572091+00:00,300,True,Down,0,True
0x6ec8ae31901d99655a30acfbd6526646549ab1aed47e9bf55042e93ca49167f5,2026-05-04 02:30:00+00:00,300,300,0,299,0,0,0,6,0,0,2026-05-04 02:30:00+00:00,2026-05-04 02:35:00+00:00,2026-05-04 02:35:00.553598+00:00,300,True,Up,1,True
0x5c049ba0a2415de1d527dc1c25d23cd806d215bc9742e4b6e0511aac2095ce41,2026-05-04 02:35:00+00:00,300,300,0,299,0,0,0,15,0,0,2026-05-04 02:35:00+00:00,2026-05-04 02:40:00+00:00,2026-05-04 02:40:00.529854+00:00,300,True,Up,1,True
0xe3690b640a566f72937a650e45db0a7f78ea949b5a887deeb06c4934148f36bc,2026-05-04 03:05:00+00:00,300,300,0,299,0,0,0,36,0,0,2026-05-04 03:05:00+00:00,2026-05-04 03:10:00+00:00,2026-05-04 03:10:00.685269+00:00,300,True,Up,1,True
0x4fc8d83378e82742ee50c644fe9ff4cab627c0b08e6ec6139e736cbb44eed667,2026-05-04 03:10:00+00:00,300,300,0,299,0,0,0,1,0,0,2026-05-04 03:10:00+00:00,2026-05-04 03:15:00+00:00,2026-05-04 03:15:00.566749+00:00,300,True,Up,1,True
0x23c956524c450f094d35b12f0da91738b23ec613d21d043c0aaa6a7ed8932800,2026-05-04 03:20:00+00:00,300,300,0,299,0,0,13,0,0,0,2026-05-04 03:20:00+00:00,2026-05-04 03:25:00+00:00,2026-05-04 03:25:00.531691+00:00,300,True,Down,0,True
0xdb6ded40e684f8c702810008d9e196f254400e095fa8e9ba671ffa91561dfd95,2026-05-04 03:25:00+00:00,300,300,0,299,0,0,31,0,0,0,2026-05-04 03:25:00+00:00,2026-05-04 03:30:00+00:00,2026-05-04 03:30:00.594119+00:00,300,True,Down,0,True
0x231dd85664f956e1c493e929a298c529946a2ec5dd9ed1aef67102dcaaa2f803,2026-05-04 03:30:00+00:00,300,300,0,299,0,0,11,0,0,0,2026-05-04 03:30:00+00:00,2026-05-04 03:35:00+00:00,2026-05-04 03:35:00.492870+00:00,300,True,Down,0,True
0xe8bc7ea41f3da47e2ccfec89a314bdef5c6d21ef01bce89578191da472704722,2026-05-04 03:35:00+00:00,300,300,0,299,0,0,9,0,0,0,2026-05-04 03:35:00+00:00,2026-05-04 03:40:00+00:00,2026-05-04 03:40:00.488067+00:00,300,True,Down,0,True
0x2874297ae11a65688e0b15d80be8770584012a9849b79bf21dab3a078930e4c6,2026-05-04 03:40:00+00:00,300,300,0,299,0,0,4,0,0,0,2026-05-04 03:40:00+00:00,2026-05-04 03:45:00+00:00,2026-05-04 03:45:00.600473+00:00,300,True,Down,0,True
0x68ff5fc7e0a0cd5f21a332ad84189628ed002bece654efb3590037b71dd6372c,2026-05-04 03:45:00+00:00,300,300,0,299,0,0,0,94,0,0,2026-05-04 03:45:00+00:00,2026-05-04 03:50:00+00:00,2026-05-04 03:50:00.537916+00:00,300,True,Up,1,True
0x07104377e3d63c8866c2d18ee4f55b6da9f17877006c82416eb7317796dcdf30,2026-05-04 04:30:00+00:00,300,300,0,299,0,0,0,11,0,0,2026-05-04 04:30:00+00:00,2026-05-04 04:35:00+00:00,2026-05-04 04:35:00.507686+00:00,300,True,Up,1,True
0x24705dd78ad1cde01af1a9cfe861f2aa4a62644ecdde40f9dfda609ee0339f54,2026-05-04 04:35:00+00:00,300,300,0,299,0,0,25,0,0,0,2026-05-04 04:35:00+00:00,2026-05-04 04:40:00+00:00,2026-05-04 04:40:00.495411+00:00,300,True,Down,0,True
0x9a7d0c6f016d07323f29d9350553294cebb6b09a048f7d9a5b0b4178bd06c948,2026-05-04 04:40:00+00:00,300,300,0,299,0,0,0,20,0,0,2026-05-04 04:40:00+00:00,2026-05-04 04:45:00+00:00,2026-05-04 04:45:00.750283+00:00,300,True,Up,1,True
0xe5baceebf8f7f1823690055ad609f363ad0c73cc0491da2b38abe8fcab061b0b,2026-05-04 04:45:00+00:00,300,300,0,299,0,0,6,0,0,0,2026-05-04 04:45:00+00:00,2026-05-04 04:50:00+00:00,2026-05-04 04:50:00.530335+00:00,300,True,Down,0,True
0x2d93d78400835e76769e13541606f60d118758c750508122a3fc62dbaafff589,2026-05-04 04:50:00+00:00,300,300,0,299,0,0,5,0,0,0,2026-05-04 04:50:00+00:00,2026-05-04 04:55:00+00:00,2026-05-04 04:55:00.504760+00:00,300,True,Down,0,True
0xd082fd4e9bb23de4ccfab562232f90402826ba014a6ef2dbfe30333666d0a5d5,2026-05-04 04:55:00+00:00,300,300,0,299,0,0,0,22,0,0,2026-05-04 04:55:00+00:00,2026-05-04 05:00:00+00:00,2026-05-04 05:00:00.888341+00:00,300,True,Up,1,True
0xd1d58921dbcc0ddafed72566a521a38cf4657fcb4347e343c0b4192df3d23f72,2026-05-04 05:00:00+00:00,300,300,0,299,0,0,0,3,0,0,2026-05-04 05:00:00+00:00,2026-05-04 05:05:00+00:00,2026-05-04 05:05:00.605890+00:00,300,True,Up,1,True
0xc46ecfe267d305d3bbd49d3827e762eb47dfe59c5474bdbab81ed5bbc373549f,2026-05-04 05:05:00+00:00,300,300,0,299,0,0,59,0,0,0,2026-05-04 05:05:00+00:00,2026-05-04 05:10:00+00:00,2026-05-04 05:10:00.560360+00:00,300,True,Down,0,True
0x2e3c58b448c7445cb6dea9aac1053b78090c1f396b1f3b49ee4ceffbe12efa3f,2026-05-04 05:10:00+00:00,300,300,0,299,0,0,46,0,0,0,2026-05-04 05:10:00+00:00,2026-05-04 05:15:00+00:00,2026-05-04 05:15:00.562204+00:00,300,True,Down,0,True
0x53d083fd53447379b80c792bcc9941d1690d8297bd48108d80c574ef5624a24f,2026-05-04 05:15:00+00:00,300,300,0,299,0,0,19,0,0,0,2026-05-04 05:15:00+00:00,2026-05-04 05:20:00+00:00,2026-05-04 05:20:00.434468+00:00,300,True,Down,0,True
0xf23110d0048f4b4f7c38952a5276a3e3b2f3bb87ad1ec2ff89bbe52200c3294b,2026-05-04 05:20:00+00:00,300,300,0,299,0,0,0,7,0,0,2026-05-04 05:20:00+00:00,2026-05-04 05:25:00+00:00,2026-05-04 05:25:00.495865+00:00,300,True,,1,True
0x2b33c6e986d849869d5009c836e714dac2aab2ccbd52e45798d2b595a265e44e,2026-05-04 05:30:00+00:00,300,300,0,299,0,0,1,0,0,0,2026-05-04 05:30:00+00:00,2026-05-04 05:35:00+00:00,2026-05-04 05:35:00.526383+00:00,300,True,,0,True
0x31b4501c25b9008c891c11444de8fc9488d09fbf282c28f8346cc8b849cf5872,2026-05-04 05:35:00+00:00,300,300,0,299,0,0,0,81,0,0,2026-05-04 05:35:00+00:00,2026-05-04 05:40:00+00:00,2026-05-04 05:40:00.557914+00:00,300,True,Up,1,True
0x3f2ab5aaa526c5e4ad02ba41b9053e5b083b779bb58696397fd62e2a8ef55195,2026-05-04 05:40:00+00:00,300,300,0,299,0,0,4,0,0,0,2026-05-04 05:40:00+00:00,2026-05-04 05:45:00+00:00,2026-05-04 05:45:00.904590+00:00,300,True,Down,0,True
0x1fa5a22395ae6e1f48130cf1ab57df0bc37ffdb71a16fa6a0c687de6df240ae9,2026-05-04 05:45:00+00:00,300,300,0,299,0,0,30,0,0,0,2026-05-04 05:45:00+00:00,2026-05-04 05:50:00+00:00,2026-05-04 05:50:00.527896+00:00,300,True,Down,0,True
0xe7c53f4897ab690b29579bcaa143e15e355985d885e1ffe5a4b2c4f85c4e9c67,2026-05-04 05:50:00+00:00,300,300,0,299,0,0,1,0,0,0,2026-05-04 05:50:00+00:00,2026-05-04 05:55:00+00:00,2026-05-04 05:55:00.547616+00:00,300,True,Down,0,True
0x2df95424ab51f42fdb8447aa8507c2bc64aac4006598b051653b685684b45e4e,2026-05-04 05:55:00+00:00,300,300,0,299,0,0,0,4,0,0,2026-05-04 05:55:00+00:00,2026-05-04 06:00:00+00:00,2026-05-04 06:00:00.735269+00:00,300,True,,1,True
0xdb3e84232e87c8a71a08e6f2135a56a2e12e8a66d8c1a3fd0a55822c4da46b72,2026-05-04 06:00:00+00:00,300,300,0,299,0,0,7,0,0,0,2026-05-04 06:00:00+00:00,2026-05-04 06:05:00+00:00,2026-05-04 06:05:00.518717+00:00,300,True,Down,0,True
0xe150966764d406735320003fbc62a0577470456a221fc6744041aad1ecc8db39,2026-05-04 06:05:00+00:00,300,300,0,299,0,0,14,0,0,0,2026-05-04 06:05:00+00:00,2026-05-04 06:10:00+00:00,2026-05-04 06:10:00.530007+00:00,300,True,Down,0,True
0x0f8369c7ad62a3746699b0a6c8d6874697cb6e609551285cbb4d5e3f9d89ce11,2026-05-04 06:10:00+00:00,300,300,0,299,0,0,2,0,0,0,2026-05-04 06:10:00+00:00,2026-05-04 06:15:00+00:00,2026-05-04 06:15:00.614973+00:00,300,True,Down,0,True
0x85617ca0ddbd982e0dff1c0c218e982a82a05344cb65786ac63fe95d92a74f5a,2026-05-04 06:15:00+00:00,300,300,0,299,0,0,38,0,0,0,2026-05-04 06:15:00+00:00,2026-05-04 06:20:00+00:00,2026-05-04 06:20:00.506992+00:00,300,True,Down,0,True
0x532a1ccc01b5294087a309259e708f41de28135bf735847f1b7a4112e5ce2c2a,2026-05-04 06:40:00+00:00,300,300,0,299,0,0,0,5,0,0,2026-05-04 06:40:00+00:00,2026-05-04 06:45:00+00:00,2026-05-04 06:45:00.647027+00:00,300,True,Up,1,True
0xdad2c55a26dc5972158a5f000fa9d87b9b495882c70a450c059fbed3fcfea1a8,2026-05-04 07:00:00+00:00,300,300,0,299,0,0,0,15,0,0,2026-05-04 07:00:00+00:00,2026-05-04 07:05:00+00:00,2026-05-04 07:05:00.469518+00:00,300,True,Up,1,True
0x8a5f0ee4c203eb5588a75e2add378853ea586920869e3a356d53ec2decb2e9e9,2026-05-04 07:10:00+00:00,300,300,0,299,0,0,0,4,0,0,2026-05-04 07:10:00+00:00,2026-05-04 07:15:00+00:00,2026-05-04 07:15:00.557697+00:00,300,True,,1,True
0x0412eb88a9af2fe4ff52a0647613415e7668d138b4f2854c30f37de2d5803f7d,2026-05-04 07:15:00+00:00,300,300,0,299,0,0,6,0,0,0,2026-05-04 07:15:00+00:00,2026-05-04 07:20:00+00:00,2026-05-04 07:20:00.461711+00:00,300,True,Down,0,True
0x606a8922b7c4c992fa2fe73c61008e62e730e0ba8b54a764d420a0ae0bdd0937,2026-05-04 07:25:00+00:00,300,300,0,299,0,0,2,4,0,0,2026-05-04 07:25:00+00:00,2026-05-04 07:30:00+00:00,2026-05-04 07:30:00.573778+00:00,300,True,Up,1,True
0x9d1f2426d1adaae7e8bb5e16d325dd0ef1a04ee16e5301b6fd5239156370e0f5,2026-05-04 07:30:00+00:00,300,300,0,299,0,0,37,0,0,0,2026-05-04 07:30:00+00:00,2026-05-04 07:35:00+00:00,2026-05-04 07:35:00.542710+00:00,300,True,Down,0,True
0x72bc1baec7c467724f2608a5b7f134254d8b44a4c0abb3566e4f2f2edd76d8d3,2026-05-04 07:35:00+00:00,300,300,0,299,0,0,44,0,0,0,2026-05-04 07:35:00+00:00,2026-05-04 07:40:00+00:00,2026-05-04 07:40:00.503170+00:00,300,True,Down,0,True
0x5856984ef4084e2bb2877d728a120567c665818367b1133d476574c8e6787630,2026-05-04 07:40:00+00:00,300,300,0,299,0,0,0,22,0,0,2026-05-04 07:40:00+00:00,2026-05-04 07:45:00+00:00,2026-05-04 07:45:00.621199+00:00,300,True,Up,1,True
0x51cdfb50dcb2a5af885a645bc034d4637b24ad4504251bdf69e1444b991c9ada,2026-05-04 07:45:00+00:00,300,300,0,299,0,0,2,3,0,0,2026-05-04 07:45:00+00:00,2026-05-04 07:50:00+00:00,2026-05-04 07:50:00.491285+00:00,300,True,,0,True
0x0d28abf82b03985bab24c752e99e44ad94eb272290c4dc5d19210a491810ac5d,2026-05-04 07:55:00+00:00,300,300,0,299,0,0,36,0,0,0,2026-05-04 07:55:00+00:00,2026-05-04 08:00:00+00:00,2026-05-04 08:00:00.851114+00:00,300,True,Down,0,True
0xed8fb604abdfa2a22401145dd779851c4cbacf752dbb686304787db7f0f2ebe2,2026-05-04 08:05:00+00:00,300,300,0,299,0,0,0,17,0,0,2026-05-04 08:05:00+00:00,2026-05-04 08:10:00+00:00,2026-05-04 08:10:00.683711+00:00,300,True,Up,1,True
0x7af26cdc85e1d6e439115023b765a8791ecd462ec33804eb2c2e03521ea2dd42,2026-05-04 08:15:00+00:00,300,300,0,299,0,0,5,0,0,0,2026-05-04 08:15:00+00:00,2026-05-04 08:20:00+00:00,2026-05-04 08:20:00.532944+00:00,300,True,Down,0,True
0x906fca02349b8c1c5ad121c89fb019f64cd3b7e39fe07fa512c31fd89a6b043b,2026-05-04 08:20:00+00:00,300,300,0,299,0,0,101,0,0,0,2026-05-04 08:20:00+00:00,2026-05-04 08:25:00+00:00,2026-05-04 08:25:00.719811+00:00,300,True,Down,0,True
0x7fb37b8853c1ba57f52d8a8d57ee2339c9543675facd83312433f92fcb212cfe,2026-05-04 08:30:00+00:00,300,300,0,299,0,0,12,0,0,0,2026-05-04 08:30:00+00:00,2026-05-04 08:35:00+00:00,2026-05-04 08:35:00.550753+00:00,300,True,Down,0,True
0x0dabbeaac9e64c762a243a8ae9b6ee3df7713de9cc614e8db533d9f543c9253d,2026-05-04 08:40:00+00:00,300,300,0,299,0,0,7,0,0,0,2026-05-04 08:40:00+00:00,2026-05-04 08:45:00+00:00,2026-05-04 08:45:00.528264+00:00,300,True,Down,0,True
0x052510e621463150d9418f2a65c6e599a793e47d0a1f9087bdf32e3dde664817,2026-05-04 08:45:00+00:00,300,300,0,299,0,0,4,1,0,0,2026-05-04 08:45:00+00:00,2026-05-04 08:50:00+00:00,2026-05-04 08:50:00.538396+00:00,300,True,Down,0,True
0xb6a960cbf7db410520e59e971539c9f096d31d9e0d1748f65df612f899da720f,2026-05-04 08:50:00+00:00,300,300,0,299,0,0,0,6,0,0,2026-05-04 08:50:00+00:00,2026-05-04 08:55:00+00:00,2026-05-04 08:55:00.521229+00:00,300,True,,1,True
0xb2003e56243f0407b27d79b4474510f100c2c28b8e59f120ad05499b1d6953ab,2026-05-04 08:55:00+00:00,300,300,0,299,0,0,0,0,0,0,2026-05-04 08:55:00+00:00,2026-05-04 09:00:00+00:00,2026-05-04 09:00:00.778677+00:00,300,True,,1,True
0xe09f00192aff42b1c08da3c01e785b78a955565e668a75bf9a363d9987e49857,2026-05-04 09:00:00+00:00,300,300,0,299,0,0,0,30,0,0,2026-05-04 09:00:00+00:00,2026-05-04 09:05:00+00:00,2026-05-04 09:05:00.533903+00:00,300,True,Up,1,True
0xc72a69a032f858445e48571fa086baaeba9fab0046406dc5971368c2544b86cc,2026-05-04 09:20:00+00:00,300,300,0,299,0,0,3,4,0,0,2026-05-04 09:20:00+00:00,2026-05-04 09:25:00+00:00,2026-05-04 09:25:00.470018+00:00,300,True,Down,0,True
0xd4781ad75383576e40a15519383ecdbbd32518d4b1a452a10be730c75a2353dc,2026-05-04 09:25:00+00:00,300,300,0,299,0,0,1,4,0,0,2026-05-04 09:25:00+00:00,2026-05-04 09:30:00+00:00,2026-05-04 09:30:00.655699+00:00,300,True,,1,True
0xacf7a92b5426adfae11004d92538863c5c3a7d3b4c5da0a25f50b8b8d0fb9e6f,2026-05-04 09:30:00+00:00,300,300,0,299,0,0,1,22,0,0,2026-05-04 09:30:00+00:00,2026-05-04 09:35:00+00:00,2026-05-04 09:35:00.512425+00:00,300,True,Up,1,True
0xdc3dc9d4182641c512ffe35293e13af61539c6bbe8bfa403ea9e1964df479c55,2026-05-04 09:40:00+00:00,300,300,0,299,0,0,0,14,0,0,2026-05-04 09:40:00+00:00,2026-05-04 09:45:00+00:00,2026-05-04 09:45:00.398171+00:00,300,True,Up,1,True
0xd4ea1b319854230ac86617812ee7e24ab9be462a12ed9e2bc155917cf72c7d83,2026-05-04 09:50:00+00:00,300,300,0,299,0,0,2,21,0,0,2026-05-04 09:50:00+00:00,2026-05-04 09:55:00+00:00,2026-05-04 09:55:00.802802+00:00,300,True,Up,1,True
0xc397a773d3ecfe19ec93116915d662109c557c2798f6c82d0145b7c8fc5f521d,2026-05-04 10:40:00+00:00,300,300,0,299,0,0,3,0,0,0,2026-05-04 10:40:00+00:00,2026-05-04 10:45:00+00:00,2026-05-04 10:45:00.680446+00:00,300,True,,0,True
0xfa319e81f8be3adfe53fb68aec9c44715854dfef2425b47808e1d3d9a40dde53,2026-05-04 10:45:00+00:00,300,300,0,299,0,0,0,33,0,0,2026-05-04 10:45:00+00:00,2026-05-04 10:50:00+00:00,2026-05-04 10:50:00.521949+00:00,300,True,Up,1,True
0x3a98c12221580dba9282855729659de110f11c635c60d538df21eff0858ce65f,2026-05-04 10:50:00+00:00,300,300,0,299,0,0,12,0,0,0,2026-05-04 10:50:00+00:00,2026-05-04 10:55:00+00:00,2026-05-04 10:55:00.467806+00:00,300,True,Down,0,True
0xe4d5ac6ddb5a96263cc023e67561db95482b63b322e23fdb984b3cdd9b1ec59f,2026-05-04 10:55:00+00:00,300,300,0,299,0,0,1,7,0,0,2026-05-04 10:55:00+00:00,2026-05-04 11:00:00+00:00,2026-05-04 11:00:00.928850+00:00,300,True,Up,1,True
0x6ab196bcd24ab4affa9325cb0141f56e950292fee73834a49e2064b9b7d2f4c7,2026-05-04 11:00:00+00:00,300,300,0,299,0,0,5,0,0,0,2026-05-04 11:00:00+00:00,2026-05-04 11:05:00+00:00,2026-05-04 11:05:00.408742+00:00,300,True,Down,0,True
0x159cbb249e688d728a5a4fcdb809469a505327311c188fe492e9c11c258eb0a7,2026-05-04 11:05:00+00:00,300,300,0,299,0,0,0,30,0,0,2026-05-04 11:05:00+00:00,2026-05-04 11:10:00+00:00,2026-05-04 11:10:00.779807+00:00,300,True,Up,1,True
0xb626d01004c5940353d3e12137cc55c11aab97b13f850d8ebc2782faa723bcf0,2026-05-04 11:10:00+00:00,300,300,0,299,0,0,0,6,0,0,2026-05-04 11:10:00+00:00,2026-05-04 11:15:00+00:00,2026-05-04 11:15:00.570685+00:00,300,True,Up,1,True
0x8f70cd7870613cafc8a63c778aaefef5086ddde2fe8a13d08a0e89ce9fe09f96,2026-05-04 11:20:00+00:00,300,300,0,299,0,0,61,0,0,0,2026-05-04 11:20:00+00:00,2026-05-04 11:25:00+00:00,2026-05-04 11:25:00.521553+00:00,300,True,Down,0,True
0x26bd612f9ac799cc2d3b4628d8cfe711b9148067a207089ec7653a2b81214f64,2026-05-04 11:25:00+00:00,300,300,0,299,0,0,2,0,0,0,2026-05-04 11:25:00+00:00,2026-05-04 11:30:00+00:00,2026-05-04 11:30:00.453004+00:00,300,True,Down,0,True
0x3635b9b3cfce391ac705b80b4fa80f0a601693b114d42911f696330fc7ee6a20,2026-05-04 11:30:00+00:00,300,300,0,299,0,0,26,0,0,0,2026-05-04 11:30:00+00:00,2026-05-04 11:35:00+00:00,2026-05-04 11:35:00.513880+00:00,300,True,Down,0,True
0x2a802c54a6b6a12d0b6c0a924982d199bec61793b15029f1dfd54ec43af5013f,2026-05-04 11:35:00+00:00,300,300,0,299,0,0,33,0,0,0,2026-05-04 11:35:00+00:00,2026-05-04 11:40:00+00:00,2026-05-04 11:40:00.538982+00:00,300,True,Down,0,True
0x684cddaf36d9027aac42d90daacac80dd43e4f52fb0a14ed2ccc9dc98f034465,2026-05-04 11:40:00+00:00,300,300,0,299,0,0,8,0,0,0,2026-05-04 11:40:00+00:00,2026-05-04 11:45:00+00:00,2026-05-04 11:45:00.646932+00:00,300,True,Down,0,True
0x6027381444b819a756814aaafaf361356f0780866a25c365129a292badcb6c26,2026-05-04 11:45:00+00:00,300,300,0,299,0,0,0,7,0,0,2026-05-04 11:45:00+00:00,2026-05-04 11:50:00+00:00,2026-05-04 11:50:00.484972+00:00,300,True,Up,1,True
0x6855e2a9b0638a21a8271848159d8c123e88763bd4b140d4964eb28c6546151b,2026-05-04 11:50:00+00:00,300,300,0,299,0,0,0,8,0,0,2026-05-04 11:50:00+00:00,2026-05-04 11:55:00+00:00,2026-05-04 11:55:00.510604+00:00,300,True,Up,1,True
0x016c8daa6f700c1b7f02ced268b2b0d712f1e44ada1847cae948afeea9d70be3,2026-05-04 11:55:00+00:00,300,300,0,299,0,0,11,0,0,0,2026-05-04 11:55:00+00:00,2026-05-04 12:00:00+00:00,2026-05-04 12:00:00.933453+00:00,300,True,Down,0,True
0x7134b9f1484ce0fa059c946b066b396640b26d7bcfd5354c4a9d72e4c597f0bc,2026-05-04 12:00:00+00:00,300,300,0,299,0,0,0,11,0,0,2026-05-04 12:00:00+00:00,2026-05-04 12:05:00+00:00,2026-05-04 12:05:00.510692+00:00,300,True,Up,1,True
0x4c7fa5211c276f9f7b073bd8764e63fe2e3bf9e3576e369be5699ed8a91a81d4,2026-05-04 12:20:00+00:00,300,300,0,299,0,0,1,5,0,0,2026-05-04 12:20:00+00:00,2026-05-04 12:25:00+00:00,2026-05-04 12:25:00.506199+00:00,300,True,Up,1,True
0xfdf3bebc9e1b832f24c6c7daeed7dca1dc45352aef21326c673e44878d7f727b,2026-05-04 12:25:00+00:00,300,300,0,299,0,0,4,0,0,0,2026-05-04 12:25:00+00:00,2026-05-04 12:30:00+00:00,2026-05-04 12:30:00.605470+00:00,300,True,,1,True
0xfe3bd968ff02d1e924dce1086292876cab1da5482a08b01898b8484a8244503a,2026-05-04 12:45:00+00:00,300,300,0,299,0,0,0,4,0,0,2026-05-04 12:45:00+00:00,2026-05-04 12:50:00+00:00,2026-05-04 12:50:00.475968+00:00,300,True,Up,1,True
0x69a796a75fc3e61d5e57717cafdac9907c6ca3a85087833eceff92674e80e837,2026-05-04 12:50:00+00:00,300,300,0,299,0,0,8,0,0,0,2026-05-04 12:50:00+00:00,2026-05-04 12:55:00+00:00,2026-05-04 12:55:00.525546+00:00,300,True,Down,0,True
0x859c501dd0ef05213b5a1586a4f0643643439a68b0c29058a40b10af0acc43b0,2026-05-04 12:55:00+00:00,300,300,0,299,0,0,11,0,0,0,2026-05-04 12:55:00+00:00,2026-05-04 13:00:00+00:00,2026-05-04 13:00:00.561103+00:00,300,True,Down,0,True
0x6f6ffefcba1fafc6f14b06d38bc4992fed2d25cb74364b8c14de36cfcb53d6a0,2026-05-04 13:00:00+00:00,300,300,0,299,0,0,2,0,0,0,2026-05-04 13:00:00+00:00,2026-05-04 13:05:00+00:00,2026-05-04 13:05:00.562814+00:00,300,True,Down,0,True
0x652158e35c5f50667ff149bf5471d5038f5e040d614a767932d36a91c79ff93d,2026-05-04 13:10:00+00:00,300,300,0,299,0,0,0,40,0,0,2026-05-04 13:10:00+00:00,2026-05-04 13:15:00+00:00,2026-05-04 13:15:00.534399+00:00,300,True,Up,1,True
0xb465e88e1292a76fbcfd0c2e553cf61e8f070ce62f04aac20e030f478911dc79,2026-05-04 13:20:00+00:00,300,300,0,299,0,0,0,8,0,0,2026-05-04 13:20:00+00:00,2026-05-04 13:25:00+00:00,2026-05-04 13:25:00.524330+00:00,300,True,Up,1,True
0xb5ae19da6695a555aca6366fb461d8363ca3ba7df5e80e6671d92b9936ca7d8c,2026-05-04 13:30:00+00:00,300,300,0,299,0,0,0,10,0,0,2026-05-04 13:30:00+00:00,2026-05-04 13:35:00+00:00,2026-05-04 13:35:00.762594+00:00,300,True,Up,1,True
0x87b7ec02dc6a6c29c693caf0e43268aaa3ed50b4a3e1159afb78377358d506a5,2026-05-04 13:35:00+00:00,300,300,0,299,0,0,2,0,0,0,2026-05-04 13:35:00+00:00,2026-05-04 13:40:00+00:00,2026-05-04 13:40:00.537187+00:00,300,True,Down,0,True
0x9346cc54e4ade386e07f698452b580653161fe6428cd727c9717cd0cbd9e7bb2,2026-05-04 13:40:00+00:00,300,300,0,299,0,0,19,0,0,0,2026-05-04 13:40:00+00:00,2026-05-04 13:45:00+00:00,2026-05-04 13:45:00.609362+00:00,300,True,Down,0,True
0xc27d25ef8b034df7701a4dd3399fd9b197aacc441bd28ea758d2dfe52610e915,2026-05-04 13:45:00+00:00,300,300,0,299,0,0,0,3,0,0,2026-05-04 13:45:00+00:00,2026-05-04 13:50:00+00:00,2026-05-04 13:50:00.512816+00:00,300,True,,0,True
0x4a05f039ac5accf9183e69688927cd4d0154233ac4f589efdf9a3f820764c3e0,2026-05-04 13:50:00+00:00,300,300,0,299,0,0,20,0,0,0,2026-05-04 13:50:00+00:00,2026-05-04 13:55:00+00:00,2026-05-04 13:55:00.503716+00:00,300,True,Down,0,True
0x1a7f2d6d8878bc6def2a3ab0b4db9d7869fbb601f5fa76174765b96e305483f3,2026-05-04 15:40:00+00:00,300,300,0,299,0,0,0,49,0,0,2026-05-04 15:40:00+00:00,2026-05-04 15:45:00+00:00,2026-05-04 15:45:00.700888+00:00,300,True,Up,1,True
0x741015a6efe88d8c091eddc73e18f1405c467370f9a8c51233db2e21eaa77989,2026-05-04 15:45:00+00:00,300,300,0,299,0,0,40,0,0,0,2026-05-04 15:45:00+00:00,2026-05-04 15:50:00+00:00,2026-05-04 15:50:00.514684+00:00,300,True,Down,0,True
0x5f349a088645fc2f26ec23958125e8c2e1cabe8520e9a7531d296448c86ec26f,2026-05-04 15:50:00+00:00,300,300,0,299,0,0,0,9,0,0,2026-05-04 15:50:00+00:00,2026-05-04 15:55:00+00:00,2026-05-04 15:55:00.366263+00:00,300,True,Up,1,True
0x5a19b93910946e23bc28ae9ccd4bf20975552a88d2f4eeafdfcb4a3733a47166,2026-05-04 15:55:00+00:00,300,300,0,299,0,0,0,42,0,0,2026-05-04 15:55:00+00:00,2026-05-04 16:00:00+00:00,2026-05-04 16:00:00.667984+00:00,300,True,Up,1,True
0xbd1616e382743a07a48adad3a9d93f39699ba04be14e7e7b00419a59f891f107,2026-05-04 16:00:00+00:00,300,300,0,299,0,0,0,0,0,0,2026-05-04 16:00:00+00:00,2026-05-04 16:05:00+00:00,2026-05-04 16:05:00.567458+00:00,300,True,,1,True
0x1e2f749c7245b8f2335159f2226ec6f6c0e9b1e72d0d03883d7028cc3726d2d3,2026-05-04 16:05:00+00:00,300,300,0,299,0,0,65,0,0,0,2026-05-04 16:05:00+00:00,2026-05-04 16:10:00+00:00,2026-05-04 16:10:00.577797+00:00,300,True,Down,0,True
0x33a5ee6ff1e36eeb548935353acedd2669cb463a8d6d58a80a33806a0f214b6f,2026-05-04 16:10:00+00:00,300,300,0,299,0,0,9,0,0,0,2026-05-04 16:10:00+00:00,2026-05-04 16:15:00+00:00,2026-05-04 16:15:00.535708+00:00,300,True,Down,0,True
0x47ea302be28673625f50a352adacaa4938e29d0391b3778b2025bc6b03646797,2026-05-04 16:20:00+00:00,300,300,0,299,0,0,0,66,0,0,2026-05-04 16:20:00+00:00,2026-05-04 16:25:00+00:00,2026-05-04 16:25:00.518396+00:00,300,True,Up,1,True
0xd9a198fe19cc58a4d72c1f4e28dd53b3d9fc12519ab33f6952c8eaa9343857b4,2026-05-04 16:35:00+00:00,300,300,0,299,0,0,0,1,0,0,2026-05-04 16:35:00+00:00,2026-05-04 16:40:00+00:00,2026-05-04 16:40:00.513701+00:00,300,True,Up,1,True
0xb9a63e5c35b18bcd55d86bda87160df4781dba2f53488769f61bd27bd5b3a374,2026-05-04 16:40:00+00:00,300,300,0,299,0,0,0,0,0,0,2026-05-04 16:40:00+00:00,2026-05-04 16:45:00+00:00,2026-05-04 16:45:00.675689+00:00,300,True,,1,True
0xae76aad78ac45adc1b89a80aec367c2c333b56ed1f7289fe86255dc45baa7855,2026-05-04 16:45:00+00:00,300,300,0,299,0,0,14,0,0,0,2026-05-04 16:45:00+00:00,2026-05-04 16:50:00+00:00,2026-05-04 16:50:00.513766+00:00,300,True,Down,0,True
0xd465d379e2932b8bb232ca02857f9cb8c2ea85bb8db3518188009e2c205689bb,2026-05-04 16:50:00+00:00,300,300,0,299,0,0,50,0,0,0,2026-05-04 16:50:00+00:00,2026-05-04 16:55:00+00:00,2026-05-04 16:55:00.518916+00:00,300,True,Down,0,True
0x725731776cd89c27cb29f4707a83ac88a6d8b55ecce301ba0fdedeff93fcad8b,2026-05-04 16:55:00+00:00,300,300,0,299,0,0,13,0,0,0,2026-05-04 16:55:00+00:00,2026-05-04 17:00:00+00:00,2026-05-04 17:00:00.925218+00:00,300,True,Down,0,True
0x877a13db815a4fe177a2f33c1b445612d84d2002764971a84c9921a15d4f6713,2026-05-04 17:00:00+00:00,300,300,0,299,0,0,0,88,0,0,2026-05-04 17:00:00+00:00,2026-05-04 17:05:00+00:00,2026-05-04 17:05:00.497688+00:00,300,True,Up,1,True
0x1d9e1a8e278b641689e53037325886b29d6a1d13dd0b595932b0f2e31d8ff2f3,2026-05-04 17:10:00+00:00,300,300,0,299,0,0,0,9,0,0,2026-05-04 17:10:00+00:00,2026-05-04 17:15:00+00:00,2026-05-04 17:15:00.596344+00:00,300,True,Up,1,True
0x88e7dfadf9c0ffc3e2f4ca7eb4723fe7de11fb1de70c5ce37003a9af8b4b249f,2026-05-04 17:40:00+00:00,300,300,0,299,0,0,9,0,0,0,2026-05-04 17:40:00+00:00,2026-05-04 17:45:00+00:00,2026-05-04 17:45:00.530708+00:00,300,True,Down,0,True
0xd90707d3afa969e73ec18c0d4124b1687d841764d7780599b962e96b6ed0ac83,2026-05-04 18:10:00+00:00,300,300,0,299,0,0,0,0,0,0,2026-05-04 18:10:00+00:00,2026-05-04 18:15:00+00:00,2026-05-04 18:15:00.555121+00:00,300,True,Up,1,True
0x42769229dee7a2d402d5ca4853c223dafec42228dad18c09ee1a90c90f2aa6a8,2026-05-04 18:15:00+00:00,300,300,0,299,0,0,86,0,0,0,2026-05-04 18:15:00+00:00,2026-05-04 18:20:00+00:00,2026-05-04 18:20:00.568905+00:00,300,True,Down,0,True
0xd63b6007513252e86261e31dfc0dfb4de8b933a558d0092c6e52494437401af6,2026-05-04 18:25:00+00:00,300,300,0,299,0,0,0,5,0,0,2026-05-04 18:25:00+00:00,2026-05-04 18:30:00+00:00,2026-05-04 18:30:00.594024+00:00,300,True,Up,1,True
0x05a9ac592cb04f63087467b5ed9c789870628b1e338c35b561ee68db7c4a8fb5,2026-05-04 18:35:00+00:00,300,300,0,299,0,0,33,0,0,0,2026-05-04 18:35:00+00:00,2026-05-04 18:40:00+00:00,2026-05-04 18:40:00.636950+00:00,300,True,Down,0,True
0x521a54fdc439f65188aa188f311059c2948de972f56ac92c8d86a62fa4c97aa3,2026-05-04 18:45:00+00:00,300,300,0,299,0,0,6,0,0,0,2026-05-04 18:45:00+00:00,2026-05-04 18:50:00+00:00,2026-05-04 18:50:00.504912+00:00,300,True,Down,0,True
0xd499c1b04d611473b2a121e6325fe75cf6a6691c69779c51b1246c40e9e38f9a,2026-05-04 18:50:00+00:00,300,300,0,299,0,0,65,0,0,0,2026-05-04 18:50:00+00:00,2026-05-04 18:55:00+00:00,2026-05-04 18:55:00.602615+00:00,300,True,Down,0,True
0x251da77d8576cdea45f1a7f63db17d286db12cf5221cdbc710d189870daba597,2026-05-04 18:55:00+00:00,300,300,0,299,0,0,0,86,0,0,2026-05-04 18:55:00+00:00,2026-05-04 19:00:00+00:00,2026-05-04 19:00:00.921763+00:00,300,True,Up,1,True
0x07de127b7fc74278e3417ca7492816d1dbb92f044852256eba00a74011a6fccb,2026-05-04 19:10:00+00:00,300,300,0,299,0,0,0,2,0,0,2026-05-04 19:10:00+00:00,2026-05-04 19:15:00+00:00,2026-05-04 19:15:00.609334+00:00,300,True,Up,1,True
0x46af3f3b84eba73c0c71408e17c99e130b8077eb3464bf437ce96bdc096fa142,2026-05-04 19:15:00+00:00,300,300,0,299,0,0,58,0,0,0,2026-05-04 19:15:00+00:00,2026-05-04 19:20:00+00:00,2026-05-04 19:20:00.621375+00:00,300,True,Down,0,True
0x49f72da13fbee23b722e87bf4ee95bb15f67399bd1316927b519fa9758dbb0f7,2026-05-04 19:30:00+00:00,300,300,0,299,0,0,0,18,0,0,2026-05-04 19:30:00+00:00,2026-05-04 19:35:00+00:00,2026-05-04 19:35:00.603685+00:00,300,True,Up,1,True
0xf95e983f4ab771a1bdca7d16fa5921798fa96076c336e6657c827bf2a60d8c55,2026-05-04 19:40:00+00:00,300,300,0,299,0,0,0,27,0,0,2026-05-04 19:40:00+00:00,2026-05-04 19:45:00+00:00,2026-05-04 19:45:00.693891+00:00,300,True,Up,1,True
0x3ab0f8ffe0c2033c25901f7d02abab9536b4f6b57ec5afc546699203ba2e9e2d,2026-05-04 19:50:00+00:00,300,300,0,299,0,0,18,0,0,0,2026-05-04 19:50:00+00:00,2026-05-04 19:55:00+00:00,2026-05-04 19:55:00.590992+00:00,300,True,Down,0,True
0x9ec9a3c356c4d6a429cca092a7057d4e91ac8e646b28b951676074a1ae3b6ff3,2026-05-04 19:55:00+00:00,300,300,0,299,0,0,0,74,0,0,2026-05-04 19:55:00+00:00,2026-05-04 20:00:00+00:00,2026-05-04 20:00:00.782618+00:00,300,True,Up,1,True
0x983faff4597b21d947fd03b4c44d0c2c163f8a64a918ebbfc3af10f8cf08358e,2026-05-04 20:00:00+00:00,300,300,0,299,0,0,42,0,0,0,2026-05-04 20:00:00+00:00,2026-05-04 20:05:00+00:00,2026-05-04 20:05:00.578690+00:00,300,True,Down,0,True
0x13e2e1b846c92c57ec37f816b087233e8a05bf3d727dcec2ad12301621f143f3,2026-05-04 20:05:00+00:00,300,300,0,299,0,0,0,2,0,0,2026-05-04 20:05:00+00:00,2026-05-04 20:10:00+00:00,2026-05-04 20:10:00.657801+00:00,300,True,Up,1,True
0xbbe204e87f1db996c49131a0220aaab830954ca18a47aa8acd9207dc31d765b4,2026-05-04 20:10:00+00:00,300,300,0,299,0,0,0,41,0,0,2026-05-04 20:10:00+00:00,2026-05-04 20:15:00+00:00,2026-05-04 20:15:00.604018+00:00,300,True,Up,1,True
0xa81f7232a895c17ebc2cc1ebf89d54e49961b76d82f8a570239da6402be61670,2026-05-04 20:20:00+00:00,300,300,0,299,0,0,0,7,0,0,2026-05-04 20:20:00+00:00,2026-05-04 20:25:00+00:00,2026-05-04 20:25:00.490993+00:00,300,True,Up,1,True
0x6ff2038e7a3889bed94f336f27c3a2e737fa530facf0ecfe7a792410aff0084f,2026-05-04 20:25:00+00:00,300,300,0,299,0,0,0,34,0,0,2026-05-04 20:25:00+00:00,2026-05-04 20:30:00+00:00,2026-05-04 20:30:00.619844+00:00,300,True,Up,1,True
0x11043b96a2e5a8efa4faded39b12c14ec9395806701f7ed7c16f8125956d0f89,2026-05-04 20:35:00+00:00,300,300,0,299,0,0,50,0,0,0,2026-05-04 20:35:00+00:00,2026-05-04 20:40:00+00:00,2026-05-04 20:40:00.537916+00:00,300,True,Down,0,True
0xf89df22b6be0d4959f7e96e6ab3a85ad878596dfb377a802dc92cca3d982d351,2026-05-04 20:45:00+00:00,300,300,0,299,0,0,0,46,0,0,2026-05-04 20:45:00+00:00,2026-05-04 20:50:00+00:00,2026-05-04 20:50:00.496235+00:00,300,True,Up,1,True
0xdebdb6ceaaca5a5fd22d094c4a1cf5ce790dbb80aa13ebcab73ef34bd7429912,2026-05-04 20:50:00+00:00,300,300,0,299,0,0,49,0,0,0,2026-05-04 20:50:00+00:00,2026-05-04 20:55:00+00:00,2026-05-04 20:55:00.521060+00:00,300,True,Down,0,True
0xaa43af4bbbc0f7a7eacf774851b060345d1421648396e2b4053f1b4ee92d6486,2026-05-04 20:55:00+00:00,300,300,0,299,0,0,0,0,0,0,2026-05-04 20:55:00+00:00,2026-05-04 21:00:00+00:00,2026-05-04 21:00:00.755208+00:00,300,True,,1,True
0xf2d9fa81830a161818e239568f24aa896050997bfe394f79d39b63a254600159,2026-05-04 21:00:00+00:00,300,300,0,299,0,0,0,126,0,0,2026-05-04 21:00:00+00:00,2026-05-04 21:05:00+00:00,2026-05-04 21:05:00.499527+00:00,300,True,Up,1,True
0xc10b5b66a6a105544375afe53c352b0eae30e79cf80f2ea30ee11c214b94e70f,2026-05-04 21:15:00+00:00,300,300,0,299,0,0,7,0,0,0,2026-05-04 21:15:00+00:00,2026-05-04 21:20:00+00:00,2026-05-04 21:20:00.471268+00:00,300,True,Down,0,True
0xcd6ba2ce411ede2127a18fd767c0725b45b17e6ceff18e2ff2df543f328cc6f4,2026-05-04 21:45:00+00:00,300,300,0,299,0,0,0,9,0,0,2026-05-04 21:45:00+00:00,2026-05-04 21:50:00+00:00,2026-05-04 21:50:00.467866+00:00,300,True,Up,1,True
0x0c18393103e56f893c87c076f18f637777469ddf587b02edbfe674e42067b5d8,2026-05-04 21:50:00+00:00,300,300,0,299,0,0,2,0,0,0,2026-05-04 21:50:00+00:00,2026-05-04 21:55:00+00:00,2026-05-04 21:55:00.500619+00:00,300,True,Down,0,True
0x888f461436f1a0e90edcb47a06e142d4add9eb019f25a06eede11358ef03e965,2026-05-04 21:55:00+00:00,300,300,0,299,0,0,8,0,0,0,2026-05-04 21:55:00+00:00,2026-05-04 22:00:00+00:00,2026-05-04 22:00:00.711014+00:00,300,True,Down,0,True
0xb1615e32f345ab7de4c1954b09ed56e1998aa86bc5e6bb2ae85b87da6e43ca4a,2026-05-04 22:30:00+00:00,300,300,0,299,0,0,55,0,0,0,2026-05-04 22:30:00+00:00,2026-05-04 22:35:00+00:00,2026-05-04 22:35:00.476848+00:00,300,True,Down,0,True
0x97aacca621ff8f1fce8db92b156ed321ddd6505868c99d1270ee19dfd19634e3,2026-05-04 22:35:00+00:00,300,300,0,299,0,0,0,0,0,0,2026-05-04 22:35:00+00:00,2026-05-04 22:40:00+00:00,2026-05-04 22:40:00.481503+00:00,300,True,Down,0,True
0x4b75b285799e9bf7403caa6fe789c2ec08d861aca2cf558134ce49c61f29a30e,2026-05-04 22:40:00+00:00,300,300,0,299,0,0,4,0,0,0,2026-05-04 22:40:00+00:00,2026-05-04 22:45:00+00:00,2026-05-04 22:45:00.635159+00:00,300,True,Down,0,True
0x95c093c0e412491f9eb8b4e494829024989047840c197ecd4214e8d82df242f3,2026-05-04 22:45:00+00:00,300,300,0,299,0,0,0,23,0,0,2026-05-04 22:45:00+00:00,2026-05-04 22:50:00+00:00,2026-05-04 22:50:00.491362+00:00,300,True,Up,1,True
0xf3610c38ea92c902945dba9af40c96c3e1287474a14b8765edbc9edca790e1e5,2026-05-04 22:55:00+00:00,300,300,0,299,0,0,2,0,0,0,2026-05-04 22:55:00+00:00,2026-05-04 23:00:00+00:00,2026-05-04 23:00:01.025582+00:00,300,True,Down,0,True
0x14757f2971da0befdab19ea343d8856d179a85ff0098f8464a70a4f1459099c3,2026-05-04 23:15:00+00:00,300,300,0,299,0,0,0,0,0,0,2026-05-04 23:15:00+00:00,2026-05-04 23:20:00+00:00,2026-05-04 23:20:00.580206+00:00,300,True,Up,1,True
0x432ca5b26d06cc7a539c5f9a2c2f502ce58f7793d753e5af33e50b46c3b16123,2026-05-04 23:25:00+00:00,300,300,0,299,0,0,0,43,0,0,2026-05-04 23:25:00+00:00,2026-05-04 23:30:00+00:00,2026-05-04 23:30:00.626548+00:00,300,True,Up,1,True
0x7862624cf3930ece27245813978599e690439a5c8ffe7424f828daa264ce0527,2026-05-04 23:30:00+00:00,300,300,0,299,0,0,78,0,0,0,2026-05-04 23:30:00+00:00,2026-05-04 23:35:00+00:00,2026-05-04 23:35:00.467732+00:00,300,True,Down,0,True
0x57e038dd9e620ca88ccab844c8ca97207f650d0a4b887c490ed8ea97bad3a4c0,2026-05-05 00:00:00+00:00,300,300,0,299,0,0,0,33,0,0,2026-05-05 00:00:00+00:00,2026-05-05 00:05:00+00:00,2026-05-05 00:05:00.439711+00:00,300,True,Up,1,True
0xdc6e954d1a16c3b1d020acefcf7b34e22eb176bdb9b1d79009775ac52ce732aa,2026-05-05 00:05:00+00:00,300,300,0,299,0,0,19,0,0,0,2026-05-05 00:05:00+00:00,2026-05-05 00:10:00+00:00,2026-05-05 00:10:00.478292+00:00,300,True,Down,0,True
0x7a428a695746c2c59654c86cc4fd7cac8ea63396ebbc10618aae518447735025,2026-05-05 00:15:00+00:00,300,300,0,299,0,0,0,1,0,0,2026-05-05 00:15:00+00:00,2026-05-05 00:20:00+00:00,2026-05-05 00:20:00.579079+00:00,300,True,Up,1,True
0x00aea4772af57dab1732dd33a154a11df3a915db88a0748c63312df001f10f19,2026-05-05 00:20:00+00:00,300,300,0,299,0,0,23,0,0,0,2026-05-05 00:20:00+00:00,2026-05-05 00:25:00+00:00,2026-05-05 00:25:00.559698+00:00,300,True,Down,0,True
0x0afa31c63657478b267c9a342b2e9053d276894cb9d33c1e29692bd08bc873ba,2026-05-05 00:25:00+00:00,300,300,0,299,0,0,3,0,0,0,2026-05-05 00:25:00+00:00,2026-05-05 00:30:00+00:00,2026-05-05 00:30:00.646151+00:00,300,True,Down,0,True
0xf7a121c9c87bfe23766ea62477917787558a7949c170509d0310f844aa69911a,2026-05-05 00:30:00+00:00,300,300,0,299,0,0,0,57,0,0,2026-05-05 00:30:00+00:00,2026-05-05 00:35:00+00:00,2026-05-05 00:35:00.462043+00:00,300,True,Up,1,True
0x9d9cbba0a0ce962c6e4c159a27e52bc59cd611569eca57cb5a93c6cf126394f8,2026-05-05 01:35:00+00:00,300,300,0,299,0,0,0,1,0,0,2026-05-05 01:35:00+00:00,2026-05-05 01:40:00+00:00,2026-05-05 01:40:00.590024+00:00,300,True,Up,1,True
0x7133419565d395c44d0aac7fa838aa663c73d083438951974b792ab0079d3d0d,2026-05-05 02:15:00+00:00,300,300,0,299,0,0,21,0,0,0,2026-05-05 02:15:00+00:00,2026-05-05 02:20:00+00:00,2026-05-05 02:20:00.543000+00:00,300,True,Down,0,True
0x3c6f2203ed54bd877e674abd1cd41d9f20e0b2845f4eac53b7309b3beef494f5,2026-05-05 02:20:00+00:00,300,300,0,299,0,0,0,19,0,0,2026-05-05 02:20:00+00:00,2026-05-05 02:25:00+00:00,2026-05-05 02:25:00.491441+00:00,300,True,Up,1,True
0x0414261ed36bbfaf877485da9e960d7f99677598e648737a587bf0b50e19c448,2026-05-05 02:25:00+00:00,300,300,0,299,0,0,0,0,0,0,2026-05-05 02:25:00+00:00,2026-05-05 02:30:00+00:00,2026-05-05 02:30:00.584976+00:00,300,True,Down,0,True
0xc84243e7d32774b7bc562ce9daf7ca1b6fe7cca13f203ecd7d0142287650d826,2026-05-05 03:00:00+00:00,300,300,0,299,0,0,20,0,0,0,2026-05-05 03:00:00+00:00,2026-05-05 03:05:00+00:00,2026-05-05 03:05:00.500360+00:00,300,True,Down,0,True
0x1ba36bfe00995571e1f13dc9cf49197923b32d3081008f6e6b3f8d6dbe9af5eb,2026-05-05 03:10:00+00:00,300,300,0,299,0,0,0,67,0,0,2026-05-05 03:10:00+00:00,2026-05-05 03:15:00+00:00,2026-05-05 03:15:00.569679+00:00,300,True,Up,1,True
0x7fea9c2eb9db973e097827899cd4394a9cb6a5ba8a89c94ccceae47c82ea00e0,2026-05-05 03:15:00+00:00,300,300,0,299,0,0,0,17,0,0,2026-05-05 03:15:00+00:00,2026-05-05 03:20:00+00:00,2026-05-05 03:20:00.372349+00:00,300,True,Up,1,True
0xad03c746cb2846f7b0e131c5e58b05cc1782c54eff99d775765522f698322f5c,2026-05-05 04:15:00+00:00,300,300,0,299,0,0,0,16,0,0,2026-05-05 04:15:00+00:00,2026-05-05 04:20:00+00:00,2026-05-05 04:20:00.522960+00:00,300,True,Up,1,True
0x365e4a7c10d7c207979d6c3d659c1f915acf2333768f30c6daa7c4c1fc5773de,2026-05-05 04:20:00+00:00,300,300,0,299,0,0,2,0,0,0,2026-05-05 04:20:00+00:00,2026-05-05 04:25:00+00:00,2026-05-05 04:25:00.483404+00:00,300,True,Down,0,True
0xe2a9b2b3ba7001151df573d372443e66e2db40c97c09449cb7e54d0166d3de94,2026-05-05 04:25:00+00:00,300,300,0,299,0,0,3,0,0,0,2026-05-05 04:25:00+00:00,2026-05-05 04:30:00+00:00,2026-05-05 04:30:00.559319+00:00,300,True,Down,0,True
0xbac682af962886f74ee6dabd43b9c1c31420d88269389ade34eee489d420f58a,2026-05-05 04:30:00+00:00,300,300,0,299,0,0,2,0,0,0,2026-05-05 04:30:00+00:00,2026-05-05 04:35:00+00:00,2026-05-05 04:35:00.516964+00:00,300,True,Down,0,True
0xcd7f661d87dce04d8c3ab9d22fe295e3a67b04d39ce0b4955b3826433ce16a33,2026-05-05 04:35:00+00:00,300,300,0,299,0,0,0,3,0,0,2026-05-05 04:35:00+00:00,2026-05-05 04:40:00+00:00,2026-05-05 04:40:00.511244+00:00,300,True,Up,1,True
0x9d2e4fb8b9ddc7861927374a179f6173f20b76f42e0465ed56210c25d851f009,2026-05-05 05:00:00+00:00,300,300,0,299,0,0,15,0,0,0,2026-05-05 05:00:00+00:00,2026-05-05 05:05:00+00:00,2026-05-05 05:05:00.503811+00:00,300,True,Down,0,True
0x125b02d355bec4a008125b78f4b5a6173c497ca7db10f85f4f8a1169cf21f36a,2026-05-05 05:20:00+00:00,300,300,0,299,0,0,0,35,0,0,2026-05-05 05:20:00+00:00,2026-05-05 05:25:00+00:00,2026-05-05 05:25:00.515661+00:00,300,True,Up,1,True
0x57bba9625c6e14f9cd01e5dc2920ea0f828464bea28012099beb82c0c4b34bea,2026-05-05 05:25:00+00:00,300,300,0,299,0,0,40,0,0,0,2026-05-05 05:25:00+00:00,2026-05-05 05:30:00+00:00,2026-05-05 05:30:00.514764+00:00,300,True,Down,0,True
0x0fb9a4563db8bd21c8e8ce2fc8b8b771cd18e9d34faeb91b54932c64cfa711dc,2026-05-05 05:45:00+00:00,300,300,0,299,0,0,15,0,0,0,2026-05-05 05:45:00+00:00,2026-05-05 05:50:00+00:00,2026-05-05 05:50:01.916723+00:00,300,True,Down,0,True
0x95a8118ae59f5d340175083a4c587439847740b8f653afe4d61c2fc160552929,2026-05-05 05:55:00+00:00,300,300,0,299,0,0,16,0,0,0,2026-05-05 05:55:00+00:00,2026-05-05 06:00:00+00:00,2026-05-05 06:00:00.785777+00:00,300,True,Down,0,True
0x7752c37ce934ef5caf65910a745df51535a8a3963f46fa69500fa59822f8e8ab,2026-05-05 06:00:00+00:00,300,300,0,299,0,0,3,0,0,0,2026-05-05 06:00:00+00:00,2026-05-05 06:05:00+00:00,2026-05-05 06:05:00.536395+00:00,300,True,Down,0,True
0xaf5f4497b18863dd1a1ac507ab623e16d518a8abb7972a17bf1eb4db9c472e6c,2026-05-05 06:05:00+00:00,300,300,0,299,0,0,0,0,0,0,2026-05-05 06:05:00+00:00,2026-05-05 06:10:00+00:00,2026-05-05 06:10:00.440876+00:00,300,True,Down,0,True
0x87bd26fa57091dfa8227b2ff870415995ca127a2cf2954940d3348a1e110ac1f,2026-05-05 06:10:00+00:00,300,300,0,299,0,0,0,3,0,0,2026-05-05 06:10:00+00:00,2026-05-05 06:15:00+00:00,2026-05-05 06:15:00.566034+00:00,300,True,Up,1,True
0x7d3cce36f736371f3121985e2b29fb29d6d1a01127b9bb9f0c565ec9733916c6,2026-05-05 06:15:00+00:00,300,300,0,299,0,0,33,0,0,0,2026-05-05 06:15:00+00:00,2026-05-05 06:20:00+00:00,2026-05-05 06:20:00.767166+00:00,300,True,Down,0,True
0x55558d9cb4a3e38f3cf3f12abfb60303a491d7cc842c2029de9cc5a94f62f053,2026-05-05 06:20:00+00:00,300,300,0,299,0,0,38,0,0,0,2026-05-05 06:20:00+00:00,2026-05-05 06:25:00+00:00,2026-05-05 06:25:00.410965+00:00,300,True,Down,0,True
0xbf91f70a3dd92a9b849a9facdf00900e2aa482962b9cd942b98047f84c5b61a1,2026-05-05 06:25:00+00:00,300,300,0,299,0,0,0,3,0,0,2026-05-05 06:25:00+00:00,2026-05-05 06:30:00+00:00,2026-05-05 06:30:00.582043+00:00,300,True,Up,1,True
0x52397514ea6a22b2ce0c97e00b57fd67ad38e368ec0730c994f9cdfa10359f9c,2026-05-05 06:30:00+00:00,300,300,0,299,0,0,0,1,0,0,2026-05-05 06:30:00+00:00,2026-05-05 06:35:00+00:00,2026-05-05 06:35:00.520126+00:00,300,True,Up,1,True
0x4693b6991a6515981fe00adc524915dd1d9ac070ad61803679a4500cf0d83f38,2026-05-05 06:35:00+00:00,300,300,0,299,0,0,10,0,0,0,2026-05-05 06:35:00+00:00,2026-05-05 06:40:00+00:00,2026-05-05 06:40:00.552560+00:00,300,True,Down,0,True
0xb088b700dd82d31098d30286e24b79c7e5cef28000d7ede9bab49d587fa9280c,2026-05-05 06:40:00+00:00,300,300,0,299,0,0,0,0,0,0,2026-05-05 06:40:00+00:00,2026-05-05 06:45:00+00:00,2026-05-05 06:45:00.596694+00:00,300,True,Down,0,True
0x3ae0c33f381d7a1b6e6325b86ac6cb4834491f1c8f4f190f84392e18ea0e9139,2026-05-05 06:45:00+00:00,300,300,0,299,0,0,0,75,0,0,2026-05-05 06:45:00+00:00,2026-05-05 06:50:00+00:00,2026-05-05 06:50:00.482920+00:00,300,True,Up,1,True
0x2c3ef5bfb0cb54d1980766944fc0e2290828c542d600dd45a784baaf468a7874,2026-05-05 07:00:00+00:00,300,300,0,299,0,0,5,0,0,0,2026-05-05 07:00:00+00:00,2026-05-05 07:05:00+00:00,2026-05-05 07:05:00.485806+00:00,300,True,Down,0,True
0x64a48aa0c347e9bbc93ffadcc6e9dbec9deda43d53b63774bd6c5169e3340500,2026-05-05 07:05:00+00:00,300,300,0,299,0,0,21,0,0,0,2026-05-05 07:05:00+00:00,2026-05-05 07:10:00+00:00,2026-05-05 07:10:00.483810+00:00,300,True,Down,0,True
0x0d84656c96440a96f5d0310accd74535ff60e3c37c192f51ace7e7c9f445fde6,2026-05-05 07:10:00+00:00,300,300,0,299,0,0,0,104,0,0,2026-05-05 07:10:00+00:00,2026-05-05 07:15:00+00:00,2026-05-05 07:15:00.525473+00:00,300,True,Up,1,True
0x7f0de165e2ec2434955f4e70040ef7c05cf049d1c57efdb0cc31b96294e6156c,2026-05-05 07:15:00+00:00,300,300,0,299,0,0,0,0,0,0,2026-05-05 07:15:00+00:00,2026-05-05 07:20:00+00:00,2026-05-05 07:20:00.529921+00:00,300,True,,0,True
0x04352e8264d7df136ec2167874e6be5b8a33d12bb5303d67cf73b001c445ac0b,2026-05-05 07:20:00+00:00,300,300,0,299,0,0,0,2,0,0,2026-05-05 07:20:00+00:00,2026-05-05 07:25:00+00:00,2026-05-05 07:25:00.479220+00:00,300,True,Up,1,True
0x54f156d286cb890d8d661f7b3a024b4c517ed0c51b5e02fec85a58ed5cc7e2fd,2026-05-05 07:25:00+00:00,300,300,0,299,0,0,0,0,0,0,2026-05-05 07:25:00+00:00,2026-05-05 07:30:00+00:00,2026-05-05 07:30:00.581429+00:00,300,True,,1,True
0x915eea5cb939a1403733c7eac8af5c0a9480f6118b73130dba2555156041bd71,2026-05-05 07:35:00+00:00,300,300,0,299,0,0,0,9,0,0,2026-05-05 07:35:00+00:00,2026-05-05 07:40:00+00:00,2026-05-05 07:40:00.490361+00:00,300,True,Up,1,True
0xa5c2b2f0e4ceefd1738c46d395d89faafde5abbc12127c938f13eea4d0fef810,2026-05-05 07:40:00+00:00,300,300,0,299,0,0,61,0,0,0,2026-05-05 07:40:00+00:00,2026-05-05 07:45:00+00:00,2026-05-05 07:45:00.598759+00:00,300,True,Down,0,True
0xaa080d63bcb5afd0a3cc45e30da1783fdd0f1fbf3d74b0eb145e290135269743,2026-05-05 07:50:00+00:00,300,300,0,299,0,0,33,0,0,0,2026-05-05 07:50:00+00:00,2026-05-05 07:55:00+00:00,2026-05-05 07:55:00.491191+00:00,300,True,Down,0,True
0xd42ba1cceeac3d0b47439b240d5072609d4f7737294ef51a2ab844ace30ca07a,2026-05-05 07:55:00+00:00,300,300,0,299,0,0,8,0,0,0,2026-05-05 07:55:00+00:00,2026-05-05 08:00:00+00:00,2026-05-05 08:00:00.759411+00:00,300,True,Down,0,True
0xa5bf6a23e177355edee66c6b2f6dce07f4b46da67983190f03fc3f1f07c1f6c4,2026-05-05 08:15:00+00:00,300,300,0,299,0,0,0,0,0,0,2026-05-05 08:15:00+00:00,2026-05-05 08:20:00+00:00,2026-05-05 08:20:00.474191+00:00,300,True,Down,0,True
0xad8d06bb38af786068a6647c24d70b725f061c2d6c375329f6e490612e55fe1e,2026-05-05 08:20:00+00:00,300,300,0,299,0,0,0,4,0,0,2026-05-05 08:20:00+00:00,2026-05-05 08:25:00+00:00,2026-05-05 08:25:00.495535+00:00,300,True,Up,1,True
0xa1956a653a7754d6d81a23cfe1e3b2177e45452be8c2f0a7b7b3065b7dc571d7,2026-05-05 08:25:00+00:00,300,300,0,299,0,0,18,0,0,0,2026-05-05 08:25:00+00:00,2026-05-05 08:30:00+00:00,2026-05-05 08:30:00.607135+00:00,300,True,Down,0,True
0xe9982ec705a7bdd74865d4d288838daf219be17bb47cbf88cd21966d6f02c2c6,2026-05-05 08:30:00+00:00,300,300,0,299,0,0,7,0,0,0,2026-05-05 08:30:00+00:00,2026-05-05 08:35:00+00:00,2026-05-05 08:35:00.443969+00:00,300,True,Down,0,True
0xd34642fc9c36120e6d5b77c7502f680b5050cf087a9a7f69bea3e21c7b7c4a4b,2026-05-05 08:35:00+00:00,300,300,0,299,0,0,14,0,0,0,2026-05-05 08:35:00+00:00,2026-05-05 08:40:00+00:00,2026-05-05 08:40:00.509460+00:00,300,True,Down,0,True
0xc2e06e97b00b5284b65f7ce40675b60122038b0217e6460406a39baf4f3060b2,2026-05-05 08:40:00+00:00,300,300,0,299,0,0,29,0,0,0,2026-05-05 08:40:00+00:00,2026-05-05 08:45:00+00:00,2026-05-05 08:45:00.602354+00:00,300,True,Down,0,True
0x8c1adf2e0b1b5ff8ccf1a18f72f057613bc0b50130d49db9c6bada0ee433ae44,2026-05-05 08:45:00+00:00,300,300,0,299,0,0,0,38,0,0,2026-05-05 08:45:00+00:00,2026-05-05 08:50:00+00:00,2026-05-05 08:50:00.524479+00:00,300,True,Up,1,True
0x85617415edf8c894d19fdddac29121b5f8ffef3dc81e1ea87b93b3ed8152b084,2026-05-05 08:50:00+00:00,300,300,0,299,0,0,0,0,0,0,2026-05-05 08:50:00+00:00,2026-05-05 08:55:00+00:00,2026-05-05 08:55:00.466778+00:00,300,True,Down,0,True
0x0d215cc187c2a137f0dd44bd313b94c52007cbafbf8c50bdce1561f85921ab03,2026-05-05 08:55:00+00:00,300,300,0,299,0,0,0,2,0,0,2026-05-05 08:55:00+00:00,2026-05-05 09:00:00+00:00,2026-05-05 09:00:00.871449+00:00,300,True,Up,1,True
0x7ab629f14e1f2c8476381256d251ff5761fb3e1807057f702f0e967174250475,2026-05-05 09:00:00+00:00,300,300,0,299,0,0,68,0,0,0,2026-05-05 09:00:00+00:00,2026-05-05 09:05:00+00:00,2026-05-05 09:05:00.408251+00:00,300,True,Down,0,True
0xbe42a7bf6fdb64215e3ae50b8152c4aa099a87415747a08542284532bb62742d,2026-05-05 09:05:00+00:00,300,300,0,299,0,0,0,1,0,0,2026-05-05 09:05:00+00:00,2026-05-05 09:10:00+00:00,2026-05-05 09:10:00.510688+00:00,300,True,Up,1,True
0x196cd2d4d516780abaaf02602c669bbe796702de1e4d30f044ecb2f255c9b14a,2026-05-05 09:15:00+00:00,300,300,0,299,0,0,8,0,0,0,2026-05-05 09:15:00+00:00,2026-05-05 09:20:00+00:00,2026-05-05 09:20:00.519680+00:00,300,True,Down,0,True
0x9c5053a7a68c00da61d83ba819617aef7c935ab3e983635e8f1a08ef75d1c137,2026-05-05 09:55:00+00:00,300,300,0,299,0,0,1,0,0,0,2026-05-05 09:55:00+00:00,2026-05-05 10:00:00+00:00,2026-05-05 10:00:00.844719+00:00,300,True,Down,0,True
0x24c1b43629370c0781629ee283a90eeb96afb288dfd338f91eb920ecb1f52f93,2026-05-05 10:00:00+00:00,300,300,0,299,0,0,0,2,0,0,2026-05-05 10:00:00+00:00,2026-05-05 10:05:00+00:00,2026-05-05 10:05:00.530189+00:00,300,True,Up,1,True
0x5cb94a87865e3ab9ff045aa98e49547550acb5b87e5dfe676732a2679cad3f45,2026-05-05 10:15:00+00:00,300,300,0,299,0,0,0,12,0,0,2026-05-05 10:15:00+00:00,2026-05-05 10:20:00+00:00,2026-05-05 10:20:00.515210+00:00,300,True,Up,1,True
0xbb4494e308d47c0169ce90691712bdf4e7f26b6e59a7f445fc69b5efd8ae0f1e,2026-05-05 10:20:00+00:00,300,300,0,299,0,0,0,2,0,0,2026-05-05 10:20:00+00:00,2026-05-05 10:25:00+00:00,2026-05-05 10:25:00.583546+00:00,300,True,Up,1,True
0x7b01cdca9c99316d28948fa6030be04675a53a279f764e388b8fdf85cdc5661e,2026-05-05 10:25:00+00:00,300,300,0,299,0,0,0,2,0,0,2026-05-05 10:25:00+00:00,2026-05-05 10:30:00+00:00,2026-05-05 10:30:00.508090+00:00,300,True,Up,1,True
0xbe9116e9ff90472756d6f85b7f67ebbb2b6fd65c29b92a00a051d0187d8e3691,2026-05-05 10:55:00+00:00,300,300,0,299,0,0,0,97,0,0,2026-05-05 10:55:00+00:00,2026-05-05 11:00:00+00:00,2026-05-05 11:00:00.589285+00:00,300,True,Up,1,True
0xfbfabe7e013bc0b717ab2a746e12610aa4f29f968295afc518dbc89364be2a0d,2026-05-05 11:00:00+00:00,300,300,0,299,0,0,0,0,0,0,2026-05-05 11:00:00+00:00,2026-05-05 11:05:00+00:00,2026-05-05 11:05:00.478878+00:00,300,True,,1,True
0xb4844cf654e42cfe6fe95aa8acaf437ea48d06a4afdc1c3b08d20c3a43d35cdb,2026-05-05 11:05:00+00:00,300,300,0,299,0,0,0,2,0,0,2026-05-05 11:05:00+00:00,2026-05-05 11:10:00+00:00,2026-05-05 11:10:00.688465+00:00,300,True,Up,1,True
0x33b38cce9a48e8ece40ab79ca5f4eba711b755d8cf4b7a09753ee83f547c6f13,2026-05-05 11:15:00+00:00,300,300,0,299,0,0,52,0,0,0,2026-05-05 11:15:00+00:00,2026-05-05 11:20:00+00:00,2026-05-05 11:20:00.592832+00:00,300,True,Down,0,True
0x16d389f3ff47480c50f170ea1b661d57fb0328a8a1f80b03cad7510239a8e678,2026-05-05 11:35:00+00:00,300,300,0,299,0,0,0,19,0,0,2026-05-05 11:35:00+00:00,2026-05-05 11:40:00+00:00,2026-05-05 11:40:00.499451+00:00,300,True,Up,1,True
0xfd67266f7a3b6708c7c2fc0b16d13bd86541db0ef2b1f5c677758f5b94e7e784,2026-05-05 11:55:00+00:00,300,300,0,299,0,0,0,56,0,0,2026-05-05 11:55:00+00:00,2026-05-05 12:00:00+00:00,2026-05-05 12:00:00.766459+00:00,300,True,Up,1,True
0xf3f4999c4b16492463e3ab525872df61548117a832dc50e14e61cd3a230e1c07,2026-05-05 12:10:00+00:00,300,300,0,299,0,0,0,49,0,0,2026-05-05 12:10:00+00:00,2026-05-05 12:15:00+00:00,2026-05-05 12:15:00.813958+00:00,300,True,Up,1,True
0x79d7458695510f44dcfa26bbe99f6855a9780dc170e1c100132487e7d78da426,2026-05-05 12:25:00+00:00,300,300,0,299,0,0,0,114,0,0,2026-05-05 12:25:00+00:00,2026-05-05 12:30:00+00:00,2026-05-05 12:30:00.683538+00:00,300,True,Up,1,True
0x431eeb3121a5d30d85b7cb6bcc2c66f081b67654b840be74ba9e414ab4cf63b9,2026-05-05 13:45:00+00:00,300,300,0,299,0,0,0,77,0,0,2026-05-05 13:45:00+00:00,2026-05-05 13:50:00+00:00,2026-05-05 13:50:00.830853+00:00,300,True,Up,1,True
0x3312421602cc0a33f62c5d8991d3592ac0afd1e91e0f4f5e7e246bddf2d5d29e,2026-05-05 14:05:00+00:00,300,300,0,299,0,0,64,0,0,0,2026-05-05 14:05:00+00:00,2026-05-05 14:10:00+00:00,2026-05-05 14:10:00.499457+00:00,300,True,Down,0,True
0xd8db2af3bb24d23f69f6b84ec6377b56bad56b160173d0acfd7d4d8cf7f2a837,2026-05-05 14:10:00+00:00,300,300,0,299,0,0,21,0,0,0,2026-05-05 14:10:00+00:00,2026-05-05 14:15:00+00:00,2026-05-05 14:15:00.556703+00:00,300,True,Down,0,True
0x494aa3dd7624b59321643863215d2cc5a9472f4da274cd285bce53353bf63e35,2026-05-05 14:15:00+00:00,300,300,0,299,0,0,10,0,0,0,2026-05-05 14:15:00+00:00,2026-05-05 14:20:00+00:00,2026-05-05 14:20:00.372291+00:00,300,True,Down,0,True
0x723dd5ace0fc6f64f2427ccfb82610eac0af07e218ead05c874324af7465aed9,2026-05-05 14:20:00+00:00,300,300,0,299,0,0,0,55,0,0,2026-05-05 14:20:00+00:00,2026-05-05 14:25:00+00:00,2026-05-05 14:25:00.535391+00:00,300,True,Up,1,True
0x81c29c6c736a64140514587b8d5bb6db37813b1adabeb6d77b21381f799f0cb7,2026-05-05 14:40:00+00:00,300,300,0,299,0,0,0,2,0,0,2026-05-05 14:40:00+00:00,2026-05-05 14:45:00+00:00,2026-05-05 14:45:00.662524+00:00,300,True,Up,1,True
0x0db737568ee48fea6f4ff93eadef50c4e149fe6c1cd5d24be752796949a31a2c,2026-05-05 14:45:00+00:00,300,300,0,299,0,0,3,0,0,0,2026-05-05 14:45:00+00:00,2026-05-05 14:50:00+00:00,2026-05-05 14:50:00.471830+00:00,300,True,Down,0,True
0x9f150d58c292131cd37f97d9d9370296bdd21c094111cc7b939c3abfe5128029,2026-05-05 14:55:00+00:00,300,300,0,299,0,0,7,0,0,0,2026-05-05 14:55:00+00:00,2026-05-05 15:00:00+00:00,2026-05-05 15:00:00.945258+00:00,300,True,Down,0,True
0x9bdee0ec9f1a17c609c9dd90baf11375cc22bba7c58f044293274bbf88956bdb,2026-05-05 15:00:00+00:00,300,300,0,299,0,0,0,17,0,0,2026-05-05 15:00:00+00:00,2026-05-05 15:05:00+00:00,2026-05-05 15:05:00.523609+00:00,300,True,Up,1,True
0x0532bbf4ad38e3a504b5e675a2752d9d7ce72fc9c53ad2d46cb52e9e6ab4bac3,2026-05-05 15:10:00+00:00,300,300,0,299,0,0,0,71,0,0,2026-05-05 15:10:00+00:00,2026-05-05 15:15:00+00:00,2026-05-05 15:15:00.539720+00:00,300,True,Up,1,True
0x2492d2488fc51f510bd89d991f2c79953ddf5e2127e05661d6d4fc0778c18359,2026-05-05 15:25:00+00:00,300,300,0,299,0,0,16,0,0,0,2026-05-05 15:25:00+00:00,2026-05-05 15:30:00+00:00,2026-05-05 15:30:00.557392+00:00,300,True,Down,0,True
0xda83bab25a9f5542a2f1a16614cdbcabb706d0abcbefd20317155614ce9a4e4d,2026-05-05 15:50:00+00:00,300,300,0,299,0,0,63,0,0,0,2026-05-05 15:50:00+00:00,2026-05-05 15:55:00+00:00,2026-05-05 15:55:00.557677+00:00,300,True,Down,0,True
0xb59b3c0312a082986a3bf91370883f43236df99940fa2f947199147e67b58de6,2026-05-05 16:00:00+00:00,300,300,0,299,0,0,0,8,0,0,2026-05-05 16:00:00+00:00,2026-05-05 16:05:00+00:00,2026-05-05 16:05:00.604464+00:00,300,True,Up,1,True
0xdf3f37779a73c7dc60fdf1b43cab61f8469fcc7442acb35af7f013f782326d4f,2026-05-05 16:05:00+00:00,300,300,0,299,0,0,19,0,0,0,2026-05-05 16:05:00+00:00,2026-05-05 16:10:00+00:00,2026-05-05 16:10:00.530144+00:00,300,True,Down,0,True
0x1753e90bc1d061843c0b3000c32f7867a759a191c066be389bda509db1706057,2026-05-05 16:10:00+00:00,300,300,0,299,0,0,6,0,0,0,2026-05-05 16:10:00+00:00,2026-05-05 16:15:00+00:00,2026-05-05 16:15:00.609205+00:00,300,True,Down,0,True
0x3559509eefd53dfaca3e6ca06592d5319efcdf8bf9d6c2c0125c293e71240a3b,2026-05-05 16:15:00+00:00,300,300,0,299,0,0,0,18,0,0,2026-05-05 16:15:00+00:00,2026-05-05 16:20:00+00:00,2026-05-05 16:20:01.122201+00:00,300,True,Up,1,True
0x32aee4f62861fc3a199a9be8fedff31ab8750420456aa67167d4b4f24b73d461,2026-05-05 16:20:00+00:00,300,300,0,299,0,0,9,0,0,0,2026-05-05 16:20:00+00:00,2026-05-05 16:25:00+00:00,2026-05-05 16:25:00.506683+00:00,300,True,Down,0,True
0xf224edaeef094a470c0f4fb9c561feba247d77e82af745e43b39feb1a5f1aae6,2026-05-05 16:25:00+00:00,300,300,0,299,0,0,22,0,0,0,2026-05-05 16:25:00+00:00,2026-05-05 16:30:00+00:00,2026-05-05 16:30:00.611942+00:00,300,True,Down,0,True
0x6818f30d4dff168c6154a96b0ce8779fab3e4545c35c24f00f83735ec160f965,2026-05-05 16:30:00+00:00,300,300,0,299,0,0,86,0,0,0,2026-05-05 16:30:00+00:00,2026-05-05 16:35:00+00:00,2026-05-05 16:35:00.508604+00:00,300,True,Down,0,True
0x926b5403a5577818ba674b0ef3b01ddfc39fdcf97d0a32f52ca14c563bf56c21,2026-05-05 17:00:00+00:00,300,300,0,299,0,0,0,28,0,0,2026-05-05 17:00:00+00:00,2026-05-05 17:05:00+00:00,2026-05-05 17:05:00.493021+00:00,300,True,Up,1,True
0xf40dc0f0eb08f2b3105e6fe43ccba8adccd41abc0067b370d8acdab68dda9dd6,2026-05-05 17:20:00+00:00,300,300,0,299,0,0,5,0,0,0,2026-05-05 17:20:00+00:00,2026-05-05 17:25:00+00:00,2026-05-05 17:25:00.467873+00:00,300,True,Down,0,True
0x2872a2d9bb246125cd0d228252cd2bff77718aa738555b0c96c36f2a3f9c7ccb,2026-05-05 17:35:00+00:00,300,300,0,299,0,0,2,0,0,0,2026-05-05 17:35:00+00:00,2026-05-05 17:40:00+00:00,2026-05-05 17:40:00.549106+00:00,300,True,Down,0,True
0x942e46d76d8266984a9e115e38d18ce22581b3828f0455db70b24a52132ced78,2026-05-05 17:45:00+00:00,300,300,0,299,0,0,0,2,0,0,2026-05-05 17:45:00+00:00,2026-05-05 17:50:00+00:00,2026-05-05 17:50:00.527058+00:00,300,True,Up,1,True
0xb62277479f406d364e03ea6f4c67aa56a2fd75226cbf0696250340680c15f552,2026-05-05 17:50:00+00:00,300,300,0,299,0,0,9,0,0,0,2026-05-05 17:50:00+00:00,2026-05-05 17:55:00+00:00,2026-05-05 17:55:00.501940+00:00,300,True,Down,0,True
0x29687cd17ab9a72a1fc00f73705a6712b276823b7572c5c61ccd13b657aa31c6,2026-05-05 17:55:00+00:00,300,300,0,299,0,0,5,0,0,0,2026-05-05 17:55:00+00:00,2026-05-05 18:00:00+00:00,2026-05-05 18:00:00.820837+00:00,300,True,Down,0,True
0xe9307e5691679b655bf90f17fc666cf014dfb2a336aae64861db3bcb460ec424,2026-05-05 18:00:00+00:00,300,300,0,299,0,0,0,20,0,0,2026-05-05 18:00:00+00:00,2026-05-05 18:05:00+00:00,2026-05-05 18:05:00.574283+00:00,300,True,Up,1,True
0x4dd105b6883ae27561cc0b705c8a0eada927bc1214adcc3958b3328f1cf9ca44,2026-05-05 18:05:00+00:00,300,300,0,299,0,0,0,31,0,0,2026-05-05 18:05:00+00:00,2026-05-05 18:10:00+00:00,2026-05-05 18:10:00.534039+00:00,300,True,Up,1,True
0x7c4dd91a1417fea1c923c0cd5b6abf2893a57389fc94e8e4e0e8778c891fc772,2026-05-05 18:10:00+00:00,300,300,0,299,0,0,0,52,0,0,2026-05-05 18:10:00+00:00,2026-05-05 18:15:00+00:00,2026-05-05 18:15:00.582116+00:00,300,True,Up,1,True
0xcac8f23f7d1ce2aca6a3f2fd84ae69509979e4ada6aca2ef4802d21906ca97e5,2026-05-05 18:25:00+00:00,300,300,0,299,0,0,0,17,0,0,2026-05-05 18:25:00+00:00,2026-05-05 18:30:00+00:00,2026-05-05 18:30:00.692902+00:00,300,True,Up,1,True
0xab8193dec463c965f2475655a11b6e9aa649cd26d5a2ded1f397774bb34c9f31,2026-05-05 18:30:00+00:00,300,300,0,299,0,0,0,3,0,0,2026-05-05 18:30:00+00:00,2026-05-05 18:35:00+00:00,2026-05-05 18:35:00.515683+00:00,300,True,Up,1,True
0xc9c21736ac49c2621f5fe8707ba909f7c85f2e42805d967bc48dcbe5e67db965,2026-05-05 18:35:00+00:00,300,300,0,299,0,0,6,0,0,0,2026-05-05 18:35:00+00:00,2026-05-05 18:40:00+00:00,2026-05-05 18:40:01.160154+00:00,300,True,Down,0,True
0x248de2cb690662aca47ced0b8a71e7c185b021bf5abb583e8ade0f68ad84695e,2026-05-05 18:45:00+00:00,300,300,0,299,0,0,0,2,0,0,2026-05-05 18:45:00+00:00,2026-05-05 18:50:00+00:00,2026-05-05 18:50:00.522384+00:00,300,True,Up,1,True
0x22c00df44d9f40547a4d7abb649ea515a6b826f8767ccb369f803f7f13310b3b,2026-05-05 18:55:00+00:00,300,300,0,299,0,0,0,3,0,0,2026-05-05 18:55:00+00:00,2026-05-05 19:00:00+00:00,2026-05-05 19:00:00.700133+00:00,300,True,Up,1,True
0xc60eb53e7e51017803b9c461a7b1eb2eccbd07786da645610100f2877194171f,2026-05-05 19:00:00+00:00,300,300,0,299,0,0,9,0,0,0,2026-05-05 19:00:00+00:00,2026-05-05 19:05:00+00:00,2026-05-05 19:05:00.486119+00:00,300,True,Down,0,True
0x5ab6746c18c3a7f80d2837bb40d2b41e5d423b59515f1107ad0afbcf1b71ce2f,2026-05-05 19:05:00+00:00,300,300,0,299,0,0,0,0,0,0,2026-05-05 19:05:00+00:00,2026-05-05 19:10:00+00:00,2026-05-05 19:10:00.537567+00:00,300,True,,0,True
0xfa1bd22653dfe96d216f42c41b7efcabb2ea2e5c560c42a15b43cc2c562e32a4,2026-05-05 19:15:00+00:00,300,300,0,299,0,0,0,33,0,0,2026-05-05 19:15:00+00:00,2026-05-05 19:20:00+00:00,2026-05-05 19:20:00.598744+00:00,300,True,Up,1,True
0xd00468f8a31ed5bb7e2eaf61aaf2610915d6ff1b88fcffbfdd7f7f5418e1953a,2026-05-05 19:20:00+00:00,300,300,0,299,0,0,0,1,0,0,2026-05-05 19:20:00+00:00,2026-05-05 19:25:00+00:00,2026-05-05 19:25:00.503163+00:00,300,True,Up,1,True
0x06645dea5f79a2c1d36951a1468edb9970f2cf89da05809266a1dbc128b399fc,2026-05-05 19:25:00+00:00,300,300,0,299,0,0,3,0,0,0,2026-05-05 19:25:00+00:00,2026-05-05 19:30:00+00:00,2026-05-05 19:30:00.599515+00:00,300,True,Down,0,True
0xb7c609d9966c87ed3d96f69342e5d9f634ca6120c41d7b272bd6eefb2f8e5dfd,2026-05-05 19:30:00+00:00,300,300,0,299,0,0,0,59,0,0,2026-05-05 19:30:00+00:00,2026-05-05 19:35:00+00:00,2026-05-05 19:35:00.523044+00:00,300,True,Up,1,True
0x7a6a1039eee0ee85608d9221fd66bc32073abd223855e1ea997886a9254b75f5,2026-05-05 19:35:00+00:00,300,300,0,299,0,0,42,0,0,0,2026-05-05 19:35:00+00:00,2026-05-05 19:40:00+00:00,2026-05-05 19:40:00.579953+00:00,300,True,Down,0,True
0xbca4873a1c445d9a28d51de642194b82c2579578960e5250ba6e63f34856e2df,2026-05-05 20:20:00+00:00,300,300,0,299,0,0,5,0,0,0,2026-05-05 20:20:00+00:00,2026-05-05 20:25:00+00:00,2026-05-05 20:25:00.532841+00:00,300,True,Down,0,True
0xe305ad26abd85c1c93da873ee90d50383da7cd0ee9ca1628518bc31e445f22e6,2026-05-05 20:25:00+00:00,300,300,0,299,0,0,19,0,0,0,2026-05-05 20:25:00+00:00,2026-05-05 20:30:00+00:00,2026-05-05 20:30:00.459490+00:00,300,True,Down,0,True
0xdc20133e45fb0613e33f046a8913eb71675f08e832a8a91ec5409e92bef14402,2026-05-05 20:30:00+00:00,300,300,0,299,0,0,0,81,0,0,2026-05-05 20:30:00+00:00,2026-05-05 20:35:00+00:00,2026-05-05 20:35:00.540903+00:00,300,True,Up,1,True
0x2d897c450b863645a2933b3951615957ae7e287643f29703bd0405bb4d890d27,2026-05-05 20:35:00+00:00,300,300,0,299,0,0,5,0,0,0,2026-05-05 20:35:00+00:00,2026-05-05 20:40:00+00:00,2026-05-05 20:40:00.506708+00:00,300,True,Down,0,True
0x317287e34b1f8c4365b81cbb4c010250c8aeed74ad6df4b7bc267abfb174f0a8,2026-05-05 20:45:00+00:00,300,300,0,299,0,0,47,0,0,0,2026-05-05 20:45:00+00:00,2026-05-05 20:50:00+00:00,2026-05-05 20:50:00.442409+00:00,300,True,Down,0,True
0x5314fbfa56b94c69d9d65bdff3a2cea264c4a8bae1be0ccc8d63fd56e59188de,2026-05-05 20:50:00+00:00,300,300,0,299,0,0,0,6,0,0,2026-05-05 20:50:00+00:00,2026-05-05 20:55:00+00:00,2026-05-05 20:55:00.491682+00:00,300,True,Up,1,True
0x9be6656b9c3a3f76078d248ec2000087133bc708401ccafeaba9b372f1480af8,2026-05-05 20:55:00+00:00,300,300,0,299,0,0,0,3,0,0,2026-05-05 20:55:00+00:00,2026-05-05 21:00:00+00:00,2026-05-05 21:00:00.756619+00:00,300,True,Up,1,True
0xf76851a3798533de0e6a0ca5871572a2be338ab2d3f1fc7587dc1ff69e6e92a3,2026-05-05 21:00:00+00:00,300,300,0,299,0,0,0,55,0,0,2026-05-05 21:00:00+00:00,2026-05-05 21:05:00+00:00,2026-05-05 21:05:00.463703+00:00,300,True,Up,1,True
0x22ea8f308c1fc32cbdd2d4d3f7dd2f6cb7bdb23727be89e5a3c854ce515597cf,2026-05-05 21:05:00+00:00,300,300,0,299,0,0,6,0,0,0,2026-05-05 21:05:00+00:00,2026-05-05 21:10:00+00:00,2026-05-05 21:10:00.532481+00:00,300,True,Down,0,True
0x0e000a74fe31febfa3cdec2e72534456ae67961367d184ca118459a3ff127e41,2026-05-05 21:15:00+00:00,300,300,0,299,0,0,0,0,0,0,2026-05-05 21:15:00+00:00,2026-05-05 21:20:00+00:00,2026-05-05 21:20:00.513141+00:00,300,True,Down,0,True
0x702cfb7111338aaede513fb7cf5947931ddbc7422510937c8e187686139d1d7c,2026-05-05 21:20:00+00:00,300,300,0,299,0,0,0,2,0,0,2026-05-05 21:20:00+00:00,2026-05-05 21:25:00+00:00,2026-05-05 21:25:00.503359+00:00,300,True,Up,1,True
0x55f29567c6f81935dd49cc3d4b7559bfd6b8ae58512f5acb54210522d892f6d9,2026-05-05 21:30:00+00:00,300,300,0,299,0,0,86,0,0,0,2026-05-05 21:30:00+00:00,2026-05-05 21:35:00+00:00,2026-05-05 21:35:00.539686+00:00,300,True,Down,0,True
0x060a7279de8450efd84a22ca8c49c4cf6483f840b691611dc093a8df69480259,2026-05-05 21:40:00+00:00,300,300,0,299,0,0,17,0,0,0,2026-05-05 21:40:00+00:00,2026-05-05 21:45:00+00:00,2026-05-05 21:45:00.646851+00:00,300,True,Down,0,True
0x0f9121da2795e51a601d28f017ca7656dd95b3950ea212bf43e8ce63cd5cd5e7,2026-05-05 21:45:00+00:00,300,300,0,299,0,0,0,23,0,0,2026-05-05 21:45:00+00:00,2026-05-05 21:50:00+00:00,2026-05-05 21:50:00.401481+00:00,300,True,Up,1,True
0xe1a132e78a7033f2bba9e11d8389b88813eb747781d4467bcc397c2a189b29ca,2026-05-05 21:50:00+00:00,300,300,0,299,0,0,0,48,0,0,2026-05-05 21:50:00+00:00,2026-05-05 21:55:00+00:00,2026-05-05 21:55:00.474941+00:00,300,True,Up,1,True
0xa15098d4707b83341ef5e9b6b100bc658e133572a2df0cc7993fab44fa545f8a,2026-05-05 22:00:00+00:00,300,300,0,299,0,0,0,114,0,0,2026-05-05 22:00:00+00:00,2026-05-05 22:05:00+00:00,2026-05-05 22:05:00.498389+00:00,300,True,Up,1,True
0x97a3ef20a1f2b8365fde7bfcb71ff17efd4dac8a1aea6e76f3ec1d0360acf1d9,2026-05-05 22:10:00+00:00,300,300,0,299,0,0,11,0,0,0,2026-05-05 22:10:00+00:00,2026-05-05 22:15:00+00:00,2026-05-05 22:15:00.497931+00:00,300,True,Down,0,True
0xc22e1c8bb66d7dc641ece865492d8b11e1a286845d747db2b958d45299f99a0a,2026-05-05 22:15:00+00:00,300,300,0,299,0,0,0,0,0,0,2026-05-05 22:15:00+00:00,2026-05-05 22:20:00+00:00,2026-05-05 22:20:00.613903+00:00,300,True,,0,True
0x43abd4021d27b44e6ba5588e1d23488ae09d42fd6b8903921fdd085c9a496ed1,2026-05-05 22:25:00+00:00,300,300,0,299,0,0,0,56,0,0,2026-05-05 22:25:00+00:00,2026-05-05 22:30:00+00:00,2026-05-05 22:30:00.603532+00:00,300,True,Up,1,True
0x27560dcb40a4f80eb4ab13373506296d669bf2472933e737eb645523665511d0,2026-05-05 22:30:00+00:00,300,300,0,299,0,0,82,0,0,0,2026-05-05 22:30:00+00:00,2026-05-05 22:35:00+00:00,2026-05-05 22:35:00.565656+00:00,300,True,Down,0,True
0x6281d9ffb85416868df6d116844041ab3b1a2c3e94b8cee32f7a2f9e05cf622c,2026-05-05 22:50:00+00:00,300,300,0,299,0,0,0,8,0,0,2026-05-05 22:50:00+00:00,2026-05-05 22:55:00+00:00,2026-05-05 22:55:00.478612+00:00,300,True,Up,1,True
0xb1d4cec70c0cedf3602d16e9edd2ceceedab2aa36b6b918c69e9a066f0dc34a8,2026-05-05 23:00:00+00:00,300,300,0,299,0,0,1,0,0,0,2026-05-05 23:00:00+00:00,2026-05-05 23:05:00+00:00,2026-05-05 23:05:00.505013+00:00,300,True,Down,0,True
0x064c164310afffb8a7015a92049d4b530d17666577c15b20d09190052fdef47c,2026-05-05 23:10:00+00:00,300,300,0,299,0,0,0,23,0,0,2026-05-05 23:10:00+00:00,2026-05-05 23:15:00+00:00,2026-05-05 23:15:00.666878+00:00,300,True,Up,1,True
0x63406e382bb3c0538940773cc25f05d6b2fe0088cfaeed97ef2475728403a681,2026-05-05 23:15:00+00:00,300,300,0,299,0,0,39,0,0,0,2026-05-05 23:15:00+00:00,2026-05-05 23:20:00+00:00,2026-05-05 23:20:00.473501+00:00,300,True,Down,0,True
0x453f07b47c3629132f1bae2dd4f0c86eda0052d514ad77735bb5de5c444029ba,2026-05-05 23:25:00+00:00,300,300,0,299,0,0,33,0,0,0,2026-05-05 23:25:00+00:00,2026-05-05 23:30:00+00:00,2026-05-05 23:30:00.652474+00:00,300,True,Down,0,True
0xb18967c19b7887ab54352a2e032dfd7fb44bba910b6d5d69167fd9fc6f934cf2,2026-05-05 23:50:00+00:00,300,300,0,299,0,0,4,0,0,0,2026-05-05 23:50:00+00:00,2026-05-05 23:55:00+00:00,2026-05-05 23:55:00.502852+00:00,300,True,Down,0,True
0x0f153c2067520507e276fd5035ad407f8666e9bf8eb3ddbe2b9cc243d19841d0,2026-05-06 00:00:00+00:00,300,300,0,299,0,0,0,60,0,0,2026-05-06 00:00:00+00:00,2026-05-06 00:05:00+00:00,2026-05-06 00:05:00.921103+00:00,300,True,Up,1,True
0xa89b0d40440bba2b51bc47aa3806091ecdf53a4b0a44a95599f62ff3372a3dd5,2026-05-06 00:05:00+00:00,300,300,0,299,0,0,0,2,0,0,2026-05-06 00:05:00+00:00,2026-05-06 00:10:00+00:00,2026-05-06 00:10:00.512533+00:00,300,True,Up,1,True
0xe88015085194fc5a63d694fa97ec8ddbb48052945beeea280cf47edcbd03c86e,2026-05-06 00:10:00+00:00,300,300,0,299,0,0,0,43,0,0,2026-05-06 00:10:00+00:00,2026-05-06 00:15:00+00:00,2026-05-06 00:15:00.589940+00:00,300,True,Up,1,True
0xe85508497a55a73555d9c91cc7b90949910b5340b1f1dd0117e69e15dc73b33f,2026-05-06 00:15:00+00:00,300,300,0,299,0,0,8,0,0,0,2026-05-06 00:15:00+00:00,2026-05-06 00:20:00+00:00,2026-05-06 00:20:00.558311+00:00,300,True,Down,0,True
0xe82e72d711d53dd558fd25143cd4d8b44f501af34b1a029e19789d297c510637,2026-05-06 00:20:00+00:00,300,300,0,299,0,0,105,0,0,0,2026-05-06 00:20:00+00:00,2026-05-06 00:25:00+00:00,2026-05-06 00:25:00.514461+00:00,300,True,Down,0,True
0xeeaa32feac4c884c56c08fd111bda0190e89b3f837a75e4b0f242f4796751823,2026-05-06 00:25:00+00:00,300,300,0,299,0,0,17,0,0,0,2026-05-06 00:25:00+00:00,2026-05-06 00:30:00+00:00,2026-05-06 00:30:00.622024+00:00,300,True,Down,0,True
0x0bba9a6bdee5c644a230a32544234cbd49d1ba4c3728e2c9bfedc14a81e3f7a5,2026-05-06 00:30:00+00:00,300,300,0,299,0,0,0,36,0,0,2026-05-06 00:30:00+00:00,2026-05-06 00:35:00+00:00,2026-05-06 00:35:00.533926+00:00,300,True,Up,1,True
0x09ebc95cccc19af5cce458a9b487ee194a10754d1e1aefce1c4bec88606c4054,2026-05-06 00:35:00+00:00,300,300,0,299,0,0,1,0,0,0,2026-05-06 00:35:00+00:00,2026-05-06 00:40:00+00:00,2026-05-06 00:40:00.621525+00:00,300,True,Down,0,True
0x1a05f700c60e8d5be0f27bc58673bb099ca98b1767e7a6841dd348a808717502,2026-05-06 00:40:00+00:00,300,300,0,299,0,0,21,0,0,0,2026-05-06 00:40:00+00:00,2026-05-06 00:45:00+00:00,2026-05-06 00:45:00.716536+00:00,300,True,Down,0,True
0x5d49fe111e4186444c6431b9733056c265ec3b5216093ebd5944cb78fbef799e,2026-05-06 00:45:00+00:00,300,300,0,299,0,0,39,0,0,0,2026-05-06 00:45:00+00:00,2026-05-06 00:50:00+00:00,2026-05-06 00:50:00.452610+00:00,300,True,Down,0,True
0x720e7f4dc2c12ca9e524c04fedf2c71ed8131c7664a5bf01381d8d153470fd8a,2026-05-06 00:50:00+00:00,300,300,0,299,0,0,0,132,0,0,2026-05-06 00:50:00+00:00,2026-05-06 00:55:00+00:00,2026-05-06 00:55:00.447172+00:00,300,True,Up,1,True
0x64d6b3fbc910b3e0a668a9017ed36e5eb3a2e01ee2b7ce7f45c8bc32db1e5d49,2026-05-06 00:55:00+00:00,300,300,0,299,0,0,1,0,0,0,2026-05-06 00:55:00+00:00,2026-05-06 01:00:00+00:00,2026-05-06 01:00:00.773198+00:00,300,True,Down,0,True
0x9423cf4be93c30473948d53d89be1eab77d80d4ce45a375904049692cfa823dc,2026-05-06 01:00:00+00:00,300,300,0,299,0,0,0,57,0,0,2026-05-06 01:00:00+00:00,2026-05-06 01:05:00+00:00,2026-05-06 01:05:00.494349+00:00,300,True,Up,1,True
0x08edff37d22dbed9e12245c30a55289d72a06113ace0c207de38556923aa28b7,2026-05-06 01:05:00+00:00,300,300,0,299,0,0,0,0,0,0,2026-05-06 01:05:00+00:00,2026-05-06 01:10:00+00:00,2026-05-06 01:10:00.454688+00:00,300,True,,1,True
0x2d071a5c6344a11222aeb372e1981e3fc9f4fc3c3263cb5d33fcc2f681570a6b,2026-05-06 01:10:00+00:00,300,300,0,299,0,0,0,2,0,0,2026-05-06 01:10:00+00:00,2026-05-06 01:15:00+00:00,2026-05-06 01:15:00.656231+00:00,300,True,Up,1,True
0xce2fdf5efd8024446093752adea14b06883194c6be961eac148f323b360e1325,2026-05-06 01:40:00+00:00,300,300,0,299,0,0,0,0,0,0,2026-05-06 01:40:00+00:00,2026-05-06 01:45:00+00:00,2026-05-06 01:45:00.869362+00:00,300,True,,0,True
0x0ee5ac219fb4d372079a8c33fdfd9cba519d9626d233d3582ce09414c542f975,2026-05-06 01:45:00+00:00,300,300,0,299,0,0,0,56,0,0,2026-05-06 01:45:00+00:00,2026-05-06 01:50:00+00:00,2026-05-06 01:50:00.478792+00:00,300,True,Up,1,True
0x2a6796d169f4ead95e5b57518a49370d5383051b2ce73500aad8ecf90f17f2f0,2026-05-06 02:00:00+00:00,300,300,0,299,0,0,81,0,0,0,2026-05-06 02:00:00+00:00,2026-05-06 02:05:00+00:00,2026-05-06 02:05:00.670114+00:00,300,True,Down,0,True
0x062358df30f7ddb854ef7ae2ddbc1821c4725916088d8654bd6826e8bc7a2c98,2026-05-06 02:10:00+00:00,300,300,0,299,0,0,0,1,0,0,2026-05-06 02:10:00+00:00,2026-05-06 02:15:00+00:00,2026-05-06 02:15:00.594097+00:00,300,True,Up,1,True
0xd914f84c4a73f5429a1bb35fefead4b4f398abf30abc21464de265fbbe30a8bf,2026-05-06 02:15:00+00:00,300,300,0,299,0,0,9,0,0,0,2026-05-06 02:15:00+00:00,2026-05-06 02:20:00+00:00,2026-05-06 02:20:00.542340+00:00,300,True,Down,0,True
0x81bab3a250f7dfa3c545eb3f1d5525e2879ee89b00bd7e199a04d3842e7a79ab,2026-05-06 02:20:00+00:00,300,300,0,299,0,0,0,9,0,0,2026-05-06 02:20:00+00:00,2026-05-06 02:25:00+00:00,2026-05-06 02:25:00.482032+00:00,300,True,Up,1,True
0xc8812c0f99d22ba52a11afd185e9962b9690e5004bee55205f9984b6a55f77f7,2026-05-06 02:25:00+00:00,300,300,0,299,0,0,92,0,0,0,2026-05-06 02:25:00+00:00,2026-05-06 02:30:00+00:00,2026-05-06 02:30:00.532083+00:00,300,True,Down,0,True
0x29d2c1ad5227c1c4bc11fe157ab4d26f01937bd4936d8a635889fb296be649ec,2026-05-06 02:30:00+00:00,300,300,0,299,0,0,21,0,0,0,2026-05-06 02:30:00+00:00,2026-05-06 02:35:00+00:00,2026-05-06 02:35:00.496130+00:00,300,True,Down,0,True
0xd82ade668f267decfb0f115572e34ca5d93f8d25094fc862725e934862ed9f0e,2026-05-06 02:50:00+00:00,300,300,0,299,0,0,0,0,0,0,2026-05-06 02:50:00+00:00,2026-05-06 02:55:00+00:00,2026-05-06 02:55:00.484259+00:00,300,True,Up,1,True
0xd122d81a6b574ac810cf83abd333737ad709b6d699c837686f84160763b92834,2026-05-06 02:55:00+00:00,300,300,0,299,0,0,0,6,0,0,2026-05-06 02:55:00+00:00,2026-05-06 03:00:00+00:00,2026-05-06 03:00:00.740370+00:00,300,True,Up,1,True
0x12021b2fb8502cacbcecae656576bc76667daa61da69aed92051027ebc6f5566,2026-05-06 03:15:00+00:00,300,300,0,299,0,0,0,0,0,0,2026-05-06 03:15:00+00:00,2026-05-06 03:20:00+00:00,2026-05-06 03:20:00.538760+00:00,300,True,Up,1,True
0x773136fa7fdc1144312f65d1d604ad3da0b3251bd588bdae29c8be21e450b7bd,2026-05-06 03:20:00+00:00,300,300,0,299,0,0,0,72,0,0,2026-05-06 03:20:00+00:00,2026-05-06 03:25:00+00:00,2026-05-06 03:25:00.546039+00:00,300,True,Up,1,True
0x891f34666995bca3b3535a0a21228cb4d391ebdcf6c96e796f9396e40410e4d2,2026-05-06 03:35:00+00:00,300,300,0,299,0,0,0,0,0,0,2026-05-06 03:35:00+00:00,2026-05-06 03:40:00+00:00,2026-05-06 03:40:00.515575+00:00,300,True,Down,0,True
0xb785ae5576fde50ee9522e89757259f65bd9a9097f29777235e12ca1ed07582a,2026-05-06 03:50:00+00:00,300,300,0,299,0,0,0,0,0,0,2026-05-06 03:50:00+00:00,2026-05-06 03:55:00+00:00,2026-05-06 03:55:00.449806+00:00,300,True,,0,True
0xb75ed135498b708596d0b25c409c0a9926d7e888735041388d14fa25f97558aa,2026-05-06 03:55:00+00:00,300,300,0,299,0,0,0,40,0,0,2026-05-06 03:55:00+00:00,2026-05-06 04:00:00+00:00,2026-05-06 04:00:00.660820+00:00,300,True,Up,1,True
0xb6bcaab26ffc115c58c36524066b8026ab499dbd1196f9f394438620a9c303e5,2026-05-06 04:05:00+00:00,300,300,0,299,0,0,0,0,0,0,2026-05-06 04:05:00+00:00,2026-05-06 04:10:00+00:00,2026-05-06 04:10:00.536007+00:00,300,True,Down,0,True
0x5f4b18ef8901880b833802508dfe55ae95fa0d824efb0fbbdfa105335acdb3e8,2026-05-06 04:15:00+00:00,300,300,0,299,0,0,6,0,0,0,2026-05-06 04:15:00+00:00,2026-05-06 04:20:00+00:00,2026-05-06 04:20:00.562258+00:00,300,True,Down,0,True
0x32ca1f1051d20da1dc32e74b36baff7f8b138b1fb18d2495eedc70b9261d77a2,2026-05-06 04:20:00+00:00,300,300,0,299,0,0,25,0,0,0,2026-05-06 04:20:00+00:00,2026-05-06 04:25:00+00:00,2026-05-06 04:25:00.476335+00:00,300,True,Down,0,True
0xe9bd99e8105ecf13582276d6e111c0f85aa46e6aa8928f25ce420297c13af4d8,2026-05-06 04:30:00+00:00,300,300,0,299,0,0,9,0,0,0,2026-05-06 04:30:00+00:00,2026-05-06 04:35:00+00:00,2026-05-06 04:35:00.512685+00:00,300,True,Down,0,True
0x7aa197de2b9dcd775cf5576e38f3e08c139eaacd6e8eb68394363c0b8eda0076,2026-05-06 04:35:00+00:00,300,300,0,299,0,0,1,0,0,0,2026-05-06 04:35:00+00:00,2026-05-06 04:40:00+00:00,2026-05-06 04:40:00.508074+00:00,300,True,Down,0,True
0xeacbfb752571f688d22a0e736a6b438806a39f4d4b966d649b46d5a1a53dfe71,2026-05-06 04:40:00+00:00,300,300,0,299,0,0,0,12,0,0,2026-05-06 04:40:00+00:00,2026-05-06 04:45:00+00:00,2026-05-06 04:45:00.594726+00:00,300,True,Up,1,True
0x6fe79b246f6a671975d5bd7e58a744f1e760c9bbee3c85741564bdcee40b2a28,2026-05-06 04:45:00+00:00,300,300,0,299,0,0,0,55,0,0,2026-05-06 04:45:00+00:00,2026-05-06 04:50:00+00:00,2026-05-06 04:50:00.337534+00:00,300,True,Up,1,True
0x8d03a8719e65d9a696698f478685a97559a18ec51a9d2d6df27962d967bd048a,2026-05-06 04:50:00+00:00,300,300,0,299,0,0,117,0,0,0,2026-05-06 04:50:00+00:00,2026-05-06 04:55:00+00:00,2026-05-06 04:55:00.518462+00:00,300,True,Down,0,True
0x0773484748365ed63df2b8511324d14876d1a1a0716b36e9a0b343d4f51e6812,2026-05-06 05:00:00+00:00,300,300,0,299,0,0,0,0,0,0,2026-05-06 05:00:00+00:00,2026-05-06 05:05:00+00:00,2026-05-06 05:05:00.503705+00:00,300,True,,0,True
0x8a4321cf429f55e62193f2997681c5a7b49656cfbf31d99a42d280d2ed8bcce2,2026-05-06 05:05:00+00:00,300,300,0,299,0,0,13,0,0,0,2026-05-06 05:05:00+00:00,2026-05-06 05:10:00+00:00,2026-05-06 05:10:00.458908+00:00,300,True,Down,0,True
0x2ce62d816c35e7a93975421dc5d3d05122419d75f897c291e7d76c5ecd810187,2026-05-06 05:10:00+00:00,300,300,0,299,0,0,2,0,0,0,2026-05-06 05:10:00+00:00,2026-05-06 05:15:00+00:00,2026-05-06 05:15:00.558948+00:00,300,True,Down,0,True
0x40356df247022b5bbc718dd8dd786527ecd39e7da233d5212c1fc094c3ad9b3d,2026-05-06 05:15:00+00:00,300,300,0,299,0,0,0,0,0,0,2026-05-06 05:15:00+00:00,2026-05-06 05:20:00+00:00,2026-05-06 05:20:00.522700+00:00,300,True,Up,1,True
0xcef974cf7a8fe09af99173441b3994c4fb02e73cc85cc7c24650cec9f173761e,2026-05-06 05:20:00+00:00,300,300,0,299,0,0,15,0,0,0,2026-05-06 05:20:00+00:00,2026-05-06 05:25:00+00:00,2026-05-06 05:25:00.489682+00:00,300,True,Down,0,True
0x46a5790bb3836056a98034b002b0334e7ee17d059803a44862dd3c7dcb0759e5,2026-05-06 05:25:00+00:00,300,300,0,299,0,0,0,0,0,0,2026-05-06 05:25:00+00:00,2026-05-06 05:30:00+00:00,2026-05-06 05:30:00.663154+00:00,300,True,,1,True
0x46be817d766d088a3f01b4a4e386456f9f36310640441a3c6b5d48e19ba9dbfd,2026-05-06 05:30:00+00:00,300,300,0,299,0,0,17,0,0,0,2026-05-06 05:30:00+00:00,2026-05-06 05:35:00+00:00,2026-05-06 05:35:00.494674+00:00,300,True,Down,0,True
0xa135752f3807303328359b950de5077f765d81702bd038e530c25c5bb435ed29,2026-05-06 05:35:00+00:00,300,300,0,299,0,0,35,0,0,0,2026-05-06 05:35:00+00:00,2026-05-06 05:40:00+00:00,2026-05-06 05:40:00.532713+00:00,300,True,Down,0,True
0xb71b885afb89cde62bc5d0e02e488a55ad0792192d51ccb6264f2dd56c3e60de,2026-05-06 05:50:00+00:00,300,300,0,299,0,0,2,0,0,0,2026-05-06 05:50:00+00:00,2026-05-06 05:55:00+00:00,2026-05-06 05:55:00.493314+00:00,300,True,Down,0,True
0x885a510c97703c5713c16ae0ee8177982de8e6d5d35661296b846d443f2a0e3f,2026-05-06 05:55:00+00:00,300,300,0,299,0,0,0,58,0,0,2026-05-06 05:55:00+00:00,2026-05-06 06:00:00+00:00,2026-05-06 06:00:00.923684+00:00,300,True,Up,1,True
0xf3e6f3ba7aca5e89ead88eb0fabd78ea476455b3dc13843505d3dcdd13238cc2,2026-05-06 06:05:00+00:00,300,300,0,299,0,0,52,0,0,0,2026-05-06 06:05:00+00:00,2026-05-06 06:10:00+00:00,2026-05-06 06:10:00.735371+00:00,300,True,Down,0,True
0xa27dd11272c4d4f4815f5f8ef161cc4fe87a917b29982b47088030e4d5801aac,2026-05-06 06:15:00+00:00,300,300,0,299,0,0,0,0,0,0,2026-05-06 06:15:00+00:00,2026-05-06 06:20:00+00:00,2026-05-06 06:20:00.583616+00:00,300,True,Up,1,True
0x213816aebc461e2876f5fbbbef9f5f14cde483ec87511248e321908f2d0a7058,2026-05-06 06:20:00+00:00,300,300,0,299,0,0,0,0,0,0,2026-05-06 06:20:00+00:00,2026-05-06 06:25:00+00:00,2026-05-06 06:25:00.841541+00:00,300,True,Up,1,True
0x1ccb8bf72f007aaa99712dab8444e1f3857457325a3b5ace8a9dcfdd87e34692,2026-05-06 06:25:00+00:00,300,300,0,299,0,0,0,29,0,0,2026-05-06 06:25:00+00:00,2026-05-06 06:30:00+00:00,2026-05-06 06:30:00.685411+00:00,300,True,Up,1,True
0x17de4c2d0d18ec4cad03d4c6cfe4f732faeb0762ae29e1f53f54002d245d7e5e,2026-05-06 06:30:00+00:00,300,300,0,299,0,0,0,0,0,0,2026-05-06 06:30:00+00:00,2026-05-06 06:35:00+00:00,2026-05-06 06:35:00.484678+00:00,300,True,,0,True
0xeee252008fcaa1f86e303cefdb2f6e52a865f4817095ed47be2330df4ccb64c6,2026-05-06 07:05:00+00:00,300,300,0,299,0,0,0,55,0,0,2026-05-06 07:05:00+00:00,2026-05-06 07:10:00+00:00,2026-05-06 07:10:00.505684+00:00,300,True,Up,1,True
0xd66fa803f0f1f0c2c9e778fd2036d44162f654a21ea812171de2ef0367fb36de,2026-05-06 07:20:00+00:00,300,300,0,299,0,0,0,1,0,0,2026-05-06 07:20:00+00:00,2026-05-06 07:25:00+00:00,2026-05-06 07:25:00.476139+00:00,300,True,Up,1,True
0x057d82122ead8d4744f8e6015765512cf20dcd8f740869241574ecf218e31901,2026-05-06 07:40:00+00:00,300,300,0,299,0,0,2,0,0,0,2026-05-06 07:40:00+00:00,2026-05-06 07:45:00+00:00,2026-05-06 07:45:00.640447+00:00,300,True,Down,0,True
0x1dd0bd3ab835e07353c391ed1d1d9b9192746a7c9648b0014291a54916931838,2026-05-06 07:45:00+00:00,300,300,0,299,0,0,0,0,0,0,2026-05-06 07:45:00+00:00,2026-05-06 07:50:00+00:00,2026-05-06 07:50:00.437728+00:00,300,True,Up,1,True
0x5e6ff401df1bfd613686af051b2059ae21158d215dfad675be7f730715a2cffc,2026-05-06 08:15:00+00:00,300,300,0,299,0,0,13,0,0,0,2026-05-06 08:15:00+00:00,2026-05-06 08:20:00+00:00,2026-05-06 08:20:00.611005+00:00,300,True,Down,0,True
0x039e9ebd9ae3a0de70953d7ba728711b310f1089504667a1b1d29157668c5a49,2026-05-06 08:20:00+00:00,300,300,0,299,0,0,0,28,0,0,2026-05-06 08:20:00+00:00,2026-05-06 08:25:00+00:00,2026-05-06 08:25:00.468359+00:00,300,True,Up,1,True
0x1fa9c2b80e6b88a3b020134f3deb2d0e0520d1179e405b26102f7dd7be0efab1,2026-05-06 08:25:00+00:00,300,300,0,299,0,0,0,0,0,0,2026-05-06 08:25:00+00:00,2026-05-06 08:30:00+00:00,2026-05-06 08:30:00.580989+00:00,300,True,,1,True
0x964a584a702f97a79bb647d57bb45ff85f2c7fbdf6686a943bf5ed3e94b1c4f9,2026-05-06 08:30:00+00:00,300,300,0,299,0,0,0,94,0,0,2026-05-06 08:30:00+00:00,2026-05-06 08:35:00+00:00,2026-05-06 08:35:00.525436+00:00,300,True,Up,1,True
0x43d0ede1ce557f53b5e8fbbb81145d2b243c0582b079e0a5adf16bfc295d8007,2026-05-06 08:35:00+00:00,300,300,0,299,0,0,22,0,0,0,2026-05-06 08:35:00+00:00,2026-05-06 08:40:00+00:00,2026-05-06 08:40:00.537061+00:00,300,True,Down,0,True
0xa20e8a385c9e4f6b1ad340921da84e56f3415186b4325853de8f755135f9329d,2026-05-06 08:45:00+00:00,300,300,0,299,0,0,32,0,0,0,2026-05-06 08:45:00+00:00,2026-05-06 08:50:00+00:00,2026-05-06 08:50:00.526072+00:00,300,True,Down,0,True
0x9007dd01e649f949c5bec97040c960a07503e10dc7c69751b6b39a357fb5c9f2,2026-05-06 09:15:00+00:00,300,300,0,299,0,0,0,2,0,0,2026-05-06 09:15:00+00:00,2026-05-06 09:20:00+00:00,2026-05-06 09:20:00.493351+00:00,300,True,Up,1,True
0xbeefd50ebaf6ceec568b4bc0ad427fed5f50a7d4cef66234c4d30d8741f01fd3,2026-05-06 09:20:00+00:00,300,300,0,299,0,0,78,0,0,0,2026-05-06 09:20:00+00:00,2026-05-06 09:25:00+00:00,2026-05-06 09:25:00.734739+00:00,300,True,Down,0,True
0x5d7c285e2950e32226f5c8a1370a2da96839f1f0381b759b7175af0ec041b8cc,2026-05-06 09:30:00+00:00,300,300,0,299,0,0,0,98,0,0,2026-05-06 09:30:00+00:00,2026-05-06 09:35:00+00:00,2026-05-06 09:35:00.433857+00:00,300,True,Up,1,True
0xca932129baf2514eca3d4e322fab61e7005beeb7a5d507f0dc8ace2d3d46cc00,2026-05-06 09:35:00+00:00,300,300,0,299,0,0,0,0,0,0,2026-05-06 09:35:00+00:00,2026-05-06 09:40:00+00:00,2026-05-06 09:40:00.511681+00:00,300,True,Up,1,True
0x62bc20bc370abc193653b2d8302a956cef62d7f3ef6cb0824672e62a578d73c3,2026-05-06 09:40:00+00:00,300,300,0,299,0,0,0,0,0,0,2026-05-06 09:40:00+00:00,2026-05-06 09:45:00+00:00,2026-05-06 09:45:00.652687+00:00,300,True,,1,True
0x0ed35e7eb93242492aac9c1663c8ad2cf76a69f21ab41fd67ce4a04ac3be03b0,2026-05-06 09:55:00+00:00,300,300,0,299,0,0,0,4,0,0,2026-05-06 09:55:00+00:00,2026-05-06 10:00:00+00:00,2026-05-06 10:00:00.971797+00:00,300,True,Up,1,True
0x79cc399d23b13418f78829ff2fb05b1778bd7a7261720673fb25bee739bf7e71,2026-05-06 10:10:00+00:00,300,300,0,299,0,0,0,41,0,0,2026-05-06 10:10:00+00:00,2026-05-06 10:15:00+00:00,2026-05-06 10:15:00.557008+00:00,300,True,Up,1,True
0xd0fe29de7a3e0bb7165a1e55fa70d308d40fe5bbd979eb17753dcb423adbadd0,2026-05-06 10:50:00+00:00,300,300,0,299,0,0,0,84,0,0,2026-05-06 10:50:00+00:00,2026-05-06 10:55:00+00:00,2026-05-06 10:55:00.440739+00:00,300,True,Up,1,True
0x89d402d9a7bba7ec4b327a0ed31e146e8a61f517c6c323f9114edcecfe5d6d4c,2026-05-06 11:40:00+00:00,300,300,0,299,0,0,120,0,0,0,2026-05-06 11:40:00+00:00,2026-05-06 11:45:00+00:00,2026-05-06 11:45:00.601611+00:00,300,True,Down,0,True
0x8a9d9b76e0f53b8beebcaaf6efe31366497ea97d2b2817a0ef4210714ed58bd5,2026-05-06 11:50:00+00:00,300,300,0,299,0,0,0,2,0,0,2026-05-06 11:50:00+00:00,2026-05-06 11:55:00+00:00,2026-05-06 11:55:00.464962+00:00,300,True,Up,1,True
0xbccbde1ee9004d34ab76e874d031d26a9c53cdebcd4889a187a5957a654927aa,2026-05-06 12:00:00+00:00,300,300,0,299,0,0,82,0,0,0,2026-05-06 12:00:00+00:00,2026-05-06 12:05:00+00:00,2026-05-06 12:05:00.576118+00:00,300,True,Down,0,True
0xed8cba8f32a39dc8693c982c7147d94b501cfa01d2adf5158082c984f41f0354,2026-05-06 12:05:00+00:00,300,300,0,299,0,0,2,0,0,0,2026-05-06 12:05:00+00:00,2026-05-06 12:10:00+00:00,2026-05-06 12:10:00.886508+00:00,300,True,Down,0,True
0xa2e3c976651001b773c7ede6098a328ffb9d5a6f78bc84d7488d3b5a7d0ad269,2026-05-06 12:15:00+00:00,300,300,0,299,0,0,0,8,0,0,2026-05-06 12:15:00+00:00,2026-05-06 12:20:00+00:00,2026-05-06 12:20:00.548415+00:00,300,True,Up,1,True
0x4bda4a25aa6cbeb2651756dd33afab6837e9ab9c7bf6cd045a85be6fa1e5b3e6,2026-05-06 12:25:00+00:00,300,300,0,299,0,0,3,0,0,0,2026-05-06 12:25:00+00:00,2026-05-06 12:30:00+00:00,2026-05-06 12:30:00.576699+00:00,300,True,Down,0,True
0xe33eb004b99ba343baebbc967ffee31ce4dabcd5c8b8020624173348a49a0b1e,2026-05-06 12:30:00+00:00,300,300,0,299,0,0,0,8,0,0,2026-05-06 12:30:00+00:00,2026-05-06 12:35:00+00:00,2026-05-06 12:35:00.510904+00:00,300,True,Up,1,True
0x350bccdf7b75e96c642af270aba0f39a96f319d493ac8bd9da9c6d8274cedbbf,2026-05-06 12:35:00+00:00,300,300,0,299,0,0,57,0,0,0,2026-05-06 12:35:00+00:00,2026-05-06 12:40:00+00:00,2026-05-06 12:40:00.450894+00:00,300,True,Down,0,True
0xc714a53e57a9d260e536bdf0944f2a514be39750262122ff04a7ad3fea36480a,2026-05-06 12:40:00+00:00,300,300,0,299,0,0,0,0,0,0,2026-05-06 12:40:00+00:00,2026-05-06 12:45:00+00:00,2026-05-06 12:45:00.708710+00:00,300,True,Down,1,True
0x20c5838db8957af6cf897678da0a3f76ca367d1605809069285542a163cdce18,2026-05-06 12:45:00+00:00,300,300,0,299,0,0,0,9,0,0,2026-05-06 12:45:00+00:00,2026-05-06 12:50:00+00:00,2026-05-06 12:50:00.490684+00:00,300,True,Up,1,True
0xd4b4f3eb35deadc3c445c252df6a4ea9413eab2039971355ad40f837f856c937,2026-05-06 12:50:00+00:00,300,300,0,299,0,0,19,0,0,0,2026-05-06 12:50:00+00:00,2026-05-06 12:55:00+00:00,2026-05-06 12:55:00.504287+00:00,300,True,Down,0,True
0xf3a29ebaca8d2882bcadcddd27a8b8b6a332aa617d35192d8bccc2e14fc166c9,2026-05-06 12:55:00+00:00,300,300,0,299,0,0,42,0,0,0,2026-05-06 12:55:00+00:00,2026-05-06 13:00:00+00:00,2026-05-06 13:00:00.949813+00:00,300,True,Down,0,True
0xa8727983d96efefabe67c6a5dfda3e33b86669c9afa7acb0593e609f72b437cc,2026-05-06 13:00:00+00:00,300,300,0,299,0,0,7,0,0,0,2026-05-06 13:00:00+00:00,2026-05-06 13:05:00+00:00,2026-05-06 13:05:00.584684+00:00,300,True,Down,0,True
0x8541c22604a44a68eb8b52941dfc0601ab38485bd79bf4686e2e2bc5bb2f36fa,2026-05-06 13:15:00+00:00,300,300,0,299,0,0,18,0,0,0,2026-05-06 13:15:00+00:00,2026-05-06 13:20:00+00:00,2026-05-06 13:20:00.522703+00:00,300,True,Down,0,True
0xa3877696066688b910cc3cdcffebc9daa10517066da4e936173eff75ead3759e,2026-05-06 13:20:00+00:00,300,300,0,299,0,0,1,0,0,0,2026-05-06 13:20:00+00:00,2026-05-06 13:25:00+00:00,2026-05-06 13:25:00.567419+00:00,300,True,Down,0,True
0x98bc493b33383e2bb80f3bf4a439ee0558ae37088344dea99c4e5397c7986d34,2026-05-06 13:40:00+00:00,300,300,0,299,0,0,0,5,0,0,2026-05-06 13:40:00+00:00,2026-05-06 13:45:00+00:00,2026-05-06 13:45:00.581212+00:00,300,True,Up,1,True
0x7263d33ef8fe1b7872d5e23a6434fdf70470b9db14ecdf965487f67f1a891048,2026-05-06 14:30:00+00:00,300,300,0,299,0,0,0,62,0,0,2026-05-06 14:30:00+00:00,2026-05-06 14:35:00+00:00,2026-05-06 14:35:00.455526+00:00,300,True,Up,1,True
0xa313076c2dfacda3ceee4f212d0a379016d01a5cd54bc263335d70b8c494a0b3,2026-05-06 14:35:00+00:00,300,300,0,299,0,0,0,4,0,0,2026-05-06 14:35:00+00:00,2026-05-06 14:40:00+00:00,2026-05-06 14:40:00.584799+00:00,300,True,Up,1,True
0xfc0dc02d6b4badfca9134504be7c1a62055cadfab08653b8d13e30d1421e5720,2026-05-06 14:40:00+00:00,300,300,0,299,0,0,0,27,0,0,2026-05-06 14:40:00+00:00,2026-05-06 14:45:00+00:00,2026-05-06 14:45:00.693752+00:00,300,True,Up,1,True
0x6fd98321a918086d48dc5673c03b538e279404e7ebfc5832e3220b17f5d97cc5,2026-05-06 14:45:00+00:00,300,300,0,299,0,0,62,0,0,0,2026-05-06 14:45:00+00:00,2026-05-06 14:50:00+00:00,2026-05-06 14:50:00.510779+00:00,300,True,Down,0,True
0x7bd826cd93fefd0880ef1bf00d5c394a3e3f384fb48cb15abe93451ccef3d7a3,2026-05-06 14:50:00+00:00,300,300,0,299,0,0,37,0,0,0,2026-05-06 14:50:00+00:00,2026-05-06 14:55:00+00:00,2026-05-06 14:55:00.508064+00:00,300,True,Down,0,True
0x33a68aace1ba3e657873a77d357b032db1ec7a1406adc47c9faddc5db7f3b7f0,2026-05-06 15:00:00+00:00,300,300,0,299,0,0,0,13,0,0,2026-05-06 15:00:00+00:00,2026-05-06 15:05:00+00:00,2026-05-06 15:05:00.543489+00:00,300,True,Up,1,True
0xfbd7585da0191d07e00332d65a57583309c2e6537fb4cc9827e26631726ad184,2026-05-06 15:05:00+00:00,300,300,0,299,0,0,31,0,0,0,2026-05-06 15:05:00+00:00,2026-05-06 15:10:00+00:00,2026-05-06 15:10:00.500717+00:00,300,True,Down,0,True
0x05f9f73e249ca5c53cbd50cc02b815c6cb06489f753db5cacab51e4c56f49409,2026-05-06 15:10:00+00:00,300,300,0,299,0,0,101,0,0,0,2026-05-06 15:10:00+00:00,2026-05-06 15:15:00+00:00,2026-05-06 15:15:00.573290+00:00,300,True,Down,0,True
0x97e5a7a43bf9e159471621fa3834fd81c201d20c96b20a820167004c32db0503,2026-05-06 15:15:00+00:00,300,300,0,299,0,0,0,50,0,0,2026-05-06 15:15:00+00:00,2026-05-06 15:20:00+00:00,2026-05-06 15:20:00.468309+00:00,300,True,Up,1,True
0xa7fab7e9039a32fa3c8b60b10c7b51fc927d97f23b836c9e9729600a7d77639c,2026-05-06 15:25:00+00:00,300,300,0,299,0,0,38,0,0,0,2026-05-06 15:25:00+00:00,2026-05-06 15:30:00+00:00,2026-05-06 15:30:00.900070+00:00,300,True,Down,0,True
0x0508dd49abcb2b6e120c898e19814037919dafbd8dafcfa696c3d26446144203,2026-05-06 15:30:00+00:00,300,300,0,299,0,0,0,33,0,0,2026-05-06 15:30:00+00:00,2026-05-06 15:35:00+00:00,2026-05-06 15:35:00.484689+00:00,300,True,Up,1,True
0x4b877569939fb27798beb338d3bf1915dc16310a5b65609912d86feaddd4d974,2026-05-06 15:35:00+00:00,300,300,0,299,0,0,86,0,0,0,2026-05-06 15:35:00+00:00,2026-05-06 15:40:00+00:00,2026-05-06 15:40:00.541336+00:00,300,True,Down,0,True
0x1cdae3c32af1a376412f80a50bf6a8a6e9dc19115953bbf80691a0f6cf9493e8,2026-05-06 15:50:00+00:00,300,300,0,299,0,0,0,31,0,0,2026-05-06 15:50:00+00:00,2026-05-06 15:55:00+00:00,2026-05-06 15:55:00.457266+00:00,300,True,Up,1,True
0xaab0cc06048a3f6df25c36c834b4910d2a7e68511568ca391f73e24e44b86d2d,2026-05-06 15:55:00+00:00,300,300,0,299,0,0,14,0,0,0,2026-05-06 15:55:00+00:00,2026-05-06 16:00:00+00:00,2026-05-06 16:00:00.745208+00:00,300,True,Down,0,True
0xd572c7070a75fea24cb8c9f5942721ec30520b66edf60290556566dced4496ae,2026-05-06 16:00:00+00:00,300,300,0,299,0,0,0,0,0,0,2026-05-06 16:00:00+00:00,2026-05-06 16:05:00+00:00,2026-05-06 16:05:00.532656+00:00,300,True,,0,True
0x3f5aeb20bf899686d36d9f3d6080a9250cd5420316c5a8fb15080b5f7636f4ec,2026-05-06 16:05:00+00:00,300,300,0,299,0,0,0,48,0,0,2026-05-06 16:05:00+00:00,2026-05-06 16:10:00+00:00,2026-05-06 16:10:00.528585+00:00,300,True,Up,1,True
0x1ad271026c25b0bf54a57e036bfe3f4bf5dc825e73023d03a993c9ad075542a3,2026-05-06 16:10:00+00:00,300,300,0,299,0,0,17,0,0,0,2026-05-06 16:10:00+00:00,2026-05-06 16:15:00+00:00,2026-05-06 16:15:00.535570+00:00,300,True,Down,0,True
0x7ef4de0efb57d21ac612975156a0c536143543bec866174493b21b86019d9004,2026-05-06 16:15:00+00:00,300,300,0,299,0,0,15,0,0,0,2026-05-06 16:15:00+00:00,2026-05-06 16:20:00+00:00,2026-05-06 16:20:00.563714+00:00,300,True,Down,0,True
0x2bbf31838b1a3f1c15c56921afabedd9494acff0ce4342f800dc113913b5e894,2026-05-06 16:20:00+00:00,300,300,0,299,0,0,85,0,0,0,2026-05-06 16:20:00+00:00,2026-05-06 16:25:00+00:00,2026-05-06 16:25:00.468885+00:00,300,True,Down,0,True
0x3ead3ce143cde0333f598e8de57d75f4e3f2c807267104b8b36c9b23a17d639d,2026-05-06 16:40:00+00:00,300,300,0,299,0,0,0,21,0,0,2026-05-06 16:40:00+00:00,2026-05-06 16:45:00+00:00,2026-05-06 16:45:00.846110+00:00,300,True,Up,1,True
0x13ee3ea8139d77590f95cd773f4d669ae67e8bb37e074c308712b45995ff5a68,2026-05-06 17:05:00+00:00,300,300,0,299,0,0,0,0,0,0,2026-05-06 17:05:00+00:00,2026-05-06 17:10:00+00:00,2026-05-06 17:10:00.506364+00:00,300,True,,1,True
0x9bc68cfb74b9ccbff6b51c2473a265f70a225e0dfe40c997e7af4ad1e3fe7bee,2026-05-06 17:20:00+00:00,300,300,0,299,0,0,0,1,0,0,2026-05-06 17:20:00+00:00,2026-05-06 17:25:00+00:00,2026-05-06 17:25:00.678928+00:00,300,True,Up,1,True
0xf9a460f001da62736d355f712917d60981a6f7941775a8f57c69568ebc9f31c3,2026-05-06 17:30:00+00:00,300,300,0,299,0,0,0,0,0,0,2026-05-06 17:30:00+00:00,2026-05-06 17:35:00+00:00,2026-05-06 17:35:00.453374+00:00,300,True,,1,True
0x94341cd6f438b03f5fd5bbd2a3907bed1972365df9e2e72f27524375ff5d5b92,2026-05-06 17:40:00+00:00,300,300,0,299,0,0,0,34,0,0,2026-05-06 17:40:00+00:00,2026-05-06 17:45:00+00:00,2026-05-06 17:45:00.520041+00:00,300,True,Up,1,True
0x8521514b367088d8dbe89079c3363513844bb2f24c157ffb7aa823bef4543105,2026-05-06 17:45:00+00:00,300,300,0,299,0,0,50,0,0,0,2026-05-06 17:45:00+00:00,2026-05-06 17:50:00+00:00,2026-05-06 17:50:00.452828+00:00,300,True,Down,0,True
0xe906a0565a7309260a747bf75ad9453ba92a5d87777989b738ec01ef85ad8821,2026-05-06 17:55:00+00:00,300,300,0,299,0,0,0,0,0,0,2026-05-06 17:55:00+00:00,2026-05-06 18:00:00+00:00,2026-05-06 18:00:00.568539+00:00,300,True,,0,True
0xed5a9363bc4041207f030fd6a8c0072b647fed18b49d20ffc5433580c74aad60,2026-05-06 18:00:00+00:00,300,300,0,299,0,0,3,0,0,0,2026-05-06 18:00:00+00:00,2026-05-06 18:05:00+00:00,2026-05-06 18:05:00.523904+00:00,300,True,Down,0,True
0x7a3129872383375eb8b1fd4cf76227d2eecb13e08612f1986b8a878dfa273f2e,2026-05-06 18:10:00+00:00,300,300,0,299,0,0,0,1,0,0,2026-05-06 18:10:00+00:00,2026-05-06 18:15:00+00:00,2026-05-06 18:15:00.577747+00:00,300,True,Up,1,True
0x015ea86e38a2b5b4232e873d905fba0e79e95900ecb7d8026ec495eb7315a16b,2026-05-06 18:20:00+00:00,300,300,0,299,0,0,1,0,0,0,2026-05-06 18:20:00+00:00,2026-05-06 18:25:00+00:00,2026-05-06 18:25:00.809238+00:00,300,True,Down,0,True
0x0b2512f2856684d29b2229731a17df367ea4c5fec4bad0dfd26ca3dffe18ff9f,2026-05-06 18:30:00+00:00,300,300,0,299,0,0,33,0,0,0,2026-05-06 18:30:00+00:00,2026-05-06 18:35:00+00:00,2026-05-06 18:35:00.831247+00:00,300,True,Down,0,True
0x2d728b4a2a8bb16c5b4c42ba77e4e78703dbf687b4951afe400acfd3bb4ab2b4,2026-05-06 18:35:00+00:00,300,300,0,299,0,0,10,0,0,0,2026-05-06 18:35:00+00:00,2026-05-06 18:40:00+00:00,2026-05-06 18:40:00.587930+00:00,300,True,Down,0,True
0x1d1be92ed71ec856a3e60146b3ae91e6bba14d3781cc1119c30df4dd81bb717c,2026-05-06 18:50:00+00:00,300,300,0,299,0,0,0,29,0,0,2026-05-06 18:50:00+00:00,2026-05-06 18:55:00+00:00,2026-05-06 18:55:00.488452+00:00,300,True,Up,1,True
0xbd1b69ce54020058653fd1614d3b986ffbf46f3697720f0e9acfba67520e2346,2026-05-06 19:00:00+00:00,300,300,0,299,0,0,0,33,0,0,2026-05-06 19:00:00+00:00,2026-05-06 19:05:00+00:00,2026-05-06 19:05:00.654607+00:00,300,True,,0,True
0xa04be077900c39c260974b5211c48a0a976ff33e2140f4815d2b7b44a1bceea5,2026-05-06 19:05:00+00:00,300,300,0,299,0,0,1,0,0,0,2026-05-06 19:05:00+00:00,2026-05-06 19:10:00+00:00,2026-05-06 19:10:00.538054+00:00,300,True,Down,0,True
0x8afed184f167a886b0c82eb50b9604e8af32618165c6bd40d6854acb6a347c67,2026-05-06 19:10:00+00:00,300,300,0,299,0,0,37,0,0,0,2026-05-06 19:10:00+00:00,2026-05-06 19:15:00+00:00,2026-05-06 19:15:00.947695+00:00,300,True,Down,0,True
0x90a26814dc41436d0a92385f24cfea9c1e2ac4e693e500902f713a5bcd5b4f7d,2026-05-06 19:25:00+00:00,300,300,0,299,0,0,0,2,0,0,2026-05-06 19:25:00+00:00,2026-05-06 19:30:00+00:00,2026-05-06 19:30:00.653753+00:00,300,True,Up,1,True
0x81fbd4f620ef8feddca9d1562bc980e48b8fc207119e6977919e5475da9b102c,2026-05-06 19:30:00+00:00,300,300,0,299,0,0,8,0,0,0,2026-05-06 19:30:00+00:00,2026-05-06 19:35:00+00:00,2026-05-06 19:35:00.541545+00:00,300,True,Down,0,True
0x1038d174cc6eda02419cdc3a03e228f04b000edc828631016c4d269cc62c1abe,2026-05-06 19:35:00+00:00,300,300,0,299,0,0,0,58,0,0,2026-05-06 19:35:00+00:00,2026-05-06 19:40:00+00:00,2026-05-06 19:40:00.502580+00:00,300,True,Up,1,True
0x1ef516bb6de6be29dc91e4c1fe9a9f270fb5a60725884186d6eb17c2c4725748,2026-05-06 19:40:00+00:00,300,300,0,299,0,0,0,0,0,0,2026-05-06 19:40:00+00:00,2026-05-06 19:45:00+00:00,2026-05-06 19:45:00.710760+00:00,300,True,,1,True
0xc2420a7f049cf53eb7c12ea64ab61aeb8d5510f9ce4c84379f62b70c37b5e379,2026-05-06 19:45:00+00:00,300,300,0,299,0,0,3,0,0,0,2026-05-06 19:45:00+00:00,2026-05-06 19:50:00+00:00,2026-05-06 19:50:00.505851+00:00,300,True,Down,0,True
0xdc6fbd8c6cefe47b968710098e96fe1b0fe846b590d478d7533b7f992977cf06,2026-05-06 20:10:00+00:00,300,300,0,299,0,0,0,12,0,0,2026-05-06 20:10:00+00:00,2026-05-06 20:15:00+00:00,2026-05-06 20:15:00.598143+00:00,300,True,Up,1,True
0xdd5847e300df48e4434e639c7ee725b17a5df5d71a29c323eb56ab2eab421f60,2026-05-06 20:35:00+00:00,300,300,0,299,0,0,0,2,0,0,2026-05-06 20:35:00+00:00,2026-05-06 20:40:00+00:00,2026-05-06 20:40:00.579690+00:00,300,True,Up,1,True
0xc72422258dcad9d81390008386fe4dfd97c6a9af9d99488f9eeb7a56df7a6cef,2026-05-06 20:40:00+00:00,300,300,0,299,0,0,0,0,0,0,2026-05-06 20:40:00+00:00,2026-05-06 20:45:00+00:00,2026-05-06 20:45:00.720572+00:00,300,True,Down,0,True
0x62605cf96b82e4cf35675f688f6d4017af2b7f4eef1af3538b4d07454c3c5935,2026-05-06 20:45:00+00:00,300,300,0,299,0,0,0,0,0,0,2026-05-06 20:45:00+00:00,2026-05-06 20:50:00+00:00,2026-05-06 20:50:00.485925+00:00,300,True,Down,0,True
0x3fb4ff8fdc6b014b222ce59bbc368e80c7921a33a8dd24e2ff2229b19885620f,2026-05-06 20:50:00+00:00,300,300,0,299,0,0,0,0,0,0,2026-05-06 20:50:00+00:00,2026-05-06 20:55:00+00:00,2026-05-06 20:55:00.495420+00:00,300,True,,1,True
0xe8a90582c89cfbac38a39bca831d010a5885ca8a25061bcab0e3f0e4b2cfc2e3,2026-05-06 20:55:00+00:00,300,300,0,299,0,0,0,15,0,0,2026-05-06 20:55:00+00:00,2026-05-06 21:00:00+00:00,2026-05-06 21:00:00.892980+00:00,300,True,Up,1,True
0xd010c80ea27ff83ef79399d1884bafc21c0d318be92131bf408da7a6fdf3b89d,2026-05-06 21:00:00+00:00,300,300,0,299,0,0,0,2,0,0,2026-05-06 21:00:00+00:00,2026-05-06 21:05:00+00:00,2026-05-06 21:05:00.503885+00:00,300,True,Up,1,True
0xe2f5aed31ff2c3377c7fb5c55d5fb83e046cd13a1ae9c5bf617aec3d6e824200,2026-05-06 21:50:00+00:00,300,300,0,299,0,0,0,3,0,0,2026-05-06 21:50:00+00:00,2026-05-06 21:55:00+00:00,2026-05-06 21:55:00.476989+00:00,300,True,Up,1,True
0x14007ba5ac0289ce51ee8c9274482577142dc992c03c6e305a8e58a087d4e537,2026-05-06 22:00:00+00:00,300,300,0,299,0,0,42,0,0,0,2026-05-06 22:00:00+00:00,2026-05-06 22:05:00+00:00,2026-05-06 22:05:00.523099+00:00,300,True,Down,0,True
0xd56b6c4ebabf39ba91a1375b4b92ada8d457b6b044dfdb43db4a8e5ede71e6d2,2026-05-06 22:10:00+00:00,300,300,0,299,0,0,0,0,0,0,2026-05-06 22:10:00+00:00,2026-05-06 22:15:00+00:00,2026-05-06 22:15:00.473393+00:00,300,True,Down,0,True
0xfd129aa4ef97521cead519de2b422d5c2d3981ffc708b15b3120278a650de072,2026-05-06 22:15:00+00:00,300,300,0,299,0,0,38,0,0,0,2026-05-06 22:15:00+00:00,2026-05-06 22:20:00+00:00,2026-05-06 22:20:00.575341+00:00,300,True,Down,0,True
0xd3ffb1f9637331b1e20cdbb1cf43a112fa5b3017dcbd3779426e0b6a03b42b33,2026-05-06 22:20:00+00:00,300,300,0,299,0,0,0,0,0,0,2026-05-06 22:20:00+00:00,2026-05-06 22:25:00+00:00,2026-05-06 22:25:00.506195+00:00,300,True,Down,0,True
0xf85a47e98d9aa3f8f1e162d9dd43032430c18c914d865248b345496a1716ee74,2026-05-06 22:25:00+00:00,300,300,0,299,0,0,38,0,0,0,2026-05-06 22:25:00+00:00,2026-05-06 22:30:00+00:00,2026-05-06 22:30:00.415078+00:00,300,True,Down,0,True
0x11c14fd43d1e188b3e5d9033abda7dc3123efd1335c93e986eefbff3c0014350,2026-05-06 22:45:00+00:00,300,300,0,299,0,0,0,0,0,0,2026-05-06 22:45:00+00:00,2026-05-06 22:50:00+00:00,2026-05-06 22:50:00.453034+00:00,300,True,Down,0,True
0x7ed568061a6d385ac5eab001967a64c3b20ced7a63f3551e0097c812a927a4dc,2026-05-06 22:50:00+00:00,300,300,0,299,0,0,0,88,0,0,2026-05-06 22:50:00+00:00,2026-05-06 22:55:00+00:00,2026-05-06 22:55:00.545935+00:00,300,True,Up,1,True
0x3dafb081859fca81227ec00579011849b1ffbccb58105931dba9b1ee2814a1d5,2026-05-06 23:00:00+00:00,300,300,0,299,0,0,74,0,0,0,2026-05-06 23:00:00+00:00,2026-05-06 23:05:00+00:00,2026-05-06 23:05:00.468802+00:00,300,True,Down,0,True
0xb373e3d341de185af1eafdc5bcc75d744f15db97e74a87da1c228aaf5ce57ca5,2026-05-06 23:10:00+00:00,300,300,0,299,0,0,0,16,0,0,2026-05-06 23:10:00+00:00,2026-05-06 23:15:00+00:00,2026-05-06 23:15:00.510462+00:00,300,True,Up,1,True
0x4e7d3337e65d2c7e22ae3656c228251c76652ac558caa4972b3ead889cb5bf9e,2026-05-06 23:20:00+00:00,300,300,0,299,0,0,0,64,0,0,2026-05-06 23:20:00+00:00,2026-05-06 23:25:00+00:00,2026-05-06 23:25:00.556783+00:00,300,True,Up,1,True
0x480b734392e66b986afe883f3bb0b1a9991ef39b02300616bc50e9a0306b6112,2026-05-06 23:25:00+00:00,300,300,0,299,0,0,0,3,0,0,2026-05-06 23:25:00+00:00,2026-05-06 23:30:00+00:00,2026-05-06 23:30:00.665050+00:00,300,True,Up,1,True
0x8fc3355c5070c9bf90d6d62d0dc5b9712fd6e952a299a7a8341aa0ac59fd0ef2,2026-05-06 23:35:00+00:00,300,300,0,299,0,0,36,0,0,0,2026-05-06 23:35:00+00:00,2026-05-06 23:40:00+00:00,2026-05-06 23:40:00.532395+00:00,300,True,Down,0,True
0x7ec9eadb78f5b6b956b9830e2d1a32e88bb74c2a2b5a329148673ccdaf73f4a8,2026-05-06 23:40:00+00:00,300,300,0,299,0,0,0,3,0,0,2026-05-06 23:40:00+00:00,2026-05-06 23:45:00+00:00,2026-05-06 23:45:00.693775+00:00,300,True,Up,1,True
0x69e311313fc2162cd1a248e0c2ffacf62b7b9677bbd257444973fa6bc86bb367,2026-05-06 23:50:00+00:00,300,300,0,299,0,0,0,49,0,0,2026-05-06 23:50:00+00:00,2026-05-06 23:55:00+00:00,2026-05-06 23:55:00.506820+00:00,300,True,Up,1,True
0x193da6f57907d6ef912b8e5ff31cc9cd6928e7f019e19c6e038120a5b7c610ef,2026-05-06 23:55:00+00:00,300,300,0,299,0,0,0,0,0,0,2026-05-06 23:55:00+00:00,2026-05-07 00:00:00+00:00,2026-05-07 00:00:00.770662+00:00,300,True,,1,True
0x12e890ab36a1ba24e7d765706ffc577d17da75d81844a0d8b67822d8e00b4754,2026-05-07 00:00:00+00:00,300,300,0,299,0,0,1,0,0,0,2026-05-07 00:00:00+00:00,2026-05-07 00:05:00+00:00,2026-05-07 00:05:00.483256+00:00,300,True,Down,0,True
0xf19d50d67aa0f43a554b803ab789e3ac374c8e9dee29cdf453047bfd216d0aec,2026-05-07 00:05:00+00:00,300,300,0,299,0,0,2,0,0,0,2026-05-07 00:05:00+00:00,2026-05-07 00:10:00+00:00,2026-05-07 00:10:00.429139+00:00,300,True,Down,0,True
0x94c5f38475292833d685feab708a00d4195a8150edcaf80e96747e2edbc5aa38,2026-05-07 00:10:00+00:00,300,300,0,299,0,0,0,2,0,0,2026-05-07 00:10:00+00:00,2026-05-07 00:15:00+00:00,2026-05-07 00:15:00.513868+00:00,300,True,Up,1,True
0x048e6eaadcbc87ac0355eb1200c932f41363e40700fc09b1b9a7b1c2bddb8075,2026-05-07 00:15:00+00:00,300,300,0,299,0,0,2,0,0,0,2026-05-07 00:15:00+00:00,2026-05-07 00:20:00+00:00,2026-05-07 00:20:00.457489+00:00,300,True,Down,0,True
0xcdde123c751cd1f25635b33c9f0a1b62e1dfddb6ba925d3b89d18cfb7703c966,2026-05-07 00:20:00+00:00,300,300,0,299,0,0,67,0,0,0,2026-05-07 00:20:00+00:00,2026-05-07 00:25:00+00:00,2026-05-07 00:25:00.533681+00:00,300,True,Down,0,True
0xfd7b724b59c59da223a018a6ea160ac6455fb00967870074bd0df1a4d0ef9897,2026-05-07 00:30:00+00:00,300,300,0,299,0,0,30,0,0,0,2026-05-07 00:30:00+00:00,2026-05-07 00:35:00+00:00,2026-05-07 00:35:00.489452+00:00,300,True,Down,0,True
0xd6c9656b59dbb2ba771bfb8e92af6b86510523cfd3bfe43928cf221567dba870,2026-05-07 00:35:00+00:00,300,300,0,299,0,0,16,0,0,0,2026-05-07 00:35:00+00:00,2026-05-07 00:40:00+00:00,2026-05-07 00:40:00.910375+00:00,300,True,Down,0,True
0xdc7720ebaaa8ae32afe5ad786ef1bce50552d0b29123403fc7544eb5a73bdde7,2026-05-07 01:05:00+00:00,300,300,0,299,0,0,0,2,0,0,2026-05-07 01:05:00+00:00,2026-05-07 01:10:00+00:00,2026-05-07 01:10:00.436961+00:00,300,True,Up,1,True
0x72a6c268538884c30a62ba28fc921abca461803fdc93877423692fa076171cc9,2026-05-07 01:20:00+00:00,300,300,0,299,0,0,0,14,0,0,2026-05-07 01:20:00+00:00,2026-05-07 01:25:00+00:00,2026-05-07 01:25:00.501433+00:00,300,True,Up,1,True
0x0b6c5b02c93bf60ca7fbfbd362b195584155b8774eb1ad48a104703436ea505d,2026-05-07 01:25:00+00:00,300,300,0,299,0,0,0,21,0,0,2026-05-07 01:25:00+00:00,2026-05-07 01:30:00+00:00,2026-05-07 01:30:00.571732+00:00,300,True,Up,1,True
0xe2c36fec0c1b44e006963cd8583fe5051e374e54b61fae16a13afa32af341414,2026-05-07 01:30:00+00:00,300,300,0,299,0,0,17,0,0,0,2026-05-07 01:30:00+00:00,2026-05-07 01:35:00+00:00,2026-05-07 01:35:00.416902+00:00,300,True,Down,0,True
0x3a7f4be20492e1c7e07a0f0a8fa2ec83b4436e5b2b5e85c8236f8c22a0e04c60,2026-05-07 01:35:00+00:00,300,300,0,299,0,0,0,49,0,0,2026-05-07 01:35:00+00:00,2026-05-07 01:40:00+00:00,2026-05-07 01:40:00.530946+00:00,300,True,Up,1,True
0x255c76fa3be406e049cc03faddbaa64afc65ac0db07bcfa795dccf5f5f428791,2026-05-07 01:45:00+00:00,300,300,0,299,0,0,0,0,0,0,2026-05-07 01:45:00+00:00,2026-05-07 01:50:00+00:00,2026-05-07 01:50:00.504604+00:00,300,True,Down,0,True
0xb5c747ce32defc09ed1ccecac96a985bcf66ec49795e300f92ca4aa9c9c9fe78,2026-05-07 01:55:00+00:00,300,300,0,299,0,0,0,0,0,0,2026-05-07 01:55:00+00:00,2026-05-07 02:00:00+00:00,2026-05-07 02:00:00.672903+00:00,300,True,,0,True
0xba0ec28e15fbaaccc71260e7286df74c67c4e04a11f351da1fa7dec317bd32b5,2026-05-07 02:00:00+00:00,300,300,0,299,0,0,29,0,0,0,2026-05-07 02:00:00+00:00,2026-05-07 02:05:00+00:00,2026-05-07 02:05:00.532180+00:00,300,True,Down,0,True
0xa2450bc921c2e7675a8d65d874f7d7cdd537c995464627be01e8a2db5bcd888a,2026-05-07 02:40:00+00:00,300,300,0,299,0,0,0,0,0,0,2026-05-07 02:40:00+00:00,2026-05-07 02:45:00+00:00,2026-05-07 02:45:00.621716+00:00,300,True,,0,True
0x8d90bdaf22f3d3b8f53b9579fc9ebda65cab94d53415b23259df3941ea8c92fa,2026-05-07 03:00:00+00:00,300,300,0,299,0,0,3,0,0,0,2026-05-07 03:00:00+00:00,2026-05-07 03:05:00+00:00,2026-05-07 03:05:00.488914+00:00,300,True,Down,0,True
0x41536873b2443e71866c8fd5e3d41b7503a200e4217807e5dba415ae9f0c7f5e,2026-05-07 03:10:00+00:00,300,300,0,299,0,0,7,0,0,0,2026-05-07 03:10:00+00:00,2026-05-07 03:15:00+00:00,2026-05-07 03:15:00.506866+00:00,300,True,Down,0,True
0x29f80e2d258e15c22a085b41af45fa0dfb146d506c9d1a90244d1f480286e8e4,2026-05-07 03:15:00+00:00,300,300,0,299,0,0,0,0,0,0,2026-05-07 03:15:00+00:00,2026-05-07 03:20:00+00:00,2026-05-07 03:20:00.536193+00:00,300,True,Down,0,True
0xe6bd8b20e66432540efbcc392a1c6ae940601010a1b5d6fee952f05a1aedfcdf,2026-05-07 03:20:00+00:00,300,300,0,299,0,0,133,0,0,0,2026-05-07 03:20:00+00:00,2026-05-07 03:25:00+00:00,2026-05-07 03:25:00.509694+00:00,300,True,Down,0,True
0x3fb8383fd79dd000555ad453653ce64faf559e489932a25270fa0f8c5679a004,2026-05-07 03:35:00+00:00,300,300,0,299,0,0,0,50,0,0,2026-05-07 03:35:00+00:00,2026-05-07 03:40:00+00:00,2026-05-07 03:40:00.539580+00:00,300,True,Up,1,True
0x90a4d8f57e4b45d9d83300ddca328d40c6245a37a582d500b895ed48bc623030,2026-05-07 03:45:00+00:00,300,300,0,299,0,0,18,0,0,0,2026-05-07 03:45:00+00:00,2026-05-07 03:50:00+00:00,2026-05-07 03:50:00.449113+00:00,300,True,Down,0,True
0xb923d290deeedd9b3750ae98ee216c2d46c957554e598cbb7cd8fef91ffa2a12,2026-05-07 03:50:00+00:00,300,300,0,299,0,0,2,0,0,0,2026-05-07 03:50:00+00:00,2026-05-07 03:55:00+00:00,2026-05-07 03:55:00.512901+00:00,300,True,Down,0,True
0xb8db09960ae5424d257b74d9c780bb01b27742a85b14faa07485a13a1f0995c0,2026-05-07 03:55:00+00:00,300,300,0,299,0,0,48,0,0,0,2026-05-07 03:55:00+00:00,2026-05-07 04:00:00+00:00,2026-05-07 04:00:00.853288+00:00,300,True,Down,0,True
0x866c2a81b0cdef089e649de149209fc308ecd698e63e6330d861bd56edd02bbe,2026-05-07 04:30:00+00:00,300,300,0,299,0,0,3,0,0,0,2026-05-07 04:30:00+00:00,2026-05-07 04:35:00+00:00,2026-05-07 04:35:00.452459+00:00,300,True,Down,0,True
0x4155e96761be7302dc5140ab54ab495eb840c1c710f1d066129aa8e81984aca0,2026-05-07 04:45:00+00:00,300,300,0,299,0,0,0,14,0,0,2026-05-07 04:45:00+00:00,2026-05-07 04:50:00+00:00,2026-05-07 04:50:00.621645+00:00,300,True,Up,1,True
0x40b213107cf8ac74601700bb54b27f8d6eccf2cafa0e3b0aae8151f44b6cc253,2026-05-07 04:50:00+00:00,300,300,0,299,0,0,0,36,0,0,2026-05-07 04:50:00+00:00,2026-05-07 04:55:00+00:00,2026-05-07 04:55:00.529869+00:00,300,True,Up,1,True
0xbfc1a247e9ded85ff236e7efd89e3015e7a0b34f4e1b5341f2acdda38235db14,2026-05-07 04:55:00+00:00,300,300,0,299,0,0,0,0,0,0,2026-05-07 04:55:00+00:00,2026-05-07 05:00:00+00:00,2026-05-07 05:00:00.881146+00:00,300,True,Down,0,True
0x004c77f7af13466ef403f455cad3a157192b81eee735dd015ffb5f89d2d41f35,2026-05-07 05:00:00+00:00,300,300,0,299,0,0,0,14,0,0,2026-05-07 05:00:00+00:00,2026-05-07 05:05:00+00:00,2026-05-07 05:05:00.500530+00:00,300,True,Up,1,True
0xdd38c532c06732e4236020b59fa7b755cfa98bcf9be5a42928b8add1e37e886b,2026-05-07 05:05:00+00:00,300,300,0,299,0,0,19,0,0,0,2026-05-07 05:05:00+00:00,2026-05-07 05:10:00+00:00,2026-05-07 05:10:00.552989+00:00,300,True,Down,0,True
0xbf419ca625df91ead691df742d6df35368278f6137e4ea4e01d7a74335b94222,2026-05-07 05:15:00+00:00,300,300,0,299,0,0,0,1,0,0,2026-05-07 05:15:00+00:00,2026-05-07 05:20:00+00:00,2026-05-07 05:20:00.505680+00:00,300,True,Up,1,True
0xc9d31d94798de097f184f3a0ea39e25dc2be629af9d508408961d66ec927bbfd,2026-05-07 05:20:00+00:00,300,300,0,299,0,0,2,0,0,0,2026-05-07 05:20:00+00:00,2026-05-07 05:25:00+00:00,2026-05-07 05:25:00.492870+00:00,300,True,Down,0,True
0xe7f48ea055a9c9bf0ab033b1ddb402b90799ef6684b79229e9dfee00acf7a3da,2026-05-07 05:25:00+00:00,300,300,0,299,0,0,0,1,0,0,2026-05-07 05:25:00+00:00,2026-05-07 05:30:00+00:00,2026-05-07 05:30:00.630590+00:00,300,True,Up,1,True
0x2a53df12788d5c5365b5ab74db20ef6a44ecce04a0f385d183d3b4a6818dbf38,2026-05-07 05:30:00+00:00,300,300,0,299,0,0,9,0,0,0,2026-05-07 05:30:00+00:00,2026-05-07 05:35:00+00:00,2026-05-07 05:35:00.494155+00:00,300,True,Down,0,True
0xfa051987030013e11a9018ab6369281a24d72447552544f0c63124752ef0fe5a,2026-05-07 05:35:00+00:00,300,300,0,299,0,0,0,0,0,0,2026-05-07 05:35:00+00:00,2026-05-07 05:40:00+00:00,2026-05-07 05:40:00.733561+00:00,300,True,,1,True
0x0c3d1fc53e14ebab7a6d9affb06baa969d25abc67222ea90d97dab9080eb3ebc,2026-05-07 05:40:00+00:00,300,300,0,299,0,0,0,2,0,0,2026-05-07 05:40:00+00:00,2026-05-07 05:45:00+00:00,2026-05-07 05:45:00.753920+00:00,300,True,Up,1,True
0x58df0886673306ae108c4c957b85a905e414bc851fe8584df6698d18601b85cb,2026-05-07 05:45:00+00:00,300,300,0,299,0,0,3,0,0,0,2026-05-07 05:45:00+00:00,2026-05-07 05:50:00+00:00,2026-05-07 05:50:00.492380+00:00,300,True,Down,0,True
0x9bf68a18216f1e311f165173f93b8082c1d4b12ade1bc3c44582fabc03585606,2026-05-07 05:50:00+00:00,300,300,0,299,0,0,0,3,0,0,2026-05-07 05:50:00+00:00,2026-05-07 05:55:00+00:00,2026-05-07 05:55:00.503696+00:00,300,True,Up,1,True
0x0be0eb688b2b6990a4c28132a7640fd1666ad8d02b9f9d9700dc77c501c59edd,2026-05-07 05:55:00+00:00,300,300,0,299,0,0,0,2,0,0,2026-05-07 05:55:00+00:00,2026-05-07 06:00:00+00:00,2026-05-07 06:00:00.444540+00:00,300,True,Up,1,True
0x67997ca7e3be07a90c12055a91d10143681b32b534e13328142c97c65494d32e,2026-05-07 06:00:00+00:00,300,300,0,299,0,0,1,0,0,0,2026-05-07 06:00:00+00:00,2026-05-07 06:05:00+00:00,2026-05-07 06:05:00.559530+00:00,300,True,Down,0,True
0x398864c7f1b7384b27004f5929c0c06b518107fc7d42395d7c55a0d4e73670a7,2026-05-07 06:05:00+00:00,300,300,0,299,0,0,70,0,0,0,2026-05-07 06:05:00+00:00,2026-05-07 06:10:00+00:00,2026-05-07 06:10:00.515905+00:00,300,True,Down,0,True
0x946c7bdc2e19849e6ca59b8085dece0ebf087221f96555b45b076e975204c7a9,2026-05-07 06:10:00+00:00,300,300,0,299,0,0,65,0,0,0,2026-05-07 06:10:00+00:00,2026-05-07 06:15:00+00:00,2026-05-07 06:15:00.505279+00:00,300,True,Down,0,True
0x58745e503b42659f8903b020d0863eccc11d3e7f35d40498e94c93529cd92078,2026-05-07 06:15:00+00:00,300,300,0,299,0,0,0,9,0,0,2026-05-07 06:15:00+00:00,2026-05-07 06:20:00+00:00,2026-05-07 06:20:00.554730+00:00,300,True,Up,1,True
0xa7ff912d43ad40964a953dfcdc3fedd54aa8b265ced5c250ef18f4a9db41b85a,2026-05-07 06:20:00+00:00,300,300,0,299,0,0,0,3,0,0,2026-05-07 06:20:00+00:00,2026-05-07 06:25:00+00:00,2026-05-07 06:25:00.416351+00:00,300,True,Up,1,True
0x800e0a4f9535406f1b742f8f579eb0384807168c1cb18eb560c673225b981e74,2026-05-07 06:25:00+00:00,300,300,0,299,0,0,0,18,0,0,2026-05-07 06:25:00+00:00,2026-05-07 06:30:00+00:00,2026-05-07 06:30:00.531420+00:00,300,True,Up,1,True
0xcd5993168b8e87efdbb89509be5e74dc6de25e6ffda611f1d01cbd447d77d0e9,2026-05-07 06:30:00+00:00,300,300,0,299,0,0,0,80,0,0,2026-05-07 06:30:00+00:00,2026-05-07 06:35:00+00:00,2026-05-07 06:35:00.568403+00:00,300,True,Up,1,True
0xa9c09b2fc026c80e37f195120ae477d6aea0df23e591efd74afb17697f435f4a,2026-05-07 07:45:00+00:00,300,300,0,299,0,0,4,0,0,0,2026-05-07 07:45:00+00:00,2026-05-07 07:50:00+00:00,2026-05-07 07:50:00.711550+00:00,300,True,Down,0,True
0x1bf7d760a6fd1b929b0d1fe8f57a5f5b155d6554f708cba18767c2fa29d91be5,2026-05-07 07:50:00+00:00,300,300,0,299,0,0,26,0,0,0,2026-05-07 07:50:00+00:00,2026-05-07 07:55:00+00:00,2026-05-07 07:55:00.517279+00:00,300,True,Down,0,True
0x03e5634d138c2a084e1c109b63efa04f421888bd5438aab559510dbdd6f53a1b,2026-05-07 07:55:00+00:00,300,300,0,299,0,0,0,45,0,0,2026-05-07 07:55:00+00:00,2026-05-07 08:00:00+00:00,2026-05-07 08:00:00.694263+00:00,300,True,Up,1,True
0xec156eabb9f613d69aa88fac92ab214195d9bd5c40eb6b09d7826f45dd2be7a0,2026-05-07 08:00:00+00:00,300,300,0,299,0,0,0,2,0,0,2026-05-07 08:00:00+00:00,2026-05-07 08:05:00+00:00,2026-05-07 08:05:00.629947+00:00,300,True,Up,1,True
0x40fec72afaaf06b8bac93f0ee3cef9c19667df801770d40f35e0133273d54da1,2026-05-07 08:05:00+00:00,300,300,0,299,0,0,0,23,0,0,2026-05-07 08:05:00+00:00,2026-05-07 08:10:00+00:00,2026-05-07 08:10:00.531754+00:00,300,True,Up,1,True
0xbe265bc0b90cad28bbe4c3dbb599ed0a967f2d69faa23073e8630ef084d859bb,2026-05-07 08:10:00+00:00,300,300,0,299,0,0,2,0,0,0,2026-05-07 08:10:00+00:00,2026-05-07 08:15:00+00:00,2026-05-07 08:15:00.691685+00:00,300,True,Down,0,True
0x547e39ce3f7d9b6502dd252a464faac5c6a0a83c12605398cb9af57a6d45c782,2026-05-07 08:30:00+00:00,300,300,0,299,0,0,10,0,0,0,2026-05-07 08:30:00+00:00,2026-05-07 08:35:00+00:00,2026-05-07 08:35:00.587416+00:00,300,True,Down,0,True
0x6050a4f8ac5d0dcc2c3657b954e21f55c367ea42badf0fe34121541032fd2baa,2026-05-07 08:35:00+00:00,300,300,0,299,0,0,3,0,0,0,2026-05-07 08:35:00+00:00,2026-05-07 08:40:00+00:00,2026-05-07 08:40:00.543567+00:00,300,True,Down,0,True
0x3dbf765efcf39b4dbf83e8c6e027242d59bdfbf30f5bc9e5d64b133bc5d56e73,2026-05-07 08:40:00+00:00,300,300,0,299,0,0,39,0,0,0,2026-05-07 08:40:00+00:00,2026-05-07 08:45:00+00:00,2026-05-07 08:45:00.598672+00:00,300,True,Down,0,True
0x6bed2d028b20a40650f565749b4039b4c6335d8bc036887886ca5b4f1a419fe2,2026-05-07 08:45:00+00:00,300,300,0,299,0,0,0,0,0,0,2026-05-07 08:45:00+00:00,2026-05-07 08:50:00+00:00,2026-05-07 08:50:00.549705+00:00,300,True,,0,True
0x47c21c10272f81c322fa2b93c66a3f512fa9bf3a9c242ce78915c0934c7059a5,2026-05-07 09:00:00+00:00,300,300,0,299,0,0,88,0,0,0,2026-05-07 09:00:00+00:00,2026-05-07 09:05:00+00:00,2026-05-07 09:05:00.504068+00:00,300,True,Down,0,True
0x5cf5217748171042eabbf8d75dd853acdf3a60b07b0f7ec396e5a7fb1b2123a5,2026-05-07 09:15:00+00:00,300,300,0,299,0,0,0,0,0,0,2026-05-07 09:15:00+00:00,2026-05-07 09:20:00+00:00,2026-05-07 09:20:00.605991+00:00,300,True,Up,1,True
0xf314f5838f8f555dc190e593e8299b981a369fc9091968e5c4423093262d0a97,2026-05-07 09:20:00+00:00,300,300,0,299,0,0,62,0,0,0,2026-05-07 09:20:00+00:00,2026-05-07 09:25:00+00:00,2026-05-07 09:25:00.452980+00:00,300,True,Down,0,True
0x5a0442b01eb5b4e0bd6801973f8d1d77c7e2f530eed9c884d8be576e1a59c468,2026-05-07 09:25:00+00:00,300,300,0,299,0,0,57,0,0,0,2026-05-07 09:25:00+00:00,2026-05-07 09:30:00+00:00,2026-05-07 09:30:00.500127+00:00,300,True,Down,0,True
0xecd2cba653d3f81821d5ed341048288abb030084aedb5c86fe14594dac0a3459,2026-05-07 10:25:00+00:00,300,300,0,299,0,0,98,0,0,0,2026-05-07 10:25:00+00:00,2026-05-07 10:30:00+00:00,2026-05-07 10:30:00.571277+00:00,300,True,Down,0,True
0xdf1e913918b0587b64a53e8ff2cd5c999568093a3b68dea087e20f4852aae2a6,2026-05-07 10:50:00+00:00,300,300,0,299,0,0,0,5,0,0,2026-05-07 10:50:00+00:00,2026-05-07 10:55:00+00:00,2026-05-07 10:55:00.521934+00:00,300,True,Up,1,True
0xe1a299c10584dae6b4413d5d6adadc2907d244dcf91408896b73a0405cfc6e5e,2026-05-07 10:55:00+00:00,300,300,0,299,0,0,0,0,0,0,2026-05-07 10:55:00+00:00,2026-05-07 11:00:00+00:00,2026-05-07 11:00:00.881500+00:00,300,True,,1,True
0x61d66fbc55036c50e071e9cd019fdb9e562b063055d76ac819ee2d65c6456cf6,2026-05-07 11:00:00+00:00,300,300,0,299,0,0,0,64,0,0,2026-05-07 11:00:00+00:00,2026-05-07 11:05:00+00:00,2026-05-07 11:05:00.553482+00:00,300,True,Up,1,True
0x23733e7e33630dda0313fbddd355823bc2a0ca5a5c80717b71869974e1f3e97d,2026-05-07 11:05:00+00:00,300,300,0,299,0,0,0,2,0,0,2026-05-07 11:05:00+00:00,2026-05-07 11:10:00+00:00,2026-05-07 11:10:00.483973+00:00,300,True,Up,1,True
0x1b149293bb36277adf5f27d1532396f98bd8deb944e956fb0558019f57fbdb8f,2026-05-07 11:10:00+00:00,300,300,0,299,0,0,16,0,0,0,2026-05-07 11:10:00+00:00,2026-05-07 11:15:00+00:00,2026-05-07 11:15:00.586382+00:00,300,True,Down,0,True
0x4c9bd966fc6543ee8afabf4bb2dad172a80b2acebde7f1e17f1a5dd743f2891c,2026-05-07 11:15:00+00:00,300,300,0,299,0,0,20,0,0,0,2026-05-07 11:15:00+00:00,2026-05-07 11:20:00+00:00,2026-05-07 11:20:00.573759+00:00,300,True,Down,0,True
0x57ea534e44c514befb974890585571f16102c0087cd3590225e46182870e9ffa,2026-05-07 11:20:00+00:00,300,300,0,299,0,0,0,47,0,0,2026-05-07 11:20:00+00:00,2026-05-07 11:25:00+00:00,2026-05-07 11:25:00.511623+00:00,300,True,Up,1,True
0x34d5bb0a719b92f2ddbcbaf317d02ab968155d9dee005f179d51018ecd0169df,2026-05-07 11:25:00+00:00,300,300,0,299,0,0,68,0,0,0,2026-05-07 11:25:00+00:00,2026-05-07 11:30:00+00:00,2026-05-07 11:30:00.538290+00:00,300,True,Down,0,True
0xe0efadc5babe484cfda5c805818766016c8f4b813e75d1440d4c04fdb1548b30,2026-05-07 11:30:00+00:00,300,300,0,299,0,0,0,42,0,0,2026-05-07 11:30:00+00:00,2026-05-07 11:35:00+00:00,2026-05-07 11:35:00.529218+00:00,300,True,Up,1,True
0x25db1625292c8054bd738430c82a3feb13c0d16c43f84d0df4a3eeae114fa404,2026-05-07 11:35:00+00:00,300,300,0,299,0,0,0,13,0,0,2026-05-07 11:35:00+00:00,2026-05-07 11:40:00+00:00,2026-05-07 11:40:00.552500+00:00,300,True,Up,1,True
0xccea4c19e6499c728b493fde30bf7221141777118fb9171cc0ef0d83dbc6df57,2026-05-07 11:40:00+00:00,300,300,0,299,0,0,0,0,0,0,2026-05-07 11:40:00+00:00,2026-05-07 11:45:00+00:00,2026-05-07 11:45:00.762274+00:00,300,True,,0,True
0x071f3750414f591a07d4ffb510af44f4bcdbe2f1c30d09ab86278b4378fb8c8d,2026-05-07 11:45:00+00:00,300,300,0,299,0,0,35,0,0,0,2026-05-07 11:45:00+00:00,2026-05-07 11:50:00+00:00,2026-05-07 11:50:00.530879+00:00,300,True,Down,0,True
0x1016efa9e6b2b319f4015be49469c463665abd358e67b05fb5a1733954a3469e,2026-05-07 11:50:00+00:00,300,300,0,299,0,0,5,0,0,0,2026-05-07 11:50:00+00:00,2026-05-07 11:55:00+00:00,2026-05-07 11:55:00.481828+00:00,300,True,Down,0,True
0xee853da00f96bbf6fa5f300c3cdc4d5279dc03ededc2a946177e7646dff52247,2026-05-07 11:55:00+00:00,300,300,0,299,0,0,0,2,0,0,2026-05-07 11:55:00+00:00,2026-05-07 12:00:00+00:00,2026-05-07 12:00:00.921113+00:00,300,True,Up,1,True
0x5482818d9fce9b608b39870bd5d14ed42faa3e2d74d4d72424c719e0c93af8e8,2026-05-07 12:00:00+00:00,300,300,0,299,0,0,0,82,0,0,2026-05-07 12:00:00+00:00,2026-05-07 12:05:00+00:00,2026-05-07 12:05:00.557958+00:00,300,True,Up,1,True
0x7fced984f2fc54c159f5ec690ad3dcbad760ead00c5061887b00fea0404216e3,2026-05-07 12:05:00+00:00,300,300,0,299,0,0,14,0,0,0,2026-05-07 12:05:00+00:00,2026-05-07 12:10:00+00:00,2026-05-07 12:10:00.545433+00:00,300,True,Down,0,True
0xf2e306d51387ae14946f3a3b41efa0d97cca57465d1dac68f23166f874cd0dbc,2026-05-07 12:20:00+00:00,300,300,0,299,0,0,0,2,0,0,2026-05-07 12:20:00+00:00,2026-05-07 12:25:00+00:00,2026-05-07 12:25:00.515248+00:00,300,True,Up,1,True
0x6581725f51d02ece8eb17439cc49581ddf3b73553cb704de6fa9872259bc161a,2026-05-07 12:25:00+00:00,300,300,0,299,0,0,0,18,0,0,2026-05-07 12:25:00+00:00,2026-05-07 12:30:00+00:00,2026-05-07 12:30:00.555428+00:00,300,True,Up,1,True
0xb43d2363ae052198d2d8b122dba4cbd20cf58620fef43db0d0fb42f43a8034d4,2026-05-07 12:35:00+00:00,300,300,0,299,0,0,0,3,0,0,2026-05-07 12:35:00+00:00,2026-05-07 12:40:00+00:00,2026-05-07 12:40:00.699571+00:00,300,True,Up,1,True
0xb0a7a3b4378661ed118d83b819486f4ceae3adfb9b7b80c876b07107a2f83839,2026-05-07 12:40:00+00:00,300,300,0,299,0,0,0,1,0,0,2026-05-07 12:40:00+00:00,2026-05-07 12:45:00+00:00,2026-05-07 12:45:00.717235+00:00,300,True,Up,1,True
0x2ba547291cb4f5fccf1b9a7444b5d17db0eda921653b44c06f3902221090d347,2026-05-07 12:45:00+00:00,300,300,0,299,0,0,3,0,0,0,2026-05-07 12:45:00+00:00,2026-05-07 12:50:00+00:00,2026-05-07 12:50:00.510599+00:00,300,True,Down,0,True
0x044df0acd2a09f39d65671d4336bcdcf5b91e0e4f667ff8e2af5afb50664d5b7,2026-05-07 12:50:00+00:00,300,300,0,299,0,0,0,82,0,0,2026-05-07 12:50:00+00:00,2026-05-07 12:55:00+00:00,2026-05-07 12:55:00.558681+00:00,300,True,Up,1,True
0xf88ff812e0382660a68cc8b1cbb9a596987cad54c1d6ac7867003dbf78953c72,2026-05-07 12:55:00+00:00,300,300,0,299,0,0,0,0,0,0,2026-05-07 12:55:00+00:00,2026-05-07 13:00:00+00:00,2026-05-07 13:00:00.793403+00:00,300,True,,1,True
0x5f40ea350818329b95611e49c34bf288e4e1c207eb743f74195afe0ccc68ce89,2026-05-07 13:00:00+00:00,300,300,0,299,0,0,33,0,0,0,2026-05-07 13:00:00+00:00,2026-05-07 13:05:00+00:00,2026-05-07 13:05:00.576109+00:00,300,True,Down,0,True
0x76809a5cb88c2bb26dab36257357accb2c235075eaad5b2d4fd6a2ebfbd72abe,2026-05-07 13:05:00+00:00,300,300,0,299,0,0,7,0,0,0,2026-05-07 13:05:00+00:00,2026-05-07 13:10:00+00:00,2026-05-07 13:10:00.506216+00:00,300,True,Down,0,True
0xb9e8187d06be8fba0f007e5839c494f438e8036d68d1d916723e5fbb3a1cafa4,2026-05-07 13:10:00+00:00,300,300,0,299,0,0,69,0,0,0,2026-05-07 13:10:00+00:00,2026-05-07 13:15:00+00:00,2026-05-07 13:15:00.563086+00:00,300,True,Down,0,True
0x8b00be84525eed58d037ed91dca740a0ba4572a8af368bd2dc22d162a5edd05b,2026-05-07 13:15:00+00:00,300,300,0,299,0,0,0,79,0,0,2026-05-07 13:15:00+00:00,2026-05-07 13:20:00+00:00,2026-05-07 13:20:00.557062+00:00,300,True,Up,1,True
0x18cb50fb172cf8ac9af49786c898c1ce7aa9c7e4184aa347335da98eb48b30d8,2026-05-07 13:25:00+00:00,300,300,0,299,0,0,137,0,0,0,2026-05-07 13:25:00+00:00,2026-05-07 13:30:00+00:00,2026-05-07 13:30:00.637176+00:00,300,True,Down,0,True
0xc684eb0cb0ae4a068a82010bad25e37633e7931aced1cbea942362c6b9a852de,2026-05-07 14:00:00+00:00,300,300,0,299,0,0,0,0,0,0,2026-05-07 14:00:00+00:00,2026-05-07 14:05:00+00:00,2026-05-07 14:05:00.592341+00:00,300,True,Down,0,True
0x7c977f506a8fdd92a0d984e6c426e4b060bd845ad916071fc24628c949ee910a,2026-05-07 14:05:00+00:00,300,300,0,299,0,0,0,22,0,0,2026-05-07 14:05:00+00:00,2026-05-07 14:10:00+00:00,2026-05-07 14:10:00.545584+00:00,300,True,Up,1,True
0xc80a648115514fa17ef95c30a640b4958b3de2b6dba0d7390714bdfd62206d48,2026-05-07 14:10:00+00:00,300,300,0,299,0,0,0,83,0,0,2026-05-07 14:10:00+00:00,2026-05-07 14:15:00+00:00,2026-05-07 14:15:00.580953+00:00,300,True,Up,1,True
0xeffc2bd6b176ad30adf6aaacd003b02b2773c05e225696b5e94adda74e25795c,2026-05-07 14:30:00+00:00,300,300,0,299,0,0,73,0,0,0,2026-05-07 14:30:00+00:00,2026-05-07 14:35:00+00:00,2026-05-07 14:35:00.529762+00:00,300,True,Down,0,True
0xd9a373c785e956b5ed4cb0cf7c0599f16f0cd743b816bde38f5a7ac56d2dc1b1,2026-05-07 14:45:00+00:00,300,300,0,299,0,0,0,16,0,0,2026-05-07 14:45:00+00:00,2026-05-07 14:50:00+00:00,2026-05-07 14:50:00.532291+00:00,300,True,Up,1,True
0x376eb489d95b2ab8a25e1c93ea35ad2cadaf01715b9cb64671e7ffd4118be965,2026-05-07 14:50:00+00:00,300,300,0,299,0,0,0,38,0,0,2026-05-07 14:50:00+00:00,2026-05-07 14:55:00+00:00,2026-05-07 14:55:00.628886+00:00,300,True,Up,1,True
0x1349c8750d7e396e6f1b1194d2bcdaabedb09b0a4835ee7c6165382af7d10082,2026-05-07 14:55:00+00:00,300,300,0,299,0,0,65,0,0,0,2026-05-07 14:55:00+00:00,2026-05-07 15:00:00+00:00,2026-05-07 15:00:00.660436+00:00,300,True,Down,0,True
0x81886cad7a7bafc5798f34d8ba0f10d4040e12e3f04f85d2f41dc653eab32d5f,2026-05-07 15:00:00+00:00,300,300,0,299,0,0,3,0,0,0,2026-05-07 15:00:00+00:00,2026-05-07 15:05:00+00:00,2026-05-07 15:05:00.904161+00:00,300,True,Down,0,True
0x8d29d595a22f4740cbebb705a0bffba5ec3cda7e649c0987eb8176c05ebb9927,2026-05-07 15:05:00+00:00,300,300,0,299,0,0,0,47,0,0,2026-05-07 15:05:00+00:00,2026-05-07 15:10:00+00:00,2026-05-07 15:10:00.516145+00:00,300,True,Up,1,True
0xedff81b4e3f741e33bb6ebbf44f387215e7c1ecf7f80fc8eeb2d984ed7c8e18b,2026-05-07 15:10:00+00:00,300,300,0,299,0,0,73,0,0,0,2026-05-07 15:10:00+00:00,2026-05-07 15:15:00+00:00,2026-05-07 15:15:00.649035+00:00,300,True,Down,0,True
0xaad1b0b722910e5f1623ce41b71076a297b4b0811c87ee7d2853dea3c312efa8,2026-05-07 15:20:00+00:00,300,300,0,299,0,0,60,0,0,0,2026-05-07 15:20:00+00:00,2026-05-07 15:25:00+00:00,2026-05-07 15:25:00.516951+00:00,300,True,Down,0,True
0x0e6451277c21a4602a47f811276ebd14d453799d719e67d1864898f213edb92e,2026-05-07 15:35:00+00:00,300,300,0,299,0,0,0,0,0,0,2026-05-07 15:35:00+00:00,2026-05-07 15:40:00+00:00,2026-05-07 15:40:00.462500+00:00,300,True,Down,0,True
0x7042c936c1e6b449aabe7f9a16e903d029ba2bacc8f7627ff5f809027b302c27,2026-05-07 15:40:00+00:00,300,300,0,299,0,0,0,1,0,0,2026-05-07 15:40:00+00:00,2026-05-07 15:45:00+00:00,2026-05-07 15:45:00.720301+00:00,300,True,Up,1,True
0x442bea9e4a5d1dc9b84bfb3760625ad5d3c40014f575613ec42d0aadf9434a0f,2026-05-07 15:45:00+00:00,300,300,0,299,0,0,0,35,0,0,2026-05-07 15:45:00+00:00,2026-05-07 15:50:00+00:00,2026-05-07 15:50:00.508688+00:00,300,True,Up,1,True
0x69ef0ad35040c18c36b990c936442941ea6c91fc66f5cbf576d376e8f25eb0c1,2026-05-07 15:50:00+00:00,300,300,0,299,0,0,2,0,0,0,2026-05-07 15:50:00+00:00,2026-05-07 15:55:00+00:00,2026-05-07 15:55:00.524309+00:00,300,True,Down,0,True
0x7107c2aaee453100c5a1d2556c19b982547ecd00dd6d3317d2a0ecc48fd1ede7,2026-05-07 15:55:00+00:00,300,300,0,299,0,0,74,0,0,0,2026-05-07 15:55:00+00:00,2026-05-07 16:00:00+00:00,2026-05-07 16:00:00.669896+00:00,300,True,Down,0,True
0x996a2daac46b1a5812f6231c9be4ea9603c3552363e84893250408f0ddbdd148,2026-05-07 16:00:00+00:00,300,300,0,299,0,0,3,0,0,0,2026-05-07 16:00:00+00:00,2026-05-07 16:05:00+00:00,2026-05-07 16:05:00.539232+00:00,300,True,Down,0,True
0x893cee0b90cc04bc84832b20a844804a8118145416e39c52cf0dfdf2dbc84a3d,2026-05-07 16:05:00+00:00,300,300,0,299,0,0,6,0,0,0,2026-05-07 16:05:00+00:00,2026-05-07 16:10:00+00:00,2026-05-07 16:10:00.560000+00:00,300,True,Down,0,True
0x16494dbc398a17933917ede35882b73b3b8089937ad8374ca51642cdf9eb87e8,2026-05-07 16:10:00+00:00,300,300,0,299,0,0,0,0,0,0,2026-05-07 16:10:00+00:00,2026-05-07 16:15:00+00:00,2026-05-07 16:15:00.543456+00:00,300,True,Down,0,True
0xcd816bb669cd66ab77c77cacf1772f613aa45afeef61c36fbe9a571d811d828e,2026-05-07 16:15:00+00:00,300,300,0,299,0,0,52,0,0,0,2026-05-07 16:15:00+00:00,2026-05-07 16:20:00+00:00,2026-05-07 16:20:00.583107+00:00,300,True,Down,0,True
0xbba2e9ce59c760b1cbcaced11343b24d740dcbfd899051e3a95e128328bad1b8,2026-05-07 16:35:00+00:00,300,300,0,299,0,0,84,0,0,0,2026-05-07 16:35:00+00:00,2026-05-07 16:40:00+00:00,2026-05-07 16:40:00.942719+00:00,300,True,Down,0,True
0x9a43e25b6b1429e506bb0377a8322a8d43b02706a7608ef014eb59729444052e,2026-05-07 16:45:00+00:00,300,300,0,299,0,0,0,3,0,0,2026-05-07 16:45:00+00:00,2026-05-07 16:50:00+00:00,2026-05-07 16:50:00.543717+00:00,300,True,Up,1,True
0x8ea42783f8c6a71efa5d54deb6c0f9918cf0b8e462c6aa58238879aa98c9b6fe,2026-05-07 16:50:00+00:00,300,300,0,299,0,0,9,0,0,0,2026-05-07 16:50:00+00:00,2026-05-07 16:55:00+00:00,2026-05-07 16:55:00.575321+00:00,300,True,Down,0,True
0xd3966198a9f8fb59e0506f67d3663065cde7d787c842e82892bbe6e903899ec1,2026-05-07 17:00:00+00:00,300,300,0,299,0,0,0,13,0,0,2026-05-07 17:00:00+00:00,2026-05-07 17:05:00+00:00,2026-05-07 17:05:00.550124+00:00,300,True,Up,1,True
0x78f8579415f58ddcf34f9351eda425a3253289ffcf923f809dcd30be0331a894,2026-05-07 17:05:00+00:00,300,300,0,299,0,0,0,23,0,0,2026-05-07 17:05:00+00:00,2026-05-07 17:10:00+00:00,2026-05-07 17:10:01.471357+00:00,300,True,Up,1,True
0x79a5a97435c1da5133812c6bff4bfcf9ef0f4137fb1a1224f3b42b47cd5b964b,2026-05-07 17:10:00+00:00,300,300,0,299,0,0,0,11,0,0,2026-05-07 17:10:00+00:00,2026-05-07 17:15:00+00:00,2026-05-07 17:15:00.612477+00:00,300,True,Up,1,True
0xf3bfeee38647c940a540185ac8112d673893f50323a433889ff369fa9cf27da2,2026-05-07 17:15:00+00:00,300,300,0,299,0,0,87,0,0,0,2026-05-07 17:15:00+00:00,2026-05-07 17:20:00+00:00,2026-05-07 17:20:00.703028+00:00,300,True,Down,0,True
0x82090e0927b6622893edde892ea13ea09c54973ac7fe6e6b28e92d090128022a,2026-05-07 17:20:00+00:00,300,300,0,299,0,0,0,88,0,0,2026-05-07 17:20:00+00:00,2026-05-07 17:25:00+00:00,2026-05-07 17:25:00.529679+00:00,300,True,Up,1,True
0x4ae067bcae10bbe6e4e835004a4873adc08d35145dde2067dfbcc8aee452e803,2026-05-07 17:35:00+00:00,300,300,0,299,0,0,0,37,0,0,2026-05-07 17:35:00+00:00,2026-05-07 17:40:00+00:00,2026-05-07 17:40:00.570327+00:00,300,True,Up,1,True
0x8ded5f2909267a5bd9f8c43daccc53c235d5944182a9997e7c01ef65ce1610c7,2026-05-07 17:40:00+00:00,300,300,0,299,0,0,0,1,0,0,2026-05-07 17:40:00+00:00,2026-05-07 17:45:00+00:00,2026-05-07 17:45:00.574942+00:00,300,True,Up,1,True
0x2c139db914c7695076d21bd92a3782ca48ff2ac20fd29ba0e84db7302cf25e1e,2026-05-07 17:45:00+00:00,300,300,0,299,0,0,1,0,0,0,2026-05-07 17:45:00+00:00,2026-05-07 17:50:00+00:00,2026-05-07 17:50:00.528329+00:00,300,True,Down,0,True
0xdaa4c82aff9a77a2cb51cc0cc82f52db297da5d09edbadfde5fea6332e20e57c,2026-05-07 17:50:00+00:00,300,300,0,299,0,0,0,42,0,0,2026-05-07 17:50:00+00:00,2026-05-07 17:55:00+00:00,2026-05-07 17:55:00.561900+00:00,300,True,Up,1,True
0x99803e40d32e7ee5b50c767c8eb5c8a3dfd0eac9a1891d9f1095143548577fdc,2026-05-07 17:55:00+00:00,300,300,0,299,0,0,0,97,0,0,2026-05-07 17:55:00+00:00,2026-05-07 18:00:00+00:00,2026-05-07 18:00:00.632345+00:00,300,True,Up,1,True
0xa30844ac14e281a5f0dd1225d4ba623be003f55e7ba941a7f2eaf87c21782115,2026-05-07 18:50:00+00:00,300,300,0,299,0,0,0,13,0,0,2026-05-07 18:50:00+00:00,2026-05-07 18:55:00+00:00,2026-05-07 18:55:00.475062+00:00,300,True,Up,1,True
0x39a19df72e622ddd7c1eb321a4b8561ed79720f9fba6d11f5c10a44b4a3df8f4,2026-05-07 18:55:00+00:00,300,300,0,299,0,0,0,16,0,0,2026-05-07 18:55:00+00:00,2026-05-07 19:00:00+00:00,2026-05-07 19:00:00.647322+00:00,300,True,Up,1,True
0x84adbe134e4a40f298dcf800afedcf6ecd4878f0deb142a110b3ed4d802e36be,2026-05-07 19:05:00+00:00,300,300,0,299,0,0,0,2,0,0,2026-05-07 19:05:00+00:00,2026-05-07 19:10:00+00:00,2026-05-07 19:10:00.568511+00:00,300,True,Up,1,True
0x785d674f3df43f8edb2603f8e38057f33698578e487c55973591146d0eac7c03,2026-05-07 19:10:00+00:00,300,300,0,299,0,0,0,48,0,0,2026-05-07 19:10:00+00:00,2026-05-07 19:15:00+00:00,2026-05-07 19:15:00.548106+00:00,300,True,Up,1,True
0xe744ce101305903ef77326ae89abfedbfb103ad6403527945f1f3353c53a731b,2026-05-07 19:15:00+00:00,300,300,0,299,0,0,63,0,0,0,2026-05-07 19:15:00+00:00,2026-05-07 19:20:00+00:00,2026-05-07 19:20:00.651543+00:00,300,True,Down,0,True
0x26634fc517d9beaaefcd568a9b985e58a9bd97732853d1a7eb55cb74883bc762,2026-05-07 19:20:00+00:00,300,300,0,299,0,0,17,0,0,0,2026-05-07 19:20:00+00:00,2026-05-07 19:25:00+00:00,2026-05-07 19:25:00.526455+00:00,300,True,Down,0,True
0x346da2e3c21e6ca6eaaec112cf0f2b854cd3d2be64d01b2608583bdfeb6a07e6,2026-05-07 19:25:00+00:00,300,300,0,299,0,0,0,0,0,0,2026-05-07 19:25:00+00:00,2026-05-07 19:30:00+00:00,2026-05-07 19:30:00.623667+00:00,300,True,,1,True
0xf8809e7898726203a40257a7b439fb31b8882550d8a063714a716cb90c0ee538,2026-05-07 19:30:00+00:00,300,300,0,299,0,0,0,54,0,0,2026-05-07 19:30:00+00:00,2026-05-07 19:35:00+00:00,2026-05-07 19:35:00.552977+00:00,300,True,Up,1,True
0xe3f63d343d8846e42adc42c2045a085075c89bb2dc2dc8075aee2d2545de6041,2026-05-07 19:35:00+00:00,300,300,0,299,0,0,0,90,0,0,2026-05-07 19:35:00+00:00,2026-05-07 19:40:00+00:00,2026-05-07 19:40:00.606367+00:00,300,True,Up,1,True
0x6e4202992b160320a902e66e8280ea33883fa7424d55829e9d60dbe48a7b2087,2026-05-07 19:45:00+00:00,300,300,0,299,0,0,0,0,0,0,2026-05-07 19:45:00+00:00,2026-05-07 19:50:00+00:00,2026-05-07 19:50:00.569052+00:00,300,True,Up,1,True
0x534244bc6bc05b2d0b76e06f236a7627362342b94a9fdc8b176dce0e634c6661,2026-05-07 19:50:00+00:00,300,300,0,299,0,0,21,0,0,0,2026-05-07 19:50:00+00:00,2026-05-07 19:55:00+00:00,2026-05-07 19:55:00.477807+00:00,300,True,Down,0,True
0x04af90069e385b7f4a98cf1efa442c9ff45587dd40679d16dc7c3900bfb59c8b,2026-05-07 19:55:00+00:00,300,300,0,299,0,0,0,30,0,0,2026-05-07 19:55:00+00:00,2026-05-07 20:00:00+00:00,2026-05-07 20:00:00.721168+00:00,300,True,Up,1,True
0xe7124b6e1c4d68c145af9a061d0c555014298f14498fe05e6300adfc68ae81a4,2026-05-07 20:00:00+00:00,300,300,0,299,0,0,0,60,0,0,2026-05-07 20:00:00+00:00,2026-05-07 20:05:00+00:00,2026-05-07 20:05:00.542398+00:00,300,True,Up,1,True
0x82e11ff5d34bbac7b970cc1572fa62fb408f189dfca5b40e51f30fd9fcc63d84,2026-05-07 20:10:00+00:00,300,300,0,299,0,0,32,0,0,0,2026-05-07 20:10:00+00:00,2026-05-07 20:15:00+00:00,2026-05-07 20:15:00.552598+00:00,300,True,Down,0,True
0x7f05b1850a3203f3ae3b2b65206f54427737011a58fd25585a660d7196fbfe30,2026-05-07 20:15:00+00:00,300,300,0,299,0,0,3,0,0,0,2026-05-07 20:15:00+00:00,2026-05-07 20:20:00+00:00,2026-05-07 20:20:00.765243+00:00,300,True,Down,0,True
0x644f25483243ef985f31dcc52b922c8afd3b67d708243efa2167947c090fa80b,2026-05-07 20:20:00+00:00,300,300,0,299,0,0,0,28,0,0,2026-05-07 20:20:00+00:00,2026-05-07 20:25:00+00:00,2026-05-07 20:25:00.540875+00:00,300,True,Up,1,True
0xf25df44f18648677df7747ffdcfec4fad7898b4ddb7bfc931782a814366db132,2026-05-07 20:30:00+00:00,300,300,0,299,0,0,53,0,0,0,2026-05-07 20:30:00+00:00,2026-05-07 20:35:00+00:00,2026-05-07 20:35:00.602469+00:00,300,True,Down,0,True
0xab03810d844ad853241b39c0dcdd626cc808854b555ef7c3c5de2b11f07d7e39,2026-05-07 20:35:00+00:00,300,300,0,299,0,0,44,0,0,0,2026-05-07 20:35:00+00:00,2026-05-07 20:40:00+00:00,2026-05-07 20:40:00.621703+00:00,300,True,Down,0,True
0x9239243072988afdf96ba7a535094e361a43094cb403f2c276b77c6a8a4e05d3,2026-05-07 20:40:00+00:00,300,300,0,299,0,0,0,10,0,0,2026-05-07 20:40:00+00:00,2026-05-07 20:45:00+00:00,2026-05-07 20:45:00.741004+00:00,300,True,Up,1,True
0xd87711578651e3e4acfbf0defc4e8c40e009700b32f1c88eb992285316a6f0d0,2026-05-07 20:45:00+00:00,300,300,0,299,0,0,0,15,0,0,2026-05-07 20:45:00+00:00,2026-05-07 20:50:00+00:00,2026-05-07 20:50:00.538806+00:00,300,True,Up,1,True
0x8c194872fa31ffa6d97cd3956e486ea82149fccaef20fc0c215ca9e39d959179,2026-05-07 20:50:00+00:00,300,300,0,299,0,0,27,0,0,0,2026-05-07 20:50:00+00:00,2026-05-07 20:55:00+00:00,2026-05-07 20:55:00.702617+00:00,300,True,Down,0,True
0xe970b6a2d2420f65096976eaf284989f92d86ca5b3068df4044346bd15204248,2026-05-07 21:20:00+00:00,300,300,0,299,0,0,0,1,0,0,2026-05-07 21:20:00+00:00,2026-05-07 21:25:00+00:00,2026-05-07 21:25:00.455434+00:00,300,True,Up,1,True
0x3a1491290829720da092d26a6355564b08ceddce901121e29aca178eef8434d3,2026-05-07 21:25:00+00:00,300,300,0,299,0,0,0,30,0,0,2026-05-07 21:25:00+00:00,2026-05-07 21:30:00+00:00,2026-05-07 21:30:00.542463+00:00,300,True,Up,1,True
0xc0fed58452cadfb3f344d773376832da370b00c4dbb07acced573a34ee01f6fc,2026-05-07 21:30:00+00:00,300,300,0,299,0,0,2,0,0,0,2026-05-07 21:30:00+00:00,2026-05-07 21:35:00+00:00,2026-05-07 21:35:00.525750+00:00,300,True,Down,0,True
0x3c0a5a5f856e852bbfd6e6d636f51c2251ae5825c7e0b0598ce8f8d31244495b,2026-05-07 21:35:00+00:00,300,300,0,299,0,0,7,0,0,0,2026-05-07 21:35:00+00:00,2026-05-07 21:40:00+00:00,2026-05-07 21:40:00.793614+00:00,300,True,Down,0,True
0x2feecc0f565354000ac1526f02a1da4c0844245987774720f6ca3eb87d15dc71,2026-05-07 21:40:00+00:00,300,300,0,299,0,0,35,0,0,0,2026-05-07 21:40:00+00:00,2026-05-07 21:45:00+00:00,2026-05-07 21:45:00.606890+00:00,300,True,Down,0,True
0x9535979a83fdc1c9c7b8e6758fc843182918d81b0dcba1aa0c378107998262e9,2026-05-07 21:55:00+00:00,300,300,0,299,0,0,11,0,0,0,2026-05-07 21:55:00+00:00,2026-05-07 22:00:00+00:00,2026-05-07 22:00:00.641855+00:00,300,True,Down,0,True
0x40ee75f8dd93b6fcd42089d73e850a80a2cf39eb0b3bf5761951af863afd8360,2026-05-07 22:00:00+00:00,300,300,0,299,0,0,3,0,0,0,2026-05-07 22:00:00+00:00,2026-05-07 22:05:00+00:00,2026-05-07 22:05:00.480760+00:00,300,True,Down,0,True
0x5204df9c7dd3854000739ca6442225244164c071ee19d528c6b896888ab56ef0,2026-05-07 22:10:00+00:00,300,300,0,299,0,0,0,133,0,0,2026-05-07 22:10:00+00:00,2026-05-07 22:15:00+00:00,2026-05-07 22:15:00.602960+00:00,300,True,Up,1,True
0x72b4b13a451bb569a2c316ea02e5610943d2163a6301985210e35c8d679d803a,2026-05-07 22:15:00+00:00,300,300,0,299,0,0,0,38,0,0,2026-05-07 22:15:00+00:00,2026-05-07 22:20:00+00:00,2026-05-07 22:20:00.591291+00:00,300,True,Up,1,True
0x7454b4b942cfde752f36c6f356403b064e08da5e895fe73cb449e9f75b058064,2026-05-07 22:25:00+00:00,300,300,0,299,0,0,13,0,0,0,2026-05-07 22:25:00+00:00,2026-05-07 22:30:00+00:00,2026-05-07 22:30:00.584664+00:00,300,True,Down,0,True
0xba2f9e5c1354255b5f0e50e48bbf0fafea671ded8377bbba264f44908909de2e,2026-05-07 22:30:00+00:00,300,300,0,299,0,0,32,0,0,0,2026-05-07 22:30:00+00:00,2026-05-07 22:35:00+00:00,2026-05-07 22:35:00.496690+00:00,300,True,Down,0,True
0xde7d5b615b80a85081e7a7a2d2414389db058c1f2a823d1e1e04879f32fd4aab,2026-05-07 22:35:00+00:00,300,300,0,299,0,0,0,61,0,0,2026-05-07 22:35:00+00:00,2026-05-07 22:40:00+00:00,2026-05-07 22:40:00.549409+00:00,300,True,Up,1,True
0x1da2e794f87f86e7d3707499ed67f044630ef1c31dd3ab05ddb7dab50626fa5b,2026-05-07 22:45:00+00:00,300,300,0,299,0,0,0,37,0,0,2026-05-07 22:45:00+00:00,2026-05-07 22:50:00+00:00,2026-05-07 22:50:00.515931+00:00,300,True,Up,1,True
0xdf43f9fd0754ffaef60759344c44e1783b9ff19603794e27352d89a4f3df731c,2026-05-07 22:50:00+00:00,300,300,0,299,0,0,0,41,0,0,2026-05-07 22:50:00+00:00,2026-05-07 22:55:00+00:00,2026-05-07 22:55:00.539724+00:00,300,True,Up,1,True
0x0c8a906a9e92f28df7ec1e7f15b07fe5a8d6f92a173b55edf425eaa274712c0a,2026-05-07 23:00:00+00:00,300,300,0,299,0,0,0,23,0,0,2026-05-07 23:00:00+00:00,2026-05-07 23:05:00+00:00,2026-05-07 23:05:00.524296+00:00,300,True,Up,1,True
0xac751ba55dfceb0d85f5b6591b6458fa6fcd077bf9274182c6342e8c8ee25f54,2026-05-07 23:05:00+00:00,300,300,0,299,0,0,0,18,0,0,2026-05-07 23:05:00+00:00,2026-05-07 23:10:00+00:00,2026-05-07 23:10:00.468894+00:00,300,True,Up,1,True
0xc857af6f025f919ff89c9628535888b59800384a6ff4148a5deb81c5d34f8152,2026-05-07 23:10:00+00:00,300,300,0,299,0,0,36,0,0,0,2026-05-07 23:10:00+00:00,2026-05-07 23:15:00+00:00,2026-05-07 23:15:00.583280+00:00,300,True,Down,0,True
0x535b4171c49f19c2b3616d8d13706a776022f9a93021f14e055ae6e892ec438c,2026-05-07 23:25:00+00:00,300,300,0,299,0,0,0,6,0,0,2026-05-07 23:25:00+00:00,2026-05-07 23:30:00+00:00,2026-05-07 23:30:00.679824+00:00,300,True,Up,1,True
0xb6f7810ca313b81f6bc8b77cb120afd89ea657f663266fcec36a38807812707c,2026-05-07 23:30:00+00:00,300,300,0,299,0,0,22,0,0,0,2026-05-07 23:30:00+00:00,2026-05-07 23:35:00+00:00,2026-05-07 23:35:00.506578+00:00,300,True,Down,0,True
0x2a1810d4874ac407a285d3ba732fa4db2d82572c9e39f28f24e08b048d9d19de,2026-05-07 23:35:00+00:00,300,300,0,299,0,0,0,92,0,0,2026-05-07 23:35:00+00:00,2026-05-07 23:40:00+00:00,2026-05-07 23:40:00.586895+00:00,300,True,Up,1,True
0x3fcd23470eca451a054a55d2894fbe680be9c738cde5ee764c6a8f301ccc17cd,2026-05-07 23:40:00+00:00,300,300,0,299,0,0,0,14,0,0,2026-05-07 23:40:00+00:00,2026-05-07 23:45:00+00:00,2026-05-07 23:45:00.730840+00:00,300,True,Up,1,True
0x2021bf61b26401adf3afd6d4be2a5fc298f30fcfcecca85fe2789bf51883cefe,2026-05-07 23:45:00+00:00,300,300,0,299,0,0,0,6,0,0,2026-05-07 23:45:00+00:00,2026-05-07 23:50:00+00:00,2026-05-07 23:50:00.532336+00:00,300,True,Up,1,True
0xb7207ddbb085d0983a17911f60dccd42bb9dd6a26d96ccf3d82acf5d0f83d951,2026-05-08 00:00:00+00:00,300,300,0,299,0,0,0,21,0,0,2026-05-08 00:00:00+00:00,2026-05-08 00:05:00+00:00,2026-05-08 00:05:00.553486+00:00,300,True,Up,1,True
0x5ac31fc4129b91860dd683a2cf9f90a075d7f40d93f1bc95baf7cdfd4a68a5e8,2026-05-08 00:05:00+00:00,300,300,0,299,0,0,0,31,0,0,2026-05-08 00:05:00+00:00,2026-05-08 00:10:00+00:00,2026-05-08 00:10:00.514580+00:00,300,True,Up,1,True
0xecb46f452745e965e84494ad5a284e88858fa21bb2f65872651f72f335f4d08c,2026-05-08 00:10:00+00:00,300,300,0,299,0,0,0,3,0,0,2026-05-08 00:10:00+00:00,2026-05-08 00:15:00+00:00,2026-05-08 00:15:00.545076+00:00,300,True,Up,1,True
0x55a72ec85711b9a828cb04245c6b49a084da887cc1e4ecd2ec20370af570bb6f,2026-05-08 00:15:00+00:00,300,300,0,299,0,0,0,0,0,0,2026-05-08 00:15:00+00:00,2026-05-08 00:20:00+00:00,2026-05-08 00:20:00.805612+00:00,300,True,,1,True
0x89913e8e8d9c32e5cf01010503a87c7626820482dbb14f52f84526e0c3d0b746,2026-05-08 00:35:00+00:00,300,300,0,299,0,0,53,0,0,0,2026-05-08 00:35:00+00:00,2026-05-08 00:40:00+00:00,2026-05-08 00:40:00.591961+00:00,300,True,Down,0,True
0xd33bf77a94e4c8bab88356d30c9db9a5d543dd8cab618509f22354ffc60d5222,2026-05-08 00:45:00+00:00,300,300,0,299,0,0,36,0,0,0,2026-05-08 00:45:00+00:00,2026-05-08 00:50:00+00:00,2026-05-08 00:50:00.506682+00:00,300,True,Down,0,True
0x568d0ceb41f9470d945b6ca8c244a12c6665134139484ed2584e5c3fdc9b7728,2026-05-08 01:25:00+00:00,300,300,0,299,0,0,0,15,0,0,2026-05-08 01:25:00+00:00,2026-05-08 01:30:00+00:00,2026-05-08 01:30:00.668688+00:00,300,True,Up,1,True
0x902b19865009751d7d8c8cea50552d87ff3d1a7c022d2345b0fdf308340dcc80,2026-05-08 01:30:00+00:00,300,300,0,299,0,0,0,22,0,0,2026-05-08 01:30:00+00:00,2026-05-08 01:35:00+00:00,2026-05-08 01:35:00.528546+00:00,300,True,Up,1,True
0x1587ee233e3c926209cc5c4f888f34c96c9c7f7c1448d17989d3b7a79c1cdf32,2026-05-08 01:35:00+00:00,300,300,0,299,0,0,0,0,0,0,2026-05-08 01:35:00+00:00,2026-05-08 01:40:00+00:00,2026-05-08 01:40:00.486046+00:00,300,True,,1,True
0xad4ca76b5f1d030e7ca8c438a149b7508ae86438c9c75bdaa98ebb19a3e26d56,2026-05-08 01:40:00+00:00,300,300,0,299,0,0,3,0,0,0,2026-05-08 01:40:00+00:00,2026-05-08 01:45:00+00:00,2026-05-08 01:45:00.625210+00:00,300,True,Down,0,True
0xe9d4ac174afdde192d0bcda4331ebeb1e205bfe526600bfe4de06dffdbe04738,2026-05-08 02:30:00+00:00,300,300,0,299,0,0,0,84,0,0,2026-05-08 02:30:00+00:00,2026-05-08 02:35:00+00:00,2026-05-08 02:35:00.496026+00:00,300,True,Up,1,True
0x15dd5fd9ea8d4813d263b034439c08e924f4736efd07186619069098b6e2ffbe,2026-05-08 02:35:00+00:00,300,300,0,299,0,0,41,0,0,0,2026-05-08 02:35:00+00:00,2026-05-08 02:40:00+00:00,2026-05-08 02:40:00.523955+00:00,300,True,Down,0,True
0xc88e1d53a7cbb7856322e010b2cb7589412ea97fb29d2bb518de37c25dc8cff0,2026-05-08 02:55:00+00:00,300,300,0,299,0,0,17,0,0,0,2026-05-08 02:55:00+00:00,2026-05-08 03:00:00+00:00,2026-05-08 03:00:00.965487+00:00,300,True,Down,0,True
0x81b521550ee2d10d10d8f59e4d1530b633274f2019b667583cace396a7a36af0,2026-05-08 03:15:00+00:00,300,300,0,299,0,0,0,33,0,0,2026-05-08 03:15:00+00:00,2026-05-08 03:20:00+00:00,2026-05-08 03:20:00.481286+00:00,300,True,Up,1,True
0xafd8942c0a25964db6000508283a7c61035fd5fd2bf483a9cfe02bae6e49e43a,2026-05-08 03:20:00+00:00,300,300,0,299,0,0,0,3,0,0,2026-05-08 03:20:00+00:00,2026-05-08 03:25:00+00:00,2026-05-08 03:25:00.505464+00:00,300,True,Up,1,True
0x7f7b689ca1a863a7f47fb618690e89daf211d6f1021ab1aa157b6a73b4b859db,2026-05-08 03:25:00+00:00,300,300,0,299,0,0,1,0,0,0,2026-05-08 03:25:00+00:00,2026-05-08 03:30:00+00:00,2026-05-08 03:30:00.551946+00:00,300,True,Down,0,True
0x7c7641a8f6d277f42fa3afdb5fd7f6cc2091d0e6ab9f29791895f0876764ee98,2026-05-08 03:30:00+00:00,300,300,0,299,0,0,0,6,0,0,2026-05-08 03:30:00+00:00,2026-05-08 03:35:00+00:00,2026-05-08 03:35:00.623918+00:00,300,True,Up,1,True
0xe8e96ceaf5af3d15933bd2e511febba5dff40ca95d5eb139d5d9df96b162864d,2026-05-08 03:35:00+00:00,300,300,0,299,0,0,1,0,0,0,2026-05-08 03:35:00+00:00,2026-05-08 03:40:00+00:00,2026-05-08 03:40:00.566068+00:00,300,True,Down,0,True
0x4491750b5d9e5ebb4f23fb20a698fcccd2515667ca000be62fc1d3b7992d18c0,2026-05-08 03:40:00+00:00,300,300,0,299,0,0,0,20,0,0,2026-05-08 03:40:00+00:00,2026-05-08 03:45:00+00:00,2026-05-08 03:45:00.726338+00:00,300,True,Up,1,True
0x12f2fdf4fdfdc2fd9684a14e161f801993cff342946446b6f564f52d47542f7a,2026-05-08 03:45:00+00:00,300,300,0,299,0,0,14,0,0,0,2026-05-08 03:45:00+00:00,2026-05-08 03:50:00+00:00,2026-05-08 03:50:00.450488+00:00,300,True,Down,0,True
0x257ecda74d72c4cb185585b142a6da852db6523c2d3af1fbc5253793201712de,2026-05-08 03:50:00+00:00,300,300,0,299,0,0,0,1,0,0,2026-05-08 03:50:00+00:00,2026-05-08 03:55:00+00:00,2026-05-08 03:55:00.604446+00:00,300,True,Up,1,True
0xe31eba100593241bbff4489d206969120f8cbaae5bc8915abaa1a718103e9727,2026-05-08 03:55:00+00:00,300,300,0,299,0,0,3,0,0,0,2026-05-08 03:55:00+00:00,2026-05-08 04:00:00+00:00,2026-05-08 04:00:00.928930+00:00,300,True,Down,0,True
0xdf45f06ebffb45e256109d4df675cf1ade8d6fee50a63aac3449369b64e84f30,2026-05-08 04:10:00+00:00,300,300,0,299,0,0,0,12,0,0,2026-05-08 04:10:00+00:00,2026-05-08 04:15:00+00:00,2026-05-08 04:15:00.625092+00:00,300,True,Up,1,True
0x28293caf553ee0d4aa44d39b71deb7a325b2e463107d1118c71cf9e29d27a18c,2026-05-08 04:15:00+00:00,300,300,0,299,0,0,0,0,0,0,2026-05-08 04:15:00+00:00,2026-05-08 04:20:00+00:00,2026-05-08 04:20:00.493677+00:00,300,True,,1,True
0xbc62f6545ab60b847c63e501a3fc487a4b9bbe189c72a4cb08d8c9bfe7ffdfea,2026-05-08 04:20:00+00:00,300,300,0,299,0,0,2,0,0,0,2026-05-08 04:20:00+00:00,2026-05-08 04:25:00+00:00,2026-05-08 04:25:00.444405+00:00,300,True,Down,0,True
0x00001032adc2a18f836a38d7da2ffc1d81cbcf44f9a8b33c9c941fd0a07e2914,2026-05-08 04:25:00+00:00,300,300,0,299,0,0,0,2,0,0,2026-05-08 04:25:00+00:00,2026-05-08 04:30:00+00:00,2026-05-08 04:30:00.645919+00:00,300,True,Up,1,True
0xb71f3df9d00fd61a45632063d06e5fd093f0b865d3073d9e77e749b98312ccef,2026-05-08 04:30:00+00:00,300,300,0,299,0,0,33,0,0,0,2026-05-08 04:30:00+00:00,2026-05-08 04:35:00+00:00,2026-05-08 04:35:00.543312+00:00,300,True,Down,0,True
0x2020d36de4bc187afdf251a3c3af860d7e4eb9d0ac6d024cc26640db5e6d017f,2026-05-08 04:40:00+00:00,300,300,0,299,0,0,45,0,0,0,2026-05-08 04:40:00+00:00,2026-05-08 04:45:00+00:00,2026-05-08 04:45:00.502228+00:00,300,True,Down,0,True
0xcc019d09df817c1c5af3ee1fb850e808cea7af55dbc885660d3639847fb533b6,2026-05-08 04:55:00+00:00,300,300,0,299,0,0,1,0,0,0,2026-05-08 04:55:00+00:00,2026-05-08 05:00:00+00:00,2026-05-08 05:00:00.654351+00:00,300,True,Down,0,True
0xd6d6c44665725ed817cc938006c65ff5c65e18c4d509defe27f3a78848ba54c5,2026-05-08 05:00:00+00:00,300,300,0,299,0,0,14,0,0,0,2026-05-08 05:00:00+00:00,2026-05-08 05:05:00+00:00,2026-05-08 05:05:00.702082+00:00,300,True,,0,True
0x6af100df983c2ee10bd8ca63cca199daea362291ba29eb6ca8e9c8d70b5cf03b,2026-05-08 05:10:00+00:00,300,300,0,299,0,0,0,0,0,0,2026-05-08 05:10:00+00:00,2026-05-08 05:15:00+00:00,2026-05-08 05:15:00.553699+00:00,300,True,,1,True
0x8747101d0ac00e834cb5b4525c45c4017cefe73e986be059e66b46a8f82fc29c,2026-05-08 05:20:00+00:00,300,300,0,299,0,0,0,0,0,0,2026-05-08 05:20:00+00:00,2026-05-08 05:25:00+00:00,2026-05-08 05:25:00.571560+00:00,300,True,Up,1,True
0xe19426cbed3356419040a625b3fc9c64f179e64e4ef00f0ec04b4793572bcc5b,2026-05-08 05:25:00+00:00,300,300,0,299,0,0,0,1,0,0,2026-05-08 05:25:00+00:00,2026-05-08 05:30:00+00:00,2026-05-08 05:30:00.609170+00:00,300,True,Up,1,True
0x8577e5318e7a275ce9835248e33f47b023c2a3a1b9149d526b1a400a963e43b9,2026-05-08 05:30:00+00:00,300,300,0,299,0,0,0,53,0,0,2026-05-08 05:30:00+00:00,2026-05-08 05:35:00+00:00,2026-05-08 05:35:00.597501+00:00,300,True,Up,1,True
0x9ead105142e672ff955b8517915c1241d0b370974c7baa6ace49521fa98b1a69,2026-05-08 05:35:00+00:00,300,300,0,299,0,0,0,7,0,0,2026-05-08 05:35:00+00:00,2026-05-08 05:40:00+00:00,2026-05-08 05:40:00.592762+00:00,300,True,Up,1,True
0x41062702542e20f4630a1b72db9d4f2c3767e83159641a7a0d05ef0e713e086a,2026-05-08 05:40:00+00:00,300,300,0,299,0,0,0,10,0,0,2026-05-08 05:40:00+00:00,2026-05-08 05:45:00+00:00,2026-05-08 05:45:00.726259+00:00,300,True,Up,1,True
0xc1d6097d71defbe463fce9d71954cc339367d8ab77484c517e5cd18d85e02704,2026-05-08 05:55:00+00:00,300,300,0,299,0,0,33,0,0,0,2026-05-08 05:55:00+00:00,2026-05-08 06:00:00+00:00,2026-05-08 06:00:00.853943+00:00,300,True,Down,0,True
0x09dfe1486e490f6fcf8047503dbb90a66f64bd063b0487253eaa54ef316354b3,2026-05-08 06:00:00+00:00,300,300,0,299,0,0,9,0,0,0,2026-05-08 06:00:00+00:00,2026-05-08 06:05:00+00:00,2026-05-08 06:05:00.585700+00:00,300,True,Down,0,True
0x21b3a83c7a43acf984d342975d5e68f832d1979f60b71b5cd342b65e2b6b86eb,2026-05-08 06:15:00+00:00,300,300,0,299,0,0,0,0,0,0,2026-05-08 06:15:00+00:00,2026-05-08 06:20:00+00:00,2026-05-08 06:20:00.558816+00:00,300,True,,1,True
0xb9c33d172b1a86f1c92011467fa7c69ec82fd79ac6e952dee0a50866c5cfa7fe,2026-05-08 06:20:00+00:00,300,300,0,299,0,0,8,0,0,0,2026-05-08 06:20:00+00:00,2026-05-08 06:25:00+00:00,2026-05-08 06:25:00.474773+00:00,300,True,Down,0,True
0x46f2a45d258ca204bbebe12b95294a664a1994dcbd6984f5d7921cde95b1c626,2026-05-08 06:25:00+00:00,300,300,0,299,0,0,2,0,0,0,2026-05-08 06:25:00+00:00,2026-05-08 06:30:00+00:00,2026-05-08 06:30:00.596009+00:00,300,True,Down,0,True
0x16f65f243f41aaf8af00a1f97f1358133c4f428b5742671fe2650a4e226e014d,2026-05-08 06:30:00+00:00,300,300,0,299,0,0,60,0,0,0,2026-05-08 06:30:00+00:00,2026-05-08 06:35:00+00:00,2026-05-08 06:35:00.550968+00:00,300,True,Down,0,True
0xcbb6bf65681ccec10abbd7f6db2ed92c72a0f3d085e46eb56639dcd81656b02d,2026-05-08 06:35:00+00:00,300,300,0,299,0,0,0,27,0,0,2026-05-08 06:35:00+00:00,2026-05-08 06:40:00+00:00,2026-05-08 06:40:00.568505+00:00,300,True,Up,1,True
0xcb1cc1a81f42c1ba0a9e6da375723588218b230f662b9c9dcab55fdca6977a53,2026-05-08 06:45:00+00:00,300,300,0,299,0,0,2,0,0,0,2026-05-08 06:45:00+00:00,2026-05-08 06:50:00+00:00,2026-05-08 06:50:00.513605+00:00,300,True,Down,0,True
0xa3a18971639d8ba8010741952b8db730db5d124d93e726979ebe293a5d55e98f,2026-05-08 06:50:00+00:00,300,300,0,299,0,0,0,0,0,0,2026-05-08 06:50:00+00:00,2026-05-08 06:55:00+00:00,2026-05-08 06:55:00.465817+00:00,300,True,Up,1,True
0xaff9ffc05e92caebcb47ddf709d0927f9d70b0ccd3fd7d455eecae024ef76793,2026-05-08 06:55:00+00:00,300,300,0,299,0,0,0,0,0,0,2026-05-08 06:55:00+00:00,2026-05-08 07:00:00+00:00,2026-05-08 07:00:00.926778+00:00,300,True,Up,1,True
0xc1ddaea5ab8765719a16e3f14b5add488a4778960bf5d0dac2ae541ad5822360,2026-05-08 07:00:00+00:00,300,300,0,299,0,0,42,0,0,0,2026-05-08 07:00:00+00:00,2026-05-08 07:05:00+00:00,2026-05-08 07:05:00.542053+00:00,300,True,Down,0,True
0xf879bb07b09396531be2c71d2f138cdff8948f28cf0e4ec4d64b78b7f70c3884,2026-05-08 07:05:00+00:00,300,300,0,299,0,0,8,0,0,0,2026-05-08 07:05:00+00:00,2026-05-08 07:10:00+00:00,2026-05-08 07:10:00.502234+00:00,300,True,Down,0,True
0x2339eaa5d075db7c5ca2205f0684ca48d43049d0ecda6be8569bda89a3ac4954,2026-05-08 07:15:00+00:00,300,300,0,299,0,0,0,3,0,0,2026-05-08 07:15:00+00:00,2026-05-08 07:20:00+00:00,2026-05-08 07:20:00.651984+00:00,300,True,Up,1,True
0x48a85e96356aaf3cae8f839ab729f4d464960cceb247e5cb6cec061e95beac12,2026-05-08 07:20:00+00:00,300,300,0,299,0,0,1,0,0,0,2026-05-08 07:20:00+00:00,2026-05-08 07:25:00+00:00,2026-05-08 07:25:00.469429+00:00,300,True,Down,0,True
0x7e663dee31822e74dede1c66e52f1bd7c76ba7fb469d9cbbfe3fd96dade30045,2026-05-08 07:25:00+00:00,300,300,0,299,0,0,0,28,0,0,2026-05-08 07:25:00+00:00,2026-05-08 07:30:00+00:00,2026-05-08 07:30:00.547003+00:00,300,True,Up,1,True
0xc2bb6b80a3eb7b3315440be943c88aa5f92897f75040869a8fa66b502bde209b,2026-05-08 07:30:00+00:00,300,300,0,299,0,0,0,154,0,0,2026-05-08 07:30:00+00:00,2026-05-08 07:35:00+00:00,2026-05-08 07:35:00.516383+00:00,300,True,Up,1,True
0x474c7a7f04723cd25395933ca2a3e71d56c19d5ecbcfed33f9a0736188a66336,2026-05-08 07:35:00+00:00,300,300,0,299,0,0,0,48,0,0,2026-05-08 07:35:00+00:00,2026-05-08 07:40:00+00:00,2026-05-08 07:40:00.704071+00:00,300,True,Up,1,True
0xe5d7ccf95e9dbc24c0786ad087810e69fd3e36a819e1bfc331c598010c786f8c,2026-05-08 07:50:00+00:00,300,300,0,299,0,0,0,12,0,0,2026-05-08 07:50:00+00:00,2026-05-08 07:55:00+00:00,2026-05-08 07:55:00.541388+00:00,300,True,Up,1,True
0x6d79c1ae2e03790c827ec63db9de47b7ef045aa97729e5131b08560678b5ec8f,2026-05-08 08:05:00+00:00,300,300,0,299,0,0,0,0,0,0,2026-05-08 08:05:00+00:00,2026-05-08 08:10:00+00:00,2026-05-08 08:10:00.568076+00:00,300,True,Down,0,True
0x5180bcefd01e36e9d0fb7a8d9447f900c0e389b49aec86db01f421885c0f3f1a,2026-05-08 08:25:00+00:00,300,300,0,299,0,0,0,15,0,0,2026-05-08 08:25:00+00:00,2026-05-08 08:30:00+00:00,2026-05-08 08:30:00.657429+00:00,300,True,Up,1,True
0xb8c8e0b130993b4ca8714550f6ab91ba66385c180bcc6fbe2e70e091b5b1edaf,2026-05-08 09:35:00+00:00,300,300,0,299,0,0,29,0,0,0,2026-05-08 09:35:00+00:00,2026-05-08 09:40:00+00:00,2026-05-08 09:40:00.568944+00:00,300,True,Down,0,True
0xf9d2b87a471ef2f6fdc6c85cf0fe3c6ae2d0306aeb23733c35e178a59229c0f1,2026-05-08 09:45:00+00:00,300,300,0,299,0,0,31,0,0,0,2026-05-08 09:45:00+00:00,2026-05-08 09:50:00+00:00,2026-05-08 09:50:00.562140+00:00,300,True,Down,0,True
0xc777527053570bcf6d2800c67a4f7150811dd973adce151eac9f7e20b3416663,2026-05-08 09:55:00+00:00,300,300,0,299,0,0,0,0,0,0,2026-05-08 09:55:00+00:00,2026-05-08 10:00:00+00:00,2026-05-08 10:00:00.866192+00:00,300,True,,1,True
0x3cbadee57ba3db58e1a5c174d84ceec1d2aaf1c6b4a26079fbc467bbd63e1e09,2026-05-08 10:00:00+00:00,300,300,0,299,0,0,0,113,0,0,2026-05-08 10:00:00+00:00,2026-05-08 10:05:00+00:00,2026-05-08 10:05:00.535051+00:00,300,True,Up,1,True
0x35e5f96eef4c09a05bf81341c63019335a3b578f70da637606a44742befbadcf,2026-05-08 10:05:00+00:00,300,300,0,299,0,0,88,0,0,0,2026-05-08 10:05:00+00:00,2026-05-08 10:10:00+00:00,2026-05-08 10:10:00.461001+00:00,300,True,Down,0,True
0xbabae84d1405554b45c10f47393661da7fc718e58ce37a567e3f6ad7fc73633f,2026-05-08 10:15:00+00:00,300,300,0,299,0,0,0,28,0,0,2026-05-08 10:15:00+00:00,2026-05-08 10:20:00+00:00,2026-05-08 10:20:00.561191+00:00,300,True,Up,1,True
0xc5d15de264e61f4227698ec6cf9c1902128eca331c00812e541ef3462c6fdee6,2026-05-08 10:20:00+00:00,300,300,0,299,0,0,0,5,0,0,2026-05-08 10:20:00+00:00,2026-05-08 10:25:00+00:00,2026-05-08 10:25:00.514901+00:00,300,True,Up,1,True
0xbef42ccaf1d1291f20894cbf27cd7ee445c4d7a9557f733fccbd9ae411ef778f,2026-05-08 10:25:00+00:00,300,300,0,299,0,0,0,5,0,0,2026-05-08 10:25:00+00:00,2026-05-08 10:30:00+00:00,2026-05-08 10:30:00.617721+00:00,300,True,Up,1,True
0x55ab76522a86ec755238c7c5cb64c4327fe32cda1a67590f16dca76a14ae97df,2026-05-08 10:30:00+00:00,300,300,0,299,0,0,0,60,0,0,2026-05-08 10:30:00+00:00,2026-05-08 10:35:00+00:00,2026-05-08 10:35:00.523079+00:00,300,True,Up,1,True
0xfc16ec1be34328bbe2fc0ce6b22ccbe5fb15b724162428aa731a0fb932d7173c,2026-05-08 11:55:00+00:00,300,300,0,299,0,0,9,0,0,0,2026-05-08 11:55:00+00:00,2026-05-08 12:00:00+00:00,2026-05-08 12:00:01.063535+00:00,300,True,Down,0,True
0x2ff68e32ad111f79e33258ba649bd8d2aba0a01ee12de4a6d08e1b3339661399,2026-05-08 12:10:00+00:00,300,300,0,299,0,0,0,25,0,0,2026-05-08 12:10:00+00:00,2026-05-08 12:15:00+00:00,2026-05-08 12:15:00.644194+00:00,300,True,Up,1,True
0x2a3b53fc05c9fe4dce4360a1274a72541f0d7153331e077c7b02d27b411dc83d,2026-05-08 12:15:00+00:00,300,300,0,299,0,0,0,4,0,0,2026-05-08 12:15:00+00:00,2026-05-08 12:20:00+00:00,2026-05-08 12:20:00.526940+00:00,300,True,Up,1,True
0xb8327e6e2315126127135a99df21a91496ee6e76c64e5746bce8ca3cb3262a37,2026-05-08 12:25:00+00:00,300,300,0,299,0,0,0,6,0,0,2026-05-08 12:25:00+00:00,2026-05-08 12:30:00+00:00,2026-05-08 12:30:00.595289+00:00,300,True,Up,1,True
0xbcddac2c3d116a09cbcc5907e6fd9f797761e817d3693c2a547bebf8bdb4336d,2026-05-08 12:30:00+00:00,300,300,0,299,0,0,44,0,0,0,2026-05-08 12:30:00+00:00,2026-05-08 12:35:00+00:00,2026-05-08 12:35:00.503610+00:00,300,True,Down,0,True
0xd46a5dac3c6108b083e32ed417bc214cd058a2912f37cf459d8f38c5cde4841e,2026-05-08 12:40:00+00:00,300,300,0,299,0,0,0,0,0,0,2026-05-08 12:40:00+00:00,2026-05-08 12:45:00+00:00,2026-05-08 12:45:00.759726+00:00,300,True,,1,True
0x4b30c402363d58d377af66845ddfa5a035c20a16432ae3db77d2c4cd59ca281b,2026-05-08 12:45:00+00:00,300,300,0,299,0,0,41,0,0,0,2026-05-08 12:45:00+00:00,2026-05-08 12:50:00+00:00,2026-05-08 12:50:00.486711+00:00,300,True,Down,0,True
0x338cd8bd7638de68e9a36d396cdb1bd4289187e5ff337cf46aa5fed5eeeb3400,2026-05-08 13:00:00+00:00,300,300,0,299,0,0,0,3,0,0,2026-05-08 13:00:00+00:00,2026-05-08 13:05:00+00:00,2026-05-08 13:05:00.503896+00:00,300,True,Up,1,True
0xe4594aa4536baf21ec653acb502147b1ddd14965073fb92e1dd8d59ddfeddf9a,2026-05-08 13:40:00+00:00,300,300,0,299,0,0,41,0,0,0,2026-05-08 13:40:00+00:00,2026-05-08 13:45:00+00:00,2026-05-08 13:45:00.816139+00:00,300,True,Down,0,True
0x759a1795d14b10132decae772d2350ee06408c674f6c017392e7d972aa9b00ab,2026-05-08 13:50:00+00:00,300,300,0,299,0,0,17,0,0,0,2026-05-08 13:50:00+00:00,2026-05-08 13:55:00+00:00,2026-05-08 13:55:00.562322+00:00,300,True,Down,0,True
0x120cdefef9b7123c75e0e2dd570d960c4d16ecc25a3e8add94dcf8ef1b33379a,2026-05-08 13:55:00+00:00,300,300,0,299,0,0,0,7,0,0,2026-05-08 13:55:00+00:00,2026-05-08 14:00:00+00:00,2026-05-08 14:00:00.591377+00:00,300,True,Up,1,True
0xa8a848be7f0c44125d1a6a51355047c750d016ceaab7cd20da2eaa51dcff7fa6,2026-05-08 14:00:00+00:00,300,300,0,299,0,0,0,54,0,0,2026-05-08 14:00:00+00:00,2026-05-08 14:05:00+00:00,2026-05-08 14:05:00.596908+00:00,300,True,Up,1,True
0x20c26b63f4227139d9cc539c5064dae42deb43b8650a6b79c3522b759b0b9a1c,2026-05-08 14:05:00+00:00,300,300,0,299,0,0,0,3,0,0,2026-05-08 14:05:00+00:00,2026-05-08 14:10:00+00:00,2026-05-08 14:10:00.470691+00:00,300,True,Up,1,True
0x6ccf86340aabbc9141a6bfb055e3590722a2d2acfde6c696ac1b5aeeef7347b5,2026-05-08 14:10:00+00:00,300,300,0,299,0,0,0,25,0,0,2026-05-08 14:10:00+00:00,2026-05-08 14:15:00+00:00,2026-05-08 14:15:00.533793+00:00,300,True,Up,1,True
0x582f781f1f57bb207e255c01af498151479c56e34fd168f672773f3efaca8030,2026-05-08 14:50:00+00:00,300,300,0,299,0,0,0,0,0,0,2026-05-08 14:50:00+00:00,2026-05-08 14:55:00+00:00,2026-05-08 14:55:00.473838+00:00,300,True,Down,0,True
0xf6c1c439ccf3a812dbea4faee345dc759ae912d76baa9bd4b345895ea6595f13,2026-05-08 14:55:00+00:00,300,300,0,299,0,0,19,0,0,0,2026-05-08 14:55:00+00:00,2026-05-08 15:00:00+00:00,2026-05-08 15:00:00.657888+00:00,300,True,Down,0,True
0x30af2cddc7c5583a7580de0efbd3438c6ec52cae01d85f045e166ae444fefe74,2026-05-08 15:00:00+00:00,300,300,0,299,0,0,58,0,0,0,2026-05-08 15:00:00+00:00,2026-05-08 15:05:00+00:00,2026-05-08 15:05:00.525701+00:00,300,True,Down,0,True
0xc90f5fc06b53dd1ebac21a1f589043852a5e0cd8a6dc23f2eb18ffeccd2a7a4d,2026-05-08 15:05:00+00:00,300,300,0,299,0,0,2,0,0,0,2026-05-08 15:05:00+00:00,2026-05-08 15:10:00+00:00,2026-05-08 15:10:00.539156+00:00,300,True,Down,0,True
0x8abf888107197827a8133169ec050e4be0af0e6261a1879405732aadfc2c7642,2026-05-08 15:10:00+00:00,300,300,0,299,0,0,33,0,0,0,2026-05-08 15:10:00+00:00,2026-05-08 15:15:00+00:00,2026-05-08 15:15:00.608674+00:00,300,True,Down,0,True
0x4a4f166b7c78c04579ff286a55c072149f4653509b16fa24ee79e28258566349,2026-05-08 16:15:00+00:00,300,300,0,299,0,0,1,0,0,0,2026-05-08 16:15:00+00:00,2026-05-08 16:20:00+00:00,2026-05-08 16:20:00.675454+00:00,300,True,Down,0,True
0x75d23d20a3acd08fcc6e1a4da0fe4567c81de165d5f68e183aa2c4c6abc8dc3c,2026-05-08 16:20:00+00:00,300,300,0,299,0,0,0,3,0,0,2026-05-08 16:20:00+00:00,2026-05-08 16:25:00+00:00,2026-05-08 16:25:00.521696+00:00,300,True,Up,1,True
0xc02b4b5e9cdced574b06a7091b66c9fb85ac70c5adfd886034d8a2be60cf5dbd,2026-05-08 16:30:00+00:00,300,300,0,299,0,0,0,0,0,0,2026-05-08 16:30:00+00:00,2026-05-08 16:35:00+00:00,2026-05-08 16:35:00.529141+00:00,300,True,Down,0,True
0x8bf948c2cf07a7530913913b8196569c6a6e946eefe9337b233a8067e8d74ce8,2026-05-08 16:40:00+00:00,300,300,0,299,0,0,0,0,0,0,2026-05-08 16:40:00+00:00,2026-05-08 16:45:00+00:00,2026-05-08 16:45:00.553302+00:00,300,True,,1,True
0x7ffc298ee339f2bd8b8eef3d07bbd918f39b3751c48e3f0cde2e8dddff8cd554,2026-05-08 16:45:00+00:00,300,300,0,299,0,0,1,0,0,0,2026-05-08 16:45:00+00:00,2026-05-08 16:50:00+00:00,2026-05-08 16:50:00.516735+00:00,300,True,Down,0,True
0x4b54c5b4df8341bed32d7648e0209c9b71931e631ead43b6c8348e066c151145,2026-05-08 16:50:00+00:00,300,300,0,299,0,0,0,65,0,0,2026-05-08 16:50:00+00:00,2026-05-08 16:55:00+00:00,2026-05-08 16:55:00.515566+00:00,300,True,Up,1,True
0x9d42107c9ce9d29011b5e88aaacb309d167e754521904f44b95cb077515b6352,2026-05-08 17:10:00+00:00,300,300,0,299,0,0,0,8,0,0,2026-05-08 17:10:00+00:00,2026-05-08 17:15:00+00:00,2026-05-08 17:15:00.595676+00:00,300,True,Up,1,True
0x00b5b326e814e105eee0908a5dd8c13e83583ceb02301a00ccbbc30524228f18,2026-05-08 17:15:00+00:00,300,300,0,299,0,0,0,57,0,0,2026-05-08 17:15:00+00:00,2026-05-08 17:20:00+00:00,2026-05-08 17:20:00.486089+00:00,300,True,Up,1,True
0x59f823b090dddc3f49e7225b0f0aaeac1292d6cf4886f658ea74c2786482d7ef,2026-05-08 17:30:00+00:00,300,300,0,299,0,0,0,63,0,0,2026-05-08 17:30:00+00:00,2026-05-08 17:35:00+00:00,2026-05-08 17:35:00.521346+00:00,300,True,Up,1,True
0x829d9a94001004353b10d8f6e5e58630973cff4bb95e10ca14d736e2c79c03bd,2026-05-08 17:45:00+00:00,300,300,0,299,0,0,0,50,0,0,2026-05-08 17:45:00+00:00,2026-05-08 17:50:00+00:00,2026-05-08 17:50:00.490221+00:00,300,True,Up,1,True
0xe273ef67e9f4903ab9393ebf5f53265562c0c2de11140f58c0501bc5c97ef798,2026-05-08 18:15:00+00:00,300,300,0,299,0,0,0,40,0,0,2026-05-08 18:15:00+00:00,2026-05-08 18:20:00+00:00,2026-05-08 18:20:00.544200+00:00,300,True,Up,1,True
0x53014207493c570f13ad83de2b241773b50baa26e02d595d0ea3f9b60f14dad3,2026-05-08 18:30:00+00:00,300,300,0,299,0,0,0,0,0,0,2026-05-08 18:30:00+00:00,2026-05-08 18:35:00+00:00,2026-05-08 18:35:00.547757+00:00,300,True,Up,1,True
0x291acc368df68017a60a08f3dd4fd79e2dbdc93719d55faac5a62e951da888fe,2026-05-08 18:45:00+00:00,300,300,0,299,0,0,0,0,0,0,2026-05-08 18:45:00+00:00,2026-05-08 18:50:00+00:00,2026-05-08 18:50:00.528401+00:00,300,True,,1,True
0xced17a1df4dbec9a11c3cf0841754dbb685321bfa9ad0afb0b37349ab227a3c9,2026-05-08 18:50:00+00:00,300,300,0,299,0,0,0,0,0,0,2026-05-08 18:50:00+00:00,2026-05-08 18:55:00+00:00,2026-05-08 18:55:00.531887+00:00,300,True,,1,True
0xb25db57ba203c849ba11394525f6d0ebdd6f382f7fd20bc58b9f8c004377305d,2026-05-08 18:55:00+00:00,300,300,0,299,0,0,32,0,0,0,2026-05-08 18:55:00+00:00,2026-05-08 19:00:00+00:00,2026-05-08 19:00:00.983441+00:00,300,True,Down,0,True
0x70adee1a0ed4215f1772e6d114178169b534bde4cc3e797dc98f56c91cf3b547,2026-05-08 19:00:00+00:00,300,300,0,299,0,0,17,0,0,0,2026-05-08 19:00:00+00:00,2026-05-08 19:05:00+00:00,2026-05-08 19:05:00.555470+00:00,300,True,Down,0,True
0x9cc7755b6f3eecf31f98fe7b0407adaa303f327395c05f3fabc7121537a154c2,2026-05-08 19:05:00+00:00,300,300,0,299,0,0,0,73,0,0,2026-05-08 19:05:00+00:00,2026-05-08 19:10:00+00:00,2026-05-08 19:10:00.522815+00:00,300,True,Up,1,True
0x13458c3e27c0f97ab36e19acde604b05f01ba2505ce541310188d96ae5c25450,2026-05-08 19:10:00+00:00,300,300,0,299,0,0,1,0,0,0,2026-05-08 19:10:00+00:00,2026-05-08 19:15:00+00:00,2026-05-08 19:15:00.584256+00:00,300,True,Down,0,True
0x6df2c3b83e0e38327dcd1796614fc15b63f6db2b91b194a172a5cc84663a8ada,2026-05-08 19:15:00+00:00,300,300,0,299,0,0,0,1,0,0,2026-05-08 19:15:00+00:00,2026-05-08 19:20:00+00:00,2026-05-08 19:20:00.576893+00:00,300,True,Up,1,True
0xf315be588b1392a09b4a841bbb19d0035f7679b5b1b43985eb9304c05c2c5c1c,2026-05-08 19:30:00+00:00,300,300,0,299,0,0,0,37,0,0,2026-05-08 19:30:00+00:00,2026-05-08 19:35:00+00:00,2026-05-08 19:35:00.508914+00:00,300,True,Up,1,True
0xf3b7f65eea8e7a1fbb77eedf10a3667ae54b0b7a1bc7414425128ec02c1840b0,2026-05-08 19:35:00+00:00,300,300,0,299,0,0,2,0,0,0,2026-05-08 19:35:00+00:00,2026-05-08 19:40:00+00:00,2026-05-08 19:40:00.576494+00:00,300,True,Down,0,True
0x53f8696341eb8a3bd03dc7ab3ca8704a57b403e442577fe4a2edfb7ae3e6a605,2026-05-08 19:45:00+00:00,300,300,0,299,0,0,0,2,0,0,2026-05-08 19:45:00+00:00,2026-05-08 19:50:00+00:00,2026-05-08 19:50:00.444986+00:00,300,True,Up,1,True
0x9811d922de39320ecc0fd89a73649ced61f19aa7f3e1c2ede481a6eeea0f48d5,2026-05-08 19:50:00+00:00,300,300,0,299,0,0,0,0,0,0,2026-05-08 19:50:00+00:00,2026-05-08 19:55:00+00:00,2026-05-08 19:55:00.568431+00:00,300,True,,1,True
0x1041518f3fa1b74d1a30ea6ba1670c92963ab25f217e6664356e781c49db0d1b,2026-05-08 19:55:00+00:00,300,300,0,299,0,0,0,8,0,0,2026-05-08 19:55:00+00:00,2026-05-08 20:00:00+00:00,2026-05-08 20:00:00.780076+00:00,300,True,Up,1,True
0xe069a2e441dfa548710747e9476249cb781999d70695a87208101accddf87269,2026-05-08 20:45:00+00:00,300,300,0,299,0,0,0,6,0,0,2026-05-08 20:45:00+00:00,2026-05-08 20:50:00+00:00,2026-05-08 20:50:00.507675+00:00,300,True,Up,1,True
0xee8c21ce50bd07c9cd603c84665049991184f31d60cc2e9666dd5383dc47d0a3,2026-05-08 21:05:00+00:00,300,300,0,299,0,0,31,0,0,0,2026-05-08 21:05:00+00:00,2026-05-08 21:10:00+00:00,2026-05-08 21:10:00.516834+00:00,300,True,Down,0,True
0xb3a35f7e179fa67807d9422a530fdc4eebeac6a6f1954a5fc80d99d84905b50a,2026-05-08 21:10:00+00:00,300,300,0,299,0,0,0,15,0,0,2026-05-08 21:10:00+00:00,2026-05-08 21:15:00+00:00,2026-05-08 21:15:00.577211+00:00,300,True,Up,1,True
0xfea8eb39e3edbe499099ef790b94e8e1d5991eb0c7ac141a242e1affac64e72a,2026-05-08 21:15:00+00:00,300,300,0,299,0,0,0,49,0,0,2026-05-08 21:15:00+00:00,2026-05-08 21:20:00+00:00,2026-05-08 21:20:00.513605+00:00,300,True,Up,1,True
0x6f25e93d81efee2aff11327a1b04c960086f315b090d943e9077e7c23f359f64,2026-05-08 21:25:00+00:00,300,300,0,299,0,0,0,0,0,0,2026-05-08 21:25:00+00:00,2026-05-08 21:30:00+00:00,2026-05-08 21:30:00.606462+00:00,300,True,,1,True
0x52d8f0d7337720198a9c3b17667011e9646c6dd8352b01ac3c20faefdf2fb618,2026-05-08 21:30:00+00:00,300,300,0,299,0,0,1,0,0,0,2026-05-08 21:30:00+00:00,2026-05-08 21:35:00+00:00,2026-05-08 21:35:00.428729+00:00,300,True,Down,0,True
0xe6bf62ad439b3edae202b58375881039ec39788d0ebf5bcc06c193c0b66cb0fc,2026-05-08 21:35:00+00:00,300,300,0,299,0,0,0,22,0,0,2026-05-08 21:35:00+00:00,2026-05-08 21:40:00+00:00,2026-05-08 21:40:00.634139+00:00,300,True,Up,1,True
0x98ff1cf9c7b98ccec0721686a3d888dff2a9bf66087b1482078b2a7c58341efa,2026-05-08 21:45:00+00:00,300,300,0,299,0,0,5,0,0,0,2026-05-08 21:45:00+00:00,2026-05-08 21:50:00+00:00,2026-05-08 21:50:00.533375+00:00,300,True,Down,0,True
0x4e7ee1d9d2836bf109ea9a0a6773fa59a8e6fe3cb2add24a19158001030ec99e,2026-05-08 21:50:00+00:00,300,300,0,299,0,0,0,2,0,0,2026-05-08 21:50:00+00:00,2026-05-08 21:55:00+00:00,2026-05-08 21:55:00.502309+00:00,300,True,Up,1,True
0xf0ee67b0f8c2406d678f117cfae07ed5f06e69ff55c9c7da6e3b6b2f2edbe43b,2026-05-08 22:00:00+00:00,300,300,0,299,0,0,0,24,0,0,2026-05-08 22:00:00+00:00,2026-05-08 22:05:00+00:00,2026-05-08 22:05:00.565711+00:00,300,True,Up,1,True
0x99e8339c6dfc25e88478a03c75b4aa9369064b1f17c5be313672eeb71dd86448,2026-05-08 22:25:00+00:00,300,300,0,299,0,0,0,0,0,0,2026-05-08 22:25:00+00:00,2026-05-08 22:30:00+00:00,2026-05-08 22:30:00.855316+00:00,300,True,Down,0,True
0xca7e6476c86eda17ff0041a018255f6c3a9cda45cb178156bd50041857853491,2026-05-08 22:30:00+00:00,300,300,0,299,0,0,1,0,0,0,2026-05-08 22:30:00+00:00,2026-05-08 22:35:00+00:00,2026-05-08 22:35:00.457224+00:00,300,True,Down,0,True
0xcf2b7fc90cab893993634628b4267192d9b5a4475b68ad9c6c6c4bc0503af046,2026-05-08 22:35:00+00:00,300,300,0,299,0,0,10,0,0,0,2026-05-08 22:35:00+00:00,2026-05-08 22:40:00+00:00,2026-05-08 22:40:00.559567+00:00,300,True,Down,0,True
0x6728a8988660f1895cc7c8afd08e2d70f365ae48a1a50881e2bc22d59c0319a2,2026-05-08 22:40:00+00:00,300,300,0,299,0,0,0,2,0,0,2026-05-08 22:40:00+00:00,2026-05-08 22:45:00+00:00,2026-05-08 22:45:00.562329+00:00,300,True,Up,1,True
0x369d60303dd9fb08ba05a7b659ab6989175c4ea0c7c1f6ea2a75ff92995edbea,2026-05-08 22:45:00+00:00,300,300,0,299,0,0,0,2,0,0,2026-05-08 22:45:00+00:00,2026-05-08 22:50:00+00:00,2026-05-08 22:50:00.484443+00:00,300,True,Up,1,True
0x4b1a2f5d91219114d983c70ed4b78692f327305ac16912a26b7c448ac8a1802d,2026-05-08 23:05:00+00:00,300,300,0,299,0,0,12,0,0,0,2026-05-08 23:05:00+00:00,2026-05-08 23:10:00+00:00,2026-05-08 23:10:00.520997+00:00,300,True,Down,0,True
0xd92ebc4a40982977d6c03481f610148903102d723dba934fd4926531265c5b15,2026-05-08 23:10:00+00:00,300,300,0,299,0,0,2,0,0,0,2026-05-08 23:10:00+00:00,2026-05-08 23:15:00+00:00,2026-05-08 23:15:00.554748+00:00,300,True,Down,0,True
0x393c91aca21ec07bd6f2987137867e146c842a2d0e9b27c73f5431247bf8e2a9,2026-05-08 23:15:00+00:00,300,300,0,299,0,0,0,5,0,0,2026-05-08 23:15:00+00:00,2026-05-08 23:20:00+00:00,2026-05-08 23:20:00.586390+00:00,300,True,Up,1,True
0x77b158fc7e1115b3f03c97d60bddba7d3353b559200885c52e79ff4e2130e709,2026-05-08 23:25:00+00:00,300,300,0,299,0,0,0,0,0,0,2026-05-08 23:25:00+00:00,2026-05-08 23:30:00+00:00,2026-05-08 23:30:00.548086+00:00,300,True,,1,True
0x710e352657a252758f1d117e003bd82920ae7796d34a89196faa9e84a3379b80,2026-05-08 23:30:00+00:00,300,300,0,299,0,0,0,0,0,0,2026-05-08 23:30:00+00:00,2026-05-08 23:35:00+00:00,2026-05-08 23:35:00.475683+00:00,300,True,,0,True
0x88d072155aa311f79e2c445cbe078be6da970dccdae4315dd364661248c6fc34,2026-05-08 23:35:00+00:00,300,300,0,299,0,0,0,0,0,0,2026-05-08 23:35:00+00:00,2026-05-08 23:40:00+00:00,2026-05-08 23:40:00.644579+00:00,300,True,Down,0,True
0xbe6c81613cf7d3169d7602a6b4cf491fe3202027557d08472b1cb59c4d62504c,2026-05-08 23:40:00+00:00,300,300,0,299,0,0,0,0,0,0,2026-05-08 23:40:00+00:00,2026-05-08 23:45:00+00:00,2026-05-08 23:45:00.728463+00:00,300,True,,0,True
0x67d5e1f990f020ee4b15296af4badcf103c1eb245efcc6676318987a7f765d35,2026-05-08 23:45:00+00:00,300,300,0,299,0,0,0,32,0,0,2026-05-08 23:45:00+00:00,2026-05-08 23:50:00+00:00,2026-05-08 23:50:00.474055+00:00,300,True,Up,1,True
0xd79bbcc6195fedf0e1ce315ca76b0fb6f897ab10793928b572ba22413e3440b5,2026-05-09 00:10:00+00:00,300,300,0,299,0,0,0,22,0,0,2026-05-09 00:10:00+00:00,2026-05-09 00:15:00+00:00,2026-05-09 00:15:00.768063+00:00,300,True,Up,1,True
0x1e9fd35544a63043246e79f2f2f96d66059c9a634b2d17a4bb6956cea77f25fb,2026-05-09 00:15:00+00:00,300,300,0,299,0,0,11,0,0,0,2026-05-09 00:15:00+00:00,2026-05-09 00:20:00+00:00,2026-05-09 00:20:00.501001+00:00,300,True,Down,0,True
0x3b3b93d0ade4f005a65c6caa6298b666f17bfdaeed5343230de4845a9f2c2ec9,2026-05-09 00:30:00+00:00,300,300,0,299,0,0,0,49,0,0,2026-05-09 00:30:00+00:00,2026-05-09 00:35:00+00:00,2026-05-09 00:35:00.499918+00:00,300,True,Up,1,True
0x5f16eafc88966069bac4eb817035da12be6662585207b4166f2e1070ef9cd439,2026-05-09 00:40:00+00:00,300,300,0,299,0,0,0,0,0,0,2026-05-09 00:40:00+00:00,2026-05-09 00:45:00+00:00,2026-05-09 00:45:00.636707+00:00,300,True,Down,0,True
0x10e0eb26ff4782bcb0d5d4618a05fdf8aa6c1703da865c4c1eb11dd5ab08ba67,2026-05-09 00:45:00+00:00,300,300,0,299,0,0,0,32,0,0,2026-05-09 00:45:00+00:00,2026-05-09 00:50:00+00:00,2026-05-09 00:50:00.539929+00:00,300,True,Up,1,True
0x14b51036da0dd5442c491b0e61c04ff0d97b9a1140ac929b44e4966a96531aba,2026-05-09 00:55:00+00:00,300,300,0,299,0,0,0,0,0,0,2026-05-09 00:55:00+00:00,2026-05-09 01:00:00+00:00,2026-05-09 01:00:00.755562+00:00,300,True,Up,1,True
0x56db27a3f92abb693549a9edbe8e3cea64666d80bc341da6499a7c75d089fe5b,2026-05-09 01:00:00+00:00,300,300,0,299,0,0,0,1,0,0,2026-05-09 01:00:00+00:00,2026-05-09 01:05:00+00:00,2026-05-09 01:05:00.397867+00:00,300,True,Up,1,True
0x134a9bea0f5b494ad25825edf78078229c57cc2120c46e1db30e1bd7af6c9cfd,2026-05-09 01:05:00+00:00,300,300,0,299,0,0,0,15,0,0,2026-05-09 01:05:00+00:00,2026-05-09 01:10:00+00:00,2026-05-09 01:10:00.421063+00:00,300,True,Up,1,True
0x9484c7038ccc94ddb6348638d896da29227e0508b421740abbbda13dbc573d45,2026-05-09 01:10:00+00:00,300,300,0,299,0,0,0,59,0,0,2026-05-09 01:10:00+00:00,2026-05-09 01:15:00+00:00,2026-05-09 01:15:00.558443+00:00,300,True,Up,1,True
0xcffce301a685ddac15f43e759707d9e08c6d28cabc438d3814ca688ab8b75698,2026-05-09 01:30:00+00:00,300,300,0,299,0,0,0,115,0,0,2026-05-09 01:30:00+00:00,2026-05-09 01:35:00+00:00,2026-05-09 01:35:00.569925+00:00,300,True,Up,1,True
0x635b454fb6d3d2606eb79227cbf6af0ecbb06b0ec4bf6899130e9020f83b63d3,2026-05-09 02:05:00+00:00,300,300,0,299,0,0,0,5,0,0,2026-05-09 02:05:00+00:00,2026-05-09 02:10:00+00:00,2026-05-09 02:10:00.517350+00:00,300,True,Up,1,True
0xe13d51bf4aa295541817fed0945a1fb80e31acc79841d875ef060ef39889b950,2026-05-09 02:10:00+00:00,300,300,0,299,0,0,3,0,0,0,2026-05-09 02:10:00+00:00,2026-05-09 02:15:00+00:00,2026-05-09 02:15:00.511468+00:00,300,True,Down,0,True
0x74f825e6bf4ee58c7c721a74d1d34452233460429a68871f331cdf587a3e334a,2026-05-09 02:20:00+00:00,300,300,0,299,0,0,2,0,0,0,2026-05-09 02:20:00+00:00,2026-05-09 02:25:00+00:00,2026-05-09 02:25:00.447674+00:00,300,True,Down,0,True
0xb0315cc83c662b0790f55d309a9762ce2312a7bd11ad95796ce1b5d955d9bc0a,2026-05-09 02:30:00+00:00,300,300,0,299,0,0,0,3,0,0,2026-05-09 02:30:00+00:00,2026-05-09 02:35:00+00:00,2026-05-09 02:35:00.556342+00:00,300,True,Up,1,True
0xc4bddf725c4797f61c640aff4d0d5b99967591b7d85286badc29480f9160ff1b,2026-05-09 02:35:00+00:00,300,300,0,299,0,0,1,0,0,0,2026-05-09 02:35:00+00:00,2026-05-09 02:40:00+00:00,2026-05-09 02:40:00.595692+00:00,300,True,Down,0,True
0xe1c48cae7c9c19755571252113971ef79ea74e385963280139628368a7dec78a,2026-05-09 02:45:00+00:00,300,300,0,299,0,0,0,3,0,0,2026-05-09 02:45:00+00:00,2026-05-09 02:50:00+00:00,2026-05-09 02:50:00.548697+00:00,300,True,Up,1,True
0x92d5e427f58ae4327b516364540932e82ac6a1dc5def6c50d4d3475787573e24,2026-05-09 03:00:00+00:00,300,300,0,299,0,0,3,0,0,0,2026-05-09 03:00:00+00:00,2026-05-09 03:05:00+00:00,2026-05-09 03:05:00.508120+00:00,300,True,,0,True
0x587abd0cc5014acae560b283134e7a66977d318c9b246bf3ad8559f4485caddd,2026-05-09 03:05:00+00:00,300,300,0,299,0,0,0,3,0,0,2026-05-09 03:05:00+00:00,2026-05-09 03:10:00+00:00,2026-05-09 03:10:00.599608+00:00,300,True,Up,1,True
0xb8508f38518b3b14d97b244d33491044ed4be443cfa88f929bdab84bb5ff1d69,2026-05-09 03:10:00+00:00,300,300,0,299,0,0,0,0,0,0,2026-05-09 03:10:00+00:00,2026-05-09 03:15:00+00:00,2026-05-09 03:15:00.505009+00:00,300,True,,0,True
0x1ecdcb07f3d13cd656100354a0fe38f3a6e639ec4d56106a2e99e77dffb09d2b,2026-05-09 03:40:00+00:00,300,300,0,299,0,0,0,3,0,0,2026-05-09 03:40:00+00:00,2026-05-09 03:45:00+00:00,2026-05-09 03:45:00.618070+00:00,300,True,Up,1,True
0x465377a29d44d035a0f1681528d1422ac23fc73e43f5885e3bd661e40369fbae,2026-05-09 03:50:00+00:00,300,300,0,299,0,0,0,6,0,0,2026-05-09 03:50:00+00:00,2026-05-09 03:55:00+00:00,2026-05-09 03:55:00.569914+00:00,300,True,Up,1,True
0x8b6cc210950763577ba583e57bfe8948304c4609d979c710dd7a96c4944fbb9a,2026-05-09 04:00:00+00:00,300,300,0,299,0,0,0,58,0,0,2026-05-09 04:00:00+00:00,2026-05-09 04:05:00+00:00,2026-05-09 04:05:00.562044+00:00,300,True,Up,1,True
0x4c6566f9d429f6a39ff93b828c4df5aa4ad13cd09d8ea7c814b50276fab9fcc7,2026-05-09 04:35:00+00:00,300,300,0,299,0,0,4,0,0,0,2026-05-09 04:35:00+00:00,2026-05-09 04:40:00+00:00,2026-05-09 04:40:00.568550+00:00,300,True,Down,0,True
0xcf9644403527a2c4e803c2011d085c597ff90e89548b4b5a32b250efc56da0b8,2026-05-09 04:40:00+00:00,300,300,0,299,0,0,13,0,0,0,2026-05-09 04:40:00+00:00,2026-05-09 04:45:00+00:00,2026-05-09 04:45:00.742053+00:00,300,True,Down,0,True
0xee77edda38a1ae1d7a1452149c3c9081d4ac4ea75966ffcc8df7a5373460a726,2026-05-09 04:45:00+00:00,300,300,0,299,0,0,0,57,0,0,2026-05-09 04:45:00+00:00,2026-05-09 04:50:00+00:00,2026-05-09 04:50:00.531943+00:00,300,True,Up,1,True
0xa06ce60a276f822bea0d0686b4f817b14af67cea37ae5813d942f9f697cc5d31,2026-05-09 04:55:00+00:00,300,300,0,299,0,0,0,0,0,0,2026-05-09 04:55:00+00:00,2026-05-09 05:00:00+00:00,2026-05-09 05:00:00.710467+00:00,300,True,Up,1,True
0x99688ec3dd81ec241cea6bbbe1612a891c80f1afae14c296249b529af525870c,2026-05-09 05:00:00+00:00,300,300,0,299,0,0,8,0,0,0,2026-05-09 05:00:00+00:00,2026-05-09 05:05:00+00:00,2026-05-09 05:05:00.634912+00:00,300,True,Down,0,True
0x6d6ca7668b95a4e7e775b748fcf5d012524dfe186186a6756ed97eaf90e7fc32,2026-05-09 05:05:00+00:00,300,300,0,299,0,0,0,1,0,0,2026-05-09 05:05:00+00:00,2026-05-09 05:10:00+00:00,2026-05-09 05:10:00.721212+00:00,300,True,Up,1,True
0x82dc5812645be163a15f6718cdbf8432d0386ac3564389ce8aa392951a3e409f,2026-05-09 05:10:00+00:00,300,300,0,299,0,0,1,0,0,0,2026-05-09 05:10:00+00:00,2026-05-09 05:15:00+00:00,2026-05-09 05:15:00.585325+00:00,300,True,Down,0,True
0x0a1528b513ee6d1a7bec896fcb7aa6b8c8dcde16e909ef94636b97a3a3d832b1,2026-05-09 05:15:00+00:00,300,300,0,299,0,0,0,45,0,0,2026-05-09 05:15:00+00:00,2026-05-09 05:20:00+00:00,2026-05-09 05:20:00.545734+00:00,300,True,Up,1,True
0x9945c6ed66a707d1d0277d3d45b125196bf57f91b1c4c49bf78a998273b4f194,2026-05-09 05:25:00+00:00,300,300,0,299,0,0,0,0,0,0,2026-05-09 05:25:00+00:00,2026-05-09 05:30:00+00:00,2026-05-09 05:30:00.750178+00:00,300,True,Up,1,True
0x77785536b7c7da14014e68b5c5706d9893cfd5a2b6a004e60595ce979553bc23,2026-05-09 05:30:00+00:00,300,300,0,299,0,0,0,7,0,0,2026-05-09 05:30:00+00:00,2026-05-09 05:35:00+00:00,2026-05-09 05:35:00.651013+00:00,300,True,Up,1,True
0xcba81eb356c750d08a3379f1cc36c2f1ca1a1095e501949491501c93a40427b9,2026-05-09 05:35:00+00:00,300,300,0,299,0,0,0,2,0,0,2026-05-09 05:35:00+00:00,2026-05-09 05:40:00+00:00,2026-05-09 05:40:00.615449+00:00,300,True,Up,1,True
0x69abd4efaceb9b57404b1227d1fee18bdb8c39b73f7eeab0deffe1eefa503954,2026-05-09 05:40:00+00:00,300,300,0,299,0,0,0,0,0,0,2026-05-09 05:40:00+00:00,2026-05-09 05:45:00+00:00,2026-05-09 05:45:00.613288+00:00,300,True,,0,True
0x7fd42759c5a7075c7323bcca883129fe4360838a09d36eeb6090ca156b66a52e,2026-05-09 05:45:00+00:00,300,300,0,299,0,0,45,0,0,0,2026-05-09 05:45:00+00:00,2026-05-09 05:50:00+00:00,2026-05-09 05:50:00.601260+00:00,300,True,Down,0,True
0x0bb76878555d53ccc58be0df52b1d30c461e5bb4fb625054b57af255f35f032b,2026-05-09 05:50:00+00:00,300,300,0,299,0,0,3,0,0,0,2026-05-09 05:50:00+00:00,2026-05-09 05:55:00+00:00,2026-05-09 05:55:00.483430+00:00,300,True,Down,0,True
0x0355d376e90640f8fac9228d96a79b16283ab85a3ee0471441bd332d6145820c,2026-05-09 05:55:00+00:00,300,300,0,299,0,0,0,0,0,0,2026-05-09 05:55:00+00:00,2026-05-09 06:00:00+00:00,2026-05-09 06:00:00.763241+00:00,300,True,Down,0,True
0xb9842ba9c05b729c31b675ef92e21c274530e3b9596e91e5e6643370bd216bdf,2026-05-09 06:00:00+00:00,300,300,0,299,0,0,0,30,0,0,2026-05-09 06:00:00+00:00,2026-05-09 06:05:00+00:00,2026-05-09 06:05:00.985528+00:00,300,True,Up,1,True
0xeff5a36553eb3c7a2d1bdf34e7e3a4b9f316d320501a4d3dfd9e38e4f95dd2f8,2026-05-09 06:05:00+00:00,300,300,0,299,0,0,0,7,0,0,2026-05-09 06:05:00+00:00,2026-05-09 06:10:00+00:00,2026-05-09 06:10:00.485087+00:00,300,True,Up,1,True
0x2a39b0d1ef1b234a40d42f8cec8b3bbe3fc2aaa87a5baeaeacdb45b3ed615acc,2026-05-09 06:10:00+00:00,300,300,0,299,0,0,0,0,0,0,2026-05-09 06:10:00+00:00,2026-05-09 06:15:00+00:00,2026-05-09 06:15:00.589427+00:00,300,True,Down,0,True
0x4ec35ca3ca35a3ce93e4bde7c5dcd87ebc58cbf90b15fadbd2c289a2ce1242e1,2026-05-09 06:15:00+00:00,300,300,0,299,0,0,33,0,0,0,2026-05-09 06:15:00+00:00,2026-05-09 06:20:00+00:00,2026-05-09 06:20:00.606654+00:00,300,True,Down,0,True
0x38cc18debfde9e6ea48fbbee5911ca5552900ec4d93461013aa834258ad4cec8,2026-05-09 06:20:00+00:00,300,300,0,299,0,0,0,0,0,0,2026-05-09 06:20:00+00:00,2026-05-09 06:25:00+00:00,2026-05-09 06:25:00.489676+00:00,300,True,,0,True
0x03f3c33109ac06c989ff77b0bd2e2c602f9e49f0e13f335b9a1923f1266020a4,2026-05-09 06:30:00+00:00,300,300,0,299,0,0,0,24,0,0,2026-05-09 06:30:00+00:00,2026-05-09 06:35:00+00:00,2026-05-09 06:35:00.549243+00:00,300,True,Up,1,True
0x85dc30678ad0d6466a571cddc24684f80fe21bb47974144c6bb353f3ff3f983c,2026-05-09 06:35:00+00:00,300,300,0,299,0,0,79,0,0,0,2026-05-09 06:35:00+00:00,2026-05-09 06:40:00+00:00,2026-05-09 06:40:00.576938+00:00,300,True,Down,0,True
0x4deadf4627b2da5f094d57d101de139e7dfd429c5dc6025ab91f2f11292ec258,2026-05-09 06:45:00+00:00,300,300,0,299,0,0,0,50,0,0,2026-05-09 06:45:00+00:00,2026-05-09 06:50:00+00:00,2026-05-09 06:50:00.614672+00:00,300,True,Up,1,True
0x3b99d48218b3c8ea36b76928cd5f2afd9beec1678422cabdc2feef77f24b7ac1,2026-05-09 06:55:00+00:00,300,300,0,299,0,0,0,37,0,0,2026-05-09 06:55:00+00:00,2026-05-09 07:00:00+00:00,2026-05-09 07:00:00.668964+00:00,300,True,Up,1,True
0x06fb66a135ec90437c8fa40ad8ede0cb5bbbad2df06902411ec1f2ea9142d984,2026-05-09 07:00:00+00:00,300,300,0,299,0,0,21,0,0,0,2026-05-09 07:00:00+00:00,2026-05-09 07:05:00+00:00,2026-05-09 07:05:00.583719+00:00,300,True,Down,0,True
0x81f4d9832800ca90bc141daa416d71ca475af910cff9aff6ae0c3bfe213a68d5,2026-05-09 07:05:00+00:00,300,300,0,299,0,0,2,0,0,0,2026-05-09 07:05:00+00:00,2026-05-09 07:10:00+00:00,2026-05-09 07:10:00.509137+00:00,300,True,Down,0,True
0x91e732f61a88953f1089bb6480d15533babdedf74fcf09a38348a981900d1de3,2026-05-09 07:10:00+00:00,300,300,0,299,0,0,0,16,0,0,2026-05-09 07:10:00+00:00,2026-05-09 07:15:00+00:00,2026-05-09 07:15:00.552047+00:00,300,True,Up,1,True
0x42e5e99297c97a937c5dd38c572da8ccd535965fd6e43ed57d35ce62564333dc,2026-05-09 07:20:00+00:00,300,300,0,299,0,0,0,40,0,0,2026-05-09 07:20:00+00:00,2026-05-09 07:25:00+00:00,2026-05-09 07:25:00.526909+00:00,300,True,Up,1,True
0x9c7c476058a1bce9732b8e32b6b8af4af0b339355fa33b771c0af8abb0def99a,2026-05-09 07:25:00+00:00,300,300,0,299,0,0,5,0,0,0,2026-05-09 07:25:00+00:00,2026-05-09 07:30:00+00:00,2026-05-09 07:30:00.664887+00:00,300,True,Down,0,True
0x350aa12cbfb59ce00d7b1e20e343e01745951c5315117b7be53f464f768e394b,2026-05-09 07:30:00+00:00,300,300,0,299,0,0,0,11,0,0,2026-05-09 07:30:00+00:00,2026-05-09 07:35:00+00:00,2026-05-09 07:35:00.541678+00:00,300,True,Up,1,True
0x16903760fa095251284a15118758f037002e54ef04ee127fe92daf37eb382623,2026-05-09 07:35:00+00:00,300,300,0,299,0,0,2,0,0,0,2026-05-09 07:35:00+00:00,2026-05-09 07:40:00+00:00,2026-05-09 07:40:00.499355+00:00,300,True,Down,0,True
0xa1bc04567d391eb8c19da5b0e91952cc3cf93cc19849ff551ba426639f1642a8,2026-05-09 07:40:00+00:00,300,300,0,299,0,0,0,0,0,0,2026-05-09 07:40:00+00:00,2026-05-09 07:45:00+00:00,2026-05-09 07:45:00.947811+00:00,300,True,,1,True
0x5203a847458c36e0c15fa450e2af5deb404d11270e969199153f25db1b06feca,2026-05-09 07:45:00+00:00,300,300,0,299,0,0,11,0,0,0,2026-05-09 07:45:00+00:00,2026-05-09 07:50:00+00:00,2026-05-09 07:50:00.533186+00:00,300,True,Down,0,True
0xc95f23d7a22e3884b928ce73be4cc858a821233b96308b580eaa7f54b98b8f5e,2026-05-09 07:55:00+00:00,300,300,0,299,0,0,0,0,0,0,2026-05-09 07:55:00+00:00,2026-05-09 08:00:00+00:00,2026-05-09 08:00:00.753877+00:00,300,True,Down,0,True
0xb076d1ffa8340616148c3207e6fad0f6cc3f8d3d029e91457cf04cbb4a7f9acc,2026-05-09 08:00:00+00:00,300,300,0,299,0,0,0,56,0,0,2026-05-09 08:00:00+00:00,2026-05-09 08:05:00+00:00,2026-05-09 08:05:00.524026+00:00,300,True,Up,1,True
0x7d10198f373d3021b1cc15e5ba0c436533c21304d64fde4553872dc4b6212d4b,2026-05-09 08:10:00+00:00,300,300,0,299,0,0,0,51,0,0,2026-05-09 08:10:00+00:00,2026-05-09 08:15:00+00:00,2026-05-09 08:15:00.565570+00:00,300,True,Up,1,True
0xe4a84482d0d09d4fb503871a7ad995ce38aa1dbd3cb9db04ed309738f4d3eaeb,2026-05-09 08:15:00+00:00,300,300,0,299,0,0,0,5,0,0,2026-05-09 08:15:00+00:00,2026-05-09 08:20:00+00:00,2026-05-09 08:20:00.573969+00:00,300,True,Up,1,True
0xb4cc7904f844a806529361ba223dfc68674403320854e6169f7d377b1b3759b6,2026-05-09 08:45:00+00:00,300,300,0,299,0,0,10,0,0,0,2026-05-09 08:45:00+00:00,2026-05-09 08:50:00+00:00,2026-05-09 08:50:00.476325+00:00,300,True,Down,0,True
0x094eab11b1ccd5a691b6c9f1c5cfb78aa60c853ce6522a9b72a9d109ebbb8722,2026-05-09 09:05:00+00:00,300,300,0,299,0,0,0,0,0,0,2026-05-09 09:05:00+00:00,2026-05-09 09:10:00+00:00,2026-05-09 09:10:00.561078+00:00,300,True,Down,0,True
0xde2ea6bab475c311dc4434e153da8f507457b7ea9ee9b83e7f240a7fdee1b982,2026-05-09 09:10:00+00:00,300,300,0,299,0,0,75,0,0,0,2026-05-09 09:10:00+00:00,2026-05-09 09:15:00+00:00,2026-05-09 09:15:00.527559+00:00,300,True,Down,0,True
0xe181f9eed7bc10f92c1b8b9b9ccf10319e0a8506e7c9e3ce43e957ca0dc111fd,2026-05-09 09:30:00+00:00,300,300,0,299,0,0,18,0,0,0,2026-05-09 09:30:00+00:00,2026-05-09 09:35:00+00:00,2026-05-09 09:35:00.529702+00:00,300,True,Down,0,True
0x8e8c0aad10deecde6eda8232ad1131e88f5c7fdb928785185232e4faacfad781,2026-05-09 09:50:00+00:00,300,300,0,299,0,0,0,2,0,0,2026-05-09 09:50:00+00:00,2026-05-09 09:55:00+00:00,2026-05-09 09:55:00.513111+00:00,300,True,Up,1,True
0x913c0fc6873fb015f453f708e69839487666b99c79433179320a6eafee03980e,2026-05-09 09:55:00+00:00,300,300,0,299,0,0,0,0,0,0,2026-05-09 09:55:00+00:00,2026-05-09 10:00:00+00:00,2026-05-09 10:00:00.778739+00:00,300,True,,0,True
0x868184df5e35dcd32b656ecd2c15f81800077e77c46c8e0b99f1abd7d275440c,2026-05-09 10:05:00+00:00,300,300,0,299,0,0,60,0,0,0,2026-05-09 10:05:00+00:00,2026-05-09 10:10:00+00:00,2026-05-09 10:10:00.545271+00:00,300,True,Down,0,True
0x2370f88644bef76f6a863fea22d4620ba05705858570a911aabc8abf16bfce85,2026-05-09 10:15:00+00:00,300,300,0,299,0,0,0,0,0,0,2026-05-09 10:15:00+00:00,2026-05-09 10:20:00+00:00,2026-05-09 10:20:00.534031+00:00,300,True,Down,0,True
0xe98f7d68e9af767c34630f3e27b6d8396e8c8d90dee5d542cff595409474082d,2026-05-09 10:20:00+00:00,300,300,0,299,0,0,0,0,0,0,2026-05-09 10:20:00+00:00,2026-05-09 10:25:00+00:00,2026-05-09 10:25:00.492332+00:00,300,True,Up,1,True
0xbe1a235e8fbfda05d3bc0c4bc35f9e99648739d858c5dc2143b44dd0fdb2cef4,2026-05-09 10:25:00+00:00,300,300,0,299,0,0,0,0,0,0,2026-05-09 10:25:00+00:00,2026-05-09 10:30:00+00:00,2026-05-09 10:30:00.638173+00:00,300,True,Down,0,True
0x58a68a8986bb307a94d7a4ee8708536519de62df5ebfc65aae8b6365749173eb,2026-05-09 10:40:00+00:00,300,300,0,299,0,0,0,0,0,0,2026-05-09 10:40:00+00:00,2026-05-09 10:45:00+00:00,2026-05-09 10:45:00.774361+00:00,300,True,,0,True
0xf9890c9e143d494eb20d4e19e82f4fe1836025555508a0daae9894d07f9c2883,2026-05-09 10:50:00+00:00,300,300,0,299,0,0,0,0,0,0,2026-05-09 10:50:00+00:00,2026-05-09 10:55:00+00:00,2026-05-09 10:55:00.523763+00:00,300,True,Up,1,True
0x46fec92caf17b1be2ea60eb07e1027fddda14ea5230551d06ede23a5d784f7b1,2026-05-09 10:55:00+00:00,300,300,0,299,0,0,5,0,0,0,2026-05-09 10:55:00+00:00,2026-05-09 11:00:00+00:00,2026-05-09 11:00:00.629081+00:00,300,True,Down,0,True
0xce3c52b1613430c43e84c12b6cb68eb3466238b74324affc69cd6a8c6e636ed9,2026-05-09 11:00:00+00:00,300,300,0,299,0,0,0,9,0,0,2026-05-09 11:00:00+00:00,2026-05-09 11:05:00+00:00,2026-05-09 11:05:00.556891+00:00,300,True,Up,1,True
0x212105c24d6279a937bb918e2c8b4f42ed886d5355e572141fb2f1e9facb28cc,2026-05-09 11:05:00+00:00,300,300,0,299,0,0,0,0,0,0,2026-05-09 11:05:00+00:00,2026-05-09 11:10:00+00:00,2026-05-09 11:10:00.545662+00:00,300,True,,0,True
0x433cc66ad545924281057049766343ba1a52e38c4c53fe3258a1ec23508b86e9,2026-05-09 11:10:00+00:00,300,300,0,299,0,0,0,34,0,0,2026-05-09 11:10:00+00:00,2026-05-09 11:15:00+00:00,2026-05-09 11:15:00.532849+00:00,300,True,Up,1,True
0x4e8d49fb79d341d35f4a2519fa7ad63d513a921af2c30f09ecbdf2b3094b8349,2026-05-09 11:15:00+00:00,300,300,0,299,0,0,0,6,0,0,2026-05-09 11:15:00+00:00,2026-05-09 11:20:00+00:00,2026-05-09 11:20:00.875214+00:00,300,True,Up,1,True
0xb46a29a06d616eba81405797d1d2532b5998a0cdbf80ef015dd4189af29a1d2e,2026-05-09 11:20:00+00:00,300,300,0,299,0,0,0,0,0,0,2026-05-09 11:20:00+00:00,2026-05-09 11:25:00+00:00,2026-05-09 11:25:00.534852+00:00,300,True,Up,1,True
0xd38f6e495cb91b329759b6cb4fa3b4187290fc5d02d47d5220c9a2ffde6a2539,2026-05-09 11:30:00+00:00,300,300,0,299,0,0,0,0,0,0,2026-05-09 11:30:00+00:00,2026-05-09 11:35:00+00:00,2026-05-09 11:35:00.545976+00:00,300,True,Up,1,True
0x4475c35ae2ef85149ac0c1845d59c7b137c7234c98a7d3b1996404f78b1a7443,2026-05-09 11:35:00+00:00,300,300,0,299,0,0,2,0,0,0,2026-05-09 11:35:00+00:00,2026-05-09 11:40:00+00:00,2026-05-09 11:40:00.510754+00:00,300,True,Down,0,True
0xc7f5e0329155bb89f1351a10b95641d89483922ae72b550e26eac26a22919bef,2026-05-09 11:45:00+00:00,300,300,0,299,0,0,0,0,0,0,2026-05-09 11:45:00+00:00,2026-05-09 11:50:00+00:00,2026-05-09 11:50:00.527198+00:00,300,True,,0,True
0xc285958a69b23d605f735146b24dd0be7a0eeb2b3c11acc5366d07e7beb2bdd2,2026-05-09 11:50:00+00:00,300,300,0,299,0,0,0,0,0,0,2026-05-09 11:50:00+00:00,2026-05-09 11:55:00+00:00,2026-05-09 11:55:00.537494+00:00,300,True,Up,1,True
0x335de0288851d06b454d885ebefd0462c8bbb60db1c85ea68008111dcdad4087,2026-05-09 11:55:00+00:00,300,300,0,299,0,0,0,0,0,0,2026-05-09 11:55:00+00:00,2026-05-09 12:00:00+00:00,2026-05-09 12:00:00.646648+00:00,300,True,,0,True
0xc612efbb38ebec38e7d5b6934b713356a271547279998da555f6a8a19a4c5ff3,2026-05-09 12:15:00+00:00,300,300,0,299,0,0,0,1,0,0,2026-05-09 12:15:00+00:00,2026-05-09 12:20:00+00:00,2026-05-09 12:20:00.613278+00:00,300,True,Up,1,True
0xd420b22390d50a737501d405decece516304feb7bedb44dae3e1489af9c471c9,2026-05-09 12:25:00+00:00,300,300,0,299,0,0,0,0,0,0,2026-05-09 12:25:00+00:00,2026-05-09 12:30:00+00:00,2026-05-09 12:30:00.556713+00:00,300,True,Up,1,True
0x588d07f861f1357876a61ac0fb97b1bce8f04dba5a15c76dfb7457dd4a10c049,2026-05-09 12:35:00+00:00,300,300,0,299,0,0,5,0,0,0,2026-05-09 12:35:00+00:00,2026-05-09 12:40:00+00:00,2026-05-09 12:40:00.546548+00:00,300,True,Down,0,True
0xf0905e54f0de2bfa680649df6ea262280bf6fa0f96c95581753a5afd5d324d37,2026-05-09 12:40:00+00:00,300,300,0,299,0,0,0,20,0,0,2026-05-09 12:40:00+00:00,2026-05-09 12:45:00+00:00,2026-05-09 12:45:00.693717+00:00,300,True,Up,1,True
0x9142edbf07f01127b4fbdf694298596bfd1ad75ea064e81afb42a5ba03f0d0e6,2026-05-09 12:45:00+00:00,300,300,0,299,0,0,0,8,0,0,2026-05-09 12:45:00+00:00,2026-05-09 12:50:00+00:00,2026-05-09 12:50:00.540843+00:00,300,True,Up,1,True
0x8f937d1b67dee59501c0eb7d0265f72e2c168c754f41d558c6d447bf211346ce,2026-05-09 13:00:00+00:00,300,300,0,299,0,0,8,0,0,0,2026-05-09 13:00:00+00:00,2026-05-09 13:05:00+00:00,2026-05-09 13:05:00.550691+00:00,300,True,Down,0,True
0x9ca03b07f7c8e2e790aa75c9e4bdc5893d1bb1dfebc3bc797eec4e22ff944d6a,2026-05-09 13:10:00+00:00,300,300,0,299,0,0,0,1,0,0,2026-05-09 13:10:00+00:00,2026-05-09 13:15:00+00:00,2026-05-09 13:15:00.615698+00:00,300,True,Up,1,True
0xe11134cce35dd34bdf8b35c0e5619f275da985e62819141978bccbb891568a63,2026-05-09 13:15:00+00:00,300,300,0,299,0,0,38,0,0,0,2026-05-09 13:15:00+00:00,2026-05-09 13:20:00+00:00,2026-05-09 13:20:00.641838+00:00,300,True,Down,0,True
0xd975434a2876f178fe394a9de2a6aa30727d964f9c20dcc537b1b25b25ae14ef,2026-05-09 13:30:00+00:00,300,300,0,299,0,0,0,0,0,0,2026-05-09 13:30:00+00:00,2026-05-09 13:35:00+00:00,2026-05-09 13:35:00.566717+00:00,300,True,,0,True
0x6f5af2d86ee479310f322872a0743b23fd522f6f1b12de44ce45774f8b89a10e,2026-05-09 13:55:00+00:00,300,300,0,299,0,0,0,36,0,0,2026-05-09 13:55:00+00:00,2026-05-09 14:00:00+00:00,2026-05-09 14:00:00.701976+00:00,300,True,Up,1,True
0x9e0b1763c6346bbc7f1cc41619a965b1520297a755f0a8771a69130570b9b89e,2026-05-09 14:05:00+00:00,300,300,0,299,0,0,0,0,0,0,2026-05-09 14:05:00+00:00,2026-05-09 14:10:00+00:00,2026-05-09 14:10:00.541569+00:00,300,True,Down,0,True
0x8432cfee46fece85a2184db234ab84df076f6fd9931fc8a3e6556cfa875895cb,2026-05-09 14:15:00+00:00,300,300,0,299,0,0,9,0,0,0,2026-05-09 14:15:00+00:00,2026-05-09 14:20:00+00:00,2026-05-09 14:20:00.573030+00:00,300,True,Down,0,True
0x212d636231577d93a487aecb9bf76f082e84fe0771ed0df8990cad1204b031ed,2026-05-09 14:20:00+00:00,300,300,0,299,0,0,61,0,0,0,2026-05-09 14:20:00+00:00,2026-05-09 14:25:00+00:00,2026-05-09 14:25:00.484229+00:00,300,True,Down,0,True
0x83eefe9fee24bdfea3ca0fa7b623fdf17fde64e888ae23adeb8ce62e5c9c0f32,2026-05-09 14:25:00+00:00,300,300,0,299,0,0,6,0,0,0,2026-05-09 14:25:00+00:00,2026-05-09 14:30:00+00:00,2026-05-09 14:30:00.611326+00:00,300,True,Up,1,True
0x09848a619ba950cf2cca99d6a6aaa3c40c93c377a44e655f5bf5af15b50d8172,2026-05-09 14:35:00+00:00,300,300,0,299,0,0,0,0,0,0,2026-05-09 14:35:00+00:00,2026-05-09 14:40:00+00:00,2026-05-09 14:40:00.600567+00:00,300,True,Up,1,True
0x0843bf7c478033c076368fe3841888c2ed7a21383429058fea8047eb465d610e,2026-05-09 15:05:00+00:00,300,300,0,299,0,0,31,0,0,0,2026-05-09 15:05:00+00:00,2026-05-09 15:10:00+00:00,2026-05-09 15:10:00.503488+00:00,300,True,Down,0,True
0xbd1608b3e576991ad4bc675083c612e9c39294664347126b661d7fb2b8802033,2026-05-09 15:10:00+00:00,300,300,0,299,0,0,0,7,0,0,2026-05-09 15:10:00+00:00,2026-05-09 15:15:00+00:00,2026-05-09 15:15:00.570695+00:00,300,True,Up,1,True
0x0b594ff606f5a9af301437450987144d85611f55d4665cc021681d8542b4b96e,2026-05-09 16:50:00+00:00,300,300,0,299,0,0,7,0,0,0,2026-05-09 16:50:00+00:00,2026-05-09 16:55:00+00:00,2026-05-09 16:55:00.418248+00:00,300,True,,0,True
0x6521fb58c792166ee11116db4e355c3534c0962b21c2e73f2a7d3c9583cde745,2026-05-09 16:55:00+00:00,300,300,0,299,0,0,0,0,0,0,2026-05-09 16:55:00+00:00,2026-05-09 17:00:00+00:00,2026-05-09 17:00:00.987284+00:00,300,True,Down,0,True
0x678e96fb15cd8b07bfc8c34a144c9b6fdf6e2290931b3f6ab32eee6b6d3cf561,2026-05-09 17:00:00+00:00,300,300,0,299,0,0,0,4,0,0,2026-05-09 17:00:00+00:00,2026-05-09 17:05:00+00:00,2026-05-09 17:05:00.531678+00:00,300,True,Up,1,True
0xf0cce532673b75d8aa8fe55add503e17da8e20e0ebe9084521fac8b2f6473f30,2026-05-09 17:05:00+00:00,300,300,0,299,0,0,0,77,0,0,2026-05-09 17:05:00+00:00,2026-05-09 17:10:00+00:00,2026-05-09 17:10:00.525245+00:00,300,True,Up,1,True
0xae6964af2cc2dc33470aebfce3932ab8b4d3664c9d532948fbf4fda7b3ffd1f2,2026-05-09 18:00:00+00:00,300,300,0,299,0,0,0,0,0,0,2026-05-09 18:00:00+00:00,2026-05-09 18:05:00+00:00,2026-05-09 18:05:00.552700+00:00,300,True,,1,True
0x60be44897578be28157190cdca6e4c2c708ad65b6941566a39fba09bf1470e49,2026-05-09 18:15:00+00:00,300,300,0,299,0,0,0,0,0,0,2026-05-09 18:15:00+00:00,2026-05-09 18:20:00+00:00,2026-05-09 18:20:00.537237+00:00,300,True,,0,True
0x1b004cb1f8cc88f0b093257f9fd2216a039c7e4784ed83600d14e6037dcf3b98,2026-05-09 18:20:00+00:00,300,300,0,299,0,0,0,6,0,0,2026-05-09 18:20:00+00:00,2026-05-09 18:25:00+00:00,2026-05-09 18:25:00.587665+00:00,300,True,Up,1,True
0x075a89ae8245ebdf5aa938dc5261ecb84b1dc7a302f2196e5d89968166429dac,2026-05-09 18:55:00+00:00,300,300,0,299,0,0,0,0,0,0,2026-05-09 18:55:00+00:00,2026-05-09 19:00:00+00:00,2026-05-09 19:00:00.911306+00:00,300,True,,1,True
0x68298d292cabf57a2c3c4639076f85074d9e0e383718e41c164d757178ca943c,2026-05-09 19:05:00+00:00,300,300,0,299,0,0,0,1,0,0,2026-05-09 19:05:00+00:00,2026-05-09 19:10:00+00:00,2026-05-09 19:10:00.492711+00:00,300,True,Up,1,True
0x1a145aa3d9090d4ace8b50fd0220bd27d55865f74421f7678b7bdd57027169b8,2026-05-09 19:10:00+00:00,300,300,0,299,0,0,0,0,0,0,2026-05-09 19:10:00+00:00,2026-05-09 19:15:00+00:00,2026-05-09 19:15:00.605216+00:00,300,True,,0,True
0x463de486cd4ad9d13048a839302db0aaaf0f2743693361a2988a1b4295f892aa,2026-05-09 19:15:00+00:00,300,300,0,299,0,0,0,0,0,0,2026-05-09 19:15:00+00:00,2026-05-09 19:20:00+00:00,2026-05-09 19:20:00.570546+00:00,300,True,Up,1,True
0x6db8777d605e52dea406abfdd8404cd43d6457cbaed7bc634269d6a8be2abea6,2026-05-09 19:20:00+00:00,300,300,0,299,0,0,1,0,0,0,2026-05-09 19:20:00+00:00,2026-05-09 19:25:00+00:00,2026-05-09 19:25:00.528609+00:00,300,True,Down,0,True
0x3a2ee2fe9159d302fbd6fc9a41b0a0458a79e025483763d677176dea1132325a,2026-05-09 19:25:00+00:00,300,300,0,299,0,0,14,0,0,0,2026-05-09 19:25:00+00:00,2026-05-09 19:30:00+00:00,2026-05-09 19:30:00.675474+00:00,300,True,Down,0,True
0x0359f372a159196f06a0f9081cf64f149f681b79929e68a120077e7722100aad,2026-05-09 19:35:00+00:00,300,300,0,299,0,0,0,0,0,0,2026-05-09 19:35:00+00:00,2026-05-09 19:40:00+00:00,2026-05-09 19:40:00.517803+00:00,300,True,,0,True
0x7cba00f6843d45acde2dfa8db9724c8f832c0f8044d5db6c1c10beebc3c5b060,2026-05-09 19:40:00+00:00,300,300,0,299,0,0,0,40,0,0,2026-05-09 19:40:00+00:00,2026-05-09 19:45:00+00:00,2026-05-09 19:45:00.556566+00:00,300,True,Up,1,True
0xc55943c93890955df3c0de756bcf47159a1f4d667a8dec99aefc071cbb34db74,2026-05-09 19:45:00+00:00,300,300,0,299,0,0,0,8,0,0,2026-05-09 19:45:00+00:00,2026-05-09 19:50:00+00:00,2026-05-09 19:50:00.534323+00:00,300,True,Up,1,True
0x733f591c715db2f1c6e9a1aacb1d39b61e05001f0714fcbc27a38b7bb045399f,2026-05-09 19:50:00+00:00,300,300,0,299,0,0,0,49,0,0,2026-05-09 19:50:00+00:00,2026-05-09 19:55:00+00:00,2026-05-09 19:55:00.579277+00:00,300,True,Up,1,True
0x287614713fe3c9d07e298741f603cff8cc05f3e81fc4a92e95cdafbc6f45cd6b,2026-05-09 19:55:00+00:00,300,300,0,299,0,0,0,0,0,0,2026-05-09 19:55:00+00:00,2026-05-09 20:00:00+00:00,2026-05-09 20:00:00.852464+00:00,300,True,,1,True
0x304d23cad10f6fa9a243ab9d071810a03f7a911854aefd7f5ccc72a5d2af1972,2026-05-09 20:05:00+00:00,300,300,0,299,0,0,4,0,0,0,2026-05-09 20:05:00+00:00,2026-05-09 20:10:00+00:00,2026-05-09 20:10:00.581932+00:00,300,True,Down,0,True
0xb49becbc4c625e1e31e5920e0250973b0770ad1999f1ac996cfd2bac1afd4933,2026-05-09 20:10:00+00:00,300,300,0,299,0,0,18,0,0,0,2026-05-09 20:10:00+00:00,2026-05-09 20:15:00+00:00,2026-05-09 20:15:00.523931+00:00,300,True,Down,0,True
0x98006fa9bdf95e3d0f5323a58b4ede698bc4180ab5a7ee508e40e1eb115fa536,2026-05-09 20:15:00+00:00,300,300,0,299,0,0,0,0,0,0,2026-05-09 20:15:00+00:00,2026-05-09 20:20:00+00:00,2026-05-09 20:20:00.571539+00:00,300,True,Down,0,True
0xfc8a9c17d13fa8dfa043e7c271e752f46e9c56d901403ed6bbf77a932f7d3c2b,2026-05-09 20:20:00+00:00,300,300,0,299,0,0,19,0,0,0,2026-05-09 20:20:00+00:00,2026-05-09 20:25:00+00:00,2026-05-09 20:25:00.570167+00:00,300,True,Down,0,True
0xe5b4df650dec72a6f602f5ba902c3b02bdd8dbd892ddd201f9f9acc621f801c4,2026-05-09 20:25:00+00:00,300,300,0,299,0,0,0,17,0,0,2026-05-09 20:25:00+00:00,2026-05-09 20:30:00+00:00,2026-05-09 20:30:00.476590+00:00,300,True,Up,1,True
0x74d16a9e4690e66ca7f07eb03ba6c889e637920b07e88221c3b18f86f70268a5,2026-05-09 20:35:00+00:00,300,300,0,299,0,0,0,53,0,0,2026-05-09 20:35:00+00:00,2026-05-09 20:40:00+00:00,2026-05-09 20:40:00.519869+00:00,300,True,Up,1,True
0x60c6d41a8ac254d34320d159ac94b8a415453bbafaccbde74425dfdbaae5f825,2026-05-09 20:40:00+00:00,300,300,0,299,0,0,0,16,0,0,2026-05-09 20:40:00+00:00,2026-05-09 20:45:00+00:00,2026-05-09 20:45:00.614334+00:00,300,True,Up,1,True
0x1754d3eedbeb2986d2d0f6ef47862c248014e2a8bd2e2d7663aef49b8fd54d32,2026-05-09 20:45:00+00:00,300,300,0,299,0,0,0,0,0,0,2026-05-09 20:45:00+00:00,2026-05-09 20:50:00+00:00,2026-05-09 20:50:00.480679+00:00,300,True,Down,0,True
0x71a98dc6a3eb85a0333082c5d41bcd57b2094ec7e29d7f2aa7b9a440eda29c74,2026-05-09 20:50:00+00:00,300,300,0,299,0,0,1,0,0,0,2026-05-09 20:50:00+00:00,2026-05-09 20:55:00+00:00,2026-05-09 20:55:00.563717+00:00,300,True,Down,0,True
0xe27b3a96953675acf58a3130e66c0f98649161604e3480701e9b4a174e686448,2026-05-09 20:55:00+00:00,300,300,0,299,0,0,0,9,0,0,2026-05-09 20:55:00+00:00,2026-05-09 21:00:00+00:00,2026-05-09 21:00:00.596470+00:00,300,True,Up,1,True
0x1e791a6424594814d432aef83f0ce455a7fa489382743c824719001c70c87625,2026-05-09 21:00:00+00:00,300,300,0,299,0,0,0,16,0,0,2026-05-09 21:00:00+00:00,2026-05-09 21:05:00+00:00,2026-05-09 21:05:00.561888+00:00,300,True,Up,1,True
0x665b24dbc72d1e76939a76cae045e1fac29a05f295a56b3f57a30fd8e1e54a42,2026-05-09 21:05:00+00:00,300,300,0,299,0,0,0,11,0,0,2026-05-09 21:05:00+00:00,2026-05-09 21:10:00+00:00,2026-05-09 21:10:00.444574+00:00,300,True,Up,1,True
0x72798650e2936d6f3e9c63971f12969680ecd5ce6677c88d152f3a075a7f1287,2026-05-09 21:20:00+00:00,300,300,0,299,0,0,30,0,0,0,2026-05-09 21:20:00+00:00,2026-05-09 21:25:00+00:00,2026-05-09 21:25:00.561787+00:00,300,True,Down,0,True
0xeee13008b6514b41e43c841b781ca2187e550748f2be4694c5ea23238cca292b,2026-05-09 21:25:00+00:00,300,300,0,299,0,0,0,2,0,0,2026-05-09 21:25:00+00:00,2026-05-09 21:30:00+00:00,2026-05-09 21:30:00.563710+00:00,300,True,Up,1,True
0x8e2d24a94852836585aaddcb04f7cf4c47085641f2ab880e7e653732ea494c12,2026-05-09 21:35:00+00:00,300,300,0,299,0,0,30,0,0,0,2026-05-09 21:35:00+00:00,2026-05-09 21:40:00+00:00,2026-05-09 21:40:00.606524+00:00,300,True,Down,0,True
0x8b92582232e1f20e187e70fa075d1497fb98a26cd3cfa46742a9dbd9717495ea,2026-05-09 21:40:00+00:00,300,300,0,299,0,0,16,0,0,0,2026-05-09 21:40:00+00:00,2026-05-09 21:45:00+00:00,2026-05-09 21:45:00.602009+00:00,300,True,Down,0,True
0xb48b3e660a0a0378c7cfb2b6d450a0551401ce227998b3b0e6a6ecf87cd20a7d,2026-05-09 21:45:00+00:00,300,300,0,299,0,0,0,0,0,0,2026-05-09 21:45:00+00:00,2026-05-09 21:50:00+00:00,2026-05-09 21:50:00.547263+00:00,300,True,,1,True
0x1426fa14291db8a41ab2cd4a567e88cfcf616fafe411eb8115c8e4d6b8457953,2026-05-09 22:00:00+00:00,300,300,0,299,0,0,8,0,0,0,2026-05-09 22:00:00+00:00,2026-05-09 22:05:00+00:00,2026-05-09 22:05:00.560585+00:00,300,True,Down,0,True
0xf19239fb49165188fbba0e149de64dd101f33580725ac3518e0da6d7e0ee664b,2026-05-09 22:10:00+00:00,300,300,0,299,0,0,0,1,0,0,2026-05-09 22:10:00+00:00,2026-05-09 22:15:00+00:00,2026-05-09 22:15:00.559274+00:00,300,True,Up,1,True
0xa4a6782f07814b50f71425d858db8cec29f6178436431d69d5bf67e843aea6b2,2026-05-09 22:15:00+00:00,300,300,0,299,0,0,0,19,0,0,2026-05-09 22:15:00+00:00,2026-05-09 22:20:00+00:00,2026-05-09 22:20:00.577688+00:00,300,True,Up,1,True
0xdcc9e14c827ce1763a5a06eec10e4536ede9a0dd5b7b15068d40fb49211e147e,2026-05-09 22:20:00+00:00,300,300,0,299,0,0,3,0,0,0,2026-05-09 22:20:00+00:00,2026-05-09 22:25:00+00:00,2026-05-09 22:25:00.678519+00:00,300,True,Down,0,True
0x698e800b26060d7b3b2d3f50a28ee6d612df8e5fc1ca7c0f579626b86d3debf6,2026-05-09 22:25:00+00:00,300,300,0,299,0,0,0,0,0,0,2026-05-09 22:25:00+00:00,2026-05-09 22:30:00+00:00,2026-05-09 22:30:00.567269+00:00,300,True,,0,True
0x26e81bbd4f96733ffad8e509de231daf1865423ba0841e38ee0b48d9bdad6d45,2026-05-09 22:30:00+00:00,300,300,0,299,0,0,0,0,0,0,2026-05-09 22:30:00+00:00,2026-05-09 22:35:00+00:00,2026-05-09 22:35:00.549931+00:00,300,True,,1,True
0x19419c5c7694061a5482b3ccc46e6114c72a3432c3282b78ae47d1692f1c7910,2026-05-09 22:40:00+00:00,300,300,0,299,0,0,0,57,0,0,2026-05-09 22:40:00+00:00,2026-05-09 22:45:00+00:00,2026-05-09 22:45:00.768788+00:00,300,True,Up,1,True
0x9b27e6efea77201d2f9583e6512d13db04bcf9dd27f640a1cdcea516e1e8f91b,2026-05-09 23:00:00+00:00,300,300,0,299,0,0,0,0,0,0,2026-05-09 23:00:00+00:00,2026-05-09 23:05:00+00:00,2026-05-09 23:05:01.007593+00:00,300,True,,0,True
0x097c75b69662e22a9ee4393edd43cb9da0052b62e4181041ae98a1aed559f20f,2026-05-09 23:05:00+00:00,300,300,0,299,0,0,5,0,0,0,2026-05-09 23:05:00+00:00,2026-05-09 23:10:00+00:00,2026-05-09 23:10:00.521159+00:00,300,True,Down,0,True
0x3df6894ca06d3b535e9dbf3d50c9575524a4416086b4e71cc7841e9b2ec84d09,2026-05-09 23:10:00+00:00,300,300,0,299,0,0,0,1,0,0,2026-05-09 23:10:00+00:00,2026-05-09 23:15:00+00:00,2026-05-09 23:15:00.558879+00:00,300,True,Up,1,True
0x830ffa5262862ec9e201fce40100442ab72948349063f83f9308882b6f5d4a78,2026-05-09 23:15:00+00:00,300,300,0,299,0,0,0,0,0,0,2026-05-09 23:15:00+00:00,2026-05-09 23:20:00+00:00,2026-05-09 23:20:00.569661+00:00,300,True,Down,0,True
0x07e741f7f057a43679e6cf245e1211ed4dbcb452765dee39171b4b44c0927b5f,2026-05-09 23:20:00+00:00,300,300,0,299,0,0,1,0,0,0,2026-05-09 23:20:00+00:00,2026-05-09 23:25:00+00:00,2026-05-09 23:25:00.622094+00:00,300,True,Down,0,True
0xb9f81cd1ace95cbe879b754d1c8105bf34bc251f78076a43aa7b06fe4706afbc,2026-05-09 23:25:00+00:00,300,300,0,299,0,0,3,0,0,0,2026-05-09 23:25:00+00:00,2026-05-09 23:30:00+00:00,2026-05-09 23:30:00.664481+00:00,300,True,Down,0,True
0x97a43d709b212dae4552b3a2189535bf65437edfd1e76578d6032df68e654831,2026-05-09 23:40:00+00:00,300,300,0,299,0,0,0,1,0,0,2026-05-09 23:40:00+00:00,2026-05-09 23:45:00+00:00,2026-05-09 23:45:00.769986+00:00,300,True,Up,1,True
0x02f9e8b55623838eebd5054b375366c93caf92f3fddab77eff93430ed67d82b9,2026-05-09 23:45:00+00:00,300,300,0,299,0,0,0,10,0,0,2026-05-09 23:45:00+00:00,2026-05-09 23:50:00+00:00,2026-05-09 23:50:00.867070+00:00,300,True,Up,1,True
0x753fa362a5064cf3886cb74a4adf309a08787960bbfa2d6e2f54bfdd872b9c9f,2026-05-09 23:50:00+00:00,300,300,0,299,0,0,0,0,0,0,2026-05-09 23:50:00+00:00,2026-05-09 23:55:00+00:00,2026-05-09 23:55:00.499348+00:00,300,True,Down,0,True
0x3eaa228d9c3445073e3610fbe98bcedeefb688865739fbac150b845f66ff795c,2026-05-09 23:55:00+00:00,300,300,0,299,0,0,4,0,0,0,2026-05-09 23:55:00+00:00,2026-05-10 00:00:00+00:00,2026-05-10 00:00:00.822103+00:00,300,True,Down,0,True
0x98b6de1c7c82cd11818bc918322a6bae7d77eef9e4a09069638c7719aab78386,2026-05-10 00:00:00+00:00,300,300,0,299,0,0,5,0,0,0,2026-05-10 00:00:00+00:00,2026-05-10 00:05:00+00:00,2026-05-10 00:05:00.551471+00:00,300,True,Down,0,True
0x831efa7331672592d6aefb7cb8fd83814fe56341cebe94d94b45a7c89f4bb263,2026-05-10 00:05:00+00:00,300,300,0,299,0,0,0,3,0,0,2026-05-10 00:05:00+00:00,2026-05-10 00:10:00+00:00,2026-05-10 00:10:00.518912+00:00,300,True,Up,1,True
0x810d62fc475d384e48cf6b360675f615af900cdc55145da97f67ccb413711a9b,2026-05-10 00:10:00+00:00,300,300,0,299,0,0,0,39,0,0,2026-05-10 00:10:00+00:00,2026-05-10 00:15:00+00:00,2026-05-10 00:15:00.534947+00:00,300,True,Up,1,True
0x7380c08191282d7004fd35c8dee410c5eab371dc8391d04556841fa5c1da5ea2,2026-05-10 00:20:00+00:00,300,300,0,299,0,0,0,0,0,0,2026-05-10 00:20:00+00:00,2026-05-10 00:25:00+00:00,2026-05-10 00:25:00.513342+00:00,300,True,,0,True
0xa6c133ea88c3238ee9ba5ab4a2e81679438080423c4b79048acb80a354c87492,2026-05-10 00:25:00+00:00,300,300,0,299,0,0,13,0,0,0,2026-05-10 00:25:00+00:00,2026-05-10 00:30:00+00:00,2026-05-10 00:30:00.628972+00:00,300,True,Down,0,True
0x6c00560b71b2422777841984d9b7541ebf4fba7996ff8fe9d2326020cae75182,2026-05-10 00:35:00+00:00,300,300,0,299,0,0,9,0,0,0,2026-05-10 00:35:00+00:00,2026-05-10 00:40:00+00:00,2026-05-10 00:40:00.544521+00:00,300,True,,0,True
0xad33b09efc77165548d1c931ef67c8c1e5e38ad075e59a890570c0f4e975622d,2026-05-10 00:40:00+00:00,300,300,0,299,0,0,0,26,0,0,2026-05-10 00:40:00+00:00,2026-05-10 00:45:00+00:00,2026-05-10 00:45:00.655483+00:00,300,True,Up,1,True
0xcf1b3426da73a9ced061dc06148dbe71e368305b6f4a5f5de1e9d45bfbbd7bdd,2026-05-10 00:45:00+00:00,300,300,0,299,0,0,36,0,0,0,2026-05-10 00:45:00+00:00,2026-05-10 00:50:00+00:00,2026-05-10 00:50:00.549414+00:00,300,True,Down,0,True
0xc078c6d990dfb8623528ba96c3a088c9fa23e7a603d5c9b8a4124ae5c562cee5,2026-05-10 01:00:00+00:00,300,300,0,299,0,0,33,0,0,0,2026-05-10 01:00:00+00:00,2026-05-10 01:05:00+00:00,2026-05-10 01:05:00.458365+00:00,300,True,Down,0,True
0x66bf0b2f668797804d2438ffc39b16615f10a45175878425a51037bf403c8ce5,2026-05-10 01:10:00+00:00,300,300,0,299,0,0,1,0,0,0,2026-05-10 01:10:00+00:00,2026-05-10 01:15:00+00:00,2026-05-10 01:15:00.620522+00:00,300,True,Down,0,True
0x82a285d7060b26a4f37d7c5637398db61c06c118901254f81c2dc6c3f1609489,2026-05-10 01:15:00+00:00,300,300,0,299,0,0,1,0,0,0,2026-05-10 01:15:00+00:00,2026-05-10 01:20:00+00:00,2026-05-10 01:20:00.449851+00:00,300,True,Down,0,True
0x9f633eead6a1a866a7d95236327d2eb01cba06eea0c3e7f9a3a6a7eb381ccbed,2026-05-10 01:20:00+00:00,300,300,0,299,0,0,2,0,0,0,2026-05-10 01:20:00+00:00,2026-05-10 01:25:00+00:00,2026-05-10 01:25:00.537140+00:00,300,True,Down,0,True
0x55d22c5626b99b42c1ddb1dde1848f8c59b6789debc988abf6ac56c249ec10a6,2026-05-10 01:25:00+00:00,300,300,0,299,0,0,0,1,0,0,2026-05-10 01:25:00+00:00,2026-05-10 01:30:00+00:00,2026-05-10 01:30:00.640479+00:00,300,True,Up,1,True
0xba1c3e46ef857150a4faad9639d66b4d1b1f0f03149dbdf8b8b45daf9c84b8da,2026-05-10 01:35:00+00:00,300,300,0,299,0,0,1,0,0,0,2026-05-10 01:35:00+00:00,2026-05-10 01:40:00+00:00,2026-05-10 01:40:00.575861+00:00,300,True,Down,0,True
0xe3d5edeef24753e390fef06bdc9d1c264f4d0669bdd74801ab4259dfb0931e92,2026-05-10 01:40:00+00:00,300,300,0,299,0,0,0,15,0,0,2026-05-10 01:40:00+00:00,2026-05-10 01:45:00+00:00,2026-05-10 01:45:00.729110+00:00,300,True,Up,1,True
0x544fc35cf22727e8b62d5a3c6dd02b3e10e8178d692b13783b408e5bad535d2f,2026-05-10 01:45:00+00:00,300,300,0,299,0,0,0,0,0,0,2026-05-10 01:45:00+00:00,2026-05-10 01:50:00+00:00,2026-05-10 01:50:00.575386+00:00,300,True,Up,1,True
0x45cef03f4af0824986dd9da09c08677b1b2687f87a6eb53b05eb9f543c207a19,2026-05-10 01:50:00+00:00,300,300,0,299,0,0,0,31,0,0,2026-05-10 01:50:00+00:00,2026-05-10 01:55:00+00:00,2026-05-10 01:55:00.505338+00:00,300,True,Up,1,True
0xb4e95632566d9e5324e520e16807bc1c4dcca57a89ca11cfba20e2624d066820,2026-05-10 02:05:00+00:00,300,300,0,299,0,0,3,0,0,0,2026-05-10 02:05:00+00:00,2026-05-10 02:10:00+00:00,2026-05-10 02:10:00.402342+00:00,300,True,Down,0,True
0x6559fb9d150720fb3ed6bd46170b36cd1e5c587767ced9ba74e43b0567611101,2026-05-10 02:10:00+00:00,300,300,0,299,0,0,0,0,0,0,2026-05-10 02:10:00+00:00,2026-05-10 02:15:00+00:00,2026-05-10 02:15:00.638398+00:00,300,True,Down,0,True
0xdd8d5c745dffb0089222570cb0b9028423c2bd22647c8782ea2a6591dcd2caa4,2026-05-10 02:15:00+00:00,300,300,0,299,0,0,0,14,0,0,2026-05-10 02:15:00+00:00,2026-05-10 02:20:00+00:00,2026-05-10 02:20:00.572090+00:00,300,True,Up,1,True
0x802a7aec6851b1ed108d30ee86a0c4adb467391c5ef5c40550968c6e47089457,2026-05-10 02:25:00+00:00,300,300,0,299,0,0,0,35,0,0,2026-05-10 02:25:00+00:00,2026-05-10 02:30:00+00:00,2026-05-10 02:30:00.530328+00:00,300,True,Up,1,True
0x216834757a2e70570a7c48da54867c507d2159ce04b9d3d30296117c695acbf5,2026-05-10 02:40:00+00:00,300,300,0,299,0,0,0,1,0,0,2026-05-10 02:40:00+00:00,2026-05-10 02:45:00+00:00,2026-05-10 02:45:00.619907+00:00,300,True,Up,1,True
0x8f58affcf31bb61753026c9fa4182ed6477f028c2b5fcc92137dbddbf0313ad5,2026-05-10 02:45:00+00:00,300,300,0,299,0,0,0,12,0,0,2026-05-10 02:45:00+00:00,2026-05-10 02:50:00+00:00,2026-05-10 02:50:00.512046+00:00,300,True,Up,1,True
0x3e229af35ae8c7be5b7e930288865fb1344094466a0b624c2772a1231640d0ea,2026-05-10 02:50:00+00:00,300,300,0,299,0,0,0,0,0,0,2026-05-10 02:50:00+00:00,2026-05-10 02:55:00+00:00,2026-05-10 02:55:00.535887+00:00,300,True,Down,0,True
0xe991b46284d83c635c727e0b0f0b1ec6c50d8664d84e22edda5fa2ba93560ded,2026-05-10 03:00:00+00:00,300,300,0,299,0,0,0,28,0,0,2026-05-10 03:00:00+00:00,2026-05-10 03:05:00+00:00,2026-05-10 03:05:00.470354+00:00,300,True,Up,1,True
0x8b3550d444c95e05613c36665b51feaa95e27def69596273786697c67d0fd3bb,2026-05-10 03:05:00+00:00,300,300,0,299,0,0,37,0,0,0,2026-05-10 03:05:00+00:00,2026-05-10 03:10:00+00:00,2026-05-10 03:10:00.547893+00:00,300,True,Down,0,True
0xf9c09889ede4f20f299199ba21a5c199289270464eadc5a72d91c7394066103f,2026-05-10 03:20:00+00:00,300,300,0,299,0,0,17,0,0,0,2026-05-10 03:20:00+00:00,2026-05-10 03:25:00+00:00,2026-05-10 03:25:00.548866+00:00,300,True,Down,0,True
0xca595cb37c52aed9db90473a4097d87220e415da0a22c927ccd245e823fe7900,2026-05-10 03:25:00+00:00,300,300,0,299,0,0,23,0,0,0,2026-05-10 03:25:00+00:00,2026-05-10 03:30:00+00:00,2026-05-10 03:30:00.465417+00:00,300,True,Down,0,True
0x0083df112818caad4268ef29e368e63ff84636fdd979f31a4eca06a263ce75ce,2026-05-10 03:30:00+00:00,300,300,0,299,0,0,0,0,0,0,2026-05-10 03:30:00+00:00,2026-05-10 03:35:00+00:00,2026-05-10 03:35:00.475760+00:00,300,True,Up,1,True
0x18d8e7ad78c6b3372d9c1fb1d19f7f1d2bc20352c910baba918bf95c43b6192d,2026-05-10 03:40:00+00:00,300,300,0,299,0,0,60,0,0,0,2026-05-10 03:40:00+00:00,2026-05-10 03:45:00+00:00,2026-05-10 03:45:00.733661+00:00,300,True,Down,0,True
0xa695b18c338aa2a39614672c6b755506de95fc926fcfb0119e2adf29b379afc9,2026-05-10 03:45:00+00:00,300,300,0,299,0,0,0,4,0,0,2026-05-10 03:45:00+00:00,2026-05-10 03:50:00+00:00,2026-05-10 03:50:00.492952+00:00,300,True,Up,1,True
0xce434e709057846af68732d1f78186f354d5a73b080dec86960a7f62a9e85af5,2026-05-10 03:50:00+00:00,300,300,0,299,0,0,1,0,0,0,2026-05-10 03:50:00+00:00,2026-05-10 03:55:00+00:00,2026-05-10 03:55:00.709848+00:00,300,True,Down,0,True
0xa7242d4613459c9a6025f37dbbda1c7dc4cbefb8ff4ba37e8894637eb458e368,2026-05-10 04:00:00+00:00,300,300,0,299,0,0,2,0,0,0,2026-05-10 04:00:00+00:00,2026-05-10 04:05:00+00:00,2026-05-10 04:05:00.568906+00:00,300,True,Down,0,True
0x89ee1c42d4d343a2a4875df4d11c27641e11e7c2f5871686cb5b104f0bc1edf9,2026-05-10 04:05:00+00:00,300,300,0,299,0,0,0,10,0,0,2026-05-10 04:05:00+00:00,2026-05-10 04:10:00+00:00,2026-05-10 04:10:00.531266+00:00,300,True,Up,1,True
0x38b2f91b4f959a9b1c1057f261b0e3eb375c7d9a6165cfb40159d07f5344a830,2026-05-10 04:10:00+00:00,300,300,0,299,0,0,0,4,0,0,2026-05-10 04:10:00+00:00,2026-05-10 04:15:00+00:00,2026-05-10 04:15:00.607090+00:00,300,True,Up,1,True
0xbad8ff2f202f7213f380e61e2531ca536e6e6ff197306605e242407091cdadd0,2026-05-10 04:15:00+00:00,300,300,0,299,0,0,0,0,0,0,2026-05-10 04:15:00+00:00,2026-05-10 04:20:00+00:00,2026-05-10 04:20:00.567161+00:00,300,True,Up,1,True
0x6a80a50c6802a80bd4687e5aed4aa03f5a3c5fce771bcfcf7ae5c713b032f63d,2026-05-10 04:25:00+00:00,300,300,0,299,0,0,0,19,0,0,2026-05-10 04:25:00+00:00,2026-05-10 04:30:00+00:00,2026-05-10 04:30:00.595182+00:00,300,True,Up,1,True
0xd70dc58a5d1003971dbd06637f76ecc6302aa099e8ab59219249786d75119864,2026-05-10 04:30:00+00:00,300,300,0,299,0,0,0,6,0,0,2026-05-10 04:30:00+00:00,2026-05-10 04:35:00+00:00,2026-05-10 04:35:00.534735+00:00,300,True,Up,1,True
0xbe810134381226e904462d76e60126d18ae7ac7b382134892c943d5c4bbbb344,2026-05-10 04:50:00+00:00,300,300,0,299,0,0,0,51,0,0,2026-05-10 04:50:00+00:00,2026-05-10 04:55:00+00:00,2026-05-10 04:55:00.557718+00:00,300,True,Up,1,True
0x6d1d8b35535965bf6a3cc69fd91f5d3cc3bc3c0653156bba85e590f6b3016d45,2026-05-10 05:10:00+00:00,300,300,0,299,0,0,0,13,0,0,2026-05-10 05:10:00+00:00,2026-05-10 05:15:00+00:00,2026-05-10 05:15:00.408702+00:00,300,True,Up,1,True
0x770a49a860614385d76c86f45a1666379dbdd3f71d0e38ea67067b3336a3e0c5,2026-05-10 05:25:00+00:00,300,300,0,299,0,0,10,0,0,0,2026-05-10 05:25:00+00:00,2026-05-10 05:30:00+00:00,2026-05-10 05:30:00.582263+00:00,300,True,Down,0,True
0x3464ffca357e73bf8e3ef81a6aea792f46cf42b81e3271444074f1fa507e3d9f,2026-05-10 05:35:00+00:00,300,300,0,299,0,0,0,3,0,0,2026-05-10 05:35:00+00:00,2026-05-10 05:40:00+00:00,2026-05-10 05:40:00.492036+00:00,300,True,Up,1,True
0x36ce413519652a13273377fee1ee638558f6a9d37e6343471861ada216b44e22,2026-05-10 05:40:00+00:00,300,300,0,299,0,0,6,0,0,0,2026-05-10 05:40:00+00:00,2026-05-10 05:45:00+00:00,2026-05-10 05:45:00.650827+00:00,300,True,Down,0,True
0x46ce7eba34daeb8b438f896071e9f863e7918b611019877000427ab5037aaaf8,2026-05-10 05:45:00+00:00,300,300,0,299,0,0,0,1,0,0,2026-05-10 05:45:00+00:00,2026-05-10 05:50:00+00:00,2026-05-10 05:50:00.470385+00:00,300,True,Up,1,True
0xda0ce8e1526b9a752447fcc9d950ed7919df8cd7bff44a5a00e58bdfc42e6947,2026-05-10 05:55:00+00:00,300,300,0,299,0,0,0,33,0,0,2026-05-10 05:55:00+00:00,2026-05-10 06:00:00+00:00,2026-05-10 06:00:00.976438+00:00,300,True,Up,1,True
0xda0234d1e2060d9055d6f2c75b06b2f6807a8a385db74c7cf4058ad99ffa8118,2026-05-10 06:05:00+00:00,300,300,0,299,0,0,0,17,0,0,2026-05-10 06:05:00+00:00,2026-05-10 06:10:00+00:00,2026-05-10 06:10:00.529716+00:00,300,True,Up,1,True
0xd990e9ae6f6d39b5c9df56d1124921d3da72819180d94caabf928212cfba0a16,2026-05-10 06:35:00+00:00,300,300,0,299,0,0,0,58,0,0,2026-05-10 06:35:00+00:00,2026-05-10 06:40:00+00:00,2026-05-10 06:40:00.515701+00:00,300,True,Up,1,True
0x6651189f891ee5cadd14e83696a2f0d1842261bf7a94ef5baf0298ddf0f59501,2026-05-10 06:40:00+00:00,300,300,0,299,0,0,0,0,0,0,2026-05-10 06:40:00+00:00,2026-05-10 06:45:00+00:00,2026-05-10 06:45:00.597538+00:00,300,True,Up,1,True
0x6ca9364d377f8a7150ea5c2e1debdc1c35da55a5f894d005010c4e2e0d4fcf33,2026-05-10 06:45:00+00:00,300,300,0,299,0,0,0,41,0,0,2026-05-10 06:45:00+00:00,2026-05-10 06:50:00+00:00,2026-05-10 06:50:00.547708+00:00,300,True,Up,1,True
0x143aa942b122887ae075c68fd99df181d61cc575806329a61badae53e3ea9b35,2026-05-10 06:50:00+00:00,300,300,0,299,0,0,0,0,0,0,2026-05-10 06:50:00+00:00,2026-05-10 06:55:00+00:00,2026-05-10 06:55:00.465305+00:00,300,True,Up,1,True
0x6619d88688d177fe84e89c507755b223a7194fd32b8280c368def68901b8d75e,2026-05-10 07:00:00+00:00,300,300,0,299,0,0,0,5,0,0,2026-05-10 07:00:00+00:00,2026-05-10 07:05:00+00:00,2026-05-10 07:05:00.473311+00:00,300,True,Up,1,True
0x3c75b231d333d20c80666373c3d0de640f9936b8d352a6d012c1c30023505e76,2026-05-10 07:45:00+00:00,300,300,0,299,0,0,1,0,0,0,2026-05-10 07:45:00+00:00,2026-05-10 07:50:00+00:00,2026-05-10 07:50:00.504768+00:00,300,True,Down,0,True
0xc1df8c8594820fe0aeee7d17fb819cd786224ed36e34cc1d9a7b096b767a5a23,2026-05-10 08:05:00+00:00,300,300,0,299,0,0,0,49,0,0,2026-05-10 08:05:00+00:00,2026-05-10 08:10:00+00:00,2026-05-10 08:10:00.531470+00:00,300,True,Up,1,True
0x282b0c22c9608f9ef490ef8a50c4d70abb373b4ab0df2e492e063960fbe7c87f,2026-05-10 08:15:00+00:00,300,300,0,299,0,0,0,2,0,0,2026-05-10 08:15:00+00:00,2026-05-10 08:20:00+00:00,2026-05-10 08:20:00.586672+00:00,300,True,Up,1,True
0x0aca7808de768978b6de26d83ceca132cf5e721756cd9d419b8b3dbb9159e6a0,2026-05-10 08:45:00+00:00,300,300,0,299,0,0,0,17,0,0,2026-05-10 08:45:00+00:00,2026-05-10 08:50:00+00:00,2026-05-10 08:50:00.523694+00:00,300,True,Up,1,True
0xb646fbedd6d5bde4e8718e1b220f9cad7b41067a99162734a41a27855e6031e1,2026-05-10 08:55:00+00:00,300,300,0,299,0,0,5,0,0,0,2026-05-10 08:55:00+00:00,2026-05-10 09:00:00+00:00,2026-05-10 09:00:00.842276+00:00,300,True,,0,True
0x9fd919691e5f004969508dafb5cf26c0c94ac12223fa1174f62867ab103a4e58,2026-05-10 09:00:00+00:00,300,300,0,299,0,0,0,92,0,0,2026-05-10 09:00:00+00:00,2026-05-10 09:05:00+00:00,2026-05-10 09:05:00.540181+00:00,300,True,Up,1,True
0x9d2f931221169dc01f4cd775573b31edf578bf1c4e9e9e63adbfdd0aa73e9198,2026-05-10 09:15:00+00:00,300,300,0,299,0,0,0,0,0,0,2026-05-10 09:15:00+00:00,2026-05-10 09:20:00+00:00,2026-05-10 09:20:00.518442+00:00,300,True,Down,0,True
0x5aa5fdba8d3743687aaa7032370d2af9be7b8621a3e5191bf69650fe98e4abb2,2026-05-10 09:35:00+00:00,300,300,0,299,0,0,32,0,0,0,2026-05-10 09:35:00+00:00,2026-05-10 09:40:00+00:00,2026-05-10 09:40:00.415690+00:00,300,True,Down,0,True
0xfc3fa8e1b614108779391f32886493c506e7bf495246a9da62edd4fc39c000eb,2026-05-10 09:55:00+00:00,300,300,0,299,0,0,0,1,0,0,2026-05-10 09:55:00+00:00,2026-05-10 10:00:00+00:00,2026-05-10 10:00:00.701272+00:00,300,True,Up,1,True
0x6de32ab49de1ab9fed052572cf553c2dec3099b2ffb602cc8452cbeda456d04a,2026-05-10 10:00:00+00:00,300,300,0,299,0,0,26,0,0,0,2026-05-10 10:00:00+00:00,2026-05-10 10:05:00+00:00,2026-05-10 10:05:00.612536+00:00,300,True,Down,0,True
0xb85ba0e73357e778cc92c0833fe95cad40a60392a8dfc1b556d5baab9c3fbbcd,2026-05-10 10:30:00+00:00,300,300,0,299,0,0,0,0,0,0,2026-05-10 10:30:00+00:00,2026-05-10 10:35:00+00:00,2026-05-10 10:35:00.558918+00:00,300,True,Down,0,True
0x0f98aa91aa52ed310084532c2a9159cf4a40c269b47917b23ac9830511f92d85,2026-05-10 10:40:00+00:00,300,300,0,299,0,0,0,0,0,0,2026-05-10 10:40:00+00:00,2026-05-10 10:45:00+00:00,2026-05-10 10:45:00.733010+00:00,300,True,Up,1,True
0xe923471955fbaefc6792e6b5a0d34c11e4c4cebeafd59ff8672d81ea6b507bfa,2026-05-10 10:50:00+00:00,300,300,0,299,0,0,0,47,0,0,2026-05-10 10:50:00+00:00,2026-05-10 10:55:00+00:00,2026-05-10 10:55:00.506962+00:00,300,True,Up,1,True
0xab39da2da74636c0792aade49ae27b24a6fde175003230bd79386d63c6f588be,2026-05-10 10:55:00+00:00,300,300,0,299,0,0,1,0,0,0,2026-05-10 10:55:00+00:00,2026-05-10 11:00:00+00:00,2026-05-10 11:00:00.744601+00:00,300,True,Down,0,True
0x6395b04d44cc6023aaaf14e544a700c8f1657ca6e3be980a23566976db950f8b,2026-05-10 11:40:00+00:00,300,300,0,299,0,0,0,0,0,0,2026-05-10 11:40:00+00:00,2026-05-10 11:45:00+00:00,2026-05-10 11:45:00.841590+00:00,300,True,Up,1,True
0x40980f770c663f51e2fd3722888e7fedaaf6c3d0da3a3853ff9ad6dbbc4541ec,2026-05-10 11:45:00+00:00,300,300,0,299,0,0,0,0,0,0,2026-05-10 11:45:00+00:00,2026-05-10 11:50:00+00:00,2026-05-10 11:50:00.499442+00:00,300,True,,0,True
0xdfa4e44572f3dd505f221684114ffac01e5a6b10bcf86c9b4b783ca9e02aa224,2026-05-10 11:50:00+00:00,300,300,0,299,0,0,0,1,0,0,2026-05-10 11:50:00+00:00,2026-05-10 11:55:00+00:00,2026-05-10 11:55:00.588664+00:00,300,True,Up,1,True
0xf9365ae419534e8b9585a880106412fd6ac367caac3ea5ea923d55a5304e0abc,2026-05-10 11:55:00+00:00,300,300,0,299,0,0,0,0,0,0,2026-05-10 11:55:00+00:00,2026-05-10 12:00:00+00:00,2026-05-10 12:00:00.826466+00:00,300,True,Down,0,True
0xfa89a1fa3428b39165bc8ce174d3d57e633b71f94f647fd420069881b751d6a9,2026-05-10 12:00:00+00:00,300,300,0,299,0,0,3,0,0,0,2026-05-10 12:00:00+00:00,2026-05-10 12:05:00+00:00,2026-05-10 12:05:00.560826+00:00,300,True,Down,0,True
0x17827e7d5dbb0f2e469d4f35c64e6fdf00a0dc25a9a1163f8b2faa695be54adb,2026-05-10 12:05:00+00:00,300,300,0,299,0,0,0,1,0,0,2026-05-10 12:05:00+00:00,2026-05-10 12:10:00+00:00,2026-05-10 12:10:00.444824+00:00,300,True,,1,True
0x001c7863b05e671ee4d8d91cb6b7ef605636199454d07c2eee8edce7ba6ee01b,2026-05-10 12:15:00+00:00,300,300,0,299,0,0,3,0,0,0,2026-05-10 12:15:00+00:00,2026-05-10 12:20:00+00:00,2026-05-10 12:20:00.573619+00:00,300,True,Down,0,True
0xc03941bddfd13ee9093491e05d50d5e60148134d9eec376f38c30e9743325c31,2026-05-10 12:20:00+00:00,300,300,0,299,0,0,0,19,0,0,2026-05-10 12:20:00+00:00,2026-05-10 12:25:00+00:00,2026-05-10 12:25:00.529431+00:00,300,True,Up,1,True
0x6f7cb69838a216a8fe54b066c972837a7ddccd9f7f8e030e1a8c0cd31dc8159b,2026-05-10 12:25:00+00:00,300,300,0,299,0,0,0,3,0,0,2026-05-10 12:25:00+00:00,2026-05-10 12:30:00+00:00,2026-05-10 12:30:00.499713+00:00,300,True,Up,1,True
0xdd1cdcbafbae37a600deccfeec597ce7209f215c679fa58819458945c13acf73,2026-05-10 12:35:00+00:00,300,300,0,299,0,0,0,3,0,0,2026-05-10 12:35:00+00:00,2026-05-10 12:40:00+00:00,2026-05-10 12:40:00.559952+00:00,300,True,Up,1,True
0x16b6deeed0603035fe1fab25c868f60fc5e7ac5e761dd4a15d34eb897dbbfa49,2026-05-10 12:40:00+00:00,300,300,0,299,0,0,0,0,0,0,2026-05-10 12:40:00+00:00,2026-05-10 12:45:00+00:00,2026-05-10 12:45:00.568825+00:00,300,True,Up,1,True
0xd646f8134cabc72664fec48eeaefbd4824ea432bfc56e9a9a9a959926aa4b351,2026-05-10 12:45:00+00:00,300,300,0,299,0,0,0,0,0,0,2026-05-10 12:45:00+00:00,2026-05-10 12:50:00+00:00,2026-05-10 12:50:00.555767+00:00,300,True,,0,True
0xde9aec2908bd41b2378ba663abb8dbf40ca42288f654a56070404a4e7a713337,2026-05-10 12:50:00+00:00,300,300,0,299,0,0,0,0,0,0,2026-05-10 12:50:00+00:00,2026-05-10 12:55:00+00:00,2026-05-10 12:55:00.926378+00:00,300,True,,1,True
0x1572a1d256c4020238d34a85958eddc70f59471d46c9e6eca2f937e28363d572,2026-05-10 13:20:00+00:00,300,300,0,299,0,0,0,25,0,0,2026-05-10 13:20:00+00:00,2026-05-10 13:25:00+00:00,2026-05-10 13:25:00.503900+00:00,300,True,Up,1,True
0xb0674c5aea7174449ae0ba3c95a34ec32829459997e1064a0f178eb2aeb3f816,2026-05-10 14:15:00+00:00,300,300,0,299,0,0,9,0,0,0,2026-05-10 14:15:00+00:00,2026-05-10 14:20:00+00:00,2026-05-10 14:20:00.565992+00:00,300,True,Down,0,True
0x70af5fea0b259b57df7afa67e5a07abccc3e8731c7f3b1552c1dfaf3074aca6e,2026-05-10 14:20:00+00:00,300,300,0,299,0,0,0,0,0,0,2026-05-10 14:20:00+00:00,2026-05-10 14:25:00+00:00,2026-05-10 14:25:00.543077+00:00,300,True,Up,1,True
0xb4272fbf4290d6cb2eb59119744238a2773462baebdf69ee4b4617fa90537310,2026-05-10 15:35:00+00:00,300,300,0,299,0,0,0,24,0,0,2026-05-10 15:35:00+00:00,2026-05-10 15:40:00+00:00,2026-05-10 15:40:00.587729+00:00,300,True,Up,1,True
0x5301e780c00a978aadb568d10071e82b6cbba63a5c5facf1a9df71bbfd8c0e43,2026-05-10 16:45:00+00:00,300,300,0,299,0,0,0,34,0,0,2026-05-10 16:45:00+00:00,2026-05-10 16:50:00+00:00,2026-05-10 16:50:00.553810+00:00,300,True,Up,1,True
0x3414b8a2d8729bea7bfe3f0a685541e09e6d46b4c10f1b9e63155e7f0b21f228,2026-05-10 16:50:00+00:00,300,300,0,299,0,0,0,14,0,0,2026-05-10 16:50:00+00:00,2026-05-10 16:55:00+00:00,2026-05-10 16:55:00.452430+00:00,300,True,Up,1,True
0x848f34d99aa5aa78dd3e5486baa80db9d503dc8a457f0860412ce6dd2a646225,2026-05-10 17:05:00+00:00,300,300,0,299,0,0,61,0,0,0,2026-05-10 17:05:00+00:00,2026-05-10 17:10:00+00:00,2026-05-10 17:10:00.580646+00:00,300,True,Down,0,True
0x7ec94389666cbba1cc8d3bd1634b25fcf93cc83fde074d22686e4cf60fe59ebe,2026-05-10 17:15:00+00:00,300,300,0,299,0,0,0,2,0,0,2026-05-10 17:15:00+00:00,2026-05-10 17:20:00+00:00,2026-05-10 17:20:00.975080+00:00,300,True,Up,1,True
0x424c039e51091583e4fe2c2a5e82d25b04ff13dbe015ae2de519d42b73ce6bf4,2026-05-10 18:15:00+00:00,300,300,0,299,0,0,72,0,0,0,2026-05-10 18:15:00+00:00,2026-05-10 18:20:00+00:00,2026-05-10 18:20:00.532062+00:00,300,True,Down,0,True
0x46f0af647200c7d97fe17fe1c32483912a0156b332e25638b05754d61ad6e9a3,2026-05-10 18:25:00+00:00,300,300,0,299,0,0,37,0,0,0,2026-05-10 18:25:00+00:00,2026-05-10 18:30:00+00:00,2026-05-10 18:30:00.593270+00:00,300,True,Down,0,True
0x81adcf28f89bd65fbae96d28057603c74978869ba24234dea0db5c331df7884c,2026-05-10 18:30:00+00:00,300,300,0,299,0,0,2,0,0,0,2026-05-10 18:30:00+00:00,2026-05-10 18:35:00+00:00,2026-05-10 18:35:00.549401+00:00,300,True,Down,0,True
0xc766a7d6e54f953061e995ee13488415d5ed43152d7915b2347a0d237497bfdd,2026-05-10 18:35:00+00:00,300,300,0,299,0,0,16,0,0,0,2026-05-10 18:35:00+00:00,2026-05-10 18:40:00+00:00,2026-05-10 18:40:00.610136+00:00,300,True,Down,0,True
0x9deae55a69543dae12c780e8cb46fe5cba2f2b1ce1b440f6dd8f5f3bbf4e85bb,2026-05-10 18:40:00+00:00,300,300,0,299,0,0,42,0,0,0,2026-05-10 18:40:00+00:00,2026-05-10 18:45:00+00:00,2026-05-10 18:45:00.746491+00:00,300,True,Down,0,True
0xce29210ed7ac1ac81b66574bf97c635ea055d170ceb3d891b757cd14d798bf87,2026-05-10 19:00:00+00:00,300,300,0,299,0,0,42,0,0,0,2026-05-10 19:00:00+00:00,2026-05-10 19:05:00+00:00,2026-05-10 19:05:00.568818+00:00,300,True,Down,0,True
0x808de411df789c5691c4ed44e01d4c494029a6d6d37955d80df124086bce5fc1,2026-05-10 19:10:00+00:00,300,300,0,299,0,0,0,64,0,0,2026-05-10 19:10:00+00:00,2026-05-10 19:15:00+00:00,2026-05-10 19:15:00.595361+00:00,300,True,Up,1,True
0x38cdd8983fba6c3856760d566efc0ec6cc398b8083baaf7d41ffeec41db6e005,2026-05-10 19:35:00+00:00,300,300,0,299,0,0,39,0,0,0,2026-05-10 19:35:00+00:00,2026-05-10 19:40:00+00:00,2026-05-10 19:40:00.635339+00:00,300,True,Down,0,True
0x1f9e7112cd9a4b6315aa42ad4a8397dc3907f08d2d89d770c6235658f02ab95c,2026-05-10 19:40:00+00:00,300,300,0,299,0,0,0,23,0,0,2026-05-10 19:40:00+00:00,2026-05-10 19:45:00+00:00,2026-05-10 19:45:00.643809+00:00,300,True,Up,1,True
0x7c175101a14e9d543f4da01138ca6b749fcd1fbe98ebe5c346525e76da1f65de,2026-05-10 19:50:00+00:00,300,300,0,299,0,0,44,0,0,0,2026-05-10 19:50:00+00:00,2026-05-10 19:55:00+00:00,2026-05-10 19:55:00.613880+00:00,300,True,Down,0,True
0x1018907f389d1ae6807e8c56395e39e930788adf8800b6bf8d390407d9412c34,2026-05-10 20:05:00+00:00,300,300,0,299,0,0,0,21,0,0,2026-05-10 20:05:00+00:00,2026-05-10 20:10:00+00:00,2026-05-10 20:10:00.591146+00:00,300,True,Up,1,True
0x022848a95bce7fc0188cd906a6e3be218bb4da84df7bdf88c15743924985288c,2026-05-10 20:10:00+00:00,300,300,0,299,0,0,113,0,0,0,2026-05-10 20:10:00+00:00,2026-05-10 20:15:00+00:00,2026-05-10 20:15:00.589691+00:00,300,True,Down,0,True
0x5cc8b354c5f499cf8528e8cd3b5bc3a19e75ceed0d1834e1a370ad430dd1b397,2026-05-10 20:25:00+00:00,300,300,0,299,0,0,0,14,0,0,2026-05-10 20:25:00+00:00,2026-05-10 20:30:00+00:00,2026-05-10 20:30:00.599392+00:00,300,True,Up,1,True
0xd7322e56f7cd5d130f286a702751be143d2d38d9b2190ae74e8faf0d7d91e390,2026-05-10 21:25:00+00:00,300,300,0,299,0,0,0,51,0,0,2026-05-10 21:25:00+00:00,2026-05-10 21:30:00+00:00,2026-05-10 21:30:00.675700+00:00,300,True,Up,1,True
0x9d9d02b277857a135e90e80565564cedd948638f6e3cea8305a765650c868143,2026-05-11 00:15:00+00:00,300,300,0,299,0,0,61,0,0,0,2026-05-11 00:15:00+00:00,2026-05-11 00:20:00+00:00,2026-05-11 00:20:00.605432+00:00,300,True,Down,0,True
0x40fbeaa714d2e32f6b81ecb0dcd064d68415e51762cce033d0acadbc16611301,2026-05-11 00:30:00+00:00,300,300,0,299,0,0,0,59,0,0,2026-05-11 00:30:00+00:00,2026-05-11 00:35:00+00:00,2026-05-11 00:35:00.526730+00:00,300,True,Up,1,True
0x7809567c675db048f1ca3f8ef0af8a8335ff0daea7453912b66961fd5e77b24c,2026-05-11 00:40:00+00:00,300,300,0,299,0,0,32,0,0,0,2026-05-11 00:40:00+00:00,2026-05-11 00:45:00+00:00,2026-05-11 00:45:00.638672+00:00,300,True,Down,0,True
0x6c2cf8e840b7c6b9e50fc1d6f2b96dfbe8648c3bba8420f702850c060bcb063a,2026-05-11 01:20:00+00:00,300,300,0,299,0,0,0,5,0,0,2026-05-11 01:20:00+00:00,2026-05-11 01:25:00+00:00,2026-05-11 01:25:00.506312+00:00,300,True,Up,1,True
0x6cb3fab2db8079599629d61bc7cd1c5ff62c05e1f6018a0fa8082236d690833e,2026-05-11 01:25:00+00:00,300,300,0,299,0,0,27,0,0,0,2026-05-11 01:25:00+00:00,2026-05-11 01:30:00+00:00,2026-05-11 01:30:00.437543+00:00,300,True,Down,0,True
0x497a342b59bbd662b557d03964bf12a0cd15f1160e074e55b976f5b64b08fb29,2026-05-11 01:30:00+00:00,300,300,0,299,0,0,14,0,0,0,2026-05-11 01:30:00+00:00,2026-05-11 01:35:00+00:00,2026-05-11 01:35:00.508306+00:00,300,True,Down,0,True
0xed45114e076cae071e7460afe37c64237735debaa5c4a596c51cb522e56dd5c2,2026-05-11 01:35:00+00:00,300,300,0,299,0,0,22,0,0,0,2026-05-11 01:35:00+00:00,2026-05-11 01:40:00+00:00,2026-05-11 01:40:00.535709+00:00,300,True,Down,0,True
0x945be8e87294c87c37c0a8a2547a1b612fcbdbc92063cf45484a1307010e6adc,2026-05-11 01:45:00+00:00,300,300,0,299,0,0,0,23,0,0,2026-05-11 01:45:00+00:00,2026-05-11 01:50:00+00:00,2026-05-11 01:50:00.487714+00:00,300,True,Up,1,True
0x13e375b34b3c36b3d2d6cb506db300d50664ca1844fbd7d5632d99d5d82e527e,2026-05-11 01:55:00+00:00,300,300,0,299,0,0,0,0,0,0,2026-05-11 01:55:00+00:00,2026-05-11 02:00:00+00:00,2026-05-11 02:00:00.750716+00:00,300,True,,1,True
0x0e7a4e1669cdcd27a93566c3d900cef581bb84040a0caca4ed5f903175c05abb,2026-05-11 02:10:00+00:00,300,300,0,299,0,0,1,0,0,0,2026-05-11 02:10:00+00:00,2026-05-11 02:15:00+00:00,2026-05-11 02:15:00.504766+00:00,300,True,Down,0,True
0x5317299a68448d3ec22a18f033def829bdaa683f6fde46677ada394ad2c8ab11,2026-05-11 02:40:00+00:00,300,300,0,299,0,0,0,0,0,0,2026-05-11 02:40:00+00:00,2026-05-11 02:45:00+00:00,2026-05-11 02:45:00.773778+00:00,300,True,,1,True
0x5bd93a84798f1494327bada7aae0d2642b8ff9b353a410fb917d9505657c481d,2026-05-11 02:55:00+00:00,300,300,0,299,0,0,28,0,0,0,2026-05-11 02:55:00+00:00,2026-05-11 03:00:00+00:00,2026-05-11 03:00:05.455794+00:00,300,True,Down,0,True
0x5347984d4d50108175b5fbf6f29bb284a095c94be3bd83dc15ff2c785a14c0ce,2026-05-11 04:00:00+00:00,300,300,0,299,0,0,6,0,0,0,2026-05-11 04:00:00+00:00,2026-05-11 04:05:00+00:00,2026-05-11 04:05:00.781123+00:00,300,True,Down,0,True
0x5efee494dc0db6647d661e8e4cb810d7c62603f8adb2c41b75711f12ad149a9a,2026-05-11 04:05:00+00:00,300,300,0,299,0,0,11,0,0,0,2026-05-11 04:05:00+00:00,2026-05-11 04:10:00+00:00,2026-05-11 04:10:00.508308+00:00,300,True,Down,0,True
0xb1134b7c401ad792485c9eae70e897eee2e5106be69cc08b1e7b89bd9bacf8c0,2026-05-11 04:10:00+00:00,300,300,0,299,0,0,0,4,0,0,2026-05-11 04:10:00+00:00,2026-05-11 04:15:00+00:00,2026-05-11 04:15:00.603998+00:00,300,True,Up,1,True
0xbceb0864d69a297ce7412a7a63c7ca38b5e2732bcf6a03051cdf115f7bcf5e14,2026-05-11 04:15:00+00:00,300,300,0,299,0,0,0,18,0,0,2026-05-11 04:15:00+00:00,2026-05-11 04:20:00+00:00,2026-05-11 04:20:00.582245+00:00,300,True,Up,1,True
0x45ba013ce74089c0bf052215b75e79a3f631569c8345000be15f6ca6e733f124,2026-05-11 04:20:00+00:00,300,300,0,299,0,0,0,51,0,0,2026-05-11 04:20:00+00:00,2026-05-11 04:25:00+00:00,2026-05-11 04:25:00.534440+00:00,300,True,Up,1,True
0x0f0f9044c3db359fb7834bcc6e14671a11e266510a7feeefad2e61d90bdaef86,2026-05-11 04:35:00+00:00,300,300,0,299,0,0,0,0,0,0,2026-05-11 04:35:00+00:00,2026-05-11 04:40:00+00:00,2026-05-11 04:40:00.544505+00:00,300,True,Down,0,True
0x2b91cd50ce7903f461cc3b2dab90c45a8f113a57f629768e6abb3d1616bec953,2026-05-11 05:15:00+00:00,300,300,0,299,0,0,0,33,0,0,2026-05-11 05:15:00+00:00,2026-05-11 05:20:00+00:00,2026-05-11 05:20:00.541318+00:00,300,True,Up,1,True
0x5c07484bd9cc3627c954cf43b349e7f2c009a33fa845a35dd941ae5535c3f6fb,2026-05-11 05:50:00+00:00,300,300,0,299,0,0,0,0,0,0,2026-05-11 05:50:00+00:00,2026-05-11 05:55:00+00:00,2026-05-11 05:55:00.477256+00:00,300,True,,1,True
0xe780dde955f70997b80628bafec3fee325a2a10744737ad02638450c4bd2f861,2026-05-11 05:55:00+00:00,300,300,0,299,0,0,3,0,0,0,2026-05-11 05:55:00+00:00,2026-05-11 06:00:00+00:00,2026-05-11 06:00:00.555173+00:00,300,True,Down,0,True
0x969a2f996f84c43f04f3e3fe02c6e243709cd7b6d0729123e49d5b1d9389b2b6,2026-05-11 06:00:00+00:00,300,300,0,299,0,0,0,4,0,0,2026-05-11 06:00:00+00:00,2026-05-11 06:05:00+00:00,2026-05-11 06:05:00.571012+00:00,300,True,Up,1,True
0x01b654d80363aeffa24c0a5324411999f1462197dbf1b2b358510aa952410b5b,2026-05-11 06:05:00+00:00,300,300,0,299,0,0,0,12,0,0,2026-05-11 06:05:00+00:00,2026-05-11 06:10:00+00:00,2026-05-11 06:10:00.455300+00:00,300,True,Up,1,True
0xf0e4a712fbf0e0c417a74504f76cdca2ef6d41903430ba530d2ba5b1eee17f72,2026-05-11 06:40:00+00:00,300,300,0,299,0,0,11,0,0,0,2026-05-11 06:40:00+00:00,2026-05-11 06:45:00+00:00,2026-05-11 06:45:00.651567+00:00,300,True,Down,0,True
0x5ae9705d0f84076f86c0ddcbd509a2bae0e99f400ce160080eb058b96b406d8d,2026-05-11 06:45:00+00:00,300,300,0,299,0,0,33,0,0,0,2026-05-11 06:45:00+00:00,2026-05-11 06:50:00+00:00,2026-05-11 06:50:00.472905+00:00,300,True,Down,0,True
0x936bd22de986631ce74f85811297bb236c0b106ff3fb02066c1e6bed1b18f656,2026-05-11 06:50:00+00:00,300,300,0,299,0,0,0,27,0,0,2026-05-11 06:50:00+00:00,2026-05-11 06:55:00+00:00,2026-05-11 06:55:00.564535+00:00,300,True,Up,1,True
0x9049269fe8c380913c44bacfdc14becea66a9619f9a4eaaafaac2000f76528ea,2026-05-11 06:55:00+00:00,300,300,0,299,0,0,1,0,0,0,2026-05-11 06:55:00+00:00,2026-05-11 07:00:00+00:00,2026-05-11 07:00:00.753446+00:00,300,True,Down,0,True
0x649340b2a3e39f7d0de414d6891a14b6e1969293f8fec3ccb481572fd2375e34,2026-05-11 07:00:00+00:00,300,300,0,299,0,0,51,0,0,0,2026-05-11 07:00:00+00:00,2026-05-11 07:05:00+00:00,2026-05-11 07:05:00.538296+00:00,300,True,Down,0,True
0xf9ad98ca192cc41e2be094a53a3278b60ffd68249bcf2a98e4209f04b9b6bd6f,2026-05-11 07:05:00+00:00,300,300,0,299,0,0,0,3,0,0,2026-05-11 07:05:00+00:00,2026-05-11 07:10:00+00:00,2026-05-11 07:10:00.574189+00:00,300,True,Up,1,True
0xd90da5117b2ea166472d9aac9f59e9aab7ac5a064c8903d14aa7797e1ddb38f5,2026-05-11 07:10:00+00:00,300,300,0,299,0,0,0,0,0,0,2026-05-11 07:10:00+00:00,2026-05-11 07:15:00+00:00,2026-05-11 07:15:00.546048+00:00,300,True,Down,0,True
0x32a69ec6a8b5b2f589d5478344422abbabd43ad67fa1b386ec2de77c9063038a,2026-05-11 07:20:00+00:00,300,300,0,299,0,0,5,0,0,0,2026-05-11 07:20:00+00:00,2026-05-11 07:25:00+00:00,2026-05-11 07:25:00.508716+00:00,300,True,Down,0,True
0xdd4a28f2e1fc33a086812f51d4665a94bd2c1c76719192762508c829de1e5015,2026-05-11 07:25:00+00:00,300,300,0,299,0,0,19,0,0,0,2026-05-11 07:25:00+00:00,2026-05-11 07:30:00+00:00,2026-05-11 07:30:00.703497+00:00,300,True,Down,0,True
0x09d08cd2f2b36c4040520bf45d2d6c7986c8660257822f8be745e7b7d2eca3c8,2026-05-11 07:30:00+00:00,300,300,0,299,0,0,2,0,0,0,2026-05-11 07:30:00+00:00,2026-05-11 07:35:00+00:00,2026-05-11 07:35:00.560740+00:00,300,True,Down,0,True
0xf8059d29f127c853a33675e267c10571dce4d5135b81239f053b6a2f8da973fc,2026-05-11 07:35:00+00:00,300,300,0,299,0,0,0,2,0,0,2026-05-11 07:35:00+00:00,2026-05-11 07:40:00+00:00,2026-05-11 07:40:00.560580+00:00,300,True,Up,1,True
0xea909072f47abed5d68df10e5674faee23f8569cd28b5be0b9edd9707411570f,2026-05-11 07:40:00+00:00,300,300,0,299,0,0,2,0,0,0,2026-05-11 07:40:00+00:00,2026-05-11 07:45:00+00:00,2026-05-11 07:45:00.642519+00:00,300,True,Down,0,True
0xb96f20847c737f268cf5c15f23da52f40db05aa82811cda24e961b83f97f7543,2026-05-11 07:45:00+00:00,300,300,0,299,0,0,0,0,0,0,2026-05-11 07:45:00+00:00,2026-05-11 07:50:00+00:00,2026-05-11 07:50:00.500222+00:00,300,True,Up,1,True
0x0ec33275ad4b7412d21fa67784662a62c2ec4e6ae3cb8a883e088c8a29537243,2026-05-11 07:50:00+00:00,300,300,0,299,0,0,0,19,0,0,2026-05-11 07:50:00+00:00,2026-05-11 07:55:00+00:00,2026-05-11 07:55:00.529589+00:00,300,True,Up,1,True
0x527f41974155ce6775736c9741d71974d2e62a4d3ad04fca7c995e8f12c6cf22,2026-05-11 07:55:00+00:00,300,300,0,299,0,0,9,0,0,0,2026-05-11 07:55:00+00:00,2026-05-11 08:00:00+00:00,2026-05-11 08:00:00.875512+00:00,300,True,Down,0,True
0x8db4d815f2757c051606b3021c5ab9626caaf9d056fd98f0aeef331ae495a435,2026-05-11 08:00:00+00:00,300,300,0,299,0,0,10,0,0,0,2026-05-11 08:00:00+00:00,2026-05-11 08:05:00+00:00,2026-05-11 08:05:00.538441+00:00,300,True,Down,0,True
0x59027b0cc21063ff7b0d4e9c84aaddfd5d829f87fc836b464b2207906c7cdac0,2026-05-11 08:05:00+00:00,300,300,0,299,0,0,16,0,0,0,2026-05-11 08:05:00+00:00,2026-05-11 08:10:00+00:00,2026-05-11 08:10:00.535042+00:00,300,True,Down,0,True
0x8fd475495ffe0f6b51accfe8d6992b6fb1c92ac95b233934351a641c5207280b,2026-05-11 08:10:00+00:00,300,300,0,299,0,0,0,51,0,0,2026-05-11 08:10:00+00:00,2026-05-11 08:15:00+00:00,2026-05-11 08:15:00.588983+00:00,300,True,Up,1,True
0xf357d48f1ee8eed9ccdb5d0387813bff6ef782437d7cd27ed559bade68925249,2026-05-11 08:15:00+00:00,300,300,0,299,0,0,0,15,0,0,2026-05-11 08:15:00+00:00,2026-05-11 08:20:00+00:00,2026-05-11 08:20:00.585004+00:00,300,True,Up,1,True
0x2b1bba5f99018738df467c725fa172ebe76009c04137f21ca0cb4d30a2669822,2026-05-11 08:20:00+00:00,300,300,0,299,0,0,0,0,0,0,2026-05-11 08:20:00+00:00,2026-05-11 08:25:00+00:00,2026-05-11 08:25:01.600582+00:00,300,True,Down,0,True
0xab5a8d6cb8a9cd55ecbf4994e3f56e0c2f5406d52eadfc2263b80da0e5da0421,2026-05-11 08:25:00+00:00,300,300,0,299,0,0,96,0,0,0,2026-05-11 08:25:00+00:00,2026-05-11 08:30:00+00:00,2026-05-11 08:30:00.665535+00:00,300,True,Down,0,True
0x7c913eccf664d71d595668b3cd90c0e768b7c707094bf55b2b30c5f1c85d78de,2026-05-11 08:30:00+00:00,300,300,0,299,0,0,0,39,0,0,2026-05-11 08:30:00+00:00,2026-05-11 08:35:00+00:00,2026-05-11 08:35:00.562656+00:00,300,True,Up,1,True
0xfa011cb5d4e1598d43d15eabfc0ea93cdc413d37abf8f492fe8672c1d4afa58b,2026-05-11 08:45:00+00:00,300,300,0,299,0,0,0,4,0,0,2026-05-11 08:45:00+00:00,2026-05-11 08:50:00+00:00,2026-05-11 08:50:00.540567+00:00,300,True,Up,1,True
0xa9bc1775546fc4da1cb673cf5212860f6ccf0eb578f7a19dac9e094ff565c51d,2026-05-11 08:50:00+00:00,300,300,0,299,0,0,19,0,0,0,2026-05-11 08:50:00+00:00,2026-05-11 08:55:00+00:00,2026-05-11 08:55:00.547040+00:00,300,True,Down,0,True
0x4e0b25320e55f6dabcad8adc1fe8e54073f187a683c07751cb8ee9849bf5d921,2026-05-11 08:55:00+00:00,300,300,0,299,0,0,32,0,0,0,2026-05-11 08:55:00+00:00,2026-05-11 09:00:00+00:00,2026-05-11 09:00:00.726170+00:00,300,True,Down,0,True
0x62a7e985d26e85a6465147ac54f3123c02bce3a33ef5a371ba50d4c398c7a884,2026-05-11 09:00:00+00:00,300,300,0,299,0,0,0,50,0,0,2026-05-11 09:00:00+00:00,2026-05-11 09:05:00+00:00,2026-05-11 09:05:00.552668+00:00,300,True,Up,1,True
0xed5658de130138a9714564f4bc4bd6d4cb946e96309d736987a1f17e0eb60aa7,2026-05-11 09:05:00+00:00,300,300,0,299,0,0,0,13,0,0,2026-05-11 09:05:00+00:00,2026-05-11 09:10:00+00:00,2026-05-11 09:10:00.488708+00:00,300,True,Up,1,True
0xfb780b73f0cd669af597c32f8fbe9d2f4d1f6a0e2ea9edcd69cd5772940a6bd6,2026-05-11 09:10:00+00:00,300,300,0,299,0,0,0,22,0,0,2026-05-11 09:10:00+00:00,2026-05-11 09:15:00+00:00,2026-05-11 09:15:00.572966+00:00,300,True,Up,1,True
0xd167b7ec08052687a8cbb86270c0285dcc12b001a274b1510ce5e39559516175,2026-05-11 09:15:00+00:00,300,300,0,299,0,0,2,0,0,0,2026-05-11 09:15:00+00:00,2026-05-11 09:20:00+00:00,2026-05-11 09:20:00.557140+00:00,300,True,Down,0,True
0xcdb071fbf2ffbba0ff4d3a3d5f0f9c576fdb24a7a1c4e76c21204f4fcae47a5d,2026-05-11 09:20:00+00:00,300,300,0,299,0,0,0,1,0,0,2026-05-11 09:20:00+00:00,2026-05-11 09:25:00+00:00,2026-05-11 09:25:00.398178+00:00,300,True,Up,1,True
0x0fec1e0184c4aabd849b6966442539158553f0d1e663e0ce5d69d0fa07b7eb53,2026-05-11 09:25:00+00:00,300,300,0,299,0,0,0,0,0,0,2026-05-11 09:25:00+00:00,2026-05-11 09:30:00+00:00,2026-05-11 09:30:00.637898+00:00,300,True,,0,True
0x876f49dd82804bb3bdb4b6baada7fe260a983b25628d0ed3ccb726d1fb34b134,2026-05-11 09:30:00+00:00,300,300,0,299,0,0,8,0,0,0,2026-05-11 09:30:00+00:00,2026-05-11 09:35:00+00:00,2026-05-11 09:35:00.529615+00:00,300,True,Down,0,True
0xd863a481323564b64f431d4c8fa8f0237f56075b2bb4b6f3ec9be8986ec292f0,2026-05-11 09:35:00+00:00,300,300,0,299,0,0,9,0,0,0,2026-05-11 09:35:00+00:00,2026-05-11 09:40:00+00:00,2026-05-11 09:40:00.553335+00:00,300,True,Down,0,True
0xf2cfe925f9a8008bc648bdaf7ce6c583b9679ea8609352c7d2d294e83748783e,2026-05-11 09:40:00+00:00,300,300,0,299,0,0,0,43,0,0,2026-05-11 09:40:00+00:00,2026-05-11 09:45:00+00:00,2026-05-11 09:45:00.663981+00:00,300,True,Up,1,True
0xa7a4eb72c27f7234f85e9d45838293675f6d68440ac0ec5900c6d1f71fa54057,2026-05-11 09:45:00+00:00,300,300,0,299,0,0,0,51,0,0,2026-05-11 09:45:00+00:00,2026-05-11 09:50:00+00:00,2026-05-11 09:50:00.533889+00:00,300,True,Up,1,True
0x60c844a151769048829ae0e0ff89dbab36cf309a2e213c8691e508002aaeb7f3,2026-05-11 09:50:00+00:00,300,300,0,299,0,0,17,0,0,0,2026-05-11 09:50:00+00:00,2026-05-11 09:55:00+00:00,2026-05-11 09:55:00.586884+00:00,300,True,Down,0,True
0x4b074503611971072d35da89b30ed65115fa767c1ce8c6c500244c48d1835377,2026-05-11 09:55:00+00:00,300,300,0,299,0,0,0,7,0,0,2026-05-11 09:55:00+00:00,2026-05-11 10:00:00+00:00,2026-05-11 10:00:00.818026+00:00,300,True,Up,1,True
0xff119d0c858600e0b6a23b5995325ff26e95ac4e8d5da5093a8cae922f4c562a,2026-05-11 10:00:00+00:00,300,300,0,299,0,0,0,0,0,0,2026-05-11 10:00:00+00:00,2026-05-11 10:05:00+00:00,2026-05-11 10:05:00.600351+00:00,300,True,Up,1,True
0x6c3084e0699ad1697e512394ed8da3138a68ea48db48f0cd983d8e8b8d9a0581,2026-05-11 10:05:00+00:00,300,300,0,299,0,0,0,63,0,0,2026-05-11 10:05:00+00:00,2026-05-11 10:10:00+00:00,2026-05-11 10:10:00.882622+00:00,300,True,Up,1,True
0xb397c1399022d56a53f63a8cc244fa35e7a21a943fcf0d340d5a9a4d2a3e346d,2026-05-11 10:10:00+00:00,300,300,0,299,0,0,9,0,0,0,2026-05-11 10:10:00+00:00,2026-05-11 10:15:00+00:00,2026-05-11 10:15:00.645875+00:00,300,True,Down,0,True
0x4725f614791398564752cadb1a025b48e70f7531c48f6ba834e2f2bd5d93efa3,2026-05-11 10:40:00+00:00,300,300,0,299,0,0,0,43,0,0,2026-05-11 10:40:00+00:00,2026-05-11 10:45:00+00:00,2026-05-11 10:45:00.671327+00:00,300,True,Up,1,True
0x86b4907f2c749b27e8bf7d7a7d800a0d69e532037277bb32edb9fd39baf8bfbc,2026-05-11 10:45:00+00:00,300,300,0,299,0,0,0,0,0,0,2026-05-11 10:45:00+00:00,2026-05-11 10:50:00+00:00,2026-05-11 10:50:00.539069+00:00,300,True,,0,True
0x00f553e0d29a68e2e9d28ab5da8227148550c2e720f9b00e77f9f7b9a6638413,2026-05-11 10:50:00+00:00,300,300,0,299,0,0,12,0,0,0,2026-05-11 10:50:00+00:00,2026-05-11 10:55:00+00:00,2026-05-11 10:55:00.508257+00:00,300,True,Down,0,True
0x69dea649313006f28ed8a8e6a410e56bd242d87382f33ff5ad6e96f7a4768497,2026-05-11 10:55:00+00:00,300,300,0,299,0,0,85,0,0,0,2026-05-11 10:55:00+00:00,2026-05-11 11:00:00+00:00,2026-05-11 11:00:00.836488+00:00,300,True,Down,0,True
0x20bd77e455dc452171d14d95cb03711c642ca1972da663551138b0cd74a58739,2026-05-11 11:10:00+00:00,300,300,0,299,0,0,14,0,0,0,2026-05-11 11:10:00+00:00,2026-05-11 11:15:00+00:00,2026-05-11 11:15:00.628062+00:00,300,True,Down,0,True
0x48267a4204e0a43cad78d3292c7ea185ce94f41ea6fefaa66d3c5b9878ed2047,2026-05-11 11:15:00+00:00,300,300,0,299,0,0,0,87,0,0,2026-05-11 11:15:00+00:00,2026-05-11 11:20:00+00:00,2026-05-11 11:20:00.637419+00:00,300,True,Up,1,True
0x40700012f9ad164768adec531509390301031896bb42ca8ec1de72b66472f55b,2026-05-11 11:20:00+00:00,300,300,0,299,0,0,0,16,0,0,2026-05-11 11:20:00+00:00,2026-05-11 11:25:00+00:00,2026-05-11 11:25:00.515044+00:00,300,True,Up,1,True
0x3daa66b635d6bb0739fef5fe10223971e6b7ac0cacfc967f1d4872c63fa76f39,2026-05-11 11:25:00+00:00,300,300,0,299,0,0,20,0,0,0,2026-05-11 11:25:00+00:00,2026-05-11 11:30:00+00:00,2026-05-11 11:30:00.688367+00:00,300,True,Down,0,True
0x37823680009844a9f643a5ef0364eef094f7bce07bf0dc1397ef4b2532897e58,2026-05-11 11:30:00+00:00,300,300,0,299,0,0,0,22,0,0,2026-05-11 11:30:00+00:00,2026-05-11 11:35:00+00:00,2026-05-11 11:35:00.518770+00:00,300,True,Up,1,True
0xc44708e23a4b60a2c63ced14fd800f712b0ccd9809f3938c844b6c495d90116a,2026-05-11 11:35:00+00:00,300,300,0,299,0,0,0,2,0,0,2026-05-11 11:35:00+00:00,2026-05-11 11:40:00+00:00,2026-05-11 11:40:00.633280+00:00,300,True,Up,1,True
0xec275fd777e8c84146d2c7ff3f0237cff27cc13a286497b408772202ef649c60,2026-05-11 11:40:00+00:00,300,300,0,299,0,0,3,0,0,0,2026-05-11 11:40:00+00:00,2026-05-11 11:45:00+00:00,2026-05-11 11:45:00.700017+00:00,300,True,Down,0,True
0x031a514a37504f450e9d7dbe2de073c70f02a9ea4ff839e8b4f79d8a47d0ae08,2026-05-11 11:55:00+00:00,300,300,0,299,0,0,0,7,0,0,2026-05-11 11:55:00+00:00,2026-05-11 12:00:00+00:00,2026-05-11 12:00:00.919111+00:00,300,True,Up,1,True
0xfd65956b2b338dde806bf2c9289659e2a6ed6c50460cd4ed8ba00865d48138f7,2026-05-11 12:05:00+00:00,300,300,0,299,0,0,25,0,0,0,2026-05-11 12:05:00+00:00,2026-05-11 12:10:00+00:00,2026-05-11 12:10:00.773246+00:00,300,True,Down,0,True
0x274878b5018cdd6bd39a25f932cb2dd66c5e111f9abd4c96cf7c9a00d37eac67,2026-05-11 12:10:00+00:00,300,300,0,299,0,0,18,0,0,0,2026-05-11 12:10:00+00:00,2026-05-11 12:15:00+00:00,2026-05-11 12:15:00.570078+00:00,300,True,Down,0,True
0xdf309a7c80fc9b7b0a2fe6914f5afbb799536db8f1601b9847cd0efbeb2b86a4,2026-05-11 12:15:00+00:00,300,300,0,299,0,0,0,33,0,0,2026-05-11 12:15:00+00:00,2026-05-11 12:20:00+00:00,2026-05-11 12:20:00.516427+00:00,300,True,Up,1,True
0x489324158f1cbf25a38ab6e66dc7024579d7ad005f6de048064e8cca0e86e96c,2026-05-11 12:20:00+00:00,300,300,0,299,0,0,0,60,0,0,2026-05-11 12:20:00+00:00,2026-05-11 12:25:00+00:00,2026-05-11 12:25:00.565476+00:00,300,True,Up,1,True
0xd4dcd708ec7e12a83e2baf02177020e934daa5bf3a7cd8b47dbd4571721b1473,2026-05-11 12:25:00+00:00,300,300,0,299,0,0,6,0,0,0,2026-05-11 12:25:00+00:00,2026-05-11 12:30:00+00:00,2026-05-11 12:30:00.438128+00:00,300,True,Down,0,True
0xdd19a4c1a2e1080e3db95e74f73a14008a1969ddaf9b9933c9aa01dc2745ca18,2026-05-11 13:10:00+00:00,300,300,0,299,0,0,0,3,0,0,2026-05-11 13:10:00+00:00,2026-05-11 13:15:00+00:00,2026-05-11 13:15:00.580444+00:00,300,True,Up,1,True
0x26e342a2756531c5ef0f0583aa7718232e11a4aca9ab395c2489c75e2329b6dc,2026-05-11 13:15:00+00:00,300,300,0,299,0,0,7,0,0,0,2026-05-11 13:15:00+00:00,2026-05-11 13:20:00+00:00,2026-05-11 13:20:00.617704+00:00,300,True,Down,0,True
0x3fdb0b0da834a9d5d310a8e36ade5b9ae19741fa50ef72258ff3f8383392ba37,2026-05-11 13:35:00+00:00,300,300,0,299,0,0,41,0,0,0,2026-05-11 13:35:00+00:00,2026-05-11 13:40:00+00:00,2026-05-11 13:40:00.640839+00:00,300,True,Down,0,True
0x12400d7935b20e58fb9854348d29244d265cd7f5856a59d972c5d0085f480fc5,2026-05-11 13:55:00+00:00,300,300,0,299,0,0,0,38,0,0,2026-05-11 13:55:00+00:00,2026-05-11 14:00:00+00:00,2026-05-11 14:00:00.777720+00:00,300,True,Up,1,True
0x01e32b7f61ceec5509df987c6505484beca9160a913b4028469e6a8a73310db5,2026-05-11 14:00:00+00:00,300,300,0,299,0,0,0,76,0,0,2026-05-11 14:00:00+00:00,2026-05-11 14:05:00+00:00,2026-05-11 14:05:00.590262+00:00,300,True,Up,1,True
0x7ecdccd2801cea69817a79e0f95a0fa3223f93bb6e6606b96c852db1fa0b3bb0,2026-05-11 14:05:00+00:00,300,300,0,299,0,0,0,3,0,0,2026-05-11 14:05:00+00:00,2026-05-11 14:10:00+00:00,2026-05-11 14:10:00.516691+00:00,300,True,Up,1,True
0x3fce0c3f8bf2b5351953269c11e72181d934e8ec866376c34674021c34df3dbc,2026-05-11 14:15:00+00:00,300,300,0,299,0,0,23,0,0,0,2026-05-11 14:15:00+00:00,2026-05-11 14:20:00+00:00,2026-05-11 14:20:00.623483+00:00,300,True,Down,0,True
0x487afddfaf4f2af839452abee0119db7355ddee133d7f5423aabcf5c44791354,2026-05-11 14:40:00+00:00,300,300,0,299,0,0,18,0,0,0,2026-05-11 14:40:00+00:00,2026-05-11 14:45:00+00:00,2026-05-11 14:45:00.995379+00:00,300,True,Down,0,True
0xc941cd6d26e6dc6b46812166f3f49af70eed0000fbc52495d8e34b577d8cf92a,2026-05-11 14:45:00+00:00,300,300,0,299,0,0,30,0,0,0,2026-05-11 14:45:00+00:00,2026-05-11 14:50:00+00:00,2026-05-11 14:50:00.511528+00:00,300,True,Down,0,True
0x77cefd01541d2ecef85282895736de000980187a2722e64da688c74d2d5add61,2026-05-11 14:50:00+00:00,300,300,0,299,0,0,0,102,0,0,2026-05-11 14:50:00+00:00,2026-05-11 14:55:00+00:00,2026-05-11 14:55:00.499941+00:00,300,True,Up,1,True
0x19c06d1abf2dc810b4b3b5e2a687acf2b455404d326dd3971e0d29722e2045e6,2026-05-11 15:00:00+00:00,300,300,0,299,0,0,25,0,0,0,2026-05-11 15:00:00+00:00,2026-05-11 15:05:00+00:00,2026-05-11 15:05:00.543066+00:00,300,True,Down,0,True
0x6ed18fe69434e5c97a5510a77432cdb670381089fd9ba3bb42f1e80fc8e73898,2026-05-11 15:05:00+00:00,300,300,0,299,0,0,0,0,0,0,2026-05-11 15:05:00+00:00,2026-05-11 15:10:00+00:00,2026-05-11 15:10:00.515983+00:00,300,True,Up,1,True
0xcb27e620d2725a72532623ba5f324ff624ca6f3f94d3db3da9e01fbc97ea75d2,2026-05-11 15:10:00+00:00,300,300,0,299,0,0,0,87,0,0,2026-05-11 15:10:00+00:00,2026-05-11 15:15:00+00:00,2026-05-11 15:15:00.580039+00:00,300,True,Up,1,True
0xfcd959051c167b9c34cccd4cdd7b227b0b5a4f84ae9259fceb0bcf5b7eca5a83,2026-05-11 15:40:00+00:00,300,300,0,299,0,0,0,0,0,0,2026-05-11 15:40:00+00:00,2026-05-11 15:45:00+00:00,2026-05-11 15:45:00.971347+00:00,300,True,Down,0,True
0xa25891e99c1c17be713a0c84553ef63846c819bc4e06ac3ea17a6f4b1aa08a23,2026-05-11 17:05:00+00:00,300,300,0,299,0,0,92,0,0,0,2026-05-11 17:05:00+00:00,2026-05-11 17:10:00+00:00,2026-05-11 17:10:00.537821+00:00,300,True,Down,0,True
0xaeec88573a67a810d80069b9aa9a680728701c4a3a74a6c679a114fe2e1d6d01,2026-05-11 17:15:00+00:00,300,300,0,299,0,0,0,60,0,0,2026-05-11 17:15:00+00:00,2026-05-11 17:20:00+00:00,2026-05-11 17:20:00.612202+00:00,300,True,Up,1,True
0x53a0ad337097506234d5cb580b0547eaf575c4b5588adeebdb938506826ea607,2026-05-11 17:20:00+00:00,300,300,0,299,0,0,0,0,0,0,2026-05-11 17:20:00+00:00,2026-05-11 17:25:00+00:00,2026-05-11 17:25:00.534587+00:00,300,True,,0,True
0x12d1bfe0384d29934c94154b873f24b20d5fe4deb52f94e1d0512167c0712133,2026-05-11 18:25:00+00:00,300,300,0,299,0,0,0,92,0,0,2026-05-11 18:25:00+00:00,2026-05-11 18:30:00+00:00,2026-05-11 18:30:00.639003+00:00,300,True,Up,1,True
0x5aace85b5b39752bada429c111d78f5a8acac08e72474280fd59ba17414291ec,2026-05-11 19:15:00+00:00,300,300,0,299,0,0,27,0,0,0,2026-05-11 19:15:00+00:00,2026-05-11 19:20:00+00:00,2026-05-11 19:20:00.603883+00:00,300,True,Down,0,True
0xf376d34222cd5dc6279cd1bba9016e93d2034f47368cad76b533c2b3c3fd7604,2026-05-11 19:20:00+00:00,300,300,0,299,0,0,0,81,0,0,2026-05-11 19:20:00+00:00,2026-05-11 19:25:00+00:00,2026-05-11 19:25:00.567403+00:00,300,True,Up,1,True
0x5568ab40be723819f4fbedc8c1656aabfd5689f5c5a25c19f101f91c5690e481,2026-05-11 19:25:00+00:00,300,300,0,299,0,0,104,0,0,0,2026-05-11 19:25:00+00:00,2026-05-11 19:30:00+00:00,2026-05-11 19:30:00.653958+00:00,300,True,Down,0,True
0xe02bcf7a61d0f6e70f2ba3e3779ef253af8c87e3a866413f822b632927a134ce,2026-05-11 19:35:00+00:00,300,300,0,299,0,0,0,52,0,0,2026-05-11 19:35:00+00:00,2026-05-11 19:40:00+00:00,2026-05-11 19:40:00.602446+00:00,300,True,Up,1,True
0xc0800c29f7f84bae91a6596b399812c90fc511482e62abbeda73e73406a3d5e6,2026-05-11 19:50:00+00:00,300,300,0,299,0,0,19,0,0,0,2026-05-11 19:50:00+00:00,2026-05-11 19:55:00+00:00,2026-05-11 19:55:00.545696+00:00,300,True,Down,0,True
0x3839326ae1300e4a686e5ad040a4ce12b6f1c6502a37ac908eee49470388bb03,2026-05-11 19:55:00+00:00,300,300,0,299,0,0,0,3,0,0,2026-05-11 19:55:00+00:00,2026-05-11 20:00:00+00:00,2026-05-11 20:00:00.796147+00:00,300,True,Up,1,True
0x836231bc7cf05ab74c2eca02adf3470a858b8d781048299f992efe47de61ffd2,2026-05-11 20:00:00+00:00,300,300,0,299,0,0,0,44,0,0,2026-05-11 20:00:00+00:00,2026-05-11 20:05:00+00:00,2026-05-11 20:05:00.555767+00:00,300,True,Up,1,True
0x22128e361161ee07ffe9af50a3d7fbab84b80b28403a547ba50dfa9a0c442657,2026-05-11 20:05:00+00:00,300,300,0,299,0,0,0,1,0,0,2026-05-11 20:05:00+00:00,2026-05-11 20:10:00+00:00,2026-05-11 20:10:00.563881+00:00,300,True,Up,1,True
0xbd0afc41661ffd9fa87380eddd5d3729306083e61c72cfaf5466c82c8c063e37,2026-05-11 20:15:00+00:00,300,300,0,299,0,0,0,15,0,0,2026-05-11 20:15:00+00:00,2026-05-11 20:20:00+00:00,2026-05-11 20:20:00.581697+00:00,300,True,Up,1,True
0x5210132551313abb297efb615947b62fd8f26dea1ada6214b8dd2be8727a4bf9,2026-05-11 20:20:00+00:00,300,300,0,299,0,0,19,0,0,0,2026-05-11 20:20:00+00:00,2026-05-11 20:25:00+00:00,2026-05-11 20:25:00.648512+00:00,300,True,Down,0,True
0xafac21d7d4790b77bdff9a230925f0cbcba277e130eac1413cf4c016ef4b29b7,2026-05-11 20:25:00+00:00,300,300,0,299,0,0,15,0,0,0,2026-05-11 20:25:00+00:00,2026-05-11 20:30:00+00:00,2026-05-11 20:30:00.571090+00:00,300,True,Down,0,True
0xd7ee934158f49e33eb1b1b00e77b3b4c589612776efa8de880499ebb82866312,2026-05-11 20:30:00+00:00,300,300,0,299,0,0,0,1,0,0,2026-05-11 20:30:00+00:00,2026-05-11 20:35:00+00:00,2026-05-11 20:35:00.536177+00:00,300,True,Up,1,True
0x388b14c7b3f39900604da4508d267e3bb151d3ac61535d2c000ebee9ae87fb23,2026-05-11 20:35:00+00:00,300,300,0,299,0,0,26,0,0,0,2026-05-11 20:35:00+00:00,2026-05-11 20:40:00+00:00,2026-05-11 20:40:00.606868+00:00,300,True,Down,0,True
0xd590524b042f8a79fc820a96f354c71ad6af44526552c020e267bb025da688d7,2026-05-11 20:45:00+00:00,300,300,0,299,0,0,0,59,0,0,2026-05-11 20:45:00+00:00,2026-05-11 20:50:00+00:00,2026-05-11 20:50:00.547595+00:00,300,True,Up,1,True
0xd233c151796e1abdc668bfe782f612776be52271ba09e9e4429b02e381fea25a,2026-05-11 20:50:00+00:00,300,300,0,299,0,0,37,0,0,0,2026-05-11 20:50:00+00:00,2026-05-11 20:55:00+00:00,2026-05-11 20:55:00.504737+00:00,300,True,Down,0,True
0x804f288b11624b6422bb4e0fa49f5005aa5c66078d64f5bcdb74c1efc99cf887,2026-05-11 20:55:00+00:00,300,300,0,299,0,0,14,0,0,0,2026-05-11 20:55:00+00:00,2026-05-11 21:00:00+00:00,2026-05-11 21:00:00.871172+00:00,300,True,Down,0,True
0x9a34134b1f4f40f134fb68c16d560372a469e9f0480b4a30b827aad2c90ef57c,2026-05-11 21:00:00+00:00,300,300,0,299,0,0,0,30,0,0,2026-05-11 21:00:00+00:00,2026-05-11 21:05:00+00:00,2026-05-11 21:05:00.535746+00:00,300,True,Up,1,True
0x4ab3376b161bad1de07337acba408b7ef330f2809d8eda10870f8673adbaa19f,2026-05-11 21:05:00+00:00,300,300,0,299,0,0,71,0,0,0,2026-05-11 21:05:00+00:00,2026-05-11 21:10:00+00:00,2026-05-11 21:10:00.500602+00:00,300,True,Down,0,True
0x94648ada9ce585e20bebdff7dab9d5f985b3bdddf9cff66fe110654bf6a1fe8b,2026-05-11 21:35:00+00:00,300,300,0,299,0,0,0,72,0,0,2026-05-11 21:35:00+00:00,2026-05-11 21:40:00+00:00,2026-05-11 21:40:00.573814+00:00,300,True,Up,1,True
0xbab8158cb69beac08ac3fc49c15c7f7f25836ddf9a0145445ebf3599e6bd4a6d,2026-05-11 21:40:00+00:00,300,300,0,299,0,0,0,3,0,0,2026-05-11 21:40:00+00:00,2026-05-11 21:45:00+00:00,2026-05-11 21:45:00.640818+00:00,300,True,Up,1,True
0xdd409346e15c41cd191e11858bc22bbf0239dd4040dbd3142b691254f360c739,2026-05-11 21:45:00+00:00,300,300,0,299,0,0,0,0,0,0,2026-05-11 21:45:00+00:00,2026-05-11 21:50:00+00:00,2026-05-11 21:50:00.510153+00:00,300,True,Up,1,True
0x2bb7d4b14c6ea5348e9412f3c352e041cbe64124bcbf7a52b9db0d508d3a2482,2026-05-11 21:50:00+00:00,300,300,0,299,0,0,0,63,0,0,2026-05-11 21:50:00+00:00,2026-05-11 21:55:00+00:00,2026-05-11 21:55:00.908430+00:00,300,True,Up,1,True
0x9428a7b20905b1bda8089baec387be52e90dfdd33b35a4771dd9ea429b118ba1,2026-05-11 22:20:00+00:00,300,300,0,299,0,0,64,0,0,0,2026-05-11 22:20:00+00:00,2026-05-11 22:25:00+00:00,2026-05-11 22:25:00.541684+00:00,300,True,Down,0,True
0x37fe61032b810aec4d38f0ca79362aecb742f6b9d0ee92faadc546dc6d0aae7b,2026-05-11 22:25:00+00:00,300,300,0,299,0,0,83,0,0,0,2026-05-11 22:25:00+00:00,2026-05-11 22:30:00+00:00,2026-05-11 22:30:00.518691+00:00,300,True,Down,0,True
0xb8630dc9ffe7a8e338689af178a8911987f4ec313b6e84fa753c3b2a840f1cc3,2026-05-11 22:35:00+00:00,300,300,0,299,0,0,0,11,0,0,2026-05-11 22:35:00+00:00,2026-05-11 22:40:00+00:00,2026-05-11 22:40:00.535841+00:00,300,True,Up,1,True
0x2ad1613fc1951964071485ef8be4e78a2d1e9582f528517c3a3b606979e12554,2026-05-11 22:40:00+00:00,300,300,0,299,0,0,0,1,0,0,2026-05-11 22:40:00+00:00,2026-05-11 22:45:00+00:00,2026-05-11 22:45:00.649474+00:00,300,True,Up,1,True
0x741d0e8a8a119a1c8512ebbe5615b9c7b444f0de9e47041c0370037de9108490,2026-05-11 22:50:00+00:00,300,300,0,299,0,0,0,3,0,0,2026-05-11 22:50:00+00:00,2026-05-11 22:55:00+00:00,2026-05-11 22:55:00.492156+00:00,300,True,Up,1,True
0x509d9705eb54ae5de6ef605330b0dde4af8af37ad20baa787bff06665f26f5da,2026-05-11 23:00:00+00:00,300,300,0,299,0,0,27,0,0,0,2026-05-11 23:00:00+00:00,2026-05-11 23:05:00+00:00,2026-05-11 23:05:00.524562+00:00,300,True,Down,0,True
0x139ae4f90896d169d4bbce4ed331335185ddc33d486faabc366a2b3d840137b9,2026-05-11 23:05:00+00:00,300,300,0,299,0,0,48,0,0,0,2026-05-11 23:05:00+00:00,2026-05-11 23:10:00+00:00,2026-05-11 23:10:00.563136+00:00,300,True,Down,0,True
0x767914005f744e1714e55fa53d7c54c843082cb5380f92929f91132533527cf8,2026-05-11 23:10:00+00:00,300,300,0,299,0,0,0,13,0,0,2026-05-11 23:10:00+00:00,2026-05-11 23:15:00+00:00,2026-05-11 23:15:00.598686+00:00,300,True,Up,1,True
0xd75a47399e18743a35480c54321599a53752cf109758e357ef4de540ad74c395,2026-05-11 23:15:00+00:00,300,300,0,299,0,0,48,0,0,0,2026-05-11 23:15:00+00:00,2026-05-11 23:20:00+00:00,2026-05-11 23:20:00.586024+00:00,300,True,Down,0,True
0xb207be675800c95fded68f13a76fb7ac0333d2862cb2e6340d8aeba1bc496f2e,2026-05-11 23:20:00+00:00,300,300,0,299,0,0,0,3,0,0,2026-05-11 23:20:00+00:00,2026-05-11 23:25:00+00:00,2026-05-11 23:25:00.412784+00:00,300,True,Up,1,True
0x952cac24fd533a99bc979b330bab1116d5fa8bb79bf83b4fa5b5f7a81ca022b0,2026-05-11 23:25:00+00:00,300,300,0,299,0,0,29,0,0,0,2026-05-11 23:25:00+00:00,2026-05-11 23:30:00+00:00,2026-05-11 23:30:00.595259+00:00,300,True,Down,0,True
0xd0aa856e01e2c557949bafe91901ea466d06c9b22405ac2d4200046b77b57f74,2026-05-11 23:30:00+00:00,300,300,0,299,0,0,0,119,0,0,2026-05-11 23:30:00+00:00,2026-05-11 23:35:00+00:00,2026-05-11 23:35:00.543918+00:00,300,True,Up,1,True
0x80b3e67faf6c2228069b58b61e76ccd7a4958e0b93f8bc2000275a037aaff689,2026-05-11 23:40:00+00:00,300,300,0,299,0,0,0,16,0,0,2026-05-11 23:40:00+00:00,2026-05-11 23:45:00+00:00,2026-05-11 23:45:00.752572+00:00,300,True,Up,1,True
0xb8c8a236adb320ac1822ca44d3025797a2419eee8dbdf28c9ea57a08438ae7c2,2026-05-11 23:50:00+00:00,300,300,0,299,0,0,0,0,0,0,2026-05-11 23:50:00+00:00,2026-05-11 23:55:00+00:00,2026-05-11 23:55:00.487576+00:00,300,True,,0,True
0xeb61854ebd8ec27c00b9cc5b333045b538860ff38786c08cd996ce77fe2c04c9,2026-05-12 00:00:00+00:00,300,300,0,299,0,0,3,0,0,0,2026-05-12 00:00:00+00:00,2026-05-12 00:05:00+00:00,2026-05-12 00:05:00.618882+00:00,300,True,Down,0,True
0x6285a812ed692f66c8f9f7468dfcdd41987db5f3daa2537c0dc12343f08c246a,2026-05-12 00:20:00+00:00,300,300,0,299,0,0,42,0,0,0,2026-05-12 00:20:00+00:00,2026-05-12 00:25:00+00:00,2026-05-12 00:25:00.380116+00:00,300,True,Down,0,True
0xe9c023739f4bbca888ccf95082029543f281c885078fc9f79410e112d51fce29,2026-05-12 00:40:00+00:00,300,300,0,299,0,0,14,0,0,0,2026-05-12 00:40:00+00:00,2026-05-12 00:45:00+00:00,2026-05-12 00:45:00.614967+00:00,300,True,Down,0,True
0xfcdbcfd471cee266eb14d610d72a26f446e8a53862354d520c7375cec19a793f,2026-05-12 00:45:00+00:00,300,300,0,299,0,0,0,25,0,0,2026-05-12 00:45:00+00:00,2026-05-12 00:50:00+00:00,2026-05-12 00:50:00.456868+00:00,300,True,Up,1,True
0xdbb7478b14a6b71143e876870db2c8ff23b942400c7a6a894a902cdc8b86c539,2026-05-12 00:55:00+00:00,300,300,0,299,0,0,1,0,0,0,2026-05-12 00:55:00+00:00,2026-05-12 01:00:00+00:00,2026-05-12 01:00:01.001088+00:00,300,True,Down,0,True
0x8b383c7826ddcaef31ae37e113ad7ba6c497c08abea8d40ba61a1578bb1a3b7d,2026-05-12 01:00:00+00:00,300,300,0,299,0,0,28,0,0,0,2026-05-12 01:00:00+00:00,2026-05-12 01:05:00+00:00,2026-05-12 01:05:00.517866+00:00,300,True,Down,0,True
0x253be38ef405f435e5c4973a5c22edf46fbfb049d35b8297cc21c39fddd073c1,2026-05-12 01:10:00+00:00,300,300,0,299,0,0,9,0,0,0,2026-05-12 01:10:00+00:00,2026-05-12 01:15:00+00:00,2026-05-12 01:15:00.519130+00:00,300,True,Down,0,True
0xad6a014ccde41c4337417cdd3992be381612cea652642923d39c47f24e43c376,2026-05-12 01:15:00+00:00,300,300,0,299,0,0,3,0,0,0,2026-05-12 01:15:00+00:00,2026-05-12 01:20:00+00:00,2026-05-12 01:20:00.490057+00:00,300,True,Down,0,True
0xe0bc63590f5f48a70e1a7b080204206b31f9ad4e4a433e7d7d45860a8bb9e1c1,2026-05-12 01:30:00+00:00,300,300,0,299,0,0,78,0,0,0,2026-05-12 01:30:00+00:00,2026-05-12 01:35:00+00:00,2026-05-12 01:35:00.543303+00:00,300,True,Down,0,True
0xbb8d8cbcbf66aa90d74fa53e9bb822d62020ea778ca797d7be4ea200748ddb2b,2026-05-12 01:55:00+00:00,300,300,0,299,0,0,0,0,0,0,2026-05-12 01:55:00+00:00,2026-05-12 02:00:00+00:00,2026-05-12 02:00:00.808415+00:00,300,True,Down,0,True
0xa90dfdb1fed1a39ac20c0a8fa19b25dfc2c0de3e65eda13896ba4e176bb255d4,2026-05-12 02:00:00+00:00,300,300,0,299,0,0,0,32,0,0,2026-05-12 02:00:00+00:00,2026-05-12 02:05:00+00:00,2026-05-12 02:05:00.539137+00:00,300,True,Up,1,True
0x667b47ac6b8606bf234a7899f45172bcf67f8580d126fc573dafa24d2b08efdd,2026-05-12 02:20:00+00:00,300,300,0,299,0,0,0,37,0,0,2026-05-12 02:20:00+00:00,2026-05-12 02:25:00+00:00,2026-05-12 02:25:00.525680+00:00,300,True,Up,1,True
0xda919f2235317ee6234292372a6dd4f5f25041671587aa3b0cf240aef19c2d3a,2026-05-12 02:55:00+00:00,300,300,0,299,0,0,3,0,0,0,2026-05-12 02:55:00+00:00,2026-05-12 03:00:00+00:00,2026-05-12 03:00:00.942013+00:00,300,True,Down,0,True
0xc0df0cf3f8532ffc658894eca5baaca2aaf49a9d7a17076a0adb9f3d378157d6,2026-05-12 03:00:00+00:00,300,300,0,299,0,0,4,0,0,0,2026-05-12 03:00:00+00:00,2026-05-12 03:05:00+00:00,2026-05-12 03:05:00.494234+00:00,300,True,Down,0,True
0x1eeca9a04d05b983e150497c80baa32043330d88d4c15581b36ba825b228d501,2026-05-12 03:05:00+00:00,300,300,0,299,0,0,0,1,0,0,2026-05-12 03:05:00+00:00,2026-05-12 03:10:00+00:00,2026-05-12 03:10:00.485200+00:00,300,True,Up,1,True
0xd16bbfab4f253c6b2c343fed15cde517ff011ce9ac77abfc8ffb31aa1ec548da,2026-05-12 03:10:00+00:00,300,300,0,299,0,0,13,0,0,0,2026-05-12 03:10:00+00:00,2026-05-12 03:15:00+00:00,2026-05-12 03:15:00.548251+00:00,300,True,Down,0,True
0x80c1c5af2ffffb0c379fa27f87ab01d6fe29fa1a73d97e501c28187ed2eceec2,2026-05-12 03:15:00+00:00,300,300,0,299,0,0,0,0,0,0,2026-05-12 03:15:00+00:00,2026-05-12 03:20:00+00:00,2026-05-12 03:20:00.545896+00:00,300,True,Down,0,True
0x91d4fbbe72867f4ca31732c3cede0e3881a2b5feb493dadf3f0a489d9898b6fc,2026-05-12 03:20:00+00:00,300,300,0,299,0,0,23,0,0,0,2026-05-12 03:20:00+00:00,2026-05-12 03:25:00+00:00,2026-05-12 03:25:00.567679+00:00,300,True,Down,0,True
0x5dff84bf3471cb29a748cdaeb825849da340ee42f8198441adb3a8a530bfda08,2026-05-12 03:25:00+00:00,300,300,0,299,0,0,19,0,0,0,2026-05-12 03:25:00+00:00,2026-05-12 03:30:00+00:00,2026-05-12 03:30:00.468076+00:00,300,True,Down,0,True
0x6e4f034dd98101d8a53603ef78a567ed75d938028466271fa8fdc1566040d94e,2026-05-12 03:30:00+00:00,300,300,0,299,0,0,0,7,0,0,2026-05-12 03:30:00+00:00,2026-05-12 03:35:00+00:00,2026-05-12 03:35:00.504515+00:00,300,True,Up,1,True
0xaa665132f056f280d95897f06ecfd7d2d5289d9a1c8476c9528bbbdc05288a50,2026-05-12 03:40:00+00:00,300,300,0,299,0,0,0,2,0,0,2026-05-12 03:40:00+00:00,2026-05-12 03:45:00+00:00,2026-05-12 03:45:00.745244+00:00,300,True,Up,1,True
0x13de6b9a9052960884ce7e836b36bbc712c6d3ef10d22c4bdebd3eb677891542,2026-05-12 03:45:00+00:00,300,300,0,299,0,0,109,0,0,0,2026-05-12 03:45:00+00:00,2026-05-12 03:50:00+00:00,2026-05-12 03:50:00.541537+00:00,300,True,Down,0,True
0xe0f93abd2fc699cb1692db54cdfc95c0d84fa89646179781ee6fd687011ad214,2026-05-12 03:55:00+00:00,300,300,0,299,0,0,8,0,0,0,2026-05-12 03:55:00+00:00,2026-05-12 04:00:00+00:00,2026-05-12 04:00:00.830099+00:00,300,True,Down,0,True
0xda47c2d53fd75843ef4de13aa17e3af5d42866c933f1556fb225e5562ccc8ccb,2026-05-12 04:20:00+00:00,300,300,0,299,0,0,0,0,0,0,2026-05-12 04:20:00+00:00,2026-05-12 04:25:00+00:00,2026-05-12 04:25:00.527438+00:00,300,True,,1,True
0x7befc3834b6ee87fae4190d76c779f1441dbd4528ef3c464fb55211ff64ec350,2026-05-12 05:00:00+00:00,300,300,0,299,0,0,0,2,0,0,2026-05-12 05:00:00+00:00,2026-05-12 05:05:00+00:00,2026-05-12 05:05:00.529712+00:00,300,True,Up,1,True
0xeb026f9d5da482c2eb75e90d24c824280709326d091f0e23918471d55dcbdc95,2026-05-12 05:05:00+00:00,300,300,0,299,0,0,25,0,0,0,2026-05-12 05:05:00+00:00,2026-05-12 05:10:00+00:00,2026-05-12 05:10:00.512758+00:00,300,True,Down,0,True
0xf96519b53d9338b101ba0edfb3fc1d97d52596dbf75eb2438d1832af9608ec46,2026-05-12 05:10:00+00:00,300,300,0,299,0,0,0,3,0,0,2026-05-12 05:10:00+00:00,2026-05-12 05:15:00+00:00,2026-05-12 05:15:00.505730+00:00,300,True,Up,1,True
0x8c65afdafc8523386d7e067788666af3d67e6315a417a19285cd5e72e447c8ee,2026-05-12 05:15:00+00:00,300,300,0,299,0,0,0,0,0,0,2026-05-12 05:15:00+00:00,2026-05-12 05:20:00+00:00,2026-05-12 05:20:00.556617+00:00,300,True,,1,True
0xde1b93fd9906f97c2e2b9aa617fb38c2339a3fb3e0c383236d65b4cea77c56e5,2026-05-12 05:20:00+00:00,300,300,0,299,0,0,0,13,0,0,2026-05-12 05:20:00+00:00,2026-05-12 05:25:00+00:00,2026-05-12 05:25:00.558214+00:00,300,True,Up,1,True
0xc89de9c9ed1719fb014712af6133c76852325f8cb9578871a83e88f35a88cb75,2026-05-12 05:25:00+00:00,300,300,0,299,0,0,0,35,0,0,2026-05-12 05:25:00+00:00,2026-05-12 05:30:00+00:00,2026-05-12 05:30:00.633300+00:00,300,True,Up,1,True
0x534aeb9334851e63c422a35a5668278dc0e8f9350f90408339a5a75a328e4f06,2026-05-12 05:35:00+00:00,300,300,0,299,0,0,0,46,0,0,2026-05-12 05:35:00+00:00,2026-05-12 05:40:00+00:00,2026-05-12 05:40:00.518722+00:00,300,True,Up,1,True
0x881ca99ce6ffaa4e14c179a415cabe8139e456398bbe1bd9c680cdeb4d4a1f08,2026-05-12 05:40:00+00:00,300,300,0,299,0,0,9,0,0,0,2026-05-12 05:40:00+00:00,2026-05-12 05:45:00+00:00,2026-05-12 05:45:00.729491+00:00,300,True,Down,0,True
0x0a6242c97fc9e923801e8ad197f340772a5d9d86cef756f25cf756fb80d2673c,2026-05-12 05:45:00+00:00,300,300,0,299,0,0,0,3,0,0,2026-05-12 05:45:00+00:00,2026-05-12 05:50:00+00:00,2026-05-12 05:50:00.539417+00:00,300,True,Up,1,True
0x06b78d0c72b2ca2fd5162695a13ea218a29728576f7660dea07678f0769c737c,2026-05-12 05:55:00+00:00,300,300,0,299,0,0,3,0,0,0,2026-05-12 05:55:00+00:00,2026-05-12 06:00:00+00:00,2026-05-12 06:00:00.660933+00:00,300,True,Down,0,True
0xcf7e3568952742579ab7fa0f19be29fe0dfb264cfb25fd12ba8ee729b3df8b37,2026-05-12 06:00:00+00:00,300,300,0,299,0,0,0,2,0,0,2026-05-12 06:00:00+00:00,2026-05-12 06:05:00+00:00,2026-05-12 06:05:00.528851+00:00,300,True,Up,1,True
0x5a9292a09e28f3c40ced957a81c12595762939d7feeeb78cf79bc3bf4663dd50,2026-05-12 06:05:00+00:00,300,300,0,299,0,0,0,0,0,0,2026-05-12 06:05:00+00:00,2026-05-12 06:10:00+00:00,2026-05-12 06:10:00.514699+00:00,300,True,,1,True
0x239435fa8b4fe41919cddfca34594041c9a9cb19274d2afd94385d3386f9d48c,2026-05-12 06:10:00+00:00,300,300,0,299,0,0,0,0,0,0,2026-05-12 06:10:00+00:00,2026-05-12 06:15:00+00:00,2026-05-12 06:15:00.573816+00:00,300,True,,1,True
0x40e5e488336adc66a7a234c07054f4b3bc0a260f7eda26e3134d9080f730498a,2026-05-12 06:30:00+00:00,300,300,0,299,0,0,40,0,0,0,2026-05-12 06:30:00+00:00,2026-05-12 06:35:00+00:00,2026-05-12 06:35:00.424885+00:00,300,True,Down,0,True
0x8d840af4ded01028376df2f7bea973afc8294a2d118a3ea27ba9d56c16914989,2026-05-12 06:35:00+00:00,300,300,0,299,0,0,3,0,0,0,2026-05-12 06:35:00+00:00,2026-05-12 06:40:00+00:00,2026-05-12 06:40:00.594921+00:00,300,True,Down,0,True
0xf026592f5d8cdbf7ca71ad67f6f215f9870a3c435bc5adfe3f6475b4aa9177bd,2026-05-12 06:40:00+00:00,300,300,0,299,0,0,40,0,0,0,2026-05-12 06:40:00+00:00,2026-05-12 06:45:00+00:00,2026-05-12 06:45:00.772700+00:00,300,True,Down,0,True
0x3e33923ecfb8be80949df6fe0cc583ddf03f5abf3a156f0e0d76eac9b4dba68d,2026-05-12 06:45:00+00:00,300,300,0,299,0,0,0,1,0,0,2026-05-12 06:45:00+00:00,2026-05-12 06:50:00+00:00,2026-05-12 06:50:00.524564+00:00,300,True,Up,1,True
0x106b046089eae1893d229bf0f791ce791f78e998f8bb42dbe37f568826780b7d,2026-05-12 06:50:00+00:00,300,300,0,299,0,0,17,0,0,0,2026-05-12 06:50:00+00:00,2026-05-12 06:55:00+00:00,2026-05-12 06:55:00.533822+00:00,300,True,Down,0,True
0x4b8d720c88ab1a84e02561e92ec6b3af0fdbb7f649674556f9d4500c4be6798f,2026-05-12 07:00:00+00:00,300,300,0,299,0,0,60,0,0,0,2026-05-12 07:00:00+00:00,2026-05-12 07:05:00+00:00,2026-05-12 07:05:00.516765+00:00,300,True,Down,0,True
0x56ab3d8082b305f3d93bb57d81d79fecadeb12606eb46697620ecaf90e4d393b,2026-05-12 07:15:00+00:00,300,300,0,299,0,0,54,0,0,0,2026-05-12 07:15:00+00:00,2026-05-12 07:20:00+00:00,2026-05-12 07:20:00.573904+00:00,300,True,Down,0,True
0xfb055699a7e06d45cc145a4d5cd3c9c0e7b5ce4d05b6873ff70baf554422053a,2026-05-12 07:25:00+00:00,300,300,0,299,0,0,69,0,0,0,2026-05-12 07:25:00+00:00,2026-05-12 07:30:00+00:00,2026-05-12 07:30:00.525723+00:00,300,True,Down,0,True
0xffdf1b9176af7c850dd792d341fa445748b09a911c27664256d3bc8f3cfbe43f,2026-05-12 07:35:00+00:00,300,300,0,299,0,0,101,0,0,0,2026-05-12 07:35:00+00:00,2026-05-12 07:40:00+00:00,2026-05-12 07:40:00.601146+00:00,300,True,Down,0,True
0xd7ca0ed5b4e6d5a4a4a65aea4b3d953393fefb1f4a7830e5aca9170474c057c9,2026-05-12 07:45:00+00:00,300,300,0,299,0,0,92,0,0,0,2026-05-12 07:45:00+00:00,2026-05-12 07:50:00+00:00,2026-05-12 07:50:00.531951+00:00,300,True,Down,0,True
0x7bb151add0eb571c9253fb3a6e43bc2d695ce4d857f037cf319440518c802212,2026-05-12 08:00:00+00:00,300,300,0,299,0,0,0,13,0,0,2026-05-12 08:00:00+00:00,2026-05-12 08:05:00+00:00,2026-05-12 08:05:00.583702+00:00,300,True,Up,1,True
0xecaceb93d75bbb5eaaf3fa8c8c619e2349540c703996cc69cbefc36921b67be7,2026-05-12 08:10:00+00:00,300,300,0,299,0,0,26,0,0,0,2026-05-12 08:10:00+00:00,2026-05-12 08:15:00+00:00,2026-05-12 08:15:00.682681+00:00,300,True,Down,0,True
0x0c69fb41520acd6ca859065c2512fa25afabf2df452326e7f2b25dca1e780ab9,2026-05-12 08:15:00+00:00,300,300,0,299,0,0,0,23,0,0,2026-05-12 08:15:00+00:00,2026-05-12 08:20:00+00:00,2026-05-12 08:20:00.610870+00:00,300,True,Up,1,True
0x0b797b7291ed88c46b23c3d868644ae03d6780d6829cd1af1e91745601669492,2026-05-12 08:20:00+00:00,300,300,0,299,0,0,0,64,0,0,2026-05-12 08:20:00+00:00,2026-05-12 08:25:00+00:00,2026-05-12 08:25:00.512707+00:00,300,True,Up,1,True
0x7d5bc50e826da9e72631c070f6e2c64b6d63c86c6f2a4f221dbca03a222ac300,2026-05-12 08:30:00+00:00,300,300,0,299,0,0,0,12,0,0,2026-05-12 08:30:00+00:00,2026-05-12 08:35:00+00:00,2026-05-12 08:35:00.544977+00:00,300,True,Up,1,True
0x625e367c50dcc18f2eff22481dd2c1e14cdab196b1ac92048479391e0ee9c8f0,2026-05-12 08:40:00+00:00,300,300,0,299,0,0,0,3,0,0,2026-05-12 08:40:00+00:00,2026-05-12 08:45:00+00:00,2026-05-12 08:45:00.645943+00:00,300,True,Up,1,True
0x2b459830fd75ebfa25d7e938704f1d3bbe881729c5a4d04c8dbea14a9212d6b8,2026-05-12 08:45:00+00:00,300,300,0,299,0,0,26,0,0,0,2026-05-12 08:45:00+00:00,2026-05-12 08:50:00+00:00,2026-05-12 08:50:00.561922+00:00,300,True,Down,0,True
0x064c9aa2ddcfd989b8fc3e69b490c4b4102658c4dce1c064225f2776db9196a1,2026-05-12 08:50:00+00:00,300,300,0,299,0,0,68,0,0,0,2026-05-12 08:50:00+00:00,2026-05-12 08:55:00+00:00,2026-05-12 08:55:00.513039+00:00,300,True,Down,0,True
0x943dd45dc362bb021d5bc8312033946ec000b2460c4577fef49fac914ec93ff9,2026-05-12 08:55:00+00:00,300,300,0,299,0,0,3,0,0,0,2026-05-12 08:55:00+00:00,2026-05-12 09:00:00+00:00,2026-05-12 09:00:00.799251+00:00,300,True,Down,0,True
0x4b529d9d53e609617cc885a07c6b03d21539c0a7634cbe73f1c9e3502787b501,2026-05-12 09:20:00+00:00,300,300,0,299,0,0,0,0,0,0,2026-05-12 09:20:00+00:00,2026-05-12 09:25:00+00:00,2026-05-12 09:25:00.562379+00:00,300,True,Down,0,True
0x4dc322079176045f67d127952eb8c2b3bea58eea262fb971ce280d284467d0bb,2026-05-12 09:25:00+00:00,300,300,0,299,0,0,3,0,0,0,2026-05-12 09:25:00+00:00,2026-05-12 09:30:00+00:00,2026-05-12 09:30:00.502236+00:00,300,True,Down,0,True
0x1f1ca0c515c585dbb28c8c48a7756977f78609c1cc724802a0494f11f801eb4f,2026-05-12 09:35:00+00:00,300,300,0,299,0,0,5,0,0,0,2026-05-12 09:35:00+00:00,2026-05-12 09:40:00+00:00,2026-05-12 09:40:00.587202+00:00,300,True,,0,True
0x37d52f0f45528d772e367bf7503129766d2b2802299fbce1c5d25b454397cb6d,2026-05-12 09:40:00+00:00,300,300,0,299,0,0,5,0,0,0,2026-05-12 09:40:00+00:00,2026-05-12 09:45:00+00:00,2026-05-12 09:45:00.595792+00:00,300,True,Down,0,True
0x5658a7541ddc67c4dc2f75d38e6954248ff7425836ab1dba96730602f49bf449,2026-05-12 09:45:00+00:00,300,300,0,299,0,0,21,0,0,0,2026-05-12 09:45:00+00:00,2026-05-12 09:50:00+00:00,2026-05-12 09:50:00.498574+00:00,300,True,Down,0,True
0x636784b2165db1469b123277537f85d243f4e2896846b890c1ea5acbfdb5eddb,2026-05-12 10:50:00+00:00,300,300,0,299,0,0,0,5,0,0,2026-05-12 10:50:00+00:00,2026-05-12 10:55:00+00:00,2026-05-12 10:55:00.592267+00:00,300,True,Up,1,True
0x2618c523ab20fa270d0b7bf4327aca6ec8b33d6653edbb6714ded1721dc5a5c3,2026-05-12 11:05:00+00:00,300,300,0,299,0,0,37,0,0,0,2026-05-12 11:05:00+00:00,2026-05-12 11:10:00+00:00,2026-05-12 11:10:00.532326+00:00,300,True,Down,0,True
0x37c06092cbd4ae1f7bffe640fa34e828663fec5e2e92a20077ebb09d3e314672,2026-05-12 11:40:00+00:00,300,300,0,299,0,0,0,60,0,0,2026-05-12 11:40:00+00:00,2026-05-12 11:45:00+00:00,2026-05-12 11:45:00.669610+00:00,300,True,Up,1,True
0xc21cb8ff1639189f1990be4079a7bb27d3c78a453e6eb6ba919fcee073eeeefa,2026-05-12 13:00:00+00:00,300,300,0,299,0,0,0,0,0,0,2026-05-12 13:00:00+00:00,2026-05-12 13:05:00+00:00,2026-05-12 13:05:00.557831+00:00,300,True,Up,1,True
0xd9e5117ade02299d3e211c0c0b8ba9019a652abce525d7f8d44f19e810a91c5b,2026-05-12 13:05:00+00:00,300,300,0,299,0,0,0,0,0,0,2026-05-12 13:05:00+00:00,2026-05-12 13:10:00+00:00,2026-05-12 13:10:00.520834+00:00,300,True,Down,0,True
0x8df148e8ab0ef4c48dce816e74c37da6f72de5278ad7199175c650345c05ee24,2026-05-12 13:15:00+00:00,300,300,0,299,0,0,0,0,0,0,2026-05-12 13:15:00+00:00,2026-05-12 13:20:00+00:00,2026-05-12 13:20:00.633997+00:00,300,True,,0,True
0xcb8f01bcd98902aa4e61621779654d22f6f7d9e51d7c4ac1bc6d55c3ae152c05,2026-05-12 13:40:00+00:00,300,300,0,299,0,0,0,0,0,0,2026-05-12 13:40:00+00:00,2026-05-12 13:45:00+00:00,2026-05-12 13:45:00.631510+00:00,300,True,,1,True
0x2c2dca63c5dea6010031d12dffc219eb91c92f7b16b771ef00255d0d4a1aec9f,2026-05-12 13:50:00+00:00,300,300,0,299,0,0,0,0,0,0,2026-05-12 13:50:00+00:00,2026-05-12 13:55:00+00:00,2026-05-12 13:55:00.542918+00:00,300,True,,0,True
0xf743d429abb65bceb60dc1e580feaa23a5c4ec563397fd26fcd89ba4c51705aa,2026-05-12 14:10:00+00:00,300,300,0,299,0,0,0,43,0,0,2026-05-12 14:10:00+00:00,2026-05-12 14:15:00+00:00,2026-05-12 14:15:00.599019+00:00,300,True,Up,1,True
0xa90aa49a0ea8eaf5b8d7ccd5b04c05824734e18b716f00350289898581284a74,2026-05-12 14:15:00+00:00,300,300,0,299,0,0,0,16,0,0,2026-05-12 14:15:00+00:00,2026-05-12 14:20:00+00:00,2026-05-12 14:20:00.560621+00:00,300,True,Up,1,True
0xc767709d40dd1dbe471bcabc7320e75dfc68cbaaa7d5de0c7732399c8b879821,2026-05-12 14:20:00+00:00,300,300,0,299,0,0,0,0,0,0,2026-05-12 14:20:00+00:00,2026-05-12 14:25:00+00:00,2026-05-12 14:25:00.559771+00:00,300,True,,0,True
0x23f905885e7cdbba700f0885497a39c2cd949a9b5ce9c63d1332d1bae1ef6b2d,2026-05-12 14:35:00+00:00,300,300,0,299,0,0,0,90,0,0,2026-05-12 14:35:00+00:00,2026-05-12 14:40:00+00:00,2026-05-12 14:40:00.635508+00:00,300,True,Up,1,True
0x5bd14bc3dccc379911355654df2c556a5d634488805b47b73865f0304f52ea9e,2026-05-12 14:40:00+00:00,300,300,0,299,0,0,0,0,0,0,2026-05-12 14:40:00+00:00,2026-05-12 14:45:00+00:00,2026-05-12 14:45:00.614941+00:00,300,True,,1,True
0xb694f968938b1bb96f441fe361982d169c7d3a745c638137cbfa05af2062c89b,2026-05-12 15:00:00+00:00,300,300,0,299,0,0,11,0,0,0,2026-05-12 15:00:00+00:00,2026-05-12 15:05:00+00:00,2026-05-12 15:05:00.523833+00:00,300,True,Down,0,True
0xb8ff31065dc15703566b153841b3775220b5768f31bb1140ca06155f867b5389,2026-05-12 15:05:00+00:00,300,300,0,299,0,0,0,58,0,0,2026-05-12 15:05:00+00:00,2026-05-12 15:10:00+00:00,2026-05-12 15:10:00.530883+00:00,300,True,Up,1,True
0x94c54a04c569aeef89f45b66c33336bcc7ef5e09b1bed7aa2fa3601be6f8f353,2026-05-12 15:15:00+00:00,300,300,0,299,0,0,45,0,0,0,2026-05-12 15:15:00+00:00,2026-05-12 15:20:00+00:00,2026-05-12 15:20:00.532957+00:00,300,True,Down,0,True
0x34f7c1288ad880a3c9baba602011dd546c84fc51098fc83853fed111203d6632,2026-05-12 15:20:00+00:00,300,300,0,299,0,0,105,0,0,0,2026-05-12 15:20:00+00:00,2026-05-12 15:25:00+00:00,2026-05-12 15:25:00.448390+00:00,300,True,Down,0,True
0xd452b4f840f478c14ba17e058365f912e3936bdcdbe2580f93ee0d5765755a3b,2026-05-12 15:45:00+00:00,300,300,0,299,0,0,34,0,0,0,2026-05-12 15:45:00+00:00,2026-05-12 15:50:00+00:00,2026-05-12 15:50:00.545206+00:00,300,True,Down,0,True
0xb3fec3b0110f7c86f390ea5550b4327b77d259ca760e6ef10c794f7b16e75b3f,2026-05-12 16:05:00+00:00,300,300,0,299,0,0,0,0,0,0,2026-05-12 16:05:00+00:00,2026-05-12 16:10:00+00:00,2026-05-12 16:10:00.495051+00:00,300,True,Up,1,True
0x8791720565e5d682f8fabd001ee4cab43c2ac1056be3c4840e8f7df8d792dabc,2026-05-12 16:10:00+00:00,300,300,0,299,0,0,0,3,0,0,2026-05-12 16:10:00+00:00,2026-05-12 16:15:00+00:00,2026-05-12 16:15:00.564684+00:00,300,True,Up,1,True
0x1aa2c27f8af7665261c701ec9dc3ff4342022c9bf53db13f45c8cbc17eb7ac0b,2026-05-12 16:15:00+00:00,300,300,0,299,0,0,0,0,0,0,2026-05-12 16:15:00+00:00,2026-05-12 16:20:00+00:00,2026-05-12 16:20:00.548947+00:00,300,True,Down,0,True
0xfcf719c9f2bde64394f362a6dbdde436f0283bc2eb70cc4771c084fc4e1218eb,2026-05-12 16:25:00+00:00,300,300,0,299,0,0,3,0,0,0,2026-05-12 16:25:00+00:00,2026-05-12 16:30:00+00:00,2026-05-12 16:30:00.490116+00:00,300,True,Down,0,True
0xb2493f5e105d8ce5a365a56b051603b7dab619aeb9ccb2869b484ca046887097,2026-05-12 16:30:00+00:00,300,300,0,299,0,0,2,0,0,0,2026-05-12 16:30:00+00:00,2026-05-12 16:35:00+00:00,2026-05-12 16:35:00.474296+00:00,300,True,Down,0,True
0x6e5ac412d1fcbdef9fe09d800db93da9d1b96c3c880b1499b4eaaa45543bd725,2026-05-12 16:45:00+00:00,300,300,0,299,0,0,43,0,0,0,2026-05-12 16:45:00+00:00,2026-05-12 16:50:00+00:00,2026-05-12 16:50:00.708829+00:00,300,True,Down,0,True
0x4e23a22746fa3e857816d0dea429c1f800291a1b173a53311055152502aa4de5,2026-05-12 17:10:00+00:00,300,300,0,299,0,0,0,90,0,0,2026-05-12 17:10:00+00:00,2026-05-12 17:15:00+00:00,2026-05-12 17:15:00.604916+00:00,300,True,Up,1,True
0xa21047ac0835aa685432402d77917243804f412b8f067be802b6753be6c1c471,2026-05-12 17:20:00+00:00,300,300,0,299,0,0,0,46,0,0,2026-05-12 17:20:00+00:00,2026-05-12 17:25:00+00:00,2026-05-12 17:25:00.557733+00:00,300,True,Up,1,True
0x0a3b2782679efa178f45fdb89e33ba8d3fd6899865e815f4bb51eaaec2b70eac,2026-05-12 17:35:00+00:00,300,300,0,299,0,0,2,0,0,0,2026-05-12 17:35:00+00:00,2026-05-12 17:40:00+00:00,2026-05-12 17:40:00.606394+00:00,300,True,Down,0,True
0x6a51bccf448213a3f300d3bdcf089f1f68d74a0aff0eba30d1771a64efdcc183,2026-05-12 17:40:00+00:00,300,300,0,299,0,0,0,13,0,0,2026-05-12 17:40:00+00:00,2026-05-12 17:45:00+00:00,2026-05-12 17:45:00.684691+00:00,300,True,Up,1,True
0x7d7e0e7a633ac89af086f73972afbfa9c4c40fde44a3ae95e115550505558b98,2026-05-12 18:10:00+00:00,300,300,0,299,0,0,0,1,0,0,2026-05-12 18:10:00+00:00,2026-05-12 18:15:00+00:00,2026-05-12 18:15:00.545119+00:00,300,True,Up,1,True
0xa44aec6d548b1233205ccc6454c3b1d1030c3e96501d9f58db5caf05701774f0,2026-05-12 18:15:00+00:00,300,300,0,299,0,0,9,0,0,0,2026-05-12 18:15:00+00:00,2026-05-12 18:20:00+00:00,2026-05-12 18:20:00.564384+00:00,300,True,Down,0,True
0x39615ba91ce24eddfc4e504746194380b512215786bf49130dd087d37802be81,2026-05-12 18:20:00+00:00,300,300,0,299,0,0,0,14,0,0,2026-05-12 18:20:00+00:00,2026-05-12 18:25:00+00:00,2026-05-12 18:25:00.477733+00:00,300,True,Up,1,True
0x0dbfd76bc54d1bdf1c6c880853149e70d0f78907259942caef4d1da57bd521e1,2026-05-12 18:30:00+00:00,300,300,0,299,0,0,0,76,0,0,2026-05-12 18:30:00+00:00,2026-05-12 18:35:00+00:00,2026-05-12 18:35:00.997230+00:00,300,True,Up,1,True
0xfced4a3dfbba56050bc3ae88aa7eae2446ee1cf317ff2e34dc359304749caa9d,2026-05-12 18:35:00+00:00,300,300,0,299,0,0,0,81,0,0,2026-05-12 18:35:00+00:00,2026-05-12 18:40:00+00:00,2026-05-12 18:40:00.553951+00:00,300,True,Up,1,True
0xcd9b37b1f422bc9e8abbe8fee60a1715adb08c370730ea9c92aedadc17e3e482,2026-05-12 18:50:00+00:00,300,300,0,299,0,0,0,91,0,0,2026-05-12 18:50:00+00:00,2026-05-12 18:55:00+00:00,2026-05-12 18:55:00.670617+00:00,300,True,Up,1,True
0x18f6fe4b5d9d4107582b310d8df2d61bf38f7998168c471387338bb68e2735ab,2026-05-12 19:00:00+00:00,300,300,0,299,0,0,0,20,0,0,2026-05-12 19:00:00+00:00,2026-05-12 19:05:00+00:00,2026-05-12 19:05:00.583467+00:00,300,True,Up,1,True
0x84b3a8201372b3beeed6ec65c27ea1958e554d78072e9f81c5d7ee80dd1e8696,2026-05-12 19:35:00+00:00,300,300,0,299,0,0,2,0,0,0,2026-05-12 19:35:00+00:00,2026-05-12 19:40:00+00:00,2026-05-12 19:40:00.544983+00:00,300,True,Down,0,True
0xb53a55dd342fbc105a475c252a53b04b09253b9c09eabe3ce8afa05d579ebf92,2026-05-12 19:45:00+00:00,300,300,0,299,0,0,0,60,0,0,2026-05-12 19:45:00+00:00,2026-05-12 19:50:00+00:00,2026-05-12 19:50:00.466907+00:00,300,True,Up,1,True
0xb173242d98c13e1b62cad4d13820f49bc4abfc87a66298be1c66ff5b5eea6585,2026-05-12 19:50:00+00:00,300,300,0,299,0,0,0,32,0,0,2026-05-12 19:50:00+00:00,2026-05-12 19:55:00+00:00,2026-05-12 19:55:00.630198+00:00,300,True,Up,1,True
0x0b130f9c3fc351347ed159a0fbcaac4ebeacd14791baee9ffefcbb551e28bf21,2026-05-12 20:20:00+00:00,300,300,0,299,0,0,0,0,0,0,2026-05-12 20:20:00+00:00,2026-05-12 20:25:00+00:00,2026-05-12 20:25:00.502735+00:00,300,True,,0,True
0x513249584dc1c849ba237fc29d9ce074af074db45cdf24a63e5c54356e052c2d,2026-05-12 20:30:00+00:00,300,300,0,299,0,0,33,0,0,0,2026-05-12 20:30:00+00:00,2026-05-12 20:35:00+00:00,2026-05-12 20:35:00.510275+00:00,300,True,Down,0,True
0x3943fd19ffa5b5cfe800c96eb3e0c298132a490a3887c23a7954c1e5b2e518c3,2026-05-12 20:40:00+00:00,300,300,0,299,0,0,0,19,0,0,2026-05-12 20:40:00+00:00,2026-05-12 20:45:00+00:00,2026-05-12 20:45:00.540666+00:00,300,True,Up,1,True
0x2d69ef37ddb0d5031a0434222010823df41c7287ae4f94ab721297205de47489,2026-05-12 20:45:00+00:00,300,300,0,299,0,0,57,0,0,0,2026-05-12 20:45:00+00:00,2026-05-12 20:50:00+00:00,2026-05-12 20:50:00.573742+00:00,300,True,Down,0,True
0x01069880ddbcbc5185de6c0e57bdbc071412d03d778ae63712ac33a960496481,2026-05-12 20:50:00+00:00,300,300,0,299,0,0,0,32,0,0,2026-05-12 20:50:00+00:00,2026-05-12 20:55:00+00:00,2026-05-12 20:55:00.599258+00:00,300,True,Up,1,True
0xc462a8b22d813dc3e166dde65237904cc7af8b73e3d5ef7964c00cb2c0b26d37,2026-05-12 20:55:00+00:00,300,300,0,299,0,0,2,0,0,0,2026-05-12 20:55:00+00:00,2026-05-12 21:00:00+00:00,2026-05-12 21:00:00.767433+00:00,300,True,Down,0,True
0x1967dfe4d9cc158434b0df4a9fc4742b1c35e3f3b769d31680cb35183c8482ff,2026-05-12 21:00:00+00:00,300,300,0,299,0,0,0,0,0,0,2026-05-12 21:00:00+00:00,2026-05-12 21:05:00+00:00,2026-05-12 21:05:00.522303+00:00,300,True,Up,1,True
0x94d47e68af6eaf717bbd655732da53643a2c8b0a949765a7fbbf46c0c38cd5c3,2026-05-12 21:05:00+00:00,300,300,0,299,0,0,0,26,0,0,2026-05-12 21:05:00+00:00,2026-05-12 21:10:00+00:00,2026-05-12 21:10:00.493915+00:00,300,True,Up,1,True
0xddb2b71bb94d1c52aebb5f38693d0104041030c363724534b35aa715a0c4e3a4,2026-05-12 21:10:00+00:00,300,300,0,299,0,0,29,0,0,0,2026-05-12 21:10:00+00:00,2026-05-12 21:15:00+00:00,2026-05-12 21:15:00.593693+00:00,300,True,Down,0,True
0x1b7856af2df4347daf847c11138bb8bfb3f00e778bec413b15dd08f08d0640d5,2026-05-12 21:15:00+00:00,300,300,0,299,0,0,0,0,0,0,2026-05-12 21:15:00+00:00,2026-05-12 21:20:00+00:00,2026-05-12 21:20:00.553534+00:00,300,True,Down,0,True
0xa330469dc1411a4ca7e788611b5b9102d1c75f1472875aa9219948b917ff79ab,2026-05-12 21:20:00+00:00,300,300,0,299,0,0,15,0,0,0,2026-05-12 21:20:00+00:00,2026-05-12 21:25:00+00:00,2026-05-12 21:25:00.520856+00:00,300,True,Down,0,True
0x6fd5082403c149a9325333f8c8d77424ca9dd2d9687dd872c570f61c15bd294b,2026-05-12 21:25:00+00:00,300,300,0,299,0,0,0,0,0,0,2026-05-12 21:25:00+00:00,2026-05-12 21:30:00+00:00,2026-05-12 21:30:00.585050+00:00,300,True,Down,0,True
0xebeee461ec1040c367037bcb2d829e6e9451981e655ce3ca24bcabc229652c43,2026-05-12 21:40:00+00:00,300,300,0,299,0,0,0,3,0,0,2026-05-12 21:40:00+00:00,2026-05-12 21:45:00+00:00,2026-05-12 21:45:00.666451+00:00,300,True,Up,1,True
0x5d61e75002db08ee8b01fb2c69350b391be3e35b879a7e07fa2b53f011b441b7,2026-05-12 21:45:00+00:00,300,300,0,299,0,0,28,0,0,0,2026-05-12 21:45:00+00:00,2026-05-12 21:50:00+00:00,2026-05-12 21:50:00.503236+00:00,300,True,Down,0,True
0xe1654f06a33fe8d323fb481606abec87e47bbb1c2647dfde090c96b454e461f2,2026-05-12 22:00:00+00:00,300,300,0,299,0,0,0,154,0,0,2026-05-12 22:00:00+00:00,2026-05-12 22:05:00+00:00,2026-05-12 22:05:00.561696+00:00,300,True,Up,1,True
0xa17d570da535eefcf51de65173b2688a09708e076010b7af08fd2f1aaa0ca9b6,2026-05-12 22:15:00+00:00,300,300,0,299,0,0,0,37,0,0,2026-05-12 22:15:00+00:00,2026-05-12 22:20:00+00:00,2026-05-12 22:20:00.563540+00:00,300,True,Up,1,True
0xdf59bf8e2f688d7c1a6e2c0f29ccbf3501c9c626baa8052ef74f61b7280892f3,2026-05-12 22:20:00+00:00,300,300,0,299,0,0,27,0,0,0,2026-05-12 22:20:00+00:00,2026-05-12 22:25:00+00:00,2026-05-12 22:25:00.531308+00:00,300,True,Down,0,True
0xd579bbafd1147b2d217e96d9ec4e2e8c83c45a6f0fa9a01417089b5dc2a71f26,2026-05-12 22:25:00+00:00,300,300,0,299,0,0,1,0,0,0,2026-05-12 22:25:00+00:00,2026-05-12 22:30:00+00:00,2026-05-12 22:30:00.556177+00:00,300,True,Down,0,True
0x1a3a7851307f57754ea4c257a072f7f510df34fd62c7e00f313c8bb2a02e121a,2026-05-12 22:30:00+00:00,300,300,0,299,0,0,0,0,0,0,2026-05-12 22:30:00+00:00,2026-05-12 22:35:00+00:00,2026-05-12 22:35:00.543875+00:00,300,True,,1,True
0x0a91b5ec79272531119285f33995e223853965aff2b8e18e6fb1344570a44893,2026-05-12 22:35:00+00:00,300,300,0,299,0,0,0,0,0,0,2026-05-12 22:35:00+00:00,2026-05-12 22:40:00+00:00,2026-05-12 22:40:00.541850+00:00,300,True,,1,True
0x3683a7c53ae07f16c76addf0a3a48a277203a7d8fe8ef820551bc2c208b3a94f,2026-05-12 22:45:00+00:00,300,300,0,299,0,0,9,0,0,0,2026-05-12 22:45:00+00:00,2026-05-12 22:50:00+00:00,2026-05-12 22:50:00.483694+00:00,300,True,Down,0,True
0xcfbf53e00750eee1cfcfd3e26e1a903d5fe06db081d47adaffadf7449d3a0ed6,2026-05-12 22:50:00+00:00,300,300,0,299,0,0,0,61,0,0,2026-05-12 22:50:00+00:00,2026-05-12 22:55:00+00:00,2026-05-12 22:55:00.440245+00:00,300,True,Up,1,True
0xc80e9273da4af49bfc5c6811f5090628bcfe0431e3b57c71852b811e6e57a73e,2026-05-12 22:55:00+00:00,300,300,0,299,0,0,17,0,0,0,2026-05-12 22:55:00+00:00,2026-05-12 23:00:00+00:00,2026-05-12 23:00:00.846960+00:00,300,True,Down,0,True
0xed683be234e4bdd5528b85c688310c2d219f67ffa7144ff0bcedf289d1312685,2026-05-12 23:00:00+00:00,300,300,0,299,0,0,0,17,0,0,2026-05-12 23:00:00+00:00,2026-05-12 23:05:00+00:00,2026-05-12 23:05:00.508704+00:00,300,True,Up,1,True
0x0b0a5d6f403572aa107d6378d01d6d78969f90dc53f95569cade1f0e8c46c398,2026-05-12 23:05:00+00:00,300,300,0,299,0,0,5,0,0,0,2026-05-12 23:05:00+00:00,2026-05-12 23:10:00+00:00,2026-05-12 23:10:00.526476+00:00,300,True,Down,0,True
0x53b385684350fceb178cc915794cac31a9c81f6df5bdfe97ddf752c714c236d8,2026-05-12 23:10:00+00:00,300,300,0,299,0,0,45,0,0,0,2026-05-12 23:10:00+00:00,2026-05-12 23:15:00+00:00,2026-05-12 23:15:00.592184+00:00,300,True,Down,0,True
0x0b4df0072f01f19563ff083eab80c94c254698ec1411ef686921b5473568c1d5,2026-05-12 23:15:00+00:00,300,300,0,299,0,0,0,2,0,0,2026-05-12 23:15:00+00:00,2026-05-12 23:20:00+00:00,2026-05-12 23:20:00.528686+00:00,300,True,Up,1,True
0x5d79aa0f7a511d370914096b13e7b2ba3bcea55192c9e9b243bebf81a5ac84f0,2026-05-12 23:20:00+00:00,300,300,0,299,0,0,0,2,0,0,2026-05-12 23:20:00+00:00,2026-05-12 23:25:00+00:00,2026-05-12 23:25:00.540023+00:00,300,True,Up,1,True
0x7fe0ce2f02aec463926d948cc8ac7a4a3e862a3c1155e310dd4c657a6641ee53,2026-05-12 23:30:00+00:00,300,300,0,299,0,0,55,0,0,0,2026-05-12 23:30:00+00:00,2026-05-12 23:35:00+00:00,2026-05-12 23:35:00.517316+00:00,300,True,Down,0,True
0xeffe0cd9afea31f0185c4821228fc1bee840ef79efdccad8ffe9a5505e3a6745,2026-05-12 23:35:00+00:00,300,300,0,299,0,0,13,0,0,0,2026-05-12 23:35:00+00:00,2026-05-12 23:40:00+00:00,2026-05-12 23:40:00.540308+00:00,300,True,,0,True
0x44243c73e2c2cce63537a1ea698bd64c7cfc12583f64fd497e73519bc22e0f0b,2026-05-12 23:40:00+00:00,300,300,0,299,0,0,26,0,0,0,2026-05-12 23:40:00+00:00,2026-05-12 23:45:00+00:00,2026-05-12 23:45:00.651724+00:00,300,True,Down,0,True
0xd4db48ff35236c043b13ed5339f5e5d9bfbdd95bb84ebb42cc9271fadbe6dcc0,2026-05-12 23:45:00+00:00,300,300,0,299,0,0,3,0,0,0,2026-05-12 23:45:00+00:00,2026-05-12 23:50:00+00:00,2026-05-12 23:50:00.482933+00:00,300,True,Down,0,True
0x7c8738a5c304ec7d109ebe3e04e72ad135c3b2cfde8083e9500c6e13d05fbbe1,2026-05-12 23:50:00+00:00,300,300,0,299,0,0,0,0,0,0,2026-05-12 23:50:00+00:00,2026-05-12 23:55:00+00:00,2026-05-12 23:55:00.544695+00:00,300,True,,1,True
0x70c10b2cf8284f1ca99ac049c6a4399eb6a1e18b7ea8aefc8f375be4d6d18fb7,2026-05-12 23:55:00+00:00,300,300,0,299,0,0,0,0,0,0,2026-05-12 23:55:00+00:00,2026-05-13 00:00:00+00:00,2026-05-13 00:00:00.659969+00:00,300,True,Up,1,True
0x61751d55bb98dfd8c4ece7d8993d9ae3e42d14cbe421efda290b3c632fa96d45,2026-05-13 00:05:00+00:00,300,300,0,299,0,0,0,0,0,0,2026-05-13 00:05:00+00:00,2026-05-13 00:10:00+00:00,2026-05-13 00:10:00.555716+00:00,300,True,Down,0,True
0x2b93e4e4861184e14630a60f58c7458bcee6091aa1ff978348448a38577a8998,2026-05-13 00:10:00+00:00,300,300,0,299,0,0,0,0,0,0,2026-05-13 00:10:00+00:00,2026-05-13 00:15:00+00:00,2026-05-13 00:15:00.467918+00:00,300,True,,0,True
0x30c284794786313349f82792e5a512e6504cca8624694440eade49119a970d66,2026-05-13 00:15:00+00:00,300,300,0,299,0,0,0,97,0,0,2026-05-13 00:15:00+00:00,2026-05-13 00:20:00+00:00,2026-05-13 00:20:00.557686+00:00,300,True,Up,1,True
0x52842fdbdeb1024f5553c4ec27dabfbb364eaaccf839539d60e9f87b7d0c9e3b,2026-05-13 00:20:00+00:00,300,300,0,299,0,0,0,55,0,0,2026-05-13 00:20:00+00:00,2026-05-13 00:25:00+00:00,2026-05-13 00:25:00.495415+00:00,300,True,Up,1,True
0x1accfb548da83fedb60b0a2f5470bf37eb96b09cb528f8a0ef8eec56794323c8,2026-05-13 00:25:00+00:00,300,300,0,299,0,0,26,0,0,0,2026-05-13 00:25:00+00:00,2026-05-13 00:30:00+00:00,2026-05-13 00:30:00.591707+00:00,300,True,Down,0,True
0xbbd76455a9116375da5b5fc543da2cafcb12206ec5f57960ffe620aba03fcfe1,2026-05-13 00:35:00+00:00,300,300,0,299,0,0,0,21,0,0,2026-05-13 00:35:00+00:00,2026-05-13 00:40:00+00:00,2026-05-13 00:40:00.593094+00:00,300,True,Up,1,True
0x65910234de509d5e4f07b3702297ecca710f14a510c81cbcd11d886d5f48ac83,2026-05-13 00:40:00+00:00,300,300,0,299,0,0,0,0,0,0,2026-05-13 00:40:00+00:00,2026-05-13 00:45:00+00:00,2026-05-13 00:45:00.621748+00:00,300,True,Up,1,True
0x569994f6c3dba503a7a6e020ddccbd627ab6aba7e3f5937dba801f7a11a08898,2026-05-13 00:45:00+00:00,300,300,0,299,0,0,7,0,0,0,2026-05-13 00:45:00+00:00,2026-05-13 00:50:00+00:00,2026-05-13 00:50:00.519165+00:00,300,True,Down,0,True
0x7684d6786aff9fa4737797fbb73760921b167dc5e708ee2c3b85a04dd6a362c1,2026-05-13 00:50:00+00:00,300,300,0,299,0,0,20,0,0,0,2026-05-13 00:50:00+00:00,2026-05-13 00:55:00+00:00,2026-05-13 00:55:00.542684+00:00,300,True,Down,0,True
0xa55ecb4fe7a75ffc9bb36ce40877c607c0f76ffbe3bb71bcfa23d56c87844ab1,2026-05-13 02:10:00+00:00,300,300,0,299,0,0,0,0,0,0,2026-05-13 02:10:00+00:00,2026-05-13 02:15:00+00:00,2026-05-13 02:15:00.526452+00:00,300,True,Up,1,True
0x782a230fb5a17d40b43a5aa4f704e874c7ea917426cb2eca7a40cfd62a6b81d5,2026-05-13 02:15:00+00:00,300,300,0,299,0,0,3,0,0,0,2026-05-13 02:15:00+00:00,2026-05-13 02:20:00+00:00,2026-05-13 02:20:00.564584+00:00,300,True,Down,0,True
0x8686c0ce22bb4af0dd2cca488cf84950f23a3f8011af345d3994dfc91750eb11,2026-05-13 02:20:00+00:00,300,300,0,299,0,0,0,77,0,0,2026-05-13 02:20:00+00:00,2026-05-13 02:25:00+00:00,2026-05-13 02:25:00.498327+00:00,300,True,Up,1,True
0x42cee94d4ece47978985d663e3a1b403034637f89b9895d3db4c7939c4108a34,2026-05-13 02:45:00+00:00,300,300,0,299,0,0,4,0,0,0,2026-05-13 02:45:00+00:00,2026-05-13 02:50:00+00:00,2026-05-13 02:50:00.504704+00:00,300,True,Down,0,True
0xcec928afac08d3e031831a008678d52efbb7c1c942a3a96476113e6aa77bdbc8,2026-05-13 02:50:00+00:00,300,300,0,299,0,0,3,0,0,0,2026-05-13 02:50:00+00:00,2026-05-13 02:55:00+00:00,2026-05-13 02:55:00.493338+00:00,300,True,Down,0,True
0x644f5696bbc70dd4e0971247f693243497ce33f4225d78b7365f2183bea7f4c6,2026-05-13 02:55:00+00:00,300,300,0,299,0,0,0,7,0,0,2026-05-13 02:55:00+00:00,2026-05-13 03:00:00+00:00,2026-05-13 03:00:00.541882+00:00,300,True,Up,1,True
0xf830e8557531862bf2bde0c004ce33d4663b920dc5b7e7d4f43e467ab8b72542,2026-05-13 03:05:00+00:00,300,300,0,299,0,0,7,0,0,0,2026-05-13 03:05:00+00:00,2026-05-13 03:10:00+00:00,2026-05-13 03:10:00.525539+00:00,300,True,Down,0,True
0x75479149e53eead3b7104a0cb4a83a93afbfe0e73ce605aeac5469e0b614704b,2026-05-13 03:15:00+00:00,300,300,0,299,0,0,1,0,0,0,2026-05-13 03:15:00+00:00,2026-05-13 03:20:00+00:00,2026-05-13 03:20:00.570686+00:00,300,True,Down,0,True
0x5e126f1be38f2cf1901299a8e1f47c2f920ae1aaae80a24f8db14097376a4dfa,2026-05-13 03:20:00+00:00,300,300,0,299,0,0,0,18,0,0,2026-05-13 03:20:00+00:00,2026-05-13 03:25:00+00:00,2026-05-13 03:25:00.534795+00:00,300,True,Up,1,True
0x8fd00f27e95ba668f06f63b460d4a5b442c7d12578af7bc05c89c045e5232688,2026-05-13 03:30:00+00:00,300,300,0,299,0,0,0,3,0,0,2026-05-13 03:30:00+00:00,2026-05-13 03:35:00+00:00,2026-05-13 03:35:00.509172+00:00,300,True,Up,1,True
0x2878b202e10c69f5c4a5562a95a763553de5b8a6ef0f0f7b059729050f91fa4d,2026-05-13 03:35:00+00:00,300,300,0,299,0,0,0,28,0,0,2026-05-13 03:35:00+00:00,2026-05-13 03:40:00+00:00,2026-05-13 03:40:00.532013+00:00,300,True,Up,1,True
0xae44dbccbd0fc8f3c077e25c710dd0d2d6fcafb7e14c5af4f3170f79e9ded1ef,2026-05-13 04:15:00+00:00,300,300,0,299,0,0,0,7,0,0,2026-05-13 04:15:00+00:00,2026-05-13 04:20:00+00:00,2026-05-13 04:20:00.548894+00:00,300,True,Up,1,True
0x2cf9ba89080022b41ec88f36ad5b9049c5495f822564b8925ea8ea1e5912030d,2026-05-13 04:20:00+00:00,300,300,0,299,0,0,0,0,0,0,2026-05-13 04:20:00+00:00,2026-05-13 04:25:00+00:00,2026-05-13 04:25:00.515484+00:00,300,True,,1,True
0x9c09aead8f8738c235c8cbbbfb34f09636949a083c386c8b799e3a96712d9ade,2026-05-13 04:25:00+00:00,300,300,0,299,0,0,0,3,0,0,2026-05-13 04:25:00+00:00,2026-05-13 04:30:00+00:00,2026-05-13 04:30:00.567982+00:00,300,True,Up,1,True
0x15d50bf565886447dfe04dc58c21b75853042479d87545b141f8489522be8950,2026-05-13 04:30:00+00:00,300,300,0,299,0,0,3,0,0,0,2026-05-13 04:30:00+00:00,2026-05-13 04:35:00+00:00,2026-05-13 04:35:00.467607+00:00,300,True,Down,0,True
0x01e9f3c46103a848096b8e3194f60efe9df23e40789398bff456408fcb269167,2026-05-13 04:50:00+00:00,300,300,0,299,0,0,3,0,0,0,2026-05-13 04:50:00+00:00,2026-05-13 04:55:00+00:00,2026-05-13 04:55:00.689969+00:00,300,True,Down,0,True
0x9195349ddafe87aecce0a25ad59a4e6d4b62f95d047823aa8b0aa15b69da7d1d,2026-05-13 05:05:00+00:00,300,300,0,299,0,0,8,0,0,0,2026-05-13 05:05:00+00:00,2026-05-13 05:10:00+00:00,2026-05-13 05:10:00.570831+00:00,300,True,Down,0,True
0x2cdd898a27e4a2e63a15e82ee9184c699b5a72e86e8e963cd27b7772ada1b4ae,2026-05-13 05:10:00+00:00,300,300,0,299,0,0,0,0,0,0,2026-05-13 05:10:00+00:00,2026-05-13 05:15:00+00:00,2026-05-13 05:15:00.568011+00:00,300,True,Down,0,True
0xe4bb7e90b7e80da23d1a9ac3ba24dd2a632bb34b7722a93f3e94768e5377b479,2026-05-13 05:15:00+00:00,300,300,0,299,0,0,55,0,0,0,2026-05-13 05:15:00+00:00,2026-05-13 05:20:00+00:00,2026-05-13 05:20:00.487922+00:00,300,True,Down,0,True
0xb6a9b9b28c542a63222f409e2be30ad57c868e5496b86d251a07a7e0668b6d2f,2026-05-13 05:25:00+00:00,300,300,0,299,0,0,4,0,0,0,2026-05-13 05:25:00+00:00,2026-05-13 05:30:00+00:00,2026-05-13 05:30:00.590925+00:00,300,True,Down,0,True
0xb8fe3d99db4514c50f775e006be171f52fc7c0b3af76f0985e30c7625268fd38,2026-05-13 05:30:00+00:00,300,300,0,299,0,0,32,0,0,0,2026-05-13 05:30:00+00:00,2026-05-13 05:35:00+00:00,2026-05-13 05:35:00.546733+00:00,300,True,Down,0,True
0xf3a1a75fd3489657efd3060a35207b3808751be895484c42da530174801e762b,2026-05-13 05:35:00+00:00,300,300,0,299,0,0,3,0,0,0,2026-05-13 05:35:00+00:00,2026-05-13 05:40:00+00:00,2026-05-13 05:40:00.422683+00:00,300,True,Down,0,True
0xb2b18fcdb3ce8c3e1c96a9474bd6a2492ca2676921702db11988fc2ac6d7dbf1,2026-05-13 05:40:00+00:00,300,300,0,299,0,0,13,0,0,0,2026-05-13 05:40:00+00:00,2026-05-13 05:45:00+00:00,2026-05-13 05:45:00.814952+00:00,300,True,Down,0,True
0xc3a25dfe4fed78ed082e1940b78e598101ec8bef58871f4b929e20821e3a64ec,2026-05-13 05:45:00+00:00,300,300,0,299,0,0,0,9,0,0,2026-05-13 05:45:00+00:00,2026-05-13 05:50:00+00:00,2026-05-13 05:50:00.558590+00:00,300,True,Up,1,True
0x31601d02714f4f5d8b4ed8138ad091dc2225ed095eb773bc2961175e51d492cb,2026-05-13 05:55:00+00:00,300,300,0,299,0,0,3,0,0,0,2026-05-13 05:55:00+00:00,2026-05-13 06:00:00+00:00,2026-05-13 06:00:00.858596+00:00,300,True,Down,0,True
0xcc1598d3db22e9e6cda9808af41703140bd390d2c55040c547428f1b4fafe53a,2026-05-13 06:00:00+00:00,300,300,0,299,0,0,0,7,0,0,2026-05-13 06:00:00+00:00,2026-05-13 06:05:00+00:00,2026-05-13 06:05:00.538997+00:00,300,True,Up,1,True
0xd4f4c5080626ef076bef30d4a9af446ae6dbca391f0309e6c4b7aeaeed73d136,2026-05-13 06:05:00+00:00,300,300,0,299,0,0,0,18,0,0,2026-05-13 06:05:00+00:00,2026-05-13 06:10:00+00:00,2026-05-13 06:10:00.482979+00:00,300,True,Up,1,True
0x8b5c143cbd97e5ceda39d578ade3e2e562add499389d60eb7892aafdb621d797,2026-05-13 06:10:00+00:00,300,300,0,299,0,0,0,0,0,0,2026-05-13 06:10:00+00:00,2026-05-13 06:15:00+00:00,2026-05-13 06:15:00.598153+00:00,300,True,Up,1,True
0x1f2fadd4364aebdd03fff0172c7f4536d0969cdeddfdb42a12afd690cc98fe53,2026-05-13 06:15:00+00:00,300,300,0,299,0,0,0,30,0,0,2026-05-13 06:15:00+00:00,2026-05-13 06:20:00+00:00,2026-05-13 06:20:00.574448+00:00,300,True,Up,1,True
0xbf77a720ce05fed50515165886a6f1df50a3db403208ee01cd7a684d688bd6ba,2026-05-13 06:30:00+00:00,300,300,0,299,0,0,25,0,0,0,2026-05-13 06:30:00+00:00,2026-05-13 06:35:00+00:00,2026-05-13 06:35:00.495853+00:00,300,True,Down,0,True
0x5b0d7730a9ba0daa242321d6f52e47067a11fe70e889912cf23453a0ed2d1b0e,2026-05-13 06:40:00+00:00,300,300,0,299,0,0,0,0,0,0,2026-05-13 06:40:00+00:00,2026-05-13 06:45:00+00:00,2026-05-13 06:45:00.606565+00:00,300,True,Down,0,True
0x952a9fa5b506e18bfe190fccb875882deb34ad32426b8012d6bda0c17e643912,2026-05-13 06:50:00+00:00,300,300,0,299,0,0,4,0,0,0,2026-05-13 06:50:00+00:00,2026-05-13 06:55:00+00:00,2026-05-13 06:55:00.522679+00:00,300,True,Down,0,True
0x37d09ca254add3a9771450b4eef18ce615bed0f6f1acd5efafd22825970d6928,2026-05-13 07:05:00+00:00,300,300,0,299,0,0,0,5,0,0,2026-05-13 07:05:00+00:00,2026-05-13 07:10:00+00:00,2026-05-13 07:10:00.558993+00:00,300,True,Up,1,True
0x9af7dd97a5050d7054654cb96eb110eb4716ac7bd8cdebeb392b68329298f003,2026-05-13 07:10:00+00:00,300,300,0,299,0,0,3,0,0,0,2026-05-13 07:10:00+00:00,2026-05-13 07:15:00+00:00,2026-05-13 07:15:00.587965+00:00,300,True,Down,0,True
0x23f64eeede86414b5c0d03e0ee8a0bbf0cb3fbb558e78868d5acfce537b731ff,2026-05-13 07:20:00+00:00,300,300,0,299,0,0,42,0,0,0,2026-05-13 07:20:00+00:00,2026-05-13 07:25:00+00:00,2026-05-13 07:25:00.422694+00:00,300,True,Down,0,True
0x4bc00d928a19320ef15463f85cf4a01722cb5c6a59f9fec0347df40ec3d06759,2026-05-13 07:35:00+00:00,300,300,0,299,0,0,0,0,0,0,2026-05-13 07:35:00+00:00,2026-05-13 07:40:00+00:00,2026-05-13 07:40:00.527182+00:00,300,True,,0,True
0x70bac1f8d65a8c04aeadf1c3db0959d9cddd0e72c3b7c2d788afdf27d7449c1c,2026-05-13 07:40:00+00:00,300,300,0,299,0,0,0,2,0,0,2026-05-13 07:40:00+00:00,2026-05-13 07:45:00+00:00,2026-05-13 07:45:00.618717+00:00,300,True,Up,1,True
0x7171843cf5af65b7988130f46a61cd2229d4594879d17d2feb2cea886c28a04a,2026-05-13 07:45:00+00:00,300,300,0,299,0,0,0,0,0,0,2026-05-13 07:45:00+00:00,2026-05-13 07:50:00+00:00,2026-05-13 07:50:00.401596+00:00,300,True,Down,0,True
0xe7634ae306c9f94488cd6f4da3e68399ba5aedd66703ec1d118029eb73832c94,2026-05-13 07:55:00+00:00,300,300,0,299,0,0,0,62,0,0,2026-05-13 07:55:00+00:00,2026-05-13 08:00:00+00:00,2026-05-13 08:00:00.777365+00:00,300,True,Up,1,True
0x0eedf96044660de8f4122c04896cd50a1c5631cae2199404f3727e54c13349c3,2026-05-13 08:15:00+00:00,300,300,0,299,0,0,0,1,0,0,2026-05-13 08:15:00+00:00,2026-05-13 08:20:00+00:00,2026-05-13 08:20:00.588234+00:00,300,True,Up,1,True
0x7f024a264bfba9f36b0b118f7765909a1bd52fa8bbda828af5980d3caebde3c6,2026-05-13 08:35:00+00:00,300,300,0,299,0,0,0,6,0,0,2026-05-13 08:35:00+00:00,2026-05-13 08:40:00+00:00,2026-05-13 08:40:00.597591+00:00,300,True,Up,1,True
0x7727ccd76230e9f0ad388d7d78197a686dfe3fc8323474c436b3d3e3afbdd9e9,2026-05-13 08:40:00+00:00,300,300,0,299,0,0,0,71,0,0,2026-05-13 08:40:00+00:00,2026-05-13 08:45:00+00:00,2026-05-13 08:45:00.571401+00:00,300,True,Up,1,True
0xea4502ca4ee4a5f49162b9ed02b4967de0c265b0c27b1c9fb7ac5010285d7530,2026-05-13 09:30:00+00:00,300,300,0,299,0,0,0,116,0,0,2026-05-13 09:30:00+00:00,2026-05-13 09:35:00+00:00,2026-05-13 09:35:00.509136+00:00,300,True,Up,1,True
0x1f103a8babe0b6c94c0c85063a4f8254a8ce30c908ed0d7ec75959e8cbc8bb43,2026-05-13 09:35:00+00:00,300,300,0,299,0,0,0,38,0,0,2026-05-13 09:35:00+00:00,2026-05-13 09:40:00+00:00,2026-05-13 09:40:00.639126+00:00,300,True,Up,1,True
0x6859b428c67c0b247d9eea32f5a239acf0d7e3d08c4cefc56519a7399f93ddd8,2026-05-13 10:05:00+00:00,300,300,0,299,0,0,57,0,0,0,2026-05-13 10:05:00+00:00,2026-05-13 10:10:00+00:00,2026-05-13 10:10:00.525021+00:00,300,True,Down,0,True
0x52493f3b7832a09a88919a020a516a0662002cf4bead99aead4f4493e71db510,2026-05-13 10:10:00+00:00,300,300,0,299,0,0,89,0,0,0,2026-05-13 10:10:00+00:00,2026-05-13 10:15:00+00:00,2026-05-13 10:15:00.566903+00:00,300,True,Down,0,True
0xe8fd99c9237dabd5711930c57d640147097a84a280e4a4da770ab935b5945cfc,2026-05-13 10:25:00+00:00,300,300,0,299,0,0,131,0,0,0,2026-05-13 10:25:00+00:00,2026-05-13 10:30:00+00:00,2026-05-13 10:30:00.581904+00:00,300,True,Down,0,True
0x55daa514d07b6ba8ec551c2283b62a35735ee1f3163e6a15c1ff07dad9e070c8,2026-05-13 11:40:00+00:00,300,300,0,299,0,0,0,5,0,0,2026-05-13 11:40:00+00:00,2026-05-13 11:45:00+00:00,2026-05-13 11:45:00.641150+00:00,300,True,Up,1,True
0x763476630fa906c264607f6b6e38edb648be02d0a8d1b84f3f930111ecab2141,2026-05-13 11:50:00+00:00,300,300,0,299,0,0,71,0,0,0,2026-05-13 11:50:00+00:00,2026-05-13 11:55:00+00:00,2026-05-13 11:55:00.526970+00:00,300,True,Down,0,True
0xaa85c93eccb1131a1a5335f60aa6fe76648955955c23da4baadc99587aec9021,2026-05-13 12:10:00+00:00,300,300,0,299,0,0,0,1,0,0,2026-05-13 12:10:00+00:00,2026-05-13 12:15:00+00:00,2026-05-13 12:15:00.477910+00:00,300,True,Up,1,True
0xe0d54bda400181757fc382c09e3571a8d72cfc51cd9af75ec0ee87a6164d1ffc,2026-05-13 12:55:00+00:00,300,300,0,299,0,0,0,44,0,0,2026-05-13 12:55:00+00:00,2026-05-13 13:00:00+00:00,2026-05-13 13:00:00.627337+00:00,300,True,Up,1,True
0x0d0f1929c1853bd6afd5c848e1c39156c4a792b8684d3e7096a5e9ba570f7094,2026-05-13 13:15:00+00:00,300,300,0,299,0,0,0,0,0,0,2026-05-13 13:15:00+00:00,2026-05-13 13:20:00+00:00,2026-05-13 13:20:02.237845+00:00,300,True,,0,True
0xbee8c7bb9964dda3fec496f66a20f7be6c59887adb019335b78a0fc0dd99d16d,2026-05-13 13:20:00+00:00,300,300,0,299,0,0,54,0,0,0,2026-05-13 13:20:00+00:00,2026-05-13 13:25:00+00:00,2026-05-13 13:25:00.851830+00:00,300,True,Down,0,True
0xbe5213bc3db0d278dc7f026616d73a87c1847cdcd1e38e1d669e188d50962ba0,2026-05-13 14:40:00+00:00,300,300,0,299,0,0,31,0,0,0,2026-05-13 14:40:00+00:00,2026-05-13 14:45:00+00:00,2026-05-13 14:45:00.671694+00:00,300,True,Down,0,True
0x4cf8532cf79320f8d63bd795bf31d1e357b35a4e20568953d22cd64b88676b53,2026-05-13 14:45:00+00:00,300,300,0,299,0,0,19,0,0,0,2026-05-13 14:45:00+00:00,2026-05-13 14:50:00+00:00,2026-05-13 14:50:00.555478+00:00,300,True,Down,0,True
0x8324579c7149ad452098a67f0d6752a508d6ba9924f30dae0214f2ad257b6361,2026-05-13 14:50:00+00:00,300,300,0,299,0,0,0,78,0,0,2026-05-13 14:50:00+00:00,2026-05-13 14:55:00+00:00,2026-05-13 14:55:00.430880+00:00,300,True,Up,1,True
0x102bf2bcdce5b62f87ca1c39c9c5f25bf14d5aa4f1d5697cea09e2f877575228,2026-05-13 14:55:00+00:00,300,300,0,299,0,0,0,3,0,0,2026-05-13 14:55:00+00:00,2026-05-13 15:00:00+00:00,2026-05-13 15:00:00.768769+00:00,300,True,Up,1,True
0x402bfa79f87e243ab6be24e69badf78dbab27384870962b19b31bb1942329cff,2026-05-13 15:05:00+00:00,300,300,0,299,0,0,98,0,0,0,2026-05-13 15:05:00+00:00,2026-05-13 15:10:00+00:00,2026-05-13 15:10:00.559179+00:00,300,True,Down,0,True
0x143fb5d1d2fc7a275c32bffe663eae1b6b837410bd0aef7e981882d7d1110f01,2026-05-13 15:55:00+00:00,300,300,0,299,0,0,115,0,0,0,2026-05-13 15:55:00+00:00,2026-05-13 16:00:00+00:00,2026-05-13 16:00:00.830979+00:00,300,True,Down,0,True
0x09e4ea1a10422e070dc91e051e8018438cc38e5868506fc9d6792171f38f3c23,2026-05-13 16:10:00+00:00,300,300,0,299,0,0,0,59,0,0,2026-05-13 16:10:00+00:00,2026-05-13 16:15:00+00:00,2026-05-13 16:15:00.547023+00:00,300,True,Up,1,True
0x59bdec3a8e9456f3d48640985451ea7a59cfd214b0bf9b848e96cabad2fd9583,2026-05-13 16:20:00+00:00,300,300,0,299,0,0,0,53,0,0,2026-05-13 16:20:00+00:00,2026-05-13 16:25:00+00:00,2026-05-13 16:25:00.542736+00:00,300,True,Up,1,True
0xa7d362b92bfe70f1cc888c47d22d8a6c0d39257856d07e81bbe6107b476dc1fb,2026-05-13 16:25:00+00:00,300,300,0,299,0,0,0,38,0,0,2026-05-13 16:25:00+00:00,2026-05-13 16:30:00+00:00,2026-05-13 16:30:00.625993+00:00,300,True,Up,1,True
0x7bd1125e790f9f3c574d38f14df3f79b5c042b925b491e7476589f1eaf5cddbe,2026-05-13 16:35:00+00:00,300,300,0,299,0,0,0,1,0,0,2026-05-13 16:35:00+00:00,2026-05-13 16:40:00+00:00,2026-05-13 16:40:00.577503+00:00,300,True,Up,1,True
0x21076a055b8febc0e61b0599d271c38f0e0877676569ce72510ddd9cd9e39e81,2026-05-13 16:40:00+00:00,300,300,0,299,0,0,0,2,0,0,2026-05-13 16:40:00+00:00,2026-05-13 16:45:00+00:00,2026-05-13 16:45:00.723486+00:00,300,True,Up,1,True
0xe5389595df9f8ec251fd82f5df267a733969945c5a1b066a8696fc948d14a98f,2026-05-13 16:50:00+00:00,300,300,0,299,0,0,70,0,0,0,2026-05-13 16:50:00+00:00,2026-05-13 16:55:00+00:00,2026-05-13 16:55:00.552542+00:00,300,True,Down,0,True
0x0389217ae71830d9787ef5f360b8519b4ee0e9ed66b844b33b6f5710897023cc,2026-05-13 17:05:00+00:00,300,300,0,299,0,0,30,0,0,0,2026-05-13 17:05:00+00:00,2026-05-13 17:10:00+00:00,2026-05-13 17:10:00.585903+00:00,300,True,Down,0,True
0x4cc2f3ff91e4267f364c2e493d1021ccb232ec4aba8f380a99a00bc8aa4b6801,2026-05-13 17:15:00+00:00,300,300,0,299,0,0,0,16,0,0,2026-05-13 17:15:00+00:00,2026-05-13 17:20:00+00:00,2026-05-13 17:20:00.542384+00:00,300,True,Up,1,True
0x3316b16267de4a3d3081a362da922815643c314a2b82c10c3e1fb8f79e38318d,2026-05-13 17:20:00+00:00,300,300,0,299,0,0,0,1,0,0,2026-05-13 17:20:00+00:00,2026-05-13 17:25:00+00:00,2026-05-13 17:25:00.601876+00:00,300,True,,0,True
0x2db1ec70b01130e89c33507d938d0216586390322a20d5e8d7a5ec9c60c4a73a,2026-05-13 17:35:00+00:00,300,300,0,299,0,0,0,0,0,0,2026-05-13 17:35:00+00:00,2026-05-13 17:40:00+00:00,2026-05-13 17:40:00.581112+00:00,300,True,,0,True
0xfa767bf3430ec5cb4b6df9403785ccbf90dfc549c7f3da3c5f6a7efdd08c0cdb,2026-05-13 17:40:00+00:00,300,300,0,299,0,0,0,54,0,0,2026-05-13 17:40:00+00:00,2026-05-13 17:45:00+00:00,2026-05-13 17:45:00.671919+00:00,300,True,Up,1,True
0xbf58be34546a5f27876d93e1e52f383defca70449f97eb451bb510575843b232,2026-05-13 18:00:00+00:00,300,300,0,299,0,0,0,4,0,0,2026-05-13 18:00:00+00:00,2026-05-13 18:05:00+00:00,2026-05-13 18:05:00.602084+00:00,300,True,Up,1,True
0x25772ba5c9124afc595d9dde8785ddfbbf9eaf5212eb2a4223a02efb684b5dbc,2026-05-13 18:15:00+00:00,300,300,0,299,0,0,0,9,0,0,2026-05-13 18:15:00+00:00,2026-05-13 18:20:00+00:00,2026-05-13 18:20:00.542067+00:00,300,True,Up,1,True
0x26ca04186edf89f4242c97418929b47ad0c6947e8950f0274d520343254e2dcc,2026-05-13 19:00:00+00:00,300,300,0,299,0,0,42,0,0,0,2026-05-13 19:00:00+00:00,2026-05-13 19:05:00+00:00,2026-05-13 19:05:00.561867+00:00,300,True,Down,0,True
0x90c06d63dc47d51dfd98b64ccdd6f87c013dd045a82175949f752d634da2ec17,2026-05-13 19:10:00+00:00,300,300,0,299,0,0,0,0,0,0,2026-05-13 19:10:00+00:00,2026-05-13 19:15:00+00:00,2026-05-13 19:15:00.703423+00:00,300,True,,0,True
0xa86a07db2c7054dde4f69e3514a9a69f1398dc94275fc457af87fb556b5fd510,2026-05-13 19:15:00+00:00,300,300,0,299,0,0,11,0,0,0,2026-05-13 19:15:00+00:00,2026-05-13 19:20:00+00:00,2026-05-13 19:20:00.609509+00:00,300,True,Down,0,True
0x50bd0d88938b5cd08785abd6651bc8cc965aaff7d69579659d76a5b704ee5a8d,2026-05-13 19:20:00+00:00,300,300,0,299,0,0,19,0,0,0,2026-05-13 19:20:00+00:00,2026-05-13 19:25:00+00:00,2026-05-13 19:25:00.548803+00:00,300,True,Down,0,True
0x19586c78211a3ad3008bebcc51891afe8c30749c656b04f2cec1d577ef52a4cd,2026-05-13 19:25:00+00:00,300,300,0,299,0,0,0,65,0,0,2026-05-13 19:25:00+00:00,2026-05-13 19:30:00+00:00,2026-05-13 19:30:00.653215+00:00,300,True,Up,1,True
0x6db67fbe8c60a0d2686a8683e1bc81393358c1c2fa5f72ac16c0bf8e52e1bb43,2026-05-13 19:30:00+00:00,300,300,0,299,0,0,0,13,0,0,2026-05-13 19:30:00+00:00,2026-05-13 19:35:00+00:00,2026-05-13 19:35:00.588441+00:00,300,True,Up,1,True
0xf67db7a25bde55db348f36c1ce0cb434f697c4b0fe83b90d8d60559fafd9a336,2026-05-13 19:35:00+00:00,300,300,0,299,0,0,0,49,0,0,2026-05-13 19:35:00+00:00,2026-05-13 19:40:00+00:00,2026-05-13 19:40:00.679840+00:00,300,True,Up,1,True
0xf826b14d9cad22526143f954106c1d2e107a9a20d9ece30534258b08d816e3cd,2026-05-13 19:40:00+00:00,300,300,0,299,0,0,15,0,0,0,2026-05-13 19:40:00+00:00,2026-05-13 19:45:00+00:00,2026-05-13 19:45:00.938126+00:00,300,True,Down,0,True
0x30e0785a9f29cb34869837fb898d649fec26ddacd756bd655e381dd4f37393fb,2026-05-13 19:45:00+00:00,300,300,0,299,0,0,0,0,0,0,2026-05-13 19:45:00+00:00,2026-05-13 19:50:00+00:00,2026-05-13 19:50:00.575699+00:00,300,True,Up,1,True
0x7dc8d052e166c51b7db201bf03615c0590e0780208c6c0bfea143ee64ac34351,2026-05-13 19:50:00+00:00,300,300,0,299,0,0,0,50,0,0,2026-05-13 19:50:00+00:00,2026-05-13 19:55:00+00:00,2026-05-13 19:55:00.495477+00:00,300,True,Up,1,True
0x96212620561a1161965709e39777e3cc28ad541292ee1133cf6c59013cd6b1fa,2026-05-13 20:10:00+00:00,300,300,0,299,0,0,9,0,0,0,2026-05-13 20:10:00+00:00,2026-05-13 20:15:00+00:00,2026-05-13 20:15:00.606184+00:00,300,True,Down,0,True
0xedb763bf85ad7b9e1f2df4e3314db028b17bfbc751a79efc51c01bd53b334864,2026-05-13 20:20:00+00:00,300,300,0,299,0,0,56,0,0,0,2026-05-13 20:20:00+00:00,2026-05-13 20:25:00+00:00,2026-05-13 20:25:00.534645+00:00,300,True,Down,0,True
0x94d259eb18890a112e957d2a2e832fd519be8a69341ec0020e902eb8eec4c964,2026-05-13 20:25:00+00:00,300,300,0,299,0,0,14,0,0,0,2026-05-13 20:25:00+00:00,2026-05-13 20:30:00+00:00,2026-05-13 20:30:00.986357+00:00,300,True,Down,0,True
0x70aa4f408eba3352402e8e9cc0ea0e4c097497380399ec5ff95065a9e60b19d9,2026-05-13 20:30:00+00:00,300,300,0,299,0,0,0,71,0,0,2026-05-13 20:30:00+00:00,2026-05-13 20:35:00+00:00,2026-05-13 20:35:00.519756+00:00,300,True,Up,1,True
0xcf79edc0d21ef3bf8f49a146891f958ee98b03c9d2d452019cce58ddc7951ffc,2026-05-13 20:40:00+00:00,300,300,0,299,0,0,0,55,0,0,2026-05-13 20:40:00+00:00,2026-05-13 20:45:00+00:00,2026-05-13 20:45:00.704542+00:00,300,True,Up,1,True
0x31d7296fd4a7bc0e9697eb764d17fc61ca63e832c227bddef70391004564308e,2026-05-13 20:50:00+00:00,300,300,0,299,0,0,22,0,0,0,2026-05-13 20:50:00+00:00,2026-05-13 20:55:00+00:00,2026-05-13 20:55:00.562684+00:00,300,True,Down,0,True
0x833d4354189b6d9dbd8bfdb3e7314be06ccf068e1a2b522cee052844dea8b3c0,2026-05-13 20:55:00+00:00,300,300,0,299,0,0,0,28,0,0,2026-05-13 20:55:00+00:00,2026-05-13 21:00:00+00:00,2026-05-13 21:00:00.828950+00:00,300,True,Up,1,True
0x8c2c16d89b379078e3d3d1e70acb6dc6a2c01935fff1b7f2f563344562ee4207,2026-05-13 21:00:00+00:00,300,300,0,299,0,0,75,0,0,0,2026-05-13 21:00:00+00:00,2026-05-13 21:05:00+00:00,2026-05-13 21:05:00.518955+00:00,300,True,Down,0,True
0x8318bc023bb2fe39540b72b80d87a293b8378a24039c156eb7e59fffeeb44243,2026-05-13 21:05:00+00:00,300,300,0,299,0,0,117,0,0,0,2026-05-13 21:05:00+00:00,2026-05-13 21:10:00+00:00,2026-05-13 21:10:00.549988+00:00,300,True,Down,0,True
0xf437184f447f46497f0498750ca5b86e8a7cd7cedd0e72211e84b136245f9d2a,2026-05-13 21:15:00+00:00,300,300,0,299,0,0,35,0,0,0,2026-05-13 21:15:00+00:00,2026-05-13 21:20:00+00:00,2026-05-13 21:20:00.547543+00:00,300,True,Down,0,True
0xbab4cca425a8dc6522672cca5fbc8c657286a1de744c9351f7691dd4e78c27d6,2026-05-13 21:40:00+00:00,300,300,0,299,0,0,0,0,0,0,2026-05-13 21:40:00+00:00,2026-05-13 21:45:00+00:00,2026-05-13 21:45:00.755158+00:00,300,True,Down,0,True
0x5c17e29bc92ee68773f5be9ed0479bb64c0564b56c8192e6a569986574440820,2026-05-13 21:45:00+00:00,300,300,0,299,0,0,0,0,0,0,2026-05-13 21:45:00+00:00,2026-05-13 21:50:00+00:00,2026-05-13 21:50:00.527444+00:00,300,True,Down,0,True
0xd2058fa165f9b0f186aa54f6e6d9161287e5bbb6de1ea3811e164f2e26cc1d53,2026-05-13 21:50:00+00:00,300,300,0,299,0,0,0,5,0,0,2026-05-13 21:50:00+00:00,2026-05-13 21:55:00+00:00,2026-05-13 21:55:00.501721+00:00,300,True,Up,1,True
0xb4992efcc9242ed85d46fecd935f62c61f03959e4275989d58a521e3678a9420,2026-05-13 21:55:00+00:00,300,300,0,299,0,0,67,0,0,0,2026-05-13 21:55:00+00:00,2026-05-13 22:00:00+00:00,2026-05-13 22:00:00.961759+00:00,300,True,Down,0,True
0x96cde3ba9e168ba76f1ee9823fb4c81efcb8e75a7b803a4712c5f69f39128644,2026-05-13 22:00:00+00:00,300,300,0,299,0,0,6,0,0,0,2026-05-13 22:00:00+00:00,2026-05-13 22:05:00+00:00,2026-05-13 22:05:00.571004+00:00,300,True,Down,0,True
0x97b1ec1a36d7027c88842f72e891e5df8b7135d53481f38261da29f5cf98da96,2026-05-13 22:20:00+00:00,300,300,0,299,0,0,0,10,0,0,2026-05-13 22:20:00+00:00,2026-05-13 22:25:00+00:00,2026-05-13 22:25:00.458887+00:00,300,True,Up,1,True
0x17908d6f20a4a6e0e26c773a62a40e7bfe9f097689d0962764870b76268cb568,2026-05-13 22:30:00+00:00,300,300,0,299,0,0,32,0,0,0,2026-05-13 22:30:00+00:00,2026-05-13 22:35:00+00:00,2026-05-13 22:35:00.544995+00:00,300,True,Down,0,True
0xc2047bc12808b63ac9f599b35e57f6d76520225573f1abd1d8cffd0972768306,2026-05-13 22:40:00+00:00,300,300,0,299,0,0,0,76,0,0,2026-05-13 22:40:00+00:00,2026-05-13 22:45:00+00:00,2026-05-13 22:45:00.817272+00:00,300,True,Up,1,True
0x984ae49c8b123a1d08406210f3e26d8b7c27436bb8156a52db0ba4a608b307be,2026-05-13 22:45:00+00:00,300,300,0,299,0,0,0,1,0,0,2026-05-13 22:45:00+00:00,2026-05-13 22:50:00+00:00,2026-05-13 22:50:00.693450+00:00,300,True,Up,1,True
0xd8605cd27e30445d34228dd1dfa6d04aa7686c894421c66474f848f4ab49784d,2026-05-13 22:50:00+00:00,300,300,0,299,0,0,0,13,0,0,2026-05-13 22:50:00+00:00,2026-05-13 22:55:00+00:00,2026-05-13 22:55:00.559013+00:00,300,True,Up,1,True
0x93791003fca0dc13ce4a889ce418b55ada26eba587e10c3e0f8d2d5f9c567fe1,2026-05-13 22:55:00+00:00,300,300,0,299,0,0,5,0,0,0,2026-05-13 22:55:00+00:00,2026-05-13 23:00:00+00:00,2026-05-13 23:00:00.836795+00:00,300,True,Down,0,True
0xd9f4a8f5dc3ba55dbd3aa6d85cdebd0929ce1e19ad11d3a229dc9245abfb137c,2026-05-13 23:00:00+00:00,300,300,0,299,0,0,14,0,0,0,2026-05-13 23:00:00+00:00,2026-05-13 23:05:00+00:00,2026-05-13 23:05:00.524975+00:00,300,True,Down,0,True
0x5dfd8483b71dfd5f0f741f2b20ee36acf337139149b56b50d5063953a2974d6f,2026-05-13 23:05:00+00:00,300,300,0,299,0,0,0,10,0,0,2026-05-13 23:05:00+00:00,2026-05-13 23:10:00+00:00,2026-05-13 23:10:00.457837+00:00,300,True,Up,1,True
0x3419a45d997c70805ac4d6bf70ffa004904ad19f195468ccbd1d5b8a8abd8164,2026-05-13 23:10:00+00:00,300,300,0,299,0,0,10,0,0,0,2026-05-13 23:10:00+00:00,2026-05-13 23:15:00+00:00,2026-05-13 23:15:00.580788+00:00,300,True,Down,0,True
0x096cd3adb39cc76adedf6c3dac9df5de53131bb22ef0b2840f642aac0f46fa97,2026-05-13 23:15:00+00:00,300,300,0,299,0,0,15,0,0,0,2026-05-13 23:15:00+00:00,2026-05-13 23:20:00+00:00,2026-05-13 23:20:00.500557+00:00,300,True,Down,0,True
0x09bc3604f6728ae6eb1d6f10fd2cbcde84019b235c9570d102b4c56d338f595d,2026-05-13 23:25:00+00:00,300,300,0,299,0,0,54,0,0,0,2026-05-13 23:25:00+00:00,2026-05-13 23:30:00+00:00,2026-05-13 23:30:00.603245+00:00,300,True,Down,0,True
0x5681104071ed1259be6a70eebee562331de82a613597c5326eedbb0dd626ba9e,2026-05-13 23:30:00+00:00,300,300,0,299,0,0,29,0,0,0,2026-05-13 23:30:00+00:00,2026-05-13 23:35:00+00:00,2026-05-13 23:35:00.549025+00:00,300,True,Down,0,True
0xb8aed05aab9f7003fc6c4ea27be4c637acb5ec5734bcb7a19564d969ec95473c,2026-05-13 23:35:00+00:00,300,300,0,299,0,0,19,0,0,0,2026-05-13 23:35:00+00:00,2026-05-13 23:40:00+00:00,2026-05-13 23:40:00.540152+00:00,300,True,Down,0,True
0x5ee619b2157aff1d6cdcc0c005e11df4f59291734a8ae9f9ea2f63cb271c6bf9,2026-05-13 23:40:00+00:00,300,300,0,299,0,0,0,24,0,0,2026-05-13 23:40:00+00:00,2026-05-13 23:45:00+00:00,2026-05-13 23:45:00.569038+00:00,300,True,Up,1,True
0x3b1c7c791bfc684d4fb3f220e4e886defb7b953de6312a4e628d3f873476c71e,2026-05-13 23:45:00+00:00,300,300,0,299,0,0,15,0,0,0,2026-05-13 23:45:00+00:00,2026-05-13 23:50:00+00:00,2026-05-13 23:50:00.535944+00:00,300,True,Down,0,True
0x4624e6eaf6ff6287fe144088c26f90ceaf2ecb086ed1b0a3eaa15e05c452b48a,2026-05-14 00:00:00+00:00,300,300,0,299,0,0,0,56,0,0,2026-05-14 00:00:00+00:00,2026-05-14 00:05:00+00:00,2026-05-14 00:05:00.523069+00:00,300,True,Up,1,True
0xea21014cc4599a052fbfd0f029a58f21ae06c50eb791f5ea26a01c803e8db166,2026-05-14 00:35:00+00:00,300,300,0,299,0,0,0,0,0,0,2026-05-14 00:35:00+00:00,2026-05-14 00:40:00+00:00,2026-05-14 00:40:00.576365+00:00,300,True,Down,0,True
0x20966d5f3d539377470bc151aa20e3f31296ea38f9fd4ece4b09206b69cbb72b,2026-05-14 00:45:00+00:00,300,300,0,299,0,0,1,0,0,0,2026-05-14 00:45:00+00:00,2026-05-14 00:50:00+00:00,2026-05-14 00:50:00.460375+00:00,300,True,Down,0,True
0xc4a316d9f0b84b54ab4b5a9633df6fa3f96b851b1a3362e27a0eca4157d1612a,2026-05-14 00:55:00+00:00,300,300,0,299,0,0,0,3,0,0,2026-05-14 00:55:00+00:00,2026-05-14 01:00:00+00:00,2026-05-14 01:00:00.565903+00:00,300,True,Up,1,True
0x4d9d47168ff3acfb269ce3ddfdf6f6978d379b8fbf78b84ca8773c59944cdf00,2026-05-14 01:00:00+00:00,300,300,0,299,0,0,0,41,0,0,2026-05-14 01:00:00+00:00,2026-05-14 01:05:00+00:00,2026-05-14 01:05:00.558883+00:00,300,True,Up,1,True
0x2c85d5b99d01f39fef85b1b886b8f7b2a29394a61d5afcd975c71ece9ea95c19,2026-05-14 01:05:00+00:00,300,300,0,299,0,0,5,0,0,0,2026-05-14 01:05:00+00:00,2026-05-14 01:10:00+00:00,2026-05-14 01:10:00.487944+00:00,300,True,Down,0,True
0x483a6fd2ac02defcb4b97fe5ff4290630f3b526aa1a10531b59d20497ffc6a98,2026-05-14 01:10:00+00:00,300,300,0,299,0,0,0,1,0,0,2026-05-14 01:10:00+00:00,2026-05-14 01:15:00+00:00,2026-05-14 01:15:00.517595+00:00,300,True,Up,1,True
0x53e306d533ef93f43814933e7d28ee9534f1763243e864e8aed7837d428a1fa3,2026-05-14 01:15:00+00:00,300,300,0,299,0,0,0,0,0,0,2026-05-14 01:15:00+00:00,2026-05-14 01:20:00+00:00,2026-05-14 01:20:00.537922+00:00,300,True,Down,0,True
0xf24445166289807678e965c6f779947ec011255d6b348a672a599b80cb37ab8c,2026-05-14 01:20:00+00:00,300,300,0,299,0,0,0,0,0,0,2026-05-14 01:20:00+00:00,2026-05-14 01:25:00+00:00,2026-05-14 01:25:00.447924+00:00,300,True,Down,0,True
0xd09dd826a231bc244291105c68becb54a00356288a39361bbecdc444f6a2277d,2026-05-14 01:25:00+00:00,300,300,0,299,0,0,13,0,0,0,2026-05-14 01:25:00+00:00,2026-05-14 01:30:00+00:00,2026-05-14 01:30:00.546989+00:00,300,True,Down,0,True
0x3b3e5837c19af50d98a3fa26da4e05e2366741a709ac3720b81372b6b13caaf8,2026-05-14 01:30:00+00:00,300,300,0,299,0,0,2,0,0,0,2026-05-14 01:30:00+00:00,2026-05-14 01:35:00+00:00,2026-05-14 01:35:00.656687+00:00,300,True,Down,0,True
0xcdfa6b6cd31b0cf88a1e437f8fb1574732271f2d71a3a6288f5db7810fe19e86,2026-05-14 01:35:00+00:00,300,300,0,299,0,0,30,0,0,0,2026-05-14 01:35:00+00:00,2026-05-14 01:40:00+00:00,2026-05-14 01:40:00.526581+00:00,300,True,Down,0,True
0xa32a2b90ce30796de5c9f0a3d4f1ecf05a3ccb774e257471f552d287caea8b50,2026-05-14 01:40:00+00:00,300,300,0,299,0,0,0,7,0,0,2026-05-14 01:40:00+00:00,2026-05-14 01:45:00+00:00,2026-05-14 01:45:00.676208+00:00,300,True,Up,1,True
0xe4d017e8e36d83e7751d2b61711ebf5db576402ed44c40828cb911e25e44ec59,2026-05-14 01:45:00+00:00,300,300,0,299,0,0,0,44,0,0,2026-05-14 01:45:00+00:00,2026-05-14 01:50:00+00:00,2026-05-14 01:50:00.499883+00:00,300,True,Up,1,True
0xeac8338dc2b499590597f7bd03e9eb693690493cc8aed7b731238be6f2aa885b,2026-05-14 01:50:00+00:00,300,300,0,299,0,0,0,85,0,0,2026-05-14 01:50:00+00:00,2026-05-14 01:55:00+00:00,2026-05-14 01:55:00.403701+00:00,300,True,Up,1,True
0x1805eacbec76d118fbf8d4e530b5fd1246f0def3525f8f0962839b139abdd108,2026-05-14 01:55:00+00:00,300,300,0,299,0,0,0,0,0,0,2026-05-14 01:55:00+00:00,2026-05-14 02:00:00+00:00,2026-05-14 02:00:01.009803+00:00,300,True,Down,0,True
0x631022bc03e9f06e89b4b1428dd9d2a4044fa280e864b26ba0c6dd18dd01beed,2026-05-14 02:10:00+00:00,300,300,0,299,0,0,20,0,0,0,2026-05-14 02:10:00+00:00,2026-05-14 02:15:00+00:00,2026-05-14 02:15:00.595072+00:00,300,True,Down,0,True
0x367772b98e96cb6b82f44569d0b49ff35c75d78f1e6cebc9d17b2c3de4989d9f,2026-05-14 02:15:00+00:00,300,300,0,299,0,0,0,0,0,0,2026-05-14 02:15:00+00:00,2026-05-14 02:20:00+00:00,2026-05-14 02:20:00.553368+00:00,300,True,Up,1,True
0xeb8b4223ec4ed0b371e25a15157b059612c7776110d2fa912084aeddd9cedde2,2026-05-14 02:20:00+00:00,300,300,0,299,0,0,0,13,0,0,2026-05-14 02:20:00+00:00,2026-05-14 02:25:00+00:00,2026-05-14 02:25:00.503291+00:00,300,True,Up,1,True
0x08632cdac3a19e5dfd73f6bc70558b0a6dd18c91670e4ca133df95c933baca05,2026-05-14 02:30:00+00:00,300,300,0,299,0,0,0,0,0,0,2026-05-14 02:30:00+00:00,2026-05-14 02:35:00+00:00,2026-05-14 02:35:00.460921+00:00,300,True,,0,True
0x28963ba750dfa093899acef96c017ad669f375fffd02d46d7ca2c738446fb3fa,2026-05-14 02:35:00+00:00,300,300,0,299,0,0,5,0,0,0,2026-05-14 02:35:00+00:00,2026-05-14 02:40:00+00:00,2026-05-14 02:40:00.501236+00:00,300,True,Down,0,True
0xa4569ae2a92b1584683a17336315f507e510f13d08dae0d65e8c1265b97552bc,2026-05-14 02:40:00+00:00,300,300,0,299,0,0,11,0,0,0,2026-05-14 02:40:00+00:00,2026-05-14 02:45:00+00:00,2026-05-14 02:45:00.603499+00:00,300,True,Down,0,True
0x10f2ae0e7e1b1612f5b28ca432dd48cbca0239d39108f757be43aa3982185e59,2026-05-14 02:45:00+00:00,300,300,0,299,0,0,69,0,0,0,2026-05-14 02:45:00+00:00,2026-05-14 02:50:00+00:00,2026-05-14 02:50:00.503556+00:00,300,True,Down,0,True
0xe9dfa2f06523c69929dc2563a1e1b8bfcab638d184e954af589c3da029c5fce2,2026-05-14 02:50:00+00:00,300,300,0,299,0,0,57,0,0,0,2026-05-14 02:50:00+00:00,2026-05-14 02:55:00+00:00,2026-05-14 02:55:00.522682+00:00,300,True,Down,0,True
0xf6e2280f63e4701998781f417fa6beeab09df8e4bc48717627ebdc134743ab99,2026-05-14 03:05:00+00:00,300,300,0,299,0,0,133,0,0,0,2026-05-14 03:05:00+00:00,2026-05-14 03:10:00+00:00,2026-05-14 03:10:00.549782+00:00,300,True,Down,0,True
0xeee8cb77bda9abb64286ff707a54e1ccfd52b77bbb40013a920f990c204335bb,2026-05-14 03:20:00+00:00,300,300,0,299,0,0,145,0,0,0,2026-05-14 03:20:00+00:00,2026-05-14 03:25:00+00:00,2026-05-14 03:25:00.546667+00:00,300,True,Down,0,True
0x49f7ba15848a6b837a1611a9d74f41df9a12a5a80c784d0ebb5ede0fcc812597,2026-05-14 03:35:00+00:00,300,300,0,299,0,0,69,0,0,0,2026-05-14 03:35:00+00:00,2026-05-14 03:40:00+00:00,2026-05-14 03:40:00.501751+00:00,300,True,Down,0,True
0x33c215617f7592100b7e0b3467581155bd48c8a9b2242cf8860dbc68b9146246,2026-05-14 03:40:00+00:00,300,300,0,299,0,0,0,9,0,0,2026-05-14 03:40:00+00:00,2026-05-14 03:45:00+00:00,2026-05-14 03:45:00.643815+00:00,300,True,Up,1,True
0x1f89a7b580bcfed605ad2d6dddaec75b5cdb85bbd55385cde4dedd2dc09db5c3,2026-05-14 03:45:00+00:00,300,300,0,299,0,0,61,0,0,0,2026-05-14 03:45:00+00:00,2026-05-14 03:50:00+00:00,2026-05-14 03:50:00.513193+00:00,300,True,Down,0,True
0xa549a0139b43e52cdbe55aca0eab6b9d9a8817423146b0f3289efd71e8cc90ad,2026-05-14 03:55:00+00:00,300,300,0,299,0,0,13,0,0,0,2026-05-14 03:55:00+00:00,2026-05-14 04:00:00+00:00,2026-05-14 04:00:00.844542+00:00,300,True,Down,0,True
0x0031d18bfaefb1bd6cbd5dc47683cfb238136fd4480702a884bc51b7d52ab202,2026-05-14 04:05:00+00:00,300,300,0,299,0,0,0,74,0,0,2026-05-14 04:05:00+00:00,2026-05-14 04:10:00+00:00,2026-05-14 04:10:00.529706+00:00,300,True,Up,1,True
0x0c0e425c769249c21bb76b8e4ebb2178155e4aa8ff7fc56fbe258bc059fd78f6,2026-05-14 04:10:00+00:00,300,300,0,299,0,0,0,9,0,0,2026-05-14 04:10:00+00:00,2026-05-14 04:15:00+00:00,2026-05-14 04:15:00.494721+00:00,300,True,Up,1,True
0x6cbdeb30b16db638aeb201a7a2340facdbfb40eda219b91d197c6b5047832b0c,2026-05-14 04:15:00+00:00,300,300,0,299,0,0,0,47,0,0,2026-05-14 04:15:00+00:00,2026-05-14 04:20:00+00:00,2026-05-14 04:20:00.513713+00:00,300,True,Up,1,True
0x262e9b3739efed231f66a8ce8cda886326942d3d39abf122d9b45561131ac576,2026-05-14 04:20:00+00:00,300,300,0,299,0,0,13,0,0,0,2026-05-14 04:20:00+00:00,2026-05-14 04:25:00+00:00,2026-05-14 04:25:00.514993+00:00,300,True,Down,0,True
0xc53e9735510f2c8701490effc4ea69e89ba1ddbbca0e4752f333a0dabe61bb4d,2026-05-14 04:25:00+00:00,300,300,0,299,0,0,0,0,0,0,2026-05-14 04:25:00+00:00,2026-05-14 04:30:00+00:00,2026-05-14 04:30:00.540844+00:00,300,True,Up,1,True
0xce6818613e2ffb239dc59e666b247e9b1162d5b80625f298ba57a296a972b578,2026-05-14 04:30:00+00:00,300,300,0,299,0,0,1,2,0,0,2026-05-14 04:30:00+00:00,2026-05-14 04:35:00+00:00,2026-05-14 04:35:00.517724+00:00,300,True,Down,0,True
0x02aa02d56d74a79256fd8779dd2bf957b8a3d74819ef493715c513a48df27e90,2026-05-14 04:35:00+00:00,300,300,0,299,0,0,0,38,0,0,2026-05-14 04:35:00+00:00,2026-05-14 04:40:00+00:00,2026-05-14 04:40:00.571715+00:00,300,True,Up,1,True
0x777302b29d5382fefb1d314892a6b32011b72a5f734f150dbcb4fb52904c83ba,2026-05-14 04:45:00+00:00,300,300,0,299,0,0,0,44,0,0,2026-05-14 04:45:00+00:00,2026-05-14 04:50:00+00:00,2026-05-14 04:50:00.484701+00:00,300,True,Up,1,True
0x3cdc5bbc40563ac0a6dc1f44f6625c520fdb4d0d37afc7ed663e461d56dbb3b1,2026-05-14 04:50:00+00:00,300,300,0,299,0,0,0,1,0,0,2026-05-14 04:50:00+00:00,2026-05-14 04:55:00+00:00,2026-05-14 04:55:00.491988+00:00,300,True,Up,1,True
0xa933217a3a9cd76ead590389727e8916bad73cd60237f592adc2ae9fb1f01b0c,2026-05-14 05:00:00+00:00,300,300,0,299,0,0,0,0,0,0,2026-05-14 05:00:00+00:00,2026-05-14 05:05:00+00:00,2026-05-14 05:05:00.530202+00:00,300,True,,0,True
0x0773b8b7b0981b53afd19b6ea4d69bc2713c68de6e76215a4479997704e01cfc,2026-05-14 05:05:00+00:00,300,300,0,299,0,0,0,1,0,0,2026-05-14 05:05:00+00:00,2026-05-14 05:10:00+00:00,2026-05-14 05:10:00.493462+00:00,300,True,Up,1,True
0x5e43bc0832bca45fbf4d4eb10176e263b22def0ffe2c4a2a7457aa317f1aac38,2026-05-14 05:20:00+00:00,300,300,0,299,0,0,0,60,0,0,2026-05-14 05:20:00+00:00,2026-05-14 05:25:00+00:00,2026-05-14 05:25:00.516856+00:00,300,True,Up,1,True
0x26b2e7034235a635ec26238b9469afadce225c1500515de870d61505e300a4e8,2026-05-14 05:25:00+00:00,300,300,0,299,0,0,0,0,0,0,2026-05-14 05:25:00+00:00,2026-05-14 05:30:00+00:00,2026-05-14 05:30:00.611722+00:00,300,True,Up,1,True
0x38798e09931a49ed7d6bf0a7921a1101825509c2deee74e280e03d4ebf6f84ce,2026-05-14 06:35:00+00:00,300,300,0,299,0,0,0,60,0,0,2026-05-14 06:35:00+00:00,2026-05-14 06:40:00+00:00,2026-05-14 06:40:00.521971+00:00,300,True,Up,1,True
0x9153e3f28d48ccd071556da938d9ab8766f739a09b3c94bff31f794368850c42,2026-05-14 06:40:00+00:00,300,300,0,299,0,0,0,22,0,0,2026-05-14 06:40:00+00:00,2026-05-14 06:45:00+00:00,2026-05-14 06:45:00.711165+00:00,300,True,Up,1,True
0xa779604e288260f36c10216036c4320f4130cefff1ad1c6e0b5213854ef33143,2026-05-14 06:55:00+00:00,300,300,0,299,0,0,12,0,0,0,2026-05-14 06:55:00+00:00,2026-05-14 07:00:00+00:00,2026-05-14 07:00:00.849588+00:00,300,True,Down,0,True
0xc8ca00a3c3cd2de05d6f859d989760a216caa058dbc4ac1ab33157463fc91998,2026-05-14 07:00:00+00:00,300,300,0,299,0,0,40,0,0,0,2026-05-14 07:00:00+00:00,2026-05-14 07:05:00+00:00,2026-05-14 07:05:00.532940+00:00,300,True,Down,0,True
0x47c55fe6aa6f2f6fc391ea3e9fb66b729278f7160fc788d32f68e87f0b5122a2,2026-05-14 07:05:00+00:00,300,300,0,299,0,0,0,27,0,0,2026-05-14 07:05:00+00:00,2026-05-14 07:10:00+00:00,2026-05-14 07:10:00.523212+00:00,300,True,Up,1,True
0x15989aac634c90a1ca5b4101598fa0ed205510161e422e26da6d1aee0c94c9c9,2026-05-14 07:10:00+00:00,300,300,0,299,0,0,12,0,0,0,2026-05-14 07:10:00+00:00,2026-05-14 07:15:00+00:00,2026-05-14 07:15:00.571078+00:00,300,True,Down,0,True
0x6dd23518703c83cdbc6bd42b502b2736f087c479f93c0795999449045977225e,2026-05-14 07:15:00+00:00,300,300,0,299,0,0,26,0,0,0,2026-05-14 07:15:00+00:00,2026-05-14 07:20:00+00:00,2026-05-14 07:20:00.600583+00:00,300,True,Down,0,True
0xef806a7fa060296ce9cb9622654d7b9830f0d0398d843d54a9b273b30df47fd4,2026-05-14 07:20:00+00:00,300,300,0,299,0,0,0,20,0,0,2026-05-14 07:20:00+00:00,2026-05-14 07:25:00+00:00,2026-05-14 07:25:00.559681+00:00,300,True,Up,1,True
0xbf23ebccf8b46c2d7c5e67fe22b38ce38558b02ff05ec840ceba14dee4ce1d62,2026-05-14 07:25:00+00:00,300,300,0,299,0,0,0,73,0,0,2026-05-14 07:25:00+00:00,2026-05-14 07:30:00+00:00,2026-05-14 07:30:00.607350+00:00,300,True,Up,1,True
0x15d419e7f9cce68239c7de9ccf1c451aeb000f787c48cf3fa0e8d843c24ddb29,2026-05-14 07:40:00+00:00,300,300,0,299,0,0,0,0,0,0,2026-05-14 07:40:00+00:00,2026-05-14 07:45:00+00:00,2026-05-14 07:45:00.624082+00:00,300,True,Down,0,True
0xe1a5647565926e04152a9079a5be1fcc30005cd6d469ca5012dab5376191584a,2026-05-14 08:00:00+00:00,300,300,0,299,0,0,56,0,0,0,2026-05-14 08:00:00+00:00,2026-05-14 08:05:00+00:00,2026-05-14 08:05:00.520988+00:00,300,True,Down,0,True
0xbb86ac8e167c131e36f8f8cd6ad42bd1cc1191090dcb0daa782c067248b98787,2026-05-14 08:05:00+00:00,300,300,0,299,0,0,0,54,0,0,2026-05-14 08:05:00+00:00,2026-05-14 08:10:00+00:00,2026-05-14 08:10:00.534209+00:00,300,True,Up,1,True
0x39859081e516b9d4d4be232969e70d808855e9e43d236aa49b32d2fe0fc6c0dd,2026-05-14 08:15:00+00:00,300,300,0,299,0,0,0,0,0,0,2026-05-14 08:15:00+00:00,2026-05-14 08:20:00+00:00,2026-05-14 08:20:00.559712+00:00,300,True,Down,0,True
0x060ba1f3fa827d07c453b2d5a6627f680a61d101c830e9e8f32edf1cbf69540d,2026-05-14 08:20:00+00:00,300,300,0,299,0,0,94,0,0,0,2026-05-14 08:20:00+00:00,2026-05-14 08:25:00+00:00,2026-05-14 08:25:00.475730+00:00,300,True,Down,0,True
0x5a922b6fb525c4d338e7cb8e370efa5184a354c0a5029bc59f376dba747f4349,2026-05-14 08:30:00+00:00,300,300,0,299,0,0,0,69,0,0,2026-05-14 08:30:00+00:00,2026-05-14 08:35:00+00:00,2026-05-14 08:35:00.560514+00:00,300,True,Up,1,True
0x0b1e38faadcc04f3586d288d266e0314bb4ed2ab55bab1c69351dc0bda7a0b35,2026-05-14 08:35:00+00:00,300,300,0,299,0,0,0,39,0,0,2026-05-14 08:35:00+00:00,2026-05-14 08:40:00+00:00,2026-05-14 08:40:00.583304+00:00,300,True,Up,1,True
0x07b136b029f6abb039832d8f8a9af9f0cee7697a7a0b550d4547b0fb7117a80f,2026-05-14 08:55:00+00:00,300,300,0,299,0,0,3,0,0,0,2026-05-14 08:55:00+00:00,2026-05-14 09:00:00+00:00,2026-05-14 09:00:00.751984+00:00,300,True,Down,0,True
0x5b4378a3ed5bc0a9eb9296aefeba4b54e567af5b8632aecc35aab3176c069976,2026-05-14 09:00:00+00:00,300,300,0,299,0,0,0,36,0,0,2026-05-14 09:00:00+00:00,2026-05-14 09:05:00+00:00,2026-05-14 09:05:00.511531+00:00,300,True,Up,1,True
0x0941c36ceed2fd4ed28755d4eb443134fa59fcba0cb272f5f1ae81a905f76e39,2026-05-14 09:05:00+00:00,300,300,0,299,0,0,0,12,0,0,2026-05-14 09:05:00+00:00,2026-05-14 09:10:00+00:00,2026-05-14 09:10:00.547444+00:00,300,True,Up,1,True
0x74f25c55a8ba276f4296ceb8d7e29240cf385c667c37d9d91acba1f292e9e386,2026-05-14 09:10:00+00:00,300,300,0,299,0,0,18,0,0,0,2026-05-14 09:10:00+00:00,2026-05-14 09:15:00+00:00,2026-05-14 09:15:00.593256+00:00,300,True,Down,0,True
0xe0f6b1d69ce252a3eb86e4d1fbbfe8531b62840372d9cc6cd83833c84de8d4f4,2026-05-14 09:15:00+00:00,300,300,0,299,0,0,8,0,0,0,2026-05-14 09:15:00+00:00,2026-05-14 09:20:00+00:00,2026-05-14 09:20:00.541952+00:00,300,True,Down,0,True
0x121cc3de22b2ddd472f425f4d2147206260bc91cf3825870fa717d7adcf33529,2026-05-14 09:20:00+00:00,300,300,0,299,0,0,37,0,0,0,2026-05-14 09:20:00+00:00,2026-05-14 09:25:00+00:00,2026-05-14 09:25:00.486908+00:00,300,True,Down,0,True
0xfbd4acbb09b4ba33bc1fc4d48ee8a3a00acb92eb72dd8eb0adf104b3fbcaf5e8,2026-05-14 09:25:00+00:00,300,300,0,299,0,0,40,0,0,0,2026-05-14 09:25:00+00:00,2026-05-14 09:30:00+00:00,2026-05-14 09:30:00.555576+00:00,300,True,Down,0,True
0x2ee0b8e230b6929de4a08c014f2dfce72b937f3e07ee2ba9a09cc11cecf7f4ec,2026-05-14 09:30:00+00:00,300,300,0,299,0,0,0,0,0,0,2026-05-14 09:30:00+00:00,2026-05-14 09:35:00+00:00,2026-05-14 09:35:00.521189+00:00,300,True,Down,0,True
0x505fdf85bc3edc243aa9f66f27b2b1cad2b9bf7102db80032cf7ae162a8e24cf,2026-05-14 10:05:00+00:00,300,300,0,299,0,0,76,0,0,0,2026-05-14 10:05:00+00:00,2026-05-14 10:10:00+00:00,2026-05-14 10:10:00.546861+00:00,300,True,Down,0,True
0xd9de2845ed668c10d339c7004cb481da2d6184515c91bc3752f2d264e6062571,2026-05-14 10:25:00+00:00,300,300,0,299,0,0,0,0,0,0,2026-05-14 10:25:00+00:00,2026-05-14 10:30:00+00:00,2026-05-14 10:30:00.600697+00:00,300,True,Up,1,True
0x770192d79e08a2eccf762c00fea9a18411e8c7c771c30708728f6640d57e38ae,2026-05-14 10:30:00+00:00,300,300,0,299,0,0,82,0,0,0,2026-05-14 10:30:00+00:00,2026-05-14 10:35:00+00:00,2026-05-14 10:35:00.562746+00:00,300,True,Down,0,True
0x82c6131ffac45a22e655c14e0c301bece0cd3c19333d3a8c2f923ea5161473b3,2026-05-14 10:40:00+00:00,300,300,0,299,0,0,119,0,0,0,2026-05-14 10:40:00+00:00,2026-05-14 10:45:00+00:00,2026-05-14 10:45:00.589233+00:00,300,True,Down,0,True
0x1a4f10fcb1b4e336edfc1408e2dd6f8e5d52c88146f79ef8d007a2b2ac1c90d3,2026-05-14 10:55:00+00:00,300,300,0,299,0,0,16,0,0,0,2026-05-14 10:55:00+00:00,2026-05-14 11:00:00+00:00,2026-05-14 11:00:00.847472+00:00,300,True,Down,0,True
0x5e8c40327b2bc211aeb0654be8ffea5186d4e0ded95bfc9ea22b047a810b82ee,2026-05-14 11:00:00+00:00,300,300,0,299,0,0,21,0,0,0,2026-05-14 11:00:00+00:00,2026-05-14 11:05:00+00:00,2026-05-14 11:05:00.539746+00:00,300,True,Down,0,True
0x2ad6022ac996cb231bbdd20381ba5732b1cb00e8b747d4d8ac3161528ee21ed2,2026-05-14 11:05:00+00:00,300,300,0,299,0,0,0,17,0,0,2026-05-14 11:05:00+00:00,2026-05-14 11:10:00+00:00,2026-05-14 11:10:00.548295+00:00,300,True,Up,1,True
0xb8b77bb408baa626de2ac0cd8b0421e2e5b5adfcab6263907fa34619fe50f7a2,2026-05-14 11:10:00+00:00,300,300,0,299,0,0,63,0,0,0,2026-05-14 11:10:00+00:00,2026-05-14 11:15:00+00:00,2026-05-14 11:15:05.492798+00:00,300,True,Down,0,True
0x58bc11793bc50fc77d0cd6cd7b9ff07c5684b66b31a4aaadf55b7ab30dfd2c29,2026-05-14 11:15:00+00:00,300,300,0,299,0,0,0,22,0,0,2026-05-14 11:15:00+00:00,2026-05-14 11:20:00+00:00,2026-05-14 11:20:00.546023+00:00,300,True,Up,1,True
0x3bba5fdf85505f79c28dfa69890ce63810a2aa8d46760996b94b7b7704d72bac,2026-05-14 11:20:00+00:00,300,300,0,299,0,0,68,0,0,0,2026-05-14 11:20:00+00:00,2026-05-14 11:25:00+00:00,2026-05-14 11:25:00.572463+00:00,300,True,Down,0,True
0x0c4ca99306ebb6bf807256fad01a4f45c69481e671b93ba38faf7e38811e2b18,2026-05-14 11:25:00+00:00,300,300,0,299,0,0,62,0,0,0,2026-05-14 11:25:00+00:00,2026-05-14 11:30:00+00:00,2026-05-14 11:30:00.658911+00:00,300,True,Down,0,True
0xa1ac341c1e57a37070c5745fc0e9573446f5f4a2e2af408af448fe4a9e65497d,2026-05-14 11:30:00+00:00,300,300,0,299,0,0,33,0,0,0,2026-05-14 11:30:00+00:00,2026-05-14 11:35:00+00:00,2026-05-14 11:35:00.428485+00:00,300,True,Down,0,True
0x31a1781405a4ad3bbe5a91e8966b1537e64982b9792d0e9527a7ee532d49afdc,2026-05-14 11:35:00+00:00,300,300,0,299,0,0,0,76,0,0,2026-05-14 11:35:00+00:00,2026-05-14 11:40:00+00:00,2026-05-14 11:40:00.582363+00:00,300,True,Up,1,True
0xd828c3a8dc72904bf92679103313c14357bd0e1b4a8ba609ca7607ff96e216f1,2026-05-14 11:40:00+00:00,300,300,0,299,0,0,77,0,0,0,2026-05-14 11:40:00+00:00,2026-05-14 11:45:00+00:00,2026-05-14 11:45:00.534380+00:00,300,True,Down,0,True
0x293545a6c89485ecd13a645f8737f7d3c217367e0b363c2dd66e6c23db7beb23,2026-05-14 11:45:00+00:00,300,300,0,299,0,0,0,1,0,0,2026-05-14 11:45:00+00:00,2026-05-14 11:50:00+00:00,2026-05-14 11:50:00.534364+00:00,300,True,Up,1,True
0x02505310766b9d5f244db80d6309135b5df84ebbc21b0b385322d22efef99c78,2026-05-14 11:50:00+00:00,300,300,0,299,0,0,0,10,0,0,2026-05-14 11:50:00+00:00,2026-05-14 11:55:00+00:00,2026-05-14 11:55:00.534967+00:00,300,True,Up,1,True
0x69cf3fd94927af6fc736ecb78b8973eb1c73ab27bd1f008c154d72ce0fc58a69,2026-05-14 11:55:00+00:00,300,300,0,299,0,0,33,0,0,0,2026-05-14 11:55:00+00:00,2026-05-14 12:00:00+00:00,2026-05-14 12:00:00.719554+00:00,300,True,Down,0,True
0x661fe3d743ea509a938ff37f8d2f5797f16e641d84a4149ac57f2bd05bbc0666,2026-05-14 12:00:00+00:00,300,300,0,299,0,0,0,51,0,0,2026-05-14 12:00:00+00:00,2026-05-14 12:05:00+00:00,2026-05-14 12:05:00.565703+00:00,300,True,Up,1,True
0x47abfcca4c504106b3d3e248937c725a2f289d299449b550e9a55d66fe44ca3c,2026-05-14 12:10:00+00:00,300,300,0,299,0,0,0,7,0,0,2026-05-14 12:10:00+00:00,2026-05-14 12:15:00+00:00,2026-05-14 12:15:00.577507+00:00,300,True,Up,1,True
0x2967457237a5ad78c9b7850d120122ec1a9de842a76b0b9c52c5836775276612,2026-05-14 12:15:00+00:00,300,300,0,299,0,0,66,0,0,0,2026-05-14 12:15:00+00:00,2026-05-14 12:20:00+00:00,2026-05-14 12:20:00.611874+00:00,300,True,Down,0,True
0x8cd98fb4cab1366afbfbdb3050b7a28546ce9e7d79da5cf1aaf2353d1d9361fd,2026-05-14 12:20:00+00:00,300,300,0,299,0,0,0,35,0,0,2026-05-14 12:20:00+00:00,2026-05-14 12:25:00+00:00,2026-05-14 12:25:00.542510+00:00,300,True,Up,1,True
0xb9d2712a1638c8645feecf59dbd74385479c98537fe8e91d40ca1731f0dfc79c,2026-05-14 12:25:00+00:00,300,300,0,299,0,0,0,29,0,0,2026-05-14 12:25:00+00:00,2026-05-14 12:30:00+00:00,2026-05-14 12:30:00.552085+00:00,300,True,Up,1,True
0x80cf1fcf2ef09c9062d4644593790da5b66c419022a66b24a0b7857a6ae54d43,2026-05-14 12:35:00+00:00,300,300,0,299,0,0,0,13,0,0,2026-05-14 12:35:00+00:00,2026-05-14 12:40:00+00:00,2026-05-14 12:40:00.598811+00:00,300,True,Up,1,True
0x54d9699f15633c7abb73fac42a7a55eaa68323ef7b441d0d17a79f533abc8220,2026-05-14 12:45:00+00:00,300,300,0,299,0,0,0,31,0,0,2026-05-14 12:45:00+00:00,2026-05-14 12:50:00+00:00,2026-05-14 12:50:00.553666+00:00,300,True,Up,1,True
0xc97bf585a07917bb2fc08320a634e7902fddc3d5fb521d8da4675b40dadb2168,2026-05-14 13:50:00+00:00,300,300,0,299,0,0,27,0,0,0,2026-05-14 13:50:00+00:00,2026-05-14 13:55:00+00:00,2026-05-14 13:55:00.473218+00:00,300,True,Down,0,True
0xb840e84a416b64894f3b88967c1ecb5df451cf9e7228d892830d94eb4a21e3b6,2026-05-14 14:00:00+00:00,300,300,0,299,0,0,0,53,0,0,2026-05-14 14:00:00+00:00,2026-05-14 14:05:00+00:00,2026-05-14 14:05:00.602952+00:00,300,True,Up,1,True
0xae647e423f0236f7a030be0d52f3c8fb76d40790e9d8cdf50fbf7fb2486a6691,2026-05-14 14:05:00+00:00,300,300,0,299,0,0,52,0,0,0,2026-05-14 14:05:00+00:00,2026-05-14 14:10:00+00:00,2026-05-14 14:10:00.569899+00:00,300,True,Down,0,True
0x434e6b5c10237e50ce0df35438d238fb6917fa47730c8473d29ad85fdebe344f,2026-05-14 14:15:00+00:00,300,300,0,299,0,0,0,78,0,0,2026-05-14 14:15:00+00:00,2026-05-14 14:20:00+00:00,2026-05-14 14:20:00.550911+00:00,300,True,Up,1,True
0x5e663ea958cbc1e7108e66159b8bcc665be7326bd03d33d1ea2dcbdea4dee6d2,2026-05-14 15:20:00+00:00,300,300,0,299,0,0,0,3,0,0,2026-05-14 15:20:00+00:00,2026-05-14 15:25:00+00:00,2026-05-14 15:25:00.563318+00:00,300,True,Up,1,True
0xcc5e167c2be9a3fb71d1653e28a04518a49e2a087f22f9b4da0e4d9d9cd0959c,2026-05-14 15:25:00+00:00,300,300,0,299,0,0,15,0,0,0,2026-05-14 15:25:00+00:00,2026-05-14 15:30:00+00:00,2026-05-14 15:30:00.694476+00:00,300,True,Down,0,True
0x8d01dac700c20eb069169abee8451efc92794171171b665d01983364a127c99d,2026-05-14 16:40:00+00:00,300,300,0,299,0,0,0,57,0,0,2026-05-14 16:40:00+00:00,2026-05-14 16:45:00+00:00,2026-05-14 16:45:00.769112+00:00,300,True,Up,1,True
0xfd94940cf05d6cb6e42565dda1378c885127d8ac1f3e39c8fafc35bf0a27da9e,2026-05-14 17:35:00+00:00,300,300,0,299,0,0,0,1,0,0,2026-05-14 17:35:00+00:00,2026-05-14 17:40:00+00:00,2026-05-14 17:40:00.611501+00:00,300,True,Up,1,True
0x6c6502e6d11e848560de65b05857e366f1b58696db31d9349afa09fd61e31f8b,2026-05-14 17:45:00+00:00,300,300,0,299,0,0,0,65,0,0,2026-05-14 17:45:00+00:00,2026-05-14 17:50:00+00:00,2026-05-14 17:50:00.390661+00:00,300,True,Up,1,True
0x3fb24ca2b50936e123450033f722804147a2f75733c72f317272c33d7c9a5ff6,2026-05-14 18:00:00+00:00,300,300,0,299,0,0,88,0,0,0,2026-05-14 18:00:00+00:00,2026-05-14 18:05:00+00:00,2026-05-14 18:05:00.583198+00:00,300,True,Down,0,True
0xf841f5351225a105d1fc3d5695327c600f80eb75f403e84049ec8c977091df43,2026-05-14 18:05:00+00:00,300,300,0,299,0,0,0,84,0,0,2026-05-14 18:05:00+00:00,2026-05-14 18:10:00+00:00,2026-05-14 18:10:00.502704+00:00,300,True,Up,1,True
0xb9abb6be3f631f73856e3d88e6c86636c11fef7925789ee3a4ca02b0d74aaf46,2026-05-14 18:10:00+00:00,300,300,0,299,0,0,0,56,0,0,2026-05-14 18:10:00+00:00,2026-05-14 18:15:00+00:00,2026-05-14 18:15:00.550000+00:00,300,True,Up,1,True
0x7b20b05fcaad7b137643d9ca0834a27334b02ab93dcd3460381b3329c35dc3f2,2026-05-14 18:35:00+00:00,300,300,0,299,0,0,0,9,0,0,2026-05-14 18:35:00+00:00,2026-05-14 18:40:00+00:00,2026-05-14 18:40:00.587401+00:00,300,True,Up,1,True
0x2a903c589141bce4a1e50fb98b73397af6820942542793ab10b1df477e912b6e,2026-05-14 18:40:00+00:00,300,300,0,299,0,0,19,0,0,0,2026-05-14 18:40:00+00:00,2026-05-14 18:45:00+00:00,2026-05-14 18:45:00.842818+00:00,300,True,Down,0,True
0x1466a5556aa8ea175e73bb77025936c1fb77dd3e803fd977dec7272c437ec445,2026-05-14 18:45:00+00:00,300,300,0,299,0,0,0,27,0,0,2026-05-14 18:45:00+00:00,2026-05-14 18:50:00+00:00,2026-05-14 18:50:00.512584+00:00,300,True,Up,1,True
0xd5e00afd00ab0535d1e9c5c2ed499b2f76f530dc9c7a19040d6723515d596f3b,2026-05-14 18:50:00+00:00,300,300,0,299,0,0,42,0,0,0,2026-05-14 18:50:00+00:00,2026-05-14 18:55:00+00:00,2026-05-14 18:55:00.514615+00:00,300,True,Down,0,True
0x6dd8631f41dd949425cc4d81f4815d2e5945cb464e25555b6d8d229ebad2e3a4,2026-05-14 18:55:00+00:00,300,300,0,299,0,0,0,120,0,0,2026-05-14 18:55:00+00:00,2026-05-14 19:00:00+00:00,2026-05-14 19:00:00.602571+00:00,300,True,Up,1,True
0x0becbcb0e60b720984b2d0c7ae99db0c41c88f1008dbbae33ff8b9f028db7187,2026-05-14 19:10:00+00:00,300,300,0,299,0,0,39,0,0,0,2026-05-14 19:10:00+00:00,2026-05-14 19:15:00+00:00,2026-05-14 19:15:00.572685+00:00,300,True,Down,0,True
0x5da87c26f3f2fbcc7d0f39a939ee8bc71e45bc2466c9355ddd017eb78076c476,2026-05-14 19:15:00+00:00,300,300,0,299,0,0,0,20,0,0,2026-05-14 19:15:00+00:00,2026-05-14 19:20:00+00:00,2026-05-14 19:20:00.539718+00:00,300,True,Up,1,True
0x27fef3ecde5b8c8de331bdf63e7b90255bef1e4b3af5cc815d04a369d10f13ff,2026-05-14 19:25:00+00:00,300,300,0,299,0,0,44,0,0,0,2026-05-14 19:25:00+00:00,2026-05-14 19:30:00+00:00,2026-05-14 19:30:00.615757+00:00,300,True,Down,0,True
0x632d4dc2d652f7d49ca91947b8baf95f0f5877bf5f218becf91b03e533a4506e,2026-05-14 19:30:00+00:00,300,300,0,299,0,0,0,12,0,0,2026-05-14 19:30:00+00:00,2026-05-14 19:35:00+00:00,2026-05-14 19:35:00.458247+00:00,300,True,Up,1,True
0x32876c860a3b9dce6f7bca145a145ad39ce1b33ef9171ca49f12f3a34485c3a0,2026-05-14 19:50:00+00:00,300,300,0,299,0,0,0,29,0,0,2026-05-14 19:50:00+00:00,2026-05-14 19:55:00+00:00,2026-05-14 19:55:00.570430+00:00,300,True,Up,1,True
0x37f91fb9f00915d508ecc3dbeb22313d2931e7b2ecf4ab5debd2f5c097f26cb2,2026-05-14 20:20:00+00:00,300,300,0,299,0,0,0,0,0,0,2026-05-14 20:20:00+00:00,2026-05-14 20:25:00+00:00,2026-05-14 20:25:00.568215+00:00,300,True,,0,True
0x8c5a67ca568c7b08bd1d171313413e4ddd190b5eec2e7816f55d97373a69d3be,2026-05-14 20:50:00+00:00,300,300,0,299,0,0,0,109,0,0,2026-05-14 20:50:00+00:00,2026-05-14 20:55:00+00:00,2026-05-14 20:55:00.474903+00:00,300,True,Up,1,True
0xf78c43300330f13ffb40244b7e21dfc9747a69d9fb80bbe4f7a08f9ab0c8abeb,2026-05-14 21:05:00+00:00,300,300,0,299,0,0,0,14,0,0,2026-05-14 21:05:00+00:00,2026-05-14 21:10:00+00:00,2026-05-14 21:10:00.513087+00:00,300,True,Up,1,True
0xee327a3553a81ab874dc1f6d50974e55131d49b519e4fb36c67305d14fe72593,2026-05-14 21:10:00+00:00,300,300,0,299,0,0,51,0,0,0,2026-05-14 21:10:00+00:00,2026-05-14 21:15:00+00:00,2026-05-14 21:15:00.581284+00:00,300,True,Down,0,True
0xb515238d017594fa81215c85235f11b931ab3d981340ba3c538459d0fb634a90,2026-05-14 21:15:00+00:00,300,300,0,299,0,0,42,0,0,0,2026-05-14 21:15:00+00:00,2026-05-14 21:20:00+00:00,2026-05-14 21:20:00.573683+00:00,300,True,Down,0,True
0xd9e72cb34c1bffe6d07166234a57a089244de2ed6287712f7adde6d443f2e906,2026-05-14 21:20:00+00:00,300,300,0,299,0,0,0,11,0,0,2026-05-14 21:20:00+00:00,2026-05-14 21:25:00+00:00,2026-05-14 21:25:00.598851+00:00,300,True,Up,1,True
0x3bfcdcb6f148765393a26b5c30a1d60f365d3e082c3dbae7818bdef53784f593,2026-05-14 21:25:00+00:00,300,300,0,299,0,0,0,65,0,0,2026-05-14 21:25:00+00:00,2026-05-14 21:30:00+00:00,2026-05-14 21:30:00.545025+00:00,300,True,Up,1,True
0x077128a479286dd44e16bac920b626ce8a1bf3c76b0a8c997dc21e5b72c629b5,2026-05-14 21:30:00+00:00,300,300,0,299,0,0,0,35,0,0,2026-05-14 21:30:00+00:00,2026-05-14 21:35:00+00:00,2026-05-14 21:35:00.501895+00:00,300,True,Up,1,True
0xb4e2075b3b460ab2aab70db884d2f39fd8698ebf7a30174f5ed94fb2c891a6b6,2026-05-14 21:35:00+00:00,300,300,0,299,0,0,0,5,0,0,2026-05-14 21:35:00+00:00,2026-05-14 21:40:00+00:00,2026-05-14 21:40:00.551714+00:00,300,True,Up,1,True
0xdf557504475160d24238d093ad5ff4cb940d7f6b867917ca0a629eb1e04d7a81,2026-05-14 21:40:00+00:00,300,300,0,299,0,0,15,0,0,0,2026-05-14 21:40:00+00:00,2026-05-14 21:45:00+00:00,2026-05-14 21:45:00.719177+00:00,300,True,Down,0,True
0x050a72949f0e3178347857fa389156e844a3a5a64e02c1be74e23de11886a0c4,2026-05-14 21:45:00+00:00,300,300,0,299,0,0,5,0,0,0,2026-05-14 21:45:00+00:00,2026-05-14 21:50:00+00:00,2026-05-14 21:50:00.488378+00:00,300,True,Down,0,True
0x20ac7bee14777bc958a0d2093ae7308bc89e2fa45c7c86c7c8b1a324593cb147,2026-05-14 21:50:00+00:00,300,300,0,299,0,0,0,5,0,0,2026-05-14 21:50:00+00:00,2026-05-14 21:55:00+00:00,2026-05-14 21:55:00.527237+00:00,300,True,Up,1,True
0x333b6bdbf71eb734efa0482eec73929c1785b8319fa95b63e819e53e62db48ce,2026-05-14 21:55:00+00:00,300,300,0,299,0,0,56,0,0,0,2026-05-14 21:55:00+00:00,2026-05-14 22:00:00+00:00,2026-05-14 22:00:00.721729+00:00,300,True,Down,0,True
0xf588aa97b1ba79146d3953f4f8450c0ec43e8ec382361e5ba8fc42fe7f97b409,2026-05-14 22:00:00+00:00,300,300,0,299,0,0,0,0,0,0,2026-05-14 22:00:00+00:00,2026-05-14 22:05:00+00:00,2026-05-14 22:05:00.542517+00:00,300,True,,1,True
0x05c2b588412ea29c23a97ff12425442e351f3d600d3d3fea99250ef269a0a5b6,2026-05-14 22:05:00+00:00,300,300,0,299,0,0,0,16,0,0,2026-05-14 22:05:00+00:00,2026-05-14 22:10:00+00:00,2026-05-14 22:10:00.488873+00:00,300,True,Up,1,True
0x335fb9c89debdbbf6bb00f1698bc8e8e10c9abd178dd1b6a12857f23671f2969,2026-05-14 22:10:00+00:00,300,300,0,299,0,0,0,42,0,0,2026-05-14 22:10:00+00:00,2026-05-14 22:15:00+00:00,2026-05-14 22:15:00.613292+00:00,300,True,Up,1,True
0xf303e7083024818e438cfb05637bd5a9ed968986711a44bf5631fe1d36f4e1dc,2026-05-14 22:15:00+00:00,300,300,0,299,0,0,113,0,0,0,2026-05-14 22:15:00+00:00,2026-05-14 22:20:00+00:00,2026-05-14 22:20:00.530169+00:00,300,True,Down,0,True
0xf7c1c1eb1ab0510096d00b57106d8da089252db4f582620a7bcfa42c90d9c1de,2026-05-14 22:30:00+00:00,300,300,0,299,0,0,0,2,0,0,2026-05-14 22:30:00+00:00,2026-05-14 22:35:00+00:00,2026-05-14 22:35:00.510685+00:00,300,True,Up,1,True
0x8ec667e82bfe1de6193f23ddccf73e13884308e9b642b3a7626602af4f87a6ca,2026-05-14 22:40:00+00:00,300,300,0,299,0,0,0,0,0,0,2026-05-14 22:40:00+00:00,2026-05-14 22:45:00+00:00,2026-05-14 22:45:00.688026+00:00,300,True,Up,1,True
0xec16c35a3c27214b91be6c527445327947cccfb4d35ff47de7582987321ac26c,2026-05-14 22:50:00+00:00,300,300,0,299,0,0,25,0,0,0,2026-05-14 22:50:00+00:00,2026-05-14 22:55:00+00:00,2026-05-14 22:55:00.518701+00:00,300,True,Down,0,True
0x7b31af396df97fc12183c4dc3d570292b26ef0e4c68652e320d29516582ae905,2026-05-14 22:55:00+00:00,300,300,0,299,0,0,0,0,0,0,2026-05-14 22:55:00+00:00,2026-05-14 23:00:00+00:00,2026-05-14 23:00:00.919693+00:00,300,True,,0,True
0x48f423e78e525b475ddd280d4e067dab9a91b70f385621a5e970ff1dc99879a0,2026-05-14 23:20:00+00:00,300,300,0,299,0,0,14,17,0,0,2026-05-14 23:20:00+00:00,2026-05-14 23:25:00+00:00,2026-05-14 23:25:00.482279+00:00,300,True,Up,1,True
0x0558fa8efce4def31595d5c4a337074a614158178d0799f71f2a297e6a9d6457,2026-05-14 23:25:00+00:00,300,300,0,299,0,0,0,0,0,0,2026-05-14 23:25:00+00:00,2026-05-14 23:30:00+00:00,2026-05-14 23:30:00.620204+00:00,300,True,Up,1,True
0x6d136509adccb7fa3f36425891c114194478221e538260fd569183bbb7d4e5a6,2026-05-14 23:30:00+00:00,300,300,0,299,0,0,5,0,0,0,2026-05-14 23:30:00+00:00,2026-05-14 23:35:00+00:00,2026-05-14 23:35:00.538912+00:00,300,True,Down,0,True
0xb13c4d2cd9e0045b4c22592b5ccaae5947fdfa9c2580be4479996a6182ed0459,2026-05-14 23:35:00+00:00,300,300,0,299,0,0,19,0,0,0,2026-05-14 23:35:00+00:00,2026-05-14 23:40:00+00:00,2026-05-14 23:40:00.549037+00:00,300,True,Down,0,True
0xe23d165feb6b027420d014dfafaf1af3a702bdd66aeab67c4af2dac997593bf9,2026-05-14 23:40:00+00:00,300,300,0,299,0,0,39,0,0,0,2026-05-14 23:40:00+00:00,2026-05-14 23:45:00+00:00,2026-05-14 23:45:00.546524+00:00,300,True,Down,0,True
0x9bddf7e00b9c0acdf210acab0c59d09f3aae7c903be260e4a72341439785c115,2026-05-14 23:45:00+00:00,300,300,0,299,0,0,106,0,0,0,2026-05-14 23:45:00+00:00,2026-05-14 23:50:00+00:00,2026-05-14 23:50:00.534655+00:00,300,True,Down,0,True
0xa4b51d3e91befc8930aec54bbe8f9e6ef5fbb603673d651161646cbd3904cf26,2026-05-15 00:05:00+00:00,300,300,0,299,0,0,0,127,0,0,2026-05-15 00:05:00+00:00,2026-05-15 00:10:00+00:00,2026-05-15 00:10:00.529318+00:00,300,True,Up,1,True
0xb58e1c7ed3b777b34f21cdee6908a3fd13eef2fa49f4307070c5ef9c48132b9a,2026-05-15 00:10:00+00:00,300,300,0,299,0,0,0,59,0,0,2026-05-15 00:10:00+00:00,2026-05-15 00:15:00+00:00,2026-05-15 00:15:00.676159+00:00,300,True,Up,1,True
0x9ead19d2efd2ef340a5179f5a96bf7a4594d6491ecb7ac3053dec3a5dca39c08,2026-05-15 00:20:00+00:00,300,300,0,299,0,0,0,1,0,0,2026-05-15 00:20:00+00:00,2026-05-15 00:25:00+00:00,2026-05-15 00:25:00.480401+00:00,300,True,Up,1,True
0xaf902f91aa3f6f372659616808f43c5050549cddb917d045434fb97cb50f5e64,2026-05-15 00:25:00+00:00,300,300,0,299,0,0,0,1,0,0,2026-05-15 00:25:00+00:00,2026-05-15 00:30:00+00:00,2026-05-15 00:30:00.611979+00:00,300,True,Up,1,True
0x02b09dcff272a9f092a3d757d4ffdd83198f5b93941b3ef45ead3eb3a581223b,2026-05-15 00:50:00+00:00,300,300,0,299,0,0,39,0,0,0,2026-05-15 00:50:00+00:00,2026-05-15 00:55:00+00:00,2026-05-15 00:55:00.563978+00:00,300,True,Down,0,True
0x33adf26fb00bc5a6214c1332e918d737755849766b3ebe8f1ccbff1f35f83538,2026-05-15 00:55:00+00:00,300,300,0,299,0,0,0,3,0,0,2026-05-15 00:55:00+00:00,2026-05-15 01:00:00+00:00,2026-05-15 01:00:00.723584+00:00,300,True,Up,1,True
0xe5fdd1a76685973001492cff379dc2d505043f4dd97a68d6ff95f31003fbb685,2026-05-15 01:00:00+00:00,300,300,0,299,0,0,0,52,0,0,2026-05-15 01:00:00+00:00,2026-05-15 01:05:00+00:00,2026-05-15 01:05:00.450243+00:00,300,True,Up,1,True
0x204166fc070f5c6aad25caa596dd9b2df4fd96bee3c5f4089bb15d3c3cbb855a,2026-05-15 01:05:00+00:00,300,300,0,299,0,0,10,0,0,0,2026-05-15 01:05:00+00:00,2026-05-15 01:10:00+00:00,2026-05-15 01:10:00.536976+00:00,300,True,Down,0,True
0x1827eacefe611fbd7cf6e4ff36242aeaa977a4a88704e9e6a541c0698f75ecbb,2026-05-15 01:10:00+00:00,300,300,0,299,0,0,0,0,0,0,2026-05-15 01:10:00+00:00,2026-05-15 01:15:00+00:00,2026-05-15 01:15:00.576472+00:00,300,True,,1,True
0x6beccc2e92ed7db1271b2d7d25529cb70494534aede134ce78a471c916e9e38d,2026-05-15 01:15:00+00:00,300,300,0,299,0,0,0,1,0,0,2026-05-15 01:15:00+00:00,2026-05-15 01:20:00+00:00,2026-05-15 01:20:00.526437+00:00,300,True,Up,1,True
0x0249419191be943e4a4e15214b5d42d334a706fadafa38a9723747609c6be6fc,2026-05-15 01:35:00+00:00,300,300,0,299,0,0,0,139,0,0,2026-05-15 01:35:00+00:00,2026-05-15 01:40:00+00:00,2026-05-15 01:40:00.536827+00:00,300,True,Up,1,True
0xe36fbec8a49107ba5a5a954560e3402c08b4eed34380594b98a7e219288fcc2c,2026-05-15 01:40:00+00:00,300,300,0,299,0,0,3,0,0,0,2026-05-15 01:40:00+00:00,2026-05-15 01:45:00+00:00,2026-05-15 01:45:00.729054+00:00,300,True,Down,0,True
0xc9c4f678ebb2c5e6fc7a172dcf8d7ef16409fed032cdb7b039fe1393027cefe7,2026-05-15 01:45:00+00:00,300,300,0,299,0,0,62,0,0,0,2026-05-15 01:45:00+00:00,2026-05-15 01:50:00+00:00,2026-05-15 01:50:00.523682+00:00,300,True,Down,0,True
0x8e60af6605bc03bb24200063dda4e9c3269a3335c1bd693ea9c6eec30a9ea435,2026-05-15 01:50:00+00:00,300,300,0,299,0,0,109,0,0,0,2026-05-15 01:50:00+00:00,2026-05-15 01:55:00+00:00,2026-05-15 01:55:00.533860+00:00,300,True,Down,0,True
0x0f5cc9de22008ca02b0ab2c80772636097decd0c22671273b9a4444226be6f2a,2026-05-15 01:55:00+00:00,300,300,0,299,0,0,59,0,0,0,2026-05-15 01:55:00+00:00,2026-05-15 02:00:00+00:00,2026-05-15 02:00:00.666208+00:00,300,True,Down,0,True
0x66c90e8a2311176aaf56df78159b2b8f3730c23cdde50c820e8267fa8f5c2eed,2026-05-15 02:00:00+00:00,300,300,0,299,0,0,0,10,0,0,2026-05-15 02:00:00+00:00,2026-05-15 02:05:00+00:00,2026-05-15 02:05:00.746200+00:00,300,True,Up,1,True
0xd81e00b81cea4cb1a51e87dc72ee45901a99c576c0330d28db5c8588b99b7c93,2026-05-15 02:10:00+00:00,300,300,0,299,0,0,67,0,0,0,2026-05-15 02:10:00+00:00,2026-05-15 02:15:00+00:00,2026-05-15 02:15:00.549898+00:00,300,True,Down,0,True
0xfe5ba89127d219ecbb376ce2688c3d3266bae46e56a69012bbad6e5df49bde56,2026-05-15 02:25:00+00:00,300,300,0,299,0,0,42,0,0,0,2026-05-15 02:25:00+00:00,2026-05-15 02:30:00+00:00,2026-05-15 02:30:00.626609+00:00,300,True,Down,0,True
0x7536b654c5a4e4208aeceb6a59f5db62f96c92f876851e34e725d3ccf7466e05,2026-05-15 02:45:00+00:00,300,300,0,299,0,0,0,4,0,0,2026-05-15 02:45:00+00:00,2026-05-15 02:50:00+00:00,2026-05-15 02:50:00.528273+00:00,300,True,Up,1,True
0x9ecaa735965f97785e23877b60192bf012f0cd87dba77511358ced53e17a59e7,2026-05-15 02:50:00+00:00,300,300,0,299,0,0,0,124,0,0,2026-05-15 02:50:00+00:00,2026-05-15 02:55:00+00:00,2026-05-15 02:55:00.506663+00:00,300,True,Up,1,True
0x2dbd37a139ae7554c9ffc9ce2db45e6124104a8a9f2cd88f7d70725a3d3c60b1,2026-05-15 03:10:00+00:00,300,300,0,299,0,0,0,7,0,0,2026-05-15 03:10:00+00:00,2026-05-15 03:15:00+00:00,2026-05-15 03:15:00.599214+00:00,300,True,Up,1,True
0xab7b246d5fc5688c532bc407d7acf641b538e21319f4358fb711ed6acfd21f1d,2026-05-15 03:15:00+00:00,300,300,0,299,0,0,0,0,0,0,2026-05-15 03:15:00+00:00,2026-05-15 03:20:00+00:00,2026-05-15 03:20:00.575526+00:00,300,True,,0,True
0x6fb99b55f1be8e149ccf627e6d3b06e5ff847eb2f792679d79ca41a1f0834c1e,2026-05-15 03:20:00+00:00,300,300,0,299,0,0,0,1,0,0,2026-05-15 03:20:00+00:00,2026-05-15 03:25:00+00:00,2026-05-15 03:25:00.551865+00:00,300,True,Up,1,True
0x0ea29bb54f9bb12062819e8d7c924d73be6547ac2e6502e62e61989f03625aeb,2026-05-15 03:25:00+00:00,300,300,0,299,0,0,0,1,0,0,2026-05-15 03:25:00+00:00,2026-05-15 03:30:00+00:00,2026-05-15 03:30:00.577928+00:00,300,True,Up,1,True
0x1279f24857bff612b63bb9ea7f233175e0c6d04f5cc52880da796ed7fa9a2694,2026-05-15 03:30:00+00:00,300,300,0,299,0,0,162,0,0,0,2026-05-15 03:30:00+00:00,2026-05-15 03:35:00+00:00,2026-05-15 03:35:00.530399+00:00,300,True,Down,0,True
0x27776c7e74adbb8b3792129955e4dafe0af81e2050c817b75e39eaafda428178,2026-05-15 03:40:00+00:00,300,300,0,299,0,0,0,1,0,0,2026-05-15 03:40:00+00:00,2026-05-15 03:45:00+00:00,2026-05-15 03:45:00.682880+00:00,300,True,Up,1,True
0xb1bd14ee63c63912ef805031c9d3701f8a1e7271df9aa37d08b71a7f32fdf868,2026-05-15 03:50:00+00:00,300,300,0,299,0,0,0,35,0,0,2026-05-15 03:50:00+00:00,2026-05-15 03:55:00+00:00,2026-05-15 03:55:00.455405+00:00,300,True,Up,1,True
0xadff3da53880ff0dd1678cf94b44a8b0287dfdf11b626240427bcfbfa98565e5,2026-05-15 03:55:00+00:00,300,300,0,299,0,0,0,2,0,0,2026-05-15 03:55:00+00:00,2026-05-15 04:00:00+00:00,2026-05-15 04:00:00.785471+00:00,300,True,Up,1,True
0x1bfc89d3a6fb19834094e08de8215c3decc40d9cd335d49a1f58d3eea1dbd760,2026-05-15 04:00:00+00:00,300,300,0,299,0,0,78,0,0,0,2026-05-15 04:00:00+00:00,2026-05-15 04:05:00+00:00,2026-05-15 04:05:00.494568+00:00,300,True,Down,0,True
0xa18cd20e6949fbb6625c5810ad5494108d05e8204b9e43bb0e42d2355eb95451,2026-05-15 04:05:00+00:00,300,300,0,299,0,0,0,41,0,0,2026-05-15 04:05:00+00:00,2026-05-15 04:10:00+00:00,2026-05-15 04:10:00.524304+00:00,300,True,Up,1,True
0xaa4b695a8700c20795b801d0bf80182edf3b6308acf126cece496bfd7c8664f0,2026-05-15 04:15:00+00:00,300,300,0,299,0,0,23,0,0,0,2026-05-15 04:15:00+00:00,2026-05-15 04:20:00+00:00,2026-05-15 04:20:01.947509+00:00,300,True,Down,0,True
0x9a291c78cc0a86c97bf2a7abdbb1b8f048873bc1fa0c4b198a6b6e18ca7a446d,2026-05-15 04:20:00+00:00,300,300,0,299,0,0,0,0,0,0,2026-05-15 04:20:00+00:00,2026-05-15 04:25:00+00:00,2026-05-15 04:25:00.484701+00:00,300,True,Down,0,True
0x4044e4f34f509e4007c4dee9968dadcdd146becfc9de9fa9a4473443adf614eb,2026-05-15 04:25:00+00:00,300,300,0,299,0,0,21,0,0,0,2026-05-15 04:25:00+00:00,2026-05-15 04:30:00+00:00,2026-05-15 04:30:00.619680+00:00,300,True,Down,0,True
0x1fbcddee991c3b653853106db06de4a08ee15f8ea40398e547ff5814b0aa3cfa,2026-05-15 04:30:00+00:00,300,300,0,299,0,0,0,3,0,0,2026-05-15 04:30:00+00:00,2026-05-15 04:35:00+00:00,2026-05-15 04:35:00.480473+00:00,300,True,Up,1,True
0x9d7e1396161507726dc62a5bf91c0ad8d976a9aa1d2361a3fc38c70d0358d488,2026-05-15 04:35:00+00:00,300,300,0,299,0,0,0,0,0,0,2026-05-15 04:35:00+00:00,2026-05-15 04:40:00+00:00,2026-05-15 04:40:00.567727+00:00,300,True,,1,True
0xf741c20194c4a0ad40716ff50745ca65a7e14c3c3e680c45943a0df21f2e7b87,2026-05-15 04:40:00+00:00,300,300,0,299,0,0,15,0,0,0,2026-05-15 04:40:00+00:00,2026-05-15 04:45:00+00:00,2026-05-15 04:45:00.644610+00:00,300,True,Down,0,True
0x4514c5a7bfabedc23a4cb276aecf928e211d3727381676809f7c4366a6c0b169,2026-05-15 04:50:00+00:00,300,300,0,299,0,0,58,0,0,0,2026-05-15 04:50:00+00:00,2026-05-15 04:55:00+00:00,2026-05-15 04:55:00.493765+00:00,300,True,Down,0,True
0xfd5b5e33c3174d3e519d36ea402cae44dadb97127100ceb7bbf9762fadb7ac2d,2026-05-15 05:00:00+00:00,300,300,0,299,0,0,0,58,0,0,2026-05-15 05:00:00+00:00,2026-05-15 05:05:00+00:00,2026-05-15 05:05:00.557438+00:00,300,True,Up,1,True
0xc65014a0727f94fd2b98b25147903fa5744f2c69493962deed638d01f6a206f3,2026-05-15 05:05:00+00:00,300,300,0,299,0,0,93,0,0,0,2026-05-15 05:05:00+00:00,2026-05-15 05:10:00+00:00,2026-05-15 05:10:00.522037+00:00,300,True,Down,0,True
0xa147e644ace733c9e8b1142013abe4751e53d012dafb675fe62b40e0e44de5e8,2026-05-15 05:10:00+00:00,300,300,0,299,0,0,0,6,0,0,2026-05-15 05:10:00+00:00,2026-05-15 05:15:00+00:00,2026-05-15 05:15:00.503814+00:00,300,True,Up,1,True
0x26829505914f85483f3e97df8b3d37185d3d05820e17d02dd70d09fdf7335e16,2026-05-15 05:15:00+00:00,300,300,0,299,0,0,0,5,0,0,2026-05-15 05:15:00+00:00,2026-05-15 05:20:00+00:00,2026-05-15 05:20:00.570004+00:00,300,True,Up,1,True
0xf45d39f7d8cfe2dddea720fab515575964e21fa197657f51e3520d511abb05f3,2026-05-15 05:20:00+00:00,300,300,0,299,0,0,0,1,0,0,2026-05-15 05:20:00+00:00,2026-05-15 05:25:00+00:00,2026-05-15 05:25:00.553619+00:00,300,True,Up,1,True
0xd403d1a82af4298fb8084208475c23bebfe108f9837c3da5c36b01d4dcc150ae,2026-05-15 05:25:00+00:00,300,300,0,299,0,0,61,0,0,0,2026-05-15 05:25:00+00:00,2026-05-15 05:30:00+00:00,2026-05-15 05:30:00.556195+00:00,300,True,Down,0,True
0xfe160a6476b864a74503ed7aff84fb204b880ce9724ecf6543546976369783b6,2026-05-15 05:30:00+00:00,300,300,0,299,0,0,176,0,0,0,2026-05-15 05:30:00+00:00,2026-05-15 05:35:00+00:00,2026-05-15 05:35:00.536934+00:00,300,True,Down,0,True
0x44dc2254e3f7ec48a5086baaa3de487940b018f342ce966633b9558ef905d659,2026-05-15 06:00:00+00:00,300,300,0,299,0,0,0,28,0,0,2026-05-15 06:00:00+00:00,2026-05-15 06:05:00+00:00,2026-05-15 06:05:00.560051+00:00,300,True,Up,1,True
0x5b8ddd8e4b7daaad14dca3ae278dd6d0066213821438fb623b3a3cae50f67eb0,2026-05-15 06:05:00+00:00,300,300,0,299,0,0,0,0,0,0,2026-05-15 06:05:00+00:00,2026-05-15 06:10:00+00:00,2026-05-15 06:10:00.505234+00:00,300,True,Up,1,True
0x7e52cbb6624192fec90498daabd3505fa71100a9678c2fe6ead121c3a3492534,2026-05-15 06:10:00+00:00,300,300,0,299,0,0,4,0,0,0,2026-05-15 06:10:00+00:00,2026-05-15 06:15:00+00:00,2026-05-15 06:15:00.715224+00:00,300,True,Down,0,True
0x381f0c259426ded5e3e4f3da5dc93ef1afba9ed1341bde2c13d482e7e29b2101,2026-05-15 06:15:00+00:00,300,300,0,299,0,0,8,0,0,0,2026-05-15 06:15:00+00:00,2026-05-15 06:20:00+00:00,2026-05-15 06:20:00.567917+00:00,300,True,Down,0,True
0xbb2a19ec6b4216c58b1dc226d6fed32a24cc6de062c846fc765602c717c77d19,2026-05-15 06:20:00+00:00,300,300,0,299,0,0,0,7,0,0,2026-05-15 06:20:00+00:00,2026-05-15 06:25:00+00:00,2026-05-15 06:25:00.537846+00:00,300,True,Up,1,True
0x51e51ee5c6b1c8f78b39e50534fdfd811cf7602094cc04a0abd8e31807859627,2026-05-15 06:35:00+00:00,300,300,0,299,0,0,0,32,0,0,2026-05-15 06:35:00+00:00,2026-05-15 06:40:00+00:00,2026-05-15 06:40:00.540224+00:00,300,True,Up,1,True
0x2687546b0f0dbd761f883ea604cebfd046afe58605c147bef09a86e2b4aa3853,2026-05-15 06:40:00+00:00,300,300,0,299,0,0,0,10,0,0,2026-05-15 06:40:00+00:00,2026-05-15 06:45:00+00:00,2026-05-15 06:45:00.794824+00:00,300,True,Up,1,True
0x80683374069bde06cfabdd568f53703f94fe3dbcc1cbff0183257f15d02a4348,2026-05-15 06:50:00+00:00,300,300,0,299,0,0,0,0,0,0,2026-05-15 06:50:00+00:00,2026-05-15 06:55:00+00:00,2026-05-15 06:55:00.531834+00:00,300,True,Down,0,True
0x70eb55b23f5649e61daa6aa1d07ea6b942b8ff0f0bbf03d9e490b1444ae40a7d,2026-05-15 06:55:00+00:00,300,300,0,299,0,0,1,0,0,0,2026-05-15 06:55:00+00:00,2026-05-15 07:00:00+00:00,2026-05-15 07:00:00.857076+00:00,300,True,Down,1,True
0x60f8ac6f96fb5d7d49d9a9a8d32d69bbc2c3937ec8efbab280389f3f0fb8be25,2026-05-15 07:00:00+00:00,300,300,0,299,0,0,0,12,0,0,2026-05-15 07:00:00+00:00,2026-05-15 07:05:00+00:00,2026-05-15 07:05:00.584985+00:00,300,True,Up,1,True
0xfe2e2ba7307606755609e76d72b608c83a2b6b901d445e468190744376ea9a86,2026-05-15 07:25:00+00:00,300,300,0,299,0,0,0,0,0,0,2026-05-15 07:25:00+00:00,2026-05-15 07:30:00+00:00,2026-05-15 07:30:00.541799+00:00,300,True,Up,1,True
0x2ff87dde1f4618fb2aa68546f5945435325ba463e9ff06a92feaa8ca33804a05,2026-05-15 07:40:00+00:00,300,300,0,299,0,0,0,0,0,0,2026-05-15 07:40:00+00:00,2026-05-15 07:45:00+00:00,2026-05-15 07:45:00.644659+00:00,300,True,Up,1,True
0x7bfef6b2a65cbff9b9b46cdc61873cf64aafbf58e3e8938356ded52556547012,2026-05-15 07:45:00+00:00,300,300,0,299,0,0,0,3,0,0,2026-05-15 07:45:00+00:00,2026-05-15 07:50:00+00:00,2026-05-15 07:50:00.518817+00:00,300,True,Up,1,True
0xe038eee2df0095942940d42838b284daf2c6cd05b550d458f7e1a689d28f32d7,2026-05-15 07:55:00+00:00,300,300,0,299,0,0,1,0,0,0,2026-05-15 07:55:00+00:00,2026-05-15 08:00:00+00:00,2026-05-15 08:00:00.760663+00:00,300,True,Down,0,True
0xae71069ae8920fabe5fc699484113bbbed610ea44f72a067a1fe73c7702b6433,2026-05-15 08:00:00+00:00,300,300,0,299,0,0,0,0,0,0,2026-05-15 08:00:00+00:00,2026-05-15 08:05:00+00:00,2026-05-15 08:05:00.559083+00:00,300,True,Down,0,True
0xf7ead5579f162089eb3dbc5f96eaa453aede7ab24f0b581c3b044bf27e51e6aa,2026-05-15 08:25:00+00:00,300,300,0,299,0,0,55,0,0,0,2026-05-15 08:25:00+00:00,2026-05-15 08:30:00+00:00,2026-05-15 08:30:00.527424+00:00,300,True,Down,0,True
0x8ccab0a6332089157786e9ee2b7769c3d5fbd86cba323b2ae3ccd2cc572c365f,2026-05-15 08:35:00+00:00,300,300,0,299,0,0,0,14,0,0,2026-05-15 08:35:00+00:00,2026-05-15 08:40:00+00:00,2026-05-15 08:40:00.580806+00:00,300,True,Up,1,True
0x516696c3ecfbfe820bd02ce59a6260ddb5f9914a7ddda41a6df528cd7b1bd407,2026-05-15 08:40:00+00:00,300,300,0,299,0,0,0,56,0,0,2026-05-15 08:40:00+00:00,2026-05-15 08:45:00+00:00,2026-05-15 08:45:00.792022+00:00,300,True,Up,1,True
0x5963fdb1d7519656cae062d0192d8600d6f718ab67f57a4f885b539585e3b1e3,2026-05-15 08:45:00+00:00,300,300,0,299,0,0,24,0,0,0,2026-05-15 08:45:00+00:00,2026-05-15 08:50:00+00:00,2026-05-15 08:50:00.545192+00:00,300,True,Down,0,True
0x34b776c40c04f66854633fa69ab40901294a594dc9fd174499660c1b0d4e644c,2026-05-15 08:50:00+00:00,300,300,0,299,0,0,6,0,0,0,2026-05-15 08:50:00+00:00,2026-05-15 08:55:00+00:00,2026-05-15 08:55:00.524408+00:00,300,True,Down,0,True
0xa0fb0d661e944b318af16a56ac4a4755f4bc167553943d0988e3900ec0bb7722,2026-05-15 09:15:00+00:00,300,300,0,299,0,0,29,0,0,0,2026-05-15 09:15:00+00:00,2026-05-15 09:20:00+00:00,2026-05-15 09:20:00.565142+00:00,300,True,Down,0,True
0x8db0bd45b2c4875a51b26f85b6a23b9980198a9960342063f8e6ae3ea188bf4c,2026-05-15 09:20:00+00:00,300,300,0,299,0,0,7,0,0,0,2026-05-15 09:20:00+00:00,2026-05-15 09:25:00+00:00,2026-05-15 09:25:00.526701+00:00,300,True,Down,0,True
0x0208424234db6fcd1564e199b5553bb1f3a5e08e3fa8c2e1339438e078377ddb,2026-05-15 09:30:00+00:00,300,300,0,299,0,0,0,53,0,0,2026-05-15 09:30:00+00:00,2026-05-15 09:35:00+00:00,2026-05-15 09:35:00.551902+00:00,300,True,Up,1,True
0x69a3eb1a02a57b05a6c5182b55b70110fbeffcf8e3787019a2828e5fe99e4173,2026-05-15 09:35:00+00:00,300,300,0,299,0,0,107,0,0,0,2026-05-15 09:35:00+00:00,2026-05-15 09:40:00+00:00,2026-05-15 09:40:00.550910+00:00,300,True,Down,0,True
0xefb30c5cff4a1b34ccbdd9daf2106dab3fb82a2c39ba6a340441186976a59e1d,2026-05-15 09:40:00+00:00,300,300,0,299,0,0,46,0,0,0,2026-05-15 09:40:00+00:00,2026-05-15 09:45:00+00:00,2026-05-15 09:45:00.820368+00:00,300,True,Down,0,True
0x4f62e17f61dce81f7f2d68b634f510b725fc12542e059cf2dd53546d76790b4a,2026-05-15 09:45:00+00:00,300,300,0,299,0,0,0,1,0,0,2026-05-15 09:45:00+00:00,2026-05-15 09:50:00+00:00,2026-05-15 09:50:00.560291+00:00,300,True,Up,1,True
0x082f4fee7a0c4da442ded1582520dcf551972c34c8cc18c2f0d3bd960f52558d,2026-05-15 09:50:00+00:00,300,300,0,299,0,0,34,0,0,0,2026-05-15 09:50:00+00:00,2026-05-15 09:55:00+00:00,2026-05-15 09:55:00.492570+00:00,300,True,Down,0,True
0x506eb10b7fd77f21efc4fb6054ed6d49ab40489192cbbacbc303f2fd39b343d0,2026-05-15 10:00:00+00:00,300,300,0,299,0,0,0,0,0,0,2026-05-15 10:00:00+00:00,2026-05-15 10:05:00+00:00,2026-05-15 10:05:00.965468+00:00,300,True,Down,0,True
0x03dab4a6c0c86226625874156e67793e288f4b296f778b93e09841de9eadd9da,2026-05-15 10:05:00+00:00,300,300,0,299,0,0,0,69,0,0,2026-05-15 10:05:00+00:00,2026-05-15 10:10:00+00:00,2026-05-15 10:10:00.536668+00:00,300,True,Up,1,True
0xc72393e79138dbd0a0416242ec0cbd397708f023815c972de41fb6ab61f2fcc9,2026-05-15 10:15:00+00:00,300,300,0,299,0,0,93,0,0,0,2026-05-15 10:15:00+00:00,2026-05-15 10:20:00+00:00,2026-05-15 10:20:00.584478+00:00,300,True,Down,0,True
0x37de5a5c4b59d8498c24354964cdea74e2dd0cbc20c51f8f430ef720d41c4813,2026-05-15 10:25:00+00:00,300,300,0,299,0,0,29,0,0,0,2026-05-15 10:25:00+00:00,2026-05-15 10:30:00+00:00,2026-05-15 10:30:00.614734+00:00,300,True,Down,0,True
0x269c07b6338e7d05180041fc1af399da7720f15e78e42d7f98700ce7dd5d0cc3,2026-05-15 10:35:00+00:00,300,300,0,299,0,0,53,0,0,0,2026-05-15 10:35:00+00:00,2026-05-15 10:40:00+00:00,2026-05-15 10:40:00.592925+00:00,300,True,Down,0,True
0xd245a86b27959b723d429cfad0b9cee0485d9fea6a8d85cc614a7c3ed0137c24,2026-05-15 10:40:00+00:00,300,300,0,299,0,0,17,0,0,0,2026-05-15 10:40:00+00:00,2026-05-15 10:45:00+00:00,2026-05-15 10:45:00.784305+00:00,300,True,Up,1,True
0xaf01bf5c2bd999f9a9137d96f9c97c1abf62dde5b98c5fae6a6c3efc5419b5c4,2026-05-15 11:00:00+00:00,300,300,0,299,0,0,33,0,0,0,2026-05-15 11:00:00+00:00,2026-05-15 11:05:00+00:00,2026-05-15 11:05:00.574547+00:00,300,True,Down,0,True
0x2f792a74cd4ec03535c3af6cbadd12fb816407d201a0fda694f43290dda81da9,2026-05-15 11:05:00+00:00,300,300,0,299,0,0,21,0,0,0,2026-05-15 11:05:00+00:00,2026-05-15 11:10:00+00:00,2026-05-15 11:10:00.496949+00:00,300,True,Down,0,True
0xb9011722719c6d3d298ede1ce3a3f2d93b9192c0a023fd9ad6e9be27e38b7a6f,2026-05-15 11:15:00+00:00,300,300,0,299,0,0,2,0,0,0,2026-05-15 11:15:00+00:00,2026-05-15 11:20:00+00:00,2026-05-15 11:20:00.607615+00:00,300,True,Down,0,True
0x3c826ebc780d028af2e6c7ba552ea50e9227e381cba1528dc5c2cecd6021fa76,2026-05-15 11:20:00+00:00,300,300,0,299,0,0,45,0,0,0,2026-05-15 11:20:00+00:00,2026-05-15 11:25:00+00:00,2026-05-15 11:25:00.698067+00:00,300,True,Down,0,True
0x9658307826e51034d74003f91d09ced5a9071536835bf3909b84795b3ca8872e,2026-05-15 11:25:00+00:00,300,300,0,299,0,0,0,29,0,0,2026-05-15 11:25:00+00:00,2026-05-15 11:30:00+00:00,2026-05-15 11:30:00.664703+00:00,300,True,Up,1,True
0x1c7f12126c84777b4dbf33fe7152c6dc4d0b5af10e6e56f8b20ab652895179f2,2026-05-15 11:30:00+00:00,300,300,0,299,0,0,18,0,0,0,2026-05-15 11:30:00+00:00,2026-05-15 11:35:00+00:00,2026-05-15 11:35:00.478402+00:00,300,True,Down,0,True
0x7553d1d66776ea626ff8e66c2c455e9027609ba316aeaf91614341040e7a7e05,2026-05-15 11:35:00+00:00,300,300,0,299,0,0,0,0,0,0,2026-05-15 11:35:00+00:00,2026-05-15 11:40:00+00:00,2026-05-15 11:40:00.560892+00:00,300,True,,0,True
0x26c4d890a545292bed3130fb26f8fb812bbbac9ee1abe7c0e26310fa7846db87,2026-05-15 11:40:00+00:00,300,300,0,299,0,0,0,27,0,0,2026-05-15 11:40:00+00:00,2026-05-15 11:45:00+00:00,2026-05-15 11:45:00.627363+00:00,300,True,Up,1,True
0x2eeb6b0275cc8fe606de391e87d90405e9e48b443b4bce0027f17bf4b248ecb5,2026-05-15 11:45:00+00:00,300,300,0,299,0,0,0,72,0,0,2026-05-15 11:45:00+00:00,2026-05-15 11:50:00+00:00,2026-05-15 11:50:00.563008+00:00,300,True,Up,1,True
0x2eb0ba4227eb053e28d359871284ed984b14d5d680e3ebd2a9b909763cde3c22,2026-05-15 11:50:00+00:00,300,300,0,299,0,0,0,1,0,0,2026-05-15 11:50:00+00:00,2026-05-15 11:55:00+00:00,2026-05-15 11:55:00.541300+00:00,300,True,Up,1,True
0x2b7b76d7112cb62f33fe3ac90aa9f29e0875993e1106f8267787726b862ce9b0,2026-05-15 11:55:00+00:00,300,300,0,299,0,0,56,0,0,0,2026-05-15 11:55:00+00:00,2026-05-15 12:00:00+00:00,2026-05-15 12:00:00.768601+00:00,300,True,Down,0,True
0x53847cd75b23ed4328fb5d53cbb90255ac504e84845ceef20b8565223195ce59,2026-05-15 12:00:00+00:00,300,300,0,299,0,0,108,0,0,0,2026-05-15 12:00:00+00:00,2026-05-15 12:05:00+00:00,2026-05-15 12:05:00.583399+00:00,300,True,Down,0,True
0xcfb749f20f0d655c9b001f69b68e92873263055170dcda3befe7cdacfc876271,2026-05-15 12:05:00+00:00,300,300,0,299,0,0,84,2,0,0,2026-05-15 12:05:00+00:00,2026-05-15 12:10:00+00:00,2026-05-15 12:10:00.543482+00:00,300,True,Up,1,True
0x6b9719831eacb84cda54a4acd8a5160a4e52c110094075e70224799e089b8f4d,2026-05-15 12:15:00+00:00,300,300,0,299,0,0,0,0,0,0,2026-05-15 12:15:00+00:00,2026-05-15 12:20:00+00:00,2026-05-15 12:20:00.562987+00:00,300,True,,1,True
0x9cee1357a57f847a05628392225b9483c33ffd31cc0064bbf1e5dd51caba8366,2026-05-15 12:20:00+00:00,300,300,0,299,0,0,0,0,0,0,2026-05-15 12:20:00+00:00,2026-05-15 12:25:00+00:00,2026-05-15 12:25:00.491679+00:00,300,True,,0,True
0x032d1fd58af245b0f7ff654f34b5ec023605b1a127f3265bef8d0db141f0a0d5,2026-05-15 12:30:00+00:00,300,300,0,299,0,0,0,1,0,0,2026-05-15 12:30:00+00:00,2026-05-15 12:35:00+00:00,2026-05-15 12:35:00.520896+00:00,300,True,Up,1,True
0xa879e2675476912cd4576d1cac59c475f2c8bb58662129627c76f733a731cc59,2026-05-15 12:40:00+00:00,300,300,0,299,0,0,13,0,0,0,2026-05-15 12:40:00+00:00,2026-05-15 12:45:00+00:00,2026-05-15 12:45:00.765945+00:00,300,True,Down,0,True
0x6c544549d68d15d079965b46cfc289872d44fab051b8f74971e6a14b5d733495,2026-05-15 12:45:00+00:00,300,300,0,299,0,0,1,0,0,0,2026-05-15 12:45:00+00:00,2026-05-15 12:50:00+00:00,2026-05-15 12:50:00.619954+00:00,300,True,Down,0,True
0xa6fcfac6697c97d67d55b6738c086181bc728b60fe7989f0d1b67d8fe8d489a8,2026-05-15 12:50:00+00:00,300,300,0,299,0,0,22,0,0,0,2026-05-15 12:50:00+00:00,2026-05-15 12:55:00+00:00,2026-05-15 12:55:00.575845+00:00,300,True,Down,0,True
0x7ec9bf26d3a6626af2517bff98589be544e3781f0868b5e29a30c33fc0bfecf2,2026-05-15 12:55:00+00:00,300,300,0,299,0,0,0,11,0,0,2026-05-15 12:55:00+00:00,2026-05-15 13:00:00+00:00,2026-05-15 13:00:00.868815+00:00,300,True,Up,1,True
0xe04bed02b6c48d2b50053232ba0bbfbe3c0b969aeeb6a20eddc86b9100117ecb,2026-05-15 13:00:00+00:00,300,300,0,299,0,0,140,0,0,0,2026-05-15 13:00:00+00:00,2026-05-15 13:05:00+00:00,2026-05-15 13:05:00.637010+00:00,300,True,Down,0,True
0x5218dd7d6c31598d572e54060a6640b143d8b7d9e1ebe0391afd462eae130739,2026-05-15 13:05:00+00:00,300,300,0,299,0,0,28,0,0,0,2026-05-15 13:05:00+00:00,2026-05-15 13:10:00+00:00,2026-05-15 13:10:00.531773+00:00,300,True,Down,0,True
0x56b21247bf8c6ee58de7ea86308cd48f0680c742c56cff7995125d15bb134af5,2026-05-15 13:10:00+00:00,300,300,0,299,0,0,0,14,0,0,2026-05-15 13:10:00+00:00,2026-05-15 13:15:00+00:00,2026-05-15 13:15:00.593920+00:00,300,True,Up,1,True
0x84d1fe8d8cbb785df5fe9ef511e75ba026435ae6f9f87d3682057afc05ff786a,2026-05-15 13:15:00+00:00,300,300,0,299,0,0,0,0,0,0,2026-05-15 13:15:00+00:00,2026-05-15 13:20:00+00:00,2026-05-15 13:20:00.585253+00:00,300,True,,1,True
0x955e630e7e3ccfbc472f9ca9fae5477919819013cdce877a3fa5fccea34680d7,2026-05-15 13:20:00+00:00,300,300,0,299,0,0,0,12,0,0,2026-05-15 13:20:00+00:00,2026-05-15 13:25:00+00:00,2026-05-15 13:25:00.547312+00:00,300,True,Up,1,True
0x07a8d309edd4c72fa4e1ed6c1eec09670fbffd6ca7134aabdec067b8f3562676,2026-05-15 13:25:00+00:00,300,300,0,299,0,0,90,0,0,0,2026-05-15 13:25:00+00:00,2026-05-15 13:30:00+00:00,2026-05-15 13:30:00.636535+00:00,300,True,Down,0,True
0xbd7cf88956399816995329fc545d435c61795ffed75c79f01ed2dd3c4e337c91,2026-05-15 13:30:00+00:00,300,300,0,299,0,0,143,0,0,0,2026-05-15 13:30:00+00:00,2026-05-15 13:35:00+00:00,2026-05-15 13:35:00.532656+00:00,300,True,Down,0,True
0x0e41488dada6abe3025a222d4b615d49bbed3b1dc2baf85ea5db1a82575ccf0a,2026-05-15 13:35:00+00:00,300,300,0,299,0,0,100,0,0,0,2026-05-15 13:35:00+00:00,2026-05-15 13:40:00+00:00,2026-05-15 13:40:00.566301+00:00,300,True,Down,0,True
0xef26a2354f7de7b38930d0d1fccf31f56c036ad23f5611863b0ac43d3f1510aa,2026-05-15 13:50:00+00:00,300,300,0,299,0,0,24,0,0,0,2026-05-15 13:50:00+00:00,2026-05-15 13:55:00+00:00,2026-05-15 13:55:00.554207+00:00,300,True,Down,0,True
0xe7e6aba194ff73b5e415e52394eafb2de8fc87a1f67737fdbf09c1efc70df4a4,2026-05-15 14:05:00+00:00,300,300,0,299,0,0,0,39,0,0,2026-05-15 14:05:00+00:00,2026-05-15 14:10:00+00:00,2026-05-15 14:10:00.562060+00:00,300,True,Up,1,True
0x336adbc89ebfbcdc37246be9bbf5daf69cb5a6c5a05c79f3c21b465f34ea2414,2026-05-15 14:15:00+00:00,300,300,0,299,0,0,2,0,0,0,2026-05-15 14:15:00+00:00,2026-05-15 14:20:00+00:00,2026-05-15 14:20:00.553951+00:00,300,True,Down,0,True
0xf2f39dbe0eb3057b999fbe95b3ddb88c62be5b887d53516f1698b0bcc67becb3,2026-05-15 14:20:00+00:00,300,300,0,299,0,0,2,0,0,0,2026-05-15 14:20:00+00:00,2026-05-15 14:25:00+00:00,2026-05-15 14:25:00.495327+00:00,300,True,Down,0,True
0x6aba0957db8132cff7e89a9f83e12af50d6930ae5039ea7bfaea79463fcce694,2026-05-15 14:25:00+00:00,300,300,0,299,0,0,35,0,0,0,2026-05-15 14:25:00+00:00,2026-05-15 14:30:00+00:00,2026-05-15 14:30:00.558825+00:00,300,True,Down,0,True
0x38ad987cd070c2c5e5635102b9d4f8c1f4c9d0e8cd645f3746ede3378306a070,2026-05-15 14:30:00+00:00,300,300,0,299,0,0,0,6,0,0,2026-05-15 14:30:00+00:00,2026-05-15 14:35:00+00:00,2026-05-15 14:35:00.543854+00:00,300,True,Up,1,True
0x97cec8b29a2b5abf4fdc996ff36c413c9da3f39ffcd908f32389c4d7ec3cad10,2026-05-15 14:35:00+00:00,300,300,0,299,0,0,0,4,0,0,2026-05-15 14:35:00+00:00,2026-05-15 14:40:00+00:00,2026-05-15 14:40:00.618123+00:00,300,True,Up,1,True
0x461d8842aecc575e7e897fa7c89547d3099d1ca8a2f0d8c1ed673a49fd396287,2026-05-15 14:40:00+00:00,300,300,0,299,0,0,0,15,0,0,2026-05-15 14:40:00+00:00,2026-05-15 14:45:00+00:00,2026-05-15 14:45:00.721797+00:00,300,True,Up,1,True
0xab909ac82e041a44940c863dfd060950997fa4632ad9c76ff94fdb0e5fc3d7d6,2026-05-15 14:45:00+00:00,300,300,0,299,0,0,114,0,0,0,2026-05-15 14:45:00+00:00,2026-05-15 14:50:00+00:00,2026-05-15 14:50:00.545740+00:00,300,True,Down,0,True
0xdf90dc94a8ea3d7d9262e8dbe43be0140c4f1d03c73714a4b0563c26941b457c,2026-05-15 14:50:00+00:00,300,300,0,299,0,0,0,36,0,0,2026-05-15 14:50:00+00:00,2026-05-15 14:55:00+00:00,2026-05-15 14:55:00.494840+00:00,300,True,Up,1,True
0xbe810f781373924eecdcf130026e91adb20f1b84323c7f69c55005e300956dd0,2026-05-15 14:55:00+00:00,300,300,0,299,0,0,2,0,0,0,2026-05-15 14:55:00+00:00,2026-05-15 15:00:00+00:00,2026-05-15 15:00:00.678208+00:00,300,True,Down,0,True
0xc89cabf34d6c28da1446f7ff5e9e4cbdc3540d254329ddf0d70a4b65d2312cc2,2026-05-15 15:00:00+00:00,300,300,0,299,0,0,2,0,0,0,2026-05-15 15:00:00+00:00,2026-05-15 15:05:00+00:00,2026-05-15 15:05:00.546256+00:00,300,True,Down,0,True
0xbb754d23aa9b7d3f705bf89fa541cf73b53c9a67d3525add2f1b7ba9af962fb6,2026-05-15 15:05:00+00:00,300,300,0,299,0,0,0,19,0,0,2026-05-15 15:05:00+00:00,2026-05-15 15:10:00+00:00,2026-05-15 15:10:00.551761+00:00,300,True,Up,1,True
0x423fc62ea84dcc0958aaf9ee80bf47e2c833d151b28425d28f650798327e38d3,2026-05-15 15:10:00+00:00,300,300,0,299,0,0,1,0,0,0,2026-05-15 15:10:00+00:00,2026-05-15 15:15:00+00:00,2026-05-15 15:15:00.644103+00:00,300,True,Down,0,True
0x0fcf2306e1432c8c4594af648ff0c8e620b4c06b28567dc74c856e65c8b8c7d8,2026-05-15 15:15:00+00:00,300,300,0,299,0,0,0,5,0,0,2026-05-15 15:15:00+00:00,2026-05-15 15:20:00+00:00,2026-05-15 15:20:00.571686+00:00,300,True,Up,1,True
0x72ac5dfdf938183e54ff483148eaf327e1e133fcfbf60812ed398b3712688c06,2026-05-15 15:20:00+00:00,300,300,0,299,0,0,0,0,0,0,2026-05-15 15:20:00+00:00,2026-05-15 15:25:00+00:00,2026-05-15 15:25:00.392078+00:00,300,True,Down,0,True
0xa680dba7f9641fdc11496e437a6b83b1fd18d12810e1cccfe9cbef4f32179ea4,2026-05-15 15:25:00+00:00,300,300,0,299,0,0,55,0,0,0,2026-05-15 15:25:00+00:00,2026-05-15 15:30:00+00:00,2026-05-15 15:30:00.611811+00:00,300,True,Down,0,True
0xc9bacfb85eaeaf1f649f260e663652ec0ddd370f7f85c62198198c41b143ec0a,2026-05-15 15:30:00+00:00,300,300,0,299,0,0,0,0,0,0,2026-05-15 15:30:00+00:00,2026-05-15 15:35:00+00:00,2026-05-15 15:35:00.560827+00:00,300,True,Up,1,True
0xaee3fabe1422977978c4204da7705eaed59d357b5aa6b69a28ec47770f280c1a,2026-05-15 15:35:00+00:00,300,300,0,299,0,0,6,0,0,0,2026-05-15 15:35:00+00:00,2026-05-15 15:40:00+00:00,2026-05-15 15:40:00.649902+00:00,300,True,Down,0,True
0xf3ff88762826c1d360d61420ed3148150fe82b51ff6b8f660c1d0978df53eb11,2026-05-15 15:40:00+00:00,300,300,0,299,0,0,15,0,0,0,2026-05-15 15:40:00+00:00,2026-05-15 15:45:00+00:00,2026-05-15 15:45:00.717123+00:00,300,True,Down,0,True
0x1446ed10aa001eb4419a73f4ce1a8fef7d0fc6bd4d109acb1c9fc53f84a2c98c,2026-05-15 15:45:00+00:00,300,300,0,299,0,0,0,18,0,0,2026-05-15 15:45:00+00:00,2026-05-15 15:50:00+00:00,2026-05-15 15:50:00.597882+00:00,300,True,Up,1,True
0x203440e32af78bb6958744239b8d1b46f2500ecfc3738f1afaafe8c0b185cb31,2026-05-15 15:50:00+00:00,300,300,0,299,0,0,0,45,0,0,2026-05-15 15:50:00+00:00,2026-05-15 15:55:00+00:00,2026-05-15 15:55:00.556349+00:00,300,True,Up,1,True
0x5ed21412104b2d543ef80c73f046b4b21ee3789d6b9cba3184be8722619b56ad,2026-05-15 16:00:00+00:00,300,300,0,299,0,0,0,12,0,0,2026-05-15 16:00:00+00:00,2026-05-15 16:05:00+00:00,2026-05-15 16:05:00.530358+00:00,300,True,Up,1,True
0x42d7dc129b3538aa7619c82bb4bb5dd391c4c53b6313bd49ca553b86e16bb5a8,2026-05-15 16:05:00+00:00,300,300,0,299,0,0,0,0,0,0,2026-05-15 16:05:00+00:00,2026-05-15 16:10:00+00:00,2026-05-15 16:10:00.494549+00:00,300,True,,1,True
0x645cc7973fa299af0ace8155e84424278d78590cbb1ea8df050207f63d45f77f,2026-05-15 16:10:00+00:00,300,300,0,299,0,0,0,1,0,0,2026-05-15 16:10:00+00:00,2026-05-15 16:15:00+00:00,2026-05-15 16:15:00.563007+00:00,300,True,Up,1,True
0x01ce30365d16ef60d3ebdf728e4528a15eb5d6c7e30db8f4a3f4883dc001b347,2026-05-15 16:15:00+00:00,300,300,0,299,0,0,6,0,0,0,2026-05-15 16:15:00+00:00,2026-05-15 16:20:00+00:00,2026-05-15 16:20:00.591474+00:00,300,True,Down,0,True
0x3970eaa07ecbff13fe2f4622ff88eaeffec924a427c4e017e68b2afb0ba8ffe1,2026-05-15 16:20:00+00:00,300,300,0,299,0,0,0,45,0,0,2026-05-15 16:20:00+00:00,2026-05-15 16:25:00+00:00,2026-05-15 16:25:00.598672+00:00,300,True,Up,1,True
0x4e2c51230db2ee1a75aac144eaae7b9d65077b02cbddb02b76ba64113d9e01fb,2026-05-15 16:25:00+00:00,300,300,0,299,0,0,0,2,0,0,2026-05-15 16:25:00+00:00,2026-05-15 16:30:00+00:00,2026-05-15 16:30:00.594600+00:00,300,True,Up,1,True
0x31659165fd620a42977ecac99034a5ff7f4e980704d08dc8618c4c749552433b,2026-05-15 16:30:00+00:00,300,300,0,299,0,0,0,0,0,0,2026-05-15 16:30:00+00:00,2026-05-15 16:35:00+00:00,2026-05-15 16:35:00.484217+00:00,300,True,,1,True
0x121e105df303fb835158382865586a54f4a98ec62b03393f22b459335738fc24,2026-05-15 16:35:00+00:00,300,300,0,299,0,0,0,0,0,0,2026-05-15 16:35:00+00:00,2026-05-15 16:40:00+00:00,2026-05-15 16:40:00.602403+00:00,300,True,,0,True
0xddc1bd424ee47737e3c86ceb559d4aa9baea87e0de877804000091d090863422,2026-05-15 16:40:00+00:00,300,300,0,299,0,0,0,0,0,0,2026-05-15 16:40:00+00:00,2026-05-15 16:45:00+00:00,2026-05-15 16:45:00.472217+00:00,300,True,,0,True
0x9345f0913def376fd9320c405eecb6e7c6437dc34f7e5178dc481bb8857d9d77,2026-05-15 16:45:00+00:00,300,300,0,299,0,0,0,0,0,0,2026-05-15 16:45:00+00:00,2026-05-15 16:50:00+00:00,2026-05-15 16:50:00.492616+00:00,300,True,Down,0,True
0x673cb82b161aa48ad240ee75ac340e298b7f79258329409affeb01aaa645fdb9,2026-05-15 17:00:00+00:00,300,300,0,299,0,0,14,0,0,0,2026-05-15 17:00:00+00:00,2026-05-15 17:05:00+00:00,2026-05-15 17:05:00.574851+00:00,300,True,Down,0,True
0x92abefeddc64b9f745fe01b139a2d1270a9e3673a1e1f7463a3a48b7b15f8608,2026-05-15 17:05:00+00:00,300,300,0,299,0,0,0,4,0,0,2026-05-15 17:05:00+00:00,2026-05-15 17:10:00+00:00,2026-05-15 17:10:00.502220+00:00,300,True,Up,1,True
0xd64b9fa3c4e81fabdc4339bcfa1247f62ea9b3136b7cc64102d23c8530091c2c,2026-05-15 17:10:00+00:00,300,300,0,299,0,0,19,0,0,0,2026-05-15 17:10:00+00:00,2026-05-15 17:15:00+00:00,2026-05-15 17:15:00.720739+00:00,300,True,Down,0,True
0x3c0dc2dec0133f369a5a4b6bf6933785bd13d6a970a3619f9f3ecf5a5390ea9c,2026-05-15 17:20:00+00:00,300,300,0,299,0,0,0,42,0,0,2026-05-15 17:20:00+00:00,2026-05-15 17:25:00+00:00,2026-05-15 17:25:00.473130+00:00,300,True,Up,1,True
0x46b811911ebe8fab907b9783d7cd2005e3d02d52ead000850a6a144972d9d01a,2026-05-15 17:25:00+00:00,300,300,0,299,0,0,0,91,0,0,2026-05-15 17:25:00+00:00,2026-05-15 17:30:00+00:00,2026-05-15 17:30:00.932188+00:00,300,True,Up,1,True
0xada95768aa7c9da8350ff02050ac5471864badcdbb04881c5717fb6664935992,2026-05-15 17:45:00+00:00,300,300,0,299,0,0,0,1,0,0,2026-05-15 17:45:00+00:00,2026-05-15 17:50:00+00:00,2026-05-15 17:50:00.530681+00:00,300,True,Up,1,True
0x08beae9c1c9e3481d82994148850185e4382d1f4932208b5176123d67b59e1e9,2026-05-15 17:50:00+00:00,300,300,0,299,0,0,0,1,0,0,2026-05-15 17:50:00+00:00,2026-05-15 17:55:00+00:00,2026-05-15 17:55:00.640883+00:00,300,True,Up,1,True
0xd996e48b2b640906655c608f9f5eca24319bc4106d44d7835fcb9c02f7863940,2026-05-15 17:55:00+00:00,300,300,0,299,0,0,0,9,0,0,2026-05-15 17:55:00+00:00,2026-05-15 18:00:00+00:00,2026-05-15 18:00:01.156678+00:00,300,True,Up,1,True
0xe8542dbc036593549fd07ef6d7cb5a33dbf773134f161df84cc69257d80cffdb,2026-05-15 18:00:00+00:00,300,300,0,299,0,0,0,77,0,0,2026-05-15 18:00:00+00:00,2026-05-15 18:05:00+00:00,2026-05-15 18:05:00.425822+00:00,300,True,Up,1,True
0xd82cfe03333c002c5771fcee664189f324a9351574b2654ddeb1bf9fb59c9d0a,2026-05-15 18:05:00+00:00,300,300,0,299,0,0,67,0,0,0,2026-05-15 18:05:00+00:00,2026-05-15 18:10:00+00:00,2026-05-15 18:10:00.520914+00:00,300,True,Down,0,True
0x50cfa66b3d485457b0ce15bd85bfa2744ff30c8f23dd3d42b949bbc7dcd7f6bd,2026-05-15 18:10:00+00:00,300,300,0,299,0,0,0,4,0,0,2026-05-15 18:10:00+00:00,2026-05-15 18:15:00+00:00,2026-05-15 18:15:00.585728+00:00,300,True,Up,1,True
0xf5072c7f59639cd84446f7c48873b408a1619a13fb4f3fe320c536788a7fc3f7,2026-05-15 18:15:00+00:00,300,300,0,299,0,0,117,0,0,0,2026-05-15 18:15:00+00:00,2026-05-15 18:20:00+00:00,2026-05-15 18:20:00.539234+00:00,300,True,Down,0,True
0xe110970344b909b4fcd7183e1303eeef4d86dcd2f38454c933d3c38eea025159,2026-05-15 18:20:00+00:00,300,300,0,299,0,0,0,55,0,0,2026-05-15 18:20:00+00:00,2026-05-15 18:25:00+00:00,2026-05-15 18:25:00.551086+00:00,300,True,Up,1,True
0xc631d4aa79622b48c9060eeae34606230178f6edd0f64c97cc277c69a6133f3e,2026-05-15 18:30:00+00:00,300,300,0,299,0,0,78,0,0,0,2026-05-15 18:30:00+00:00,2026-05-15 18:35:00+00:00,2026-05-15 18:35:00.532927+00:00,300,True,Down,0,True
0x371e593eb7aa49eb2cafaee698e7a72eadf1c0b156fb8c582dff34b11568733b,2026-05-15 18:35:00+00:00,300,300,0,299,0,0,0,5,0,0,2026-05-15 18:35:00+00:00,2026-05-15 18:40:00+00:00,2026-05-15 18:40:00.557018+00:00,300,True,Up,1,True
0x3726aa87a5afce81e7fca9dd6961e3fe5d17ce533f13ab560d574e04f00f0772,2026-05-15 18:45:00+00:00,300,300,0,299,0,0,6,0,0,0,2026-05-15 18:45:00+00:00,2026-05-15 18:50:00+00:00,2026-05-15 18:50:00.573684+00:00,300,True,Down,0,True
0x9d61db7f61afce73204e19dd36024e84a086aa9a6e50e412e6b4701f79ee9404,2026-05-15 18:50:00+00:00,300,300,0,299,0,0,0,2,0,0,2026-05-15 18:50:00+00:00,2026-05-15 18:55:00+00:00,2026-05-15 18:55:00.555041+00:00,300,True,Up,1,True
0x3f169cec8280eb0a6db686d0ad981d29bcc22fefcf04687ce4bad8c2754c9906,2026-05-15 18:55:00+00:00,300,300,0,299,0,0,1,0,0,0,2026-05-15 18:55:00+00:00,2026-05-15 19:00:00+00:00,2026-05-15 19:00:00.810863+00:00,300,True,Down,0,True
0x24d2fcac7cf80af992accb3ad35d8e7f3eb75be3d83854e817badc974e8ab80a,2026-05-15 19:00:00+00:00,300,300,0,299,0,0,72,0,0,0,2026-05-15 19:00:00+00:00,2026-05-15 19:05:00+00:00,2026-05-15 19:05:00.519408+00:00,300,True,Down,0,True
0xb06c9a0e026fdc8249f059ac321cdfcf06d509ec2fae3cc960275455507fb60f,2026-05-15 19:10:00+00:00,300,300,0,299,0,0,12,0,0,0,2026-05-15 19:10:00+00:00,2026-05-15 19:15:00+00:00,2026-05-15 19:15:00.516282+00:00,300,True,Down,0,True
0xb1cec1414abf6015e23c3050dad870bed38f14e9c81c2cb50e4a901ad59d429a,2026-05-15 19:20:00+00:00,300,300,0,299,0,0,0,17,0,0,2026-05-15 19:20:00+00:00,2026-05-15 19:25:00+00:00,2026-05-15 19:25:00.534891+00:00,300,True,Up,1,True
0x1d0e215e4251793252a6e44c40c74ac7e5dd4be0ed26ac2a197e0cb6bd17c3ca,2026-05-15 19:25:00+00:00,300,300,0,299,0,0,18,0,0,0,2026-05-15 19:25:00+00:00,2026-05-15 19:30:00+00:00,2026-05-15 19:30:00.612332+00:00,300,True,Down,0,True
0x5e7157c56c4c7f581e28bb6a5b05c696261deb36782ec5eab19e683ef20e726f,2026-05-15 19:30:00+00:00,300,300,0,299,0,0,0,11,0,0,2026-05-15 19:30:00+00:00,2026-05-15 19:35:00+00:00,2026-05-15 19:35:00.523879+00:00,300,True,Up,1,True
0xc49d0cd753d2e7adb13194265dc362748e00146d8e50b9f51e3bd3c05bfeaceb,2026-05-15 19:35:00+00:00,300,300,0,299,0,0,0,5,0,0,2026-05-15 19:35:00+00:00,2026-05-15 19:40:00+00:00,2026-05-15 19:40:00.565349+00:00,300,True,Up,1,True
0xd8edaf1ec69d2d40b4159be4e89b81284fdc07fbae2009b9311bb85e77b4eaa4,2026-05-15 19:40:00+00:00,300,300,0,299,0,0,15,0,0,0,2026-05-15 19:40:00+00:00,2026-05-15 19:45:00+00:00,2026-05-15 19:45:00.605897+00:00,300,True,Down,0,True
0xcaadb97685d2dfd18f89764507b526bc3a9da63a8805e467f2cce49b43f4782b,2026-05-15 19:45:00+00:00,300,300,0,299,0,0,0,37,0,0,2026-05-15 19:45:00+00:00,2026-05-15 19:50:00+00:00,2026-05-15 19:50:00.509694+00:00,300,True,Up,1,True
0xc1b750a6eb038fc37e8282afebe529f39a6a624fe968fc50110837f885877167,2026-05-15 19:50:00+00:00,300,300,0,299,0,0,9,0,0,0,2026-05-15 19:50:00+00:00,2026-05-15 19:55:00+00:00,2026-05-15 19:55:00.566021+00:00,300,True,Down,0,True
0x9ded4822c0da5868ee8bc2bcac371ac46c7dc5469160f4dec3dae8d228e1439c,2026-05-15 19:55:00+00:00,300,300,0,299,0,0,0,0,0,0,2026-05-15 19:55:00+00:00,2026-05-15 20:00:00+00:00,2026-05-15 20:00:01.472865+00:00,300,True,,1,True
0x5daec1203d1468f0f97485c3a82b25f12775dfd9a2988f1f0320e3ee0ef17bdc,2026-05-15 20:00:00+00:00,300,300,0,299,0,0,0,7,0,0,2026-05-15 20:00:00+00:00,2026-05-15 20:05:00+00:00,2026-05-15 20:05:00.551117+00:00,300,True,Up,1,True
0x9942850ce31f2a06bda480186cc81b0055578f66e4feffc12a8f05c2e9333124,2026-05-15 20:05:00+00:00,300,300,0,299,0,0,21,0,0,0,2026-05-15 20:05:00+00:00,2026-05-15 20:10:00+00:00,2026-05-15 20:10:00.530229+00:00,300,True,Down,0,True
0xafa3a5d552897cbde1c8fd044c71a0a131aaeec1b35e60941e69ef64ac473189,2026-05-15 20:10:00+00:00,300,300,0,299,0,0,0,2,0,0,2026-05-15 20:10:00+00:00,2026-05-15 20:15:00+00:00,2026-05-15 20:15:00.596648+00:00,300,True,Up,1,True
0xfa2890f24087fe159bcff6139d78525c808898525b525aa04a9f05cc2008c9fb,2026-05-15 20:15:00+00:00,300,300,0,299,0,0,0,0,0,0,2026-05-15 20:15:00+00:00,2026-05-15 20:20:00+00:00,2026-05-15 20:20:00.599993+00:00,300,True,,0,True
0x25c2fe5fb0076ce66f644ad5912dac236c6a8db920dfc85f30dbea37de2c7f4a,2026-05-15 20:20:00+00:00,300,300,0,299,0,0,9,0,0,0,2026-05-15 20:20:00+00:00,2026-05-15 20:25:00+00:00,2026-05-15 20:25:00.556706+00:00,300,True,Down,0,True
0x019b3a5e47ecbd6e1bcb792e062e760b3012f2a9d9e124878b4474f6c4d105a2,2026-05-15 20:25:00+00:00,300,300,0,299,0,0,0,20,0,0,2026-05-15 20:25:00+00:00,2026-05-15 20:30:00+00:00,2026-05-15 20:30:00.570689+00:00,300,True,Up,1,True
0x02a3655b2cb2b83cb0c1b3d4276efdd4059b00b083b845720dbfc178f1d0e73f,2026-05-15 20:30:00+00:00,300,300,0,299,0,0,0,0,0,0,2026-05-15 20:30:00+00:00,2026-05-15 20:35:00+00:00,2026-05-15 20:35:00.566300+00:00,300,True,Down,0,True
0xab7a2f91c1ffbea8eda2285d188f03bd71e50f9ab7326bad7da31b85fb8b808a,2026-05-15 20:35:00+00:00,300,300,0,299,0,0,7,0,0,0,2026-05-15 20:35:00+00:00,2026-05-15 20:40:00+00:00,2026-05-15 20:40:00.526702+00:00,300,True,Down,0,True
0x4a9036f127281ff3012937fd17f49eac549d6831b67c54f05e0de6c27b59afc1,2026-05-15 20:40:00+00:00,300,300,0,299,0,0,49,0,0,0,2026-05-15 20:40:00+00:00,2026-05-15 20:45:00+00:00,2026-05-15 20:45:00.644448+00:00,300,True,Down,0,True
0xdbb52b728536f0c93f2ba3fc76eca7daa72ccaa649f908ad11a51fae3e57a78c,2026-05-15 20:45:00+00:00,300,300,0,299,0,0,3,0,0,0,2026-05-15 20:45:00+00:00,2026-05-15 20:50:00+00:00,2026-05-15 20:50:00.546132+00:00,300,True,Down,0,True
0x0599085f4a34f1febe5d82b6421d1ca6b2d3ae6b8e5b0223bc65a65fe63be8d9,2026-05-15 20:50:00+00:00,300,300,0,299,0,0,0,32,0,0,2026-05-15 20:50:00+00:00,2026-05-15 20:55:00+00:00,2026-05-15 20:55:00.545968+00:00,300,True,Up,1,True
0x4543bc77cfb67cb5a44d8e637021b1a361b39fce12be9983721177155521b12d,2026-05-15 20:55:00+00:00,300,300,0,299,0,0,0,1,0,0,2026-05-15 20:55:00+00:00,2026-05-15 21:00:00+00:00,2026-05-15 21:00:01.466153+00:00,300,True,Up,1,True
0x891c48de3d749e27ed78f849ff87d581f8b41fcf99ccc79300c3b897038c3479,2026-05-15 21:00:00+00:00,300,300,0,299,0,0,0,0,0,0,2026-05-15 21:00:00+00:00,2026-05-15 21:05:00+00:00,2026-05-15 21:05:00.542301+00:00,300,True,,0,True
0x6742b59382a447a6b27e8c635be204c27a26acc946e4f6c5410701ad688668b2,2026-05-15 21:05:00+00:00,300,300,0,299,0,0,0,19,0,0,2026-05-15 21:05:00+00:00,2026-05-15 21:10:00+00:00,2026-05-15 21:10:00.453528+00:00,300,True,Up,1,True
0xc26ba5044ae300c322b2446f69faf605e501f9f25ace39456f8e8d93a398d096,2026-05-15 21:25:00+00:00,300,300,0,299,0,0,0,0,0,0,2026-05-15 21:25:00+00:00,2026-05-15 21:30:00+00:00,2026-05-15 21:30:00.613471+00:00,300,True,Up,1,True
0x16ba707a9ac274a969e094ccf446dd5a6b585fe02b865e0f256a3b632abf7cda,2026-05-15 21:35:00+00:00,300,300,0,299,0,0,9,0,0,0,2026-05-15 21:35:00+00:00,2026-05-15 21:40:00+00:00,2026-05-15 21:40:00.484550+00:00,300,True,Down,0,True
0xf00a185ea6fcaab355cba2470aa023932c4439e4b1035c8190401301e7f3ba4d,2026-05-15 21:40:00+00:00,300,300,0,299,0,0,0,3,0,0,2026-05-15 21:40:00+00:00,2026-05-15 21:45:00+00:00,2026-05-15 21:45:00.692808+00:00,300,True,Up,1,True
0x01f9a98cbb0e6d9ae2b0df860f9c08d8b9d69dfae3c166ac448bdaef49f8e82f,2026-05-15 21:45:00+00:00,300,300,0,299,0,0,36,0,0,0,2026-05-15 21:45:00+00:00,2026-05-15 21:50:00+00:00,2026-05-15 21:50:00.545256+00:00,300,True,Down,0,True
0x6fe5ca9ba5caeab5c5d4bba9e4511174d3a8251349195232783a69da032ac293,2026-05-15 21:55:00+00:00,300,300,0,299,0,0,10,0,0,0,2026-05-15 21:55:00+00:00,2026-05-15 22:00:00+00:00,2026-05-15 22:00:00.745780+00:00,300,True,Down,0,True
0x043067e56c5056ff64372edd6e86259d8930a1f845f38a7bbba4b4495920e8c9,2026-05-15 22:05:00+00:00,300,300,0,299,0,0,0,1,0,0,2026-05-15 22:05:00+00:00,2026-05-15 22:10:00+00:00,2026-05-15 22:10:00.534673+00:00,300,True,Up,1,True
0xd100f6161b3907009ea69738bb783c8afd19a8a3f3c22b2afc60879ff58285c9,2026-05-15 22:10:00+00:00,300,300,0,299,0,0,0,1,0,0,2026-05-15 22:10:00+00:00,2026-05-15 22:15:00+00:00,2026-05-15 22:15:00.482863+00:00,300,True,Up,1,True
0x8eea8b9fbf9aa6484950773650514384456ab63a9ae2f3c28de01cf3d8603bcd,2026-05-15 22:15:00+00:00,300,300,0,299,0,0,1,0,0,0,2026-05-15 22:15:00+00:00,2026-05-15 22:20:00+00:00,2026-05-15 22:20:00.575487+00:00,300,True,Down,0,True
0xe53a602aaca4edb8fa4269ba65685f94befdc8d8786094cec334eeee584fe27d,2026-05-15 22:20:00+00:00,300,300,0,299,0,0,0,0,0,0,2026-05-15 22:20:00+00:00,2026-05-15 22:25:00+00:00,2026-05-15 22:25:00.520430+00:00,300,True,Up,1,True
0x66b8a36142b7eff5a5ac3c7e31e7f90b884b10841e8b5bd53ba15c9e5996b9b4,2026-05-15 22:25:00+00:00,300,300,0,299,0,0,0,0,0,0,2026-05-15 22:25:00+00:00,2026-05-15 22:30:00+00:00,2026-05-15 22:30:00.550966+00:00,300,True,,0,True
0xa57f2a7620ac3e2a9e98bb31e46364ac67a5737285d19ed5ea0d4ada4c7c30c5,2026-05-15 22:35:00+00:00,300,300,0,299,0,0,0,5,0,0,2026-05-15 22:35:00+00:00,2026-05-15 22:40:00+00:00,2026-05-15 22:40:00.564113+00:00,300,True,Up,1,True
0x99795a93fca953b56294fa410b658dc36ef9c9f54860645fa6af37b25e8da128,2026-05-15 22:40:00+00:00,300,300,0,299,0,0,0,0,0,0,2026-05-15 22:40:00+00:00,2026-05-15 22:45:00+00:00,2026-05-15 22:45:00.633924+00:00,300,True,Up,1,True
0x860235ff3607db1fd480a7152c27ae92f981585b7b7762515e9e880a79bbbbf3,2026-05-15 22:45:00+00:00,300,300,0,299,0,0,0,0,0,0,2026-05-15 22:45:00+00:00,2026-05-15 22:50:00+00:00,2026-05-15 22:50:00.472015+00:00,300,True,Down,0,True
0x5a935de42e940bf8c742f935110611b6e2bf5374a1eea94a150692d7ee17b378,2026-05-15 22:50:00+00:00,300,300,0,299,0,0,2,0,0,0,2026-05-15 22:50:00+00:00,2026-05-15 22:55:00+00:00,2026-05-15 22:55:00.481900+00:00,300,True,Down,0,True
0xcbac61e0da530386f2de3662440009a66badc8f79486b975a13d648ce6ed37fc,2026-05-15 22:55:00+00:00,300,300,0,299,0,0,0,2,0,0,2026-05-15 22:55:00+00:00,2026-05-15 23:00:00+00:00,2026-05-15 23:00:00.715977+00:00,300,True,Up,1,True
0x6158dc4b41c20b7406cbad524e036ef30bb4928feb106d50eca684be301f6385,2026-05-15 23:00:00+00:00,300,300,0,299,0,0,1,0,0,0,2026-05-15 23:00:00+00:00,2026-05-15 23:05:00+00:00,2026-05-15 23:05:00.563710+00:00,300,True,Down,0,True
0xbbef5fe017d1ab13e5850b22194e19e344f2b14076b0408218856d2ac2fa0dcf,2026-05-15 23:05:00+00:00,300,300,0,299,0,0,1,0,0,0,2026-05-15 23:05:00+00:00,2026-05-15 23:10:00+00:00,2026-05-15 23:10:00.516341+00:00,300,True,Down,0,True
0xa1eb7a2a18478fb7f1df0b65d11f35287950be0d7cf5ca0bd6c31d57a24cf002,2026-05-15 23:15:00+00:00,300,300,0,299,0,0,0,0,0,0,2026-05-15 23:15:00+00:00,2026-05-15 23:20:00+00:00,2026-05-15 23:20:00.438159+00:00,300,True,,0,True
0xad3c524f2712101f0c9b3a98fd1bb120f3343c09cefc3a0669b0cc0489e45655,2026-05-15 23:30:00+00:00,300,300,0,299,0,0,0,0,0,0,2026-05-15 23:30:00+00:00,2026-05-15 23:35:00+00:00,2026-05-15 23:35:00.522976+00:00,300,True,,1,True
0x3988883ef3412e77e3a55f7efbf4cc69fc59e9e5a492b2bf69be3f9dfce1593b,2026-05-15 23:40:00+00:00,300,300,0,299,0,0,0,8,0,0,2026-05-15 23:40:00+00:00,2026-05-15 23:45:00+00:00,2026-05-15 23:45:00.697799+00:00,300,True,Up,1,True
0xfa6c056efb40abac6260a728eb82204f30edbad25ea429f33f2bd5fc3d69ae1e,2026-05-15 23:55:00+00:00,300,300,0,299,0,0,0,0,0,0,2026-05-15 23:55:00+00:00,2026-05-16 00:00:00+00:00,2026-05-16 00:00:00.731127+00:00,300,True,,0,True
0x21fbefa7051475962d10c8ea4b93a17bb1cc9ffb887b37227ec682487b19abd8,2026-05-16 00:00:00+00:00,300,300,0,299,0,0,0,1,0,0,2026-05-16 00:00:00+00:00,2026-05-16 00:05:00+00:00,2026-05-16 00:05:00.551712+00:00,300,True,Up,1,True
0x53bc1efa3c9290df53c70d79107c14fdc0c43804c53dcd34abcf1d66f3cb17bb,2026-05-16 00:15:00+00:00,300,300,0,299,0,0,1,0,0,0,2026-05-16 00:15:00+00:00,2026-05-16 00:20:00+00:00,2026-05-16 00:20:00.490564+00:00,300,True,Down,0,True
0x0b72b2e57cdc4200405fa3dd1f853418c95f28becbdc7cb000e7d92eca181f26,2026-05-16 00:25:00+00:00,300,300,0,299,0,0,0,0,0,0,2026-05-16 00:25:00+00:00,2026-05-16 00:30:00+00:00,2026-05-16 00:30:00.502705+00:00,300,True,,0,True
0x8ec63bc2c3fab0ef95468d45f48114df6e57cb944ca7755ec0fa81a396f0803f,2026-05-16 00:35:00+00:00,300,300,0,299,0,0,0,22,0,0,2026-05-16 00:35:00+00:00,2026-05-16 00:40:00+00:00,2026-05-16 00:40:00.501534+00:00,300,True,Up,1,True
0x421e74419646388ad86d582a6c1ea017f5411f4a74d23d2a023ac84d71489ffc,2026-05-16 00:45:00+00:00,300,300,0,299,0,0,0,0,0,0,2026-05-16 00:45:00+00:00,2026-05-16 00:50:00+00:00,2026-05-16 00:50:00.683266+00:00,300,True,Down,0,True
0xa5ac46f5c9085ea80f7e3f78136f796c5672ba663a02da097fb95d2f8ca6fb58,2026-05-16 00:50:00+00:00,300,300,0,299,0,0,25,0,0,0,2026-05-16 00:50:00+00:00,2026-05-16 00:55:00+00:00,2026-05-16 00:55:00.474925+00:00,300,True,Down,0,True
0x4593128b1276527f99693c99fd4bda6038d45775bdd0fa6d83fe5d6340141ed8,2026-05-16 01:00:00+00:00,300,300,0,299,0,0,1,0,0,0,2026-05-16 01:00:00+00:00,2026-05-16 01:05:00+00:00,2026-05-16 01:05:00.427963+00:00,300,True,Down,1,True
0x0ee6e62f72462a771076126476f6b8aa491fe1c6ee358c47f2c7c98bd5423c36,2026-05-16 01:05:00+00:00,300,300,0,299,0,0,0,5,0,0,2026-05-16 01:05:00+00:00,2026-05-16 01:10:00+00:00,2026-05-16 01:10:00.532980+00:00,300,True,Up,1,True
0x8527bda1ba1840d7e11668872b9693fd0cc82913c9e71b3f122f1844a57101f6,2026-05-16 01:10:00+00:00,300,300,0,299,0,0,0,0,0,0,2026-05-16 01:10:00+00:00,2026-05-16 01:15:00+00:00,2026-05-16 01:15:00.599501+00:00,300,True,,1,True
0x8f499d664a2f09aa86f5b0c9b4086ef6181a54b1692c187d10b3b59c4b45f9c1,2026-05-16 01:15:00+00:00,300,300,0,299,0,0,0,0,0,0,2026-05-16 01:15:00+00:00,2026-05-16 01:20:00+00:00,2026-05-16 01:20:00.488166+00:00,300,True,Down,0,True
0x86aa0c8ee95c0c7175167cd42834964375d0d0b1b8d2e79992a9b66e6a67f32d,2026-05-16 01:20:00+00:00,300,300,0,299,0,0,0,0,0,0,2026-05-16 01:20:00+00:00,2026-05-16 01:25:00+00:00,2026-05-16 01:25:00.511371+00:00,300,True,,0,True
0x1cde174e5a56c68a1952f8c110d4bc02cfefdd30dae69515c1102c4264b864fa,2026-05-16 01:25:00+00:00,300,300,0,299,0,0,0,0,0,0,2026-05-16 01:25:00+00:00,2026-05-16 01:30:00+00:00,2026-05-16 01:30:00.592707+00:00,300,True,Down,0,True
0x1117b4abe7d5b1f02d22f31bd47ba3a6d53346a73207dddd2f12d403e1130ef4,2026-05-16 01:40:00+00:00,300,300,0,299,0,0,0,0,0,0,2026-05-16 01:40:00+00:00,2026-05-16 01:45:00+00:00,2026-05-16 01:45:00.745770+00:00,300,True,Down,0,True
0xfdfd9557835fc359490e85e63e5e99a801c70a09ef1d0ab626f0ef21579da701,2026-05-16 01:50:00+00:00,300,300,0,299,0,0,0,1,0,0,2026-05-16 01:50:00+00:00,2026-05-16 01:55:00+00:00,2026-05-16 01:55:00.521883+00:00,300,True,Up,1,True
0xed511260cfbea6f84848c6310948648a6c18c020e09c0d4ca391493691ee936a,2026-05-16 01:55:00+00:00,300,300,0,299,0,0,0,6,0,0,2026-05-16 01:55:00+00:00,2026-05-16 02:00:00+00:00,2026-05-16 02:00:00.941178+00:00,300,True,Up,1,True
0x753a790fa21fe4355651e9e72388a31fc8d61b60308f02c38a78260f6a8eb950,2026-05-16 02:25:00+00:00,300,300,0,299,0,0,4,0,0,0,2026-05-16 02:25:00+00:00,2026-05-16 02:30:00+00:00,2026-05-16 02:30:00.595700+00:00,300,True,Down,0,True
0x78f9a09138d14f82972a818e2433305e79d53011bf6106af3426f832067f9256,2026-05-16 02:30:00+00:00,300,300,0,299,0,0,13,0,0,0,2026-05-16 02:30:00+00:00,2026-05-16 02:35:00+00:00,2026-05-16 02:35:00.467288+00:00,300,True,Down,0,True
0x158006a52cb2f6e055eabadced3b202c3e1320d45aff8b0affcf27686d6a427e,2026-05-16 03:20:00+00:00,300,300,0,299,0,0,0,0,0,0,2026-05-16 03:20:00+00:00,2026-05-16 03:25:00+00:00,2026-05-16 03:25:00.504619+00:00,300,True,Up,1,True
0x71416bdd585f6df264dd9ad7b4ce84ddad6c3e4c1919b7ff38b21adc8ad4fbcf,2026-05-16 03:25:00+00:00,300,300,0,299,0,0,0,0,0,0,2026-05-16 03:25:00+00:00,2026-05-16 03:30:00+00:00,2026-05-16 03:30:00.639446+00:00,300,True,,1,True
0x3bce21aea225b2cbb0d89a017f2afba4e0d0fcf00a093fff4bf30adde75603f2,2026-05-16 03:30:00+00:00,300,300,0,299,0,0,1,0,0,0,2026-05-16 03:30:00+00:00,2026-05-16 03:35:00+00:00,2026-05-16 03:35:00.527883+00:00,300,True,Down,0,True
0xc2394f143339372173e5afa4e4b93f25a627b608b52afe5ed6fcda5a9f8f27bd,2026-05-16 03:35:00+00:00,300,300,0,299,0,0,3,0,0,0,2026-05-16 03:35:00+00:00,2026-05-16 03:40:00+00:00,2026-05-16 03:40:00.569903+00:00,300,True,Down,0,True
0x35659ba3fba8544459a57a3e506aa1f2ddf35dcff6d6afe5cf4b23a4f9f5ef41,2026-05-16 03:45:00+00:00,300,300,0,299,0,0,0,1,0,0,2026-05-16 03:45:00+00:00,2026-05-16 03:50:00+00:00,2026-05-16 03:50:00.506396+00:00,300,True,Up,1,True
0xcdc6fe1924473136b9baa41ae8ebb51aabb5af7e27d9a29f85256f08dcb83366,2026-05-16 03:50:00+00:00,300,300,0,299,0,0,0,0,0,0,2026-05-16 03:50:00+00:00,2026-05-16 03:55:00+00:00,2026-05-16 03:55:00.566667+00:00,300,True,Up,1,True
0x24e252b34190af384696375a1275c8d4b9545239c30a1a7631e151ca63bedca0,2026-05-16 04:00:00+00:00,300,300,0,299,0,0,0,3,0,0,2026-05-16 04:00:00+00:00,2026-05-16 04:05:00+00:00,2026-05-16 04:05:00.543334+00:00,300,True,Up,1,True
0xd70e6c87137f75f6dccad1ea04e98b426dcff6252e6864b10603e604e5e09847,2026-05-16 04:20:00+00:00,300,300,0,299,0,0,0,0,0,0,2026-05-16 04:20:00+00:00,2026-05-16 04:25:00+00:00,2026-05-16 04:25:00.511082+00:00,300,True,,1,True
0xf09592419f5936122dfff893d5e05b7a0a999e1d5160d0e951433bc4f1d58074,2026-05-16 04:25:00+00:00,300,300,0,299,0,0,8,0,0,0,2026-05-16 04:25:00+00:00,2026-05-16 04:30:00+00:00,2026-05-16 04:30:00.533669+00:00,300,True,Down,0,True
0x0879c5ca4455cce00927990ff2f48207652a027f9fe3a5fd6610eef6f7947c72,2026-05-16 04:30:00+00:00,300,300,0,299,0,0,97,0,0,0,2026-05-16 04:30:00+00:00,2026-05-16 04:35:00+00:00,2026-05-16 04:35:00.515427+00:00,300,True,Down,0,True
0x73fa2d8e78ffed62b901e553ffe33954960e4ee3e3536b7836a19262e3701cc4,2026-05-16 04:45:00+00:00,300,300,0,299,0,0,0,1,0,0,2026-05-16 04:45:00+00:00,2026-05-16 04:50:00+00:00,2026-05-16 04:50:00.512501+00:00,300,True,Up,1,True
0x03fd1a8fd99357759bfa375752d1bee7983edbe473b4f2d412f75324588bc778,2026-05-16 04:50:00+00:00,300,300,0,299,0,0,0,0,0,0,2026-05-16 04:50:00+00:00,2026-05-16 04:55:00+00:00,2026-05-16 04:55:00.532946+00:00,300,True,Down,0,True
0x908254a426837cd2519c1106453db99042cbb0d04977a1503b39669019402a5f,2026-05-16 04:55:00+00:00,300,300,0,299,0,0,0,48,0,0,2026-05-16 04:55:00+00:00,2026-05-16 05:00:00+00:00,2026-05-16 05:00:00.853251+00:00,300,True,Up,1,True
0x98b962937105cf7fb5a69f968c1729ed16abef9b44a835900be99b844ec8584b,2026-05-16 05:00:00+00:00,300,300,0,299,0,0,6,0,0,0,2026-05-16 05:00:00+00:00,2026-05-16 05:05:00+00:00,2026-05-16 05:05:00.436886+00:00,300,True,Down,0,True
0xc144ba9a5f4ff4d6a61e85a518055c1efd6235dfbdad48731a72603a24031f57,2026-05-16 05:05:00+00:00,300,300,0,299,0,0,0,2,0,0,2026-05-16 05:05:00+00:00,2026-05-16 05:10:00+00:00,2026-05-16 05:10:00.527130+00:00,300,True,Up,1,True
0x5a9e8d4db4afe31f98b5973c413f5ea1cd02bef352137b5db8380d3fd6e0f469,2026-05-16 05:15:00+00:00,300,300,0,299,0,0,1,0,0,0,2026-05-16 05:15:00+00:00,2026-05-16 05:20:00+00:00,2026-05-16 05:20:00.569983+00:00,300,True,Down,0,True
0x9cc38d39b4a732102950d22d57bfb2bf3a1fd76bc896ff1d42917aa8cc3531f4,2026-05-16 05:20:00+00:00,300,300,0,299,0,0,0,0,0,0,2026-05-16 05:20:00+00:00,2026-05-16 05:25:00+00:00,2026-05-16 05:25:00.544465+00:00,300,True,Down,0,True
0xe90d7f19e5394294178fe01ee49e1b58e0be397a64e507e35e6908155abacebb,2026-05-16 05:25:00+00:00,300,300,0,299,0,0,0,2,0,0,2026-05-16 05:25:00+00:00,2026-05-16 05:30:00+00:00,2026-05-16 05:30:00.506938+00:00,300,True,Up,1,True
0xa2ff390563cdbb85bcaf720d65ce1e90458464cb4a952c66660a4f3e85288ba3,2026-05-16 05:40:00+00:00,300,300,0,299,0,0,1,0,0,0,2026-05-16 05:40:00+00:00,2026-05-16 05:45:00+00:00,2026-05-16 05:45:00.727196+00:00,300,True,Down,0,True
0x29f887d172951f39075f4d2faaceb46aff4c50c1fc0e623cb75b50d181e93c7c,2026-05-16 05:50:00+00:00,300,300,0,299,0,0,0,0,0,0,2026-05-16 05:50:00+00:00,2026-05-16 05:55:00+00:00,2026-05-16 05:55:00.544250+00:00,300,True,,1,True
0x0d1b50f6e93c5141aaa9d9560b4b3693a00a7f9117576d48d860b9ae7b3965a1,2026-05-16 05:55:00+00:00,300,300,0,299,0,0,0,1,0,0,2026-05-16 05:55:00+00:00,2026-05-16 06:00:00+00:00,2026-05-16 06:00:00.746202+00:00,300,True,Up,1,True
0x6a788b931bf820b5cbf9001cc55d881d8660947ed1b374f2a752c6b0312e1e9d,2026-05-16 06:10:00+00:00,300,300,0,299,0,0,8,0,0,0,2026-05-16 06:10:00+00:00,2026-05-16 06:15:00+00:00,2026-05-16 06:15:00.574946+00:00,300,True,Down,0,True
0xfc1818d4b0f5f1a50491e017d51b1fa0fa19adbd3299751534b1d0c5e752c3b8,2026-05-16 06:15:00+00:00,300,300,0,299,0,0,3,0,0,0,2026-05-16 06:15:00+00:00,2026-05-16 06:20:00+00:00,2026-05-16 06:20:00.516703+00:00,300,True,Down,0,True
0xae349ed60e51dad94ff13745176caef87a5bcf4321992160f2699fe43bfd6b2e,2026-05-16 06:40:00+00:00,300,300,0,299,0,0,70,0,0,0,2026-05-16 06:40:00+00:00,2026-05-16 06:45:00+00:00,2026-05-16 06:45:00.807827+00:00,300,True,Down,0,True
0x6af370634066ad7ffeecb98b09886e11a70b3357051162b3e42f8d0ce483ad06,2026-05-16 07:35:00+00:00,300,300,0,299,0,0,0,22,0,0,2026-05-16 07:35:00+00:00,2026-05-16 07:40:00+00:00,2026-05-16 07:40:00.594435+00:00,300,True,Up,1,True
0x75edbe925b48c23daa5e351c2cc188c49eeec0ae7ee0e807c0930a33b1c5e92b,2026-05-16 07:40:00+00:00,300,300,0,299,0,0,0,0,0,0,2026-05-16 07:40:00+00:00,2026-05-16 07:45:00+00:00,2026-05-16 07:45:00.669736+00:00,300,True,Down,0,True
0x944573b7079ba5d2156d03cab6028221f39fe1f5e710011031e248ade0154c34,2026-05-16 07:50:00+00:00,300,300,0,299,0,0,34,0,0,0,2026-05-16 07:50:00+00:00,2026-05-16 07:55:00+00:00,2026-05-16 07:55:00.838103+00:00,300,True,Down,0,True
0x72c2dcbed69aa469efeb6e681cc9ca87c76d6e8fc9fa32190c5a698945b1cd4e,2026-05-16 07:55:00+00:00,300,300,0,299,0,0,0,23,0,0,2026-05-16 07:55:00+00:00,2026-05-16 08:00:00+00:00,2026-05-16 08:00:00.870526+00:00,300,True,Up,1,True
0xa28e22b448a604562b4e54060885478e228d9f76446e7f547c0a5d0511d3f70d,2026-05-16 08:05:00+00:00,300,300,0,299,0,0,0,32,0,0,2026-05-16 08:05:00+00:00,2026-05-16 08:10:00+00:00,2026-05-16 08:10:00.547558+00:00,300,True,Up,1,True
0xf22353aedd5e30b44702aba41f3dc7fe3ac511ea96ad4157fa218ce819c3bba9,2026-05-16 08:15:00+00:00,300,300,0,299,0,0,0,2,0,0,2026-05-16 08:15:00+00:00,2026-05-16 08:20:00+00:00,2026-05-16 08:20:00.529239+00:00,300,True,Up,1,True
0x9ba42a83d292ad6bcf59bf6ee30304c236b4ad0ec77b9503dfcaa9c3448770ca,2026-05-16 08:20:00+00:00,300,300,0,299,0,0,1,0,0,0,2026-05-16 08:20:00+00:00,2026-05-16 08:25:00+00:00,2026-05-16 08:25:00.540938+00:00,300,True,Down,0,True
0x7846cfffc36ffcc0dbfd2e65d0b3687e2dc656ba41b5d66e512ff047f2746546,2026-05-16 08:25:00+00:00,300,300,0,299,0,0,0,0,0,0,2026-05-16 08:25:00+00:00,2026-05-16 08:30:00+00:00,2026-05-16 08:30:00.555909+00:00,300,True,Down,0,True
0x05fd9c985cb2c74c57bd30b1529ed9f704e161a1861653d4f2fab5bf99db9f40,2026-05-16 08:30:00+00:00,300,300,0,299,0,0,0,29,0,0,2026-05-16 08:30:00+00:00,2026-05-16 08:35:00+00:00,2026-05-16 08:35:00.433617+00:00,300,True,Up,1,True
0x9efe8ffc61e245df6687f329034d9ad6882624bc63373bd45a305da940816257,2026-05-16 08:35:00+00:00,300,300,0,299,0,0,0,5,0,0,2026-05-16 08:35:00+00:00,2026-05-16 08:40:00+00:00,2026-05-16 08:40:00.479291+00:00,300,True,Up,1,True
0x5f8220e1fc6db7ed38e5c87ccf241396e50994614ac259e751e705f522ee5381,2026-05-16 08:50:00+00:00,300,300,0,299,0,0,0,0,0,0,2026-05-16 08:50:00+00:00,2026-05-16 08:55:00+00:00,2026-05-16 08:55:00.545069+00:00,300,True,Up,1,True
0x2350a7597062caf4b80c9f6dff20cac86a418261e791d27eda1fa8cefb0dee25,2026-05-16 09:00:00+00:00,300,300,0,299,0,0,0,0,0,0,2026-05-16 09:00:00+00:00,2026-05-16 09:05:00+00:00,2026-05-16 09:05:00.514140+00:00,300,True,Up,1,True
0x88f5e74de75469681a98311bcfb4da950071fc11f032709e1c9c6cba4717aaef,2026-05-16 09:05:00+00:00,300,300,0,299,0,0,13,0,0,0,2026-05-16 09:05:00+00:00,2026-05-16 09:10:00+00:00,2026-05-16 09:10:00.545438+00:00,300,True,Down,0,True
0x13bec9422e42dc26f4de62e8d1aba5ec9e25f7871a62755d4b3bceb12a6e9f12,2026-05-16 09:15:00+00:00,300,300,0,299,0,0,111,0,0,0,2026-05-16 09:15:00+00:00,2026-05-16 09:20:00+00:00,2026-05-16 09:20:00.504041+00:00,300,True,Down,0,True
0x8f5bf2f13b7093891d718ac10c76d364681301cd132bc1788901f55876773075,2026-05-16 09:45:00+00:00,300,300,0,299,0,0,27,0,0,0,2026-05-16 09:45:00+00:00,2026-05-16 09:50:00+00:00,2026-05-16 09:50:00.563013+00:00,300,True,Down,0,True
0x586b3e0d5206e222e2ea04cf619f5dbc3deeec571d5e95cd9dcf4f8e04be0663,2026-05-16 09:50:00+00:00,300,300,0,299,0,0,0,49,0,0,2026-05-16 09:50:00+00:00,2026-05-16 09:55:00+00:00,2026-05-16 09:55:00.500878+00:00,300,True,Up,1,True
0x00e275e33dc1eb6a55c6609a76481f048408a8cf853301d3f69cb067266b8dc4,2026-05-16 10:25:00+00:00,300,300,0,299,0,0,57,0,0,0,2026-05-16 10:25:00+00:00,2026-05-16 10:30:00+00:00,2026-05-16 10:30:00.651550+00:00,300,True,Down,0,True
0xba2e7d603b030edb9f73ceabbfa1b239f29413f528a297c1e13a725d4b83428f,2026-05-16 10:40:00+00:00,300,300,0,299,0,0,0,0,0,0,2026-05-16 10:40:00+00:00,2026-05-16 10:45:00+00:00,2026-05-16 10:45:00.744141+00:00,300,True,Up,1,True
0xe5782a2194f61205838890b5ef27a43861015d7470c8356bf4879e8bd77c3880,2026-05-16 10:50:00+00:00,300,300,0,299,0,0,0,0,0,0,2026-05-16 10:50:00+00:00,2026-05-16 10:55:00+00:00,2026-05-16 10:55:00.539869+00:00,300,True,Down,0,True
0xa5b516c58051857853a09071d7a5a2ff155709b43ee7f54c625d43fc1607f5aa,2026-05-16 11:10:00+00:00,300,300,0,299,0,0,0,48,0,0,2026-05-16 11:10:00+00:00,2026-05-16 11:15:00+00:00,2026-05-16 11:15:00.547607+00:00,300,True,Up,1,True
0x0878ea6f0df9b01eb4ce82416b0928035f071bbcab7bdf345d65a84eac06055b,2026-05-16 11:15:00+00:00,300,300,0,299,0,0,0,47,0,0,2026-05-16 11:15:00+00:00,2026-05-16 11:20:00+00:00,2026-05-16 11:20:00.522240+00:00,300,True,Up,1,True
0x91f7a71123539e8ed08fea0eae5178af51c013487b8411366779dbe49bb188f4,2026-05-16 11:30:00+00:00,300,300,0,299,0,0,0,0,0,0,2026-05-16 11:30:00+00:00,2026-05-16 11:35:00+00:00,2026-05-16 11:35:00.550429+00:00,300,True,Down,0,True
0x5b69a762414880d8c5bcec11f425d39137d081076dcd155e8b153e051adbc9bb,2026-05-16 11:40:00+00:00,300,300,0,299,0,0,2,0,0,0,2026-05-16 11:40:00+00:00,2026-05-16 11:45:00+00:00,2026-05-16 11:45:00.785544+00:00,300,True,Down,0,True
0xa0829f570b0400724708831a727e9451e01660c635d5a2f507948551d4118541,2026-05-16 11:55:00+00:00,300,300,0,299,0,0,6,0,0,0,2026-05-16 11:55:00+00:00,2026-05-16 12:00:00+00:00,2026-05-16 12:00:00.913711+00:00,300,True,Down,0,True
0xa787c2cb42424d2345e8088c9e8160742b146ef87fecfe7bd822f2ed6c3a4228,2026-05-16 12:00:00+00:00,300,300,0,299,0,0,0,11,0,0,2026-05-16 12:00:00+00:00,2026-05-16 12:05:00+00:00,2026-05-16 12:05:00.577832+00:00,300,True,Up,1,True
0x44bbcb051033f8f6bfd4f6548dff36497cb57d2f9e2e10f73aecc2f280e80fc7,2026-05-16 12:05:00+00:00,300,300,0,299,0,0,12,0,0,0,2026-05-16 12:05:00+00:00,2026-05-16 12:10:00+00:00,2026-05-16 12:10:00.512939+00:00,300,True,Down,0,True
0x003d6423d97673c9ea1b935203faa3ed04a43c306e58b066505b91bdf988222b,2026-05-16 12:10:00+00:00,300,300,0,299,0,0,0,0,0,0,2026-05-16 12:10:00+00:00,2026-05-16 12:15:00+00:00,2026-05-16 12:15:00.606556+00:00,300,True,,0,True
0xa61023b389e3d8e8721c6529745b20f3fe51837f54afde7304baf6c5aa81cf4f,2026-05-16 12:35:00+00:00,300,300,0,299,0,0,2,0,0,0,2026-05-16 12:35:00+00:00,2026-05-16 12:40:00+00:00,2026-05-16 12:40:00.563866+00:00,300,True,Down,0,True
0x7fb09d0dafee2a46de96b59aace7c11d264e4bec17ba7da0e67e4ea6c2c0410c,2026-05-16 12:55:00+00:00,300,300,0,299,0,0,10,0,0,0,2026-05-16 12:55:00+00:00,2026-05-16 13:00:00+00:00,2026-05-16 13:00:00.776280+00:00,300,True,Down,0,True
0xbbbcc04c29a690ddbc80391fc2847715535fd11200abfaae53f4e46a15879b92,2026-05-16 13:05:00+00:00,300,300,0,299,0,0,0,0,0,0,2026-05-16 13:05:00+00:00,2026-05-16 13:10:00+00:00,2026-05-16 13:10:00.454042+00:00,300,True,Up,1,True
0x5fd761f110b95973b05fb5916e9bd5117b774df3c7019017cc708d45a1a09497,2026-05-16 13:35:00+00:00,300,300,0,299,0,0,23,0,0,0,2026-05-16 13:35:00+00:00,2026-05-16 13:40:00+00:00,2026-05-16 13:40:00.553916+00:00,300,True,Down,0,True
0xb9cbfd38e79fa586c7ab6e0dd2df0f7d4df35e43d9686d118b40e9a547bbfcb6,2026-05-16 13:45:00+00:00,300,300,0,299,0,0,0,9,0,0,2026-05-16 13:45:00+00:00,2026-05-16 13:50:00+00:00,2026-05-16 13:50:00.555003+00:00,300,True,Up,1,True
0x241c43003da5eaa750f9b6e0302d7812fe4917f01b232e74d1abc84847f0e8af,2026-05-16 14:15:00+00:00,300,300,0,299,0,0,25,0,0,0,2026-05-16 14:15:00+00:00,2026-05-16 14:20:00+00:00,2026-05-16 14:20:00.669041+00:00,300,True,Down,0,True
0xc9470edae3185355d10643a864ae5192971545d9356cabe68c2b173af84202a5,2026-05-16 14:35:00+00:00,300,300,0,299,0,0,0,1,0,0,2026-05-16 14:35:00+00:00,2026-05-16 14:40:00+00:00,2026-05-16 14:40:00.607489+00:00,300,True,Up,1,True
0xb070df17c0400abe5484c69766a9a0734b5d23680b3cda1ed9178f5e50bd5001,2026-05-16 14:55:00+00:00,300,300,0,299,0,0,0,3,0,0,2026-05-16 14:55:00+00:00,2026-05-16 15:00:00+00:00,2026-05-16 15:00:00.718109+00:00,300,True,Up,1,True
0xc192b614ce99c56bbaad2d27723cf6ba95d6a6bc5b8d565a697655769750db8b,2026-05-16 15:00:00+00:00,300,300,0,299,0,0,0,48,0,0,2026-05-16 15:00:00+00:00,2026-05-16 15:05:00+00:00,2026-05-16 15:05:00.558311+00:00,300,True,Up,1,True
0x45b013b16422104a8f726757d998726591183b5210bd3a55a42a9361cc475cd0,2026-05-16 15:05:00+00:00,300,300,0,299,0,0,37,0,0,0,2026-05-16 15:05:00+00:00,2026-05-16 15:10:00+00:00,2026-05-16 15:10:00.554138+00:00,300,True,Down,0,True
0xaa617b2eecd179dc4087503059a560e2ed6efd713eafbaab7ce5f7d223609bda,2026-05-16 15:10:00+00:00,300,300,0,299,0,0,0,0,0,0,2026-05-16 15:10:00+00:00,2026-05-16 15:15:00+00:00,2026-05-16 15:15:00.594240+00:00,300,True,,1,True
0x54e60b75c3b42e80a7f1f0bc98ab3a8858b2d7342151c9c839c136932dfd2698,2026-05-16 15:15:00+00:00,300,300,0,299,0,0,0,1,0,0,2026-05-16 15:15:00+00:00,2026-05-16 15:20:00+00:00,2026-05-16 15:20:00.576047+00:00,300,True,Up,1,True
0x26bdcbf0d309a3965b6da7a0e7a0bfd8944f0b5a1dd6f889aba655ceee90e5da,2026-05-16 15:20:00+00:00,300,300,0,299,0,0,0,1,0,0,2026-05-16 15:20:00+00:00,2026-05-16 15:25:00+00:00,2026-05-16 15:25:00.519338+00:00,300,True,Up,1,True
0xc0c76c0e8c4c874a78b25cf9e99403f9440bd1944da5b99d7a31bce9b3577587,2026-05-16 15:45:00+00:00,300,300,0,299,0,0,0,54,0,0,2026-05-16 15:45:00+00:00,2026-05-16 15:50:00+00:00,2026-05-16 15:50:00.515519+00:00,300,True,Up,1,True
0x7d3fde003bd1fb3f3f41958ce33abd1bdd822fe4732ae5516d0d728facd62623,2026-05-16 15:50:00+00:00,300,300,0,299,0,0,13,0,0,0,2026-05-16 15:50:00+00:00,2026-05-16 15:55:00+00:00,2026-05-16 15:55:00.537669+00:00,300,True,Down,0,True
0xd6ecd321efda5bddf130794b726abc061fd49b3b87f491c62f582afa420e0833,2026-05-16 15:55:00+00:00,300,300,0,299,0,0,0,1,0,0,2026-05-16 15:55:00+00:00,2026-05-16 16:00:00+00:00,2026-05-16 16:00:00.810564+00:00,300,True,Up,1,True
0x1be264f7c761da96139f2e66a82badef302a09c794313c22483773491a9ed67c,2026-05-16 16:00:00+00:00,300,300,0,299,0,0,0,58,0,0,2026-05-16 16:00:00+00:00,2026-05-16 16:05:00+00:00,2026-05-16 16:05:00.507677+00:00,300,True,Up,1,True
0x0941768ecc8af620509e4a3552b866700fc9afdb89e5927ae6abce24b83fead4,2026-05-16 16:05:00+00:00,300,300,0,299,0,0,53,0,0,0,2026-05-16 16:05:00+00:00,2026-05-16 16:10:00+00:00,2026-05-16 16:10:00.543918+00:00,300,True,Down,0,True
0x50f1eac6955be5260a7460e8b24e27e82abf8cefed44846d5723c4a671e22551,2026-05-16 16:10:00+00:00,300,300,0,299,0,0,27,0,0,0,2026-05-16 16:10:00+00:00,2026-05-16 16:15:00+00:00,2026-05-16 16:15:00.611421+00:00,300,True,Down,0,True
0x572afc45303f85c9bd84bd24138897f4b7f4c915b3abbd1e09683fd2fc68d521,2026-05-16 16:15:00+00:00,300,300,0,299,0,0,0,74,0,0,2026-05-16 16:15:00+00:00,2026-05-16 16:20:00+00:00,2026-05-16 16:20:00.590716+00:00,300,True,Up,1,True
0x6305ecde16f3f531eb58d02da7609d6745855cbdc0743b11d7a64a7491d9edc0,2026-05-16 16:30:00+00:00,300,300,0,299,0,0,0,0,0,0,2026-05-16 16:30:00+00:00,2026-05-16 16:35:00+00:00,2026-05-16 16:35:00.553705+00:00,300,True,Up,1,True
0xef0ed26d1a4adaa138c182203b2fc0e496c15bf785ff140b39875bb5108a44fc,2026-05-16 16:35:00+00:00,300,300,0,299,0,0,39,0,0,0,2026-05-16 16:35:00+00:00,2026-05-16 16:40:00+00:00,2026-05-16 16:40:00.512082+00:00,300,True,Down,0,True
0x4d41e90d7442a52f27a7eefa6c20bc2ed8643e235aa7517fb85552d5d2cb8c91,2026-05-16 16:55:00+00:00,300,300,0,299,0,0,0,1,0,0,2026-05-16 16:55:00+00:00,2026-05-16 17:00:00+00:00,2026-05-16 17:00:00.748606+00:00,300,True,Up,1,True
0x7d5b1fa5d7a3d067fbcbffe01d1337a7079a528e6aaf1ed6932197c48105b661,2026-05-16 17:10:00+00:00,300,300,0,299,0,0,0,1,0,0,2026-05-16 17:10:00+00:00,2026-05-16 17:15:00+00:00,2026-05-16 17:15:00.514522+00:00,300,True,Up,1,True
0x2d70588c769869f23ce2f3bc5eeb9dffdf31e531903d46eaeb52d969a1d1a3f4,2026-05-16 17:20:00+00:00,300,300,0,299,0,0,0,2,0,0,2026-05-16 17:20:00+00:00,2026-05-16 17:25:00+00:00,2026-05-16 17:25:00.500334+00:00,300,True,Up,1,True
0x9d28cdc626a0d8cf88cdebf224266248e072c8ea19ebcef07eca841c0f84f243,2026-05-16 17:35:00+00:00,300,300,0,299,0,0,7,0,0,0,2026-05-16 17:35:00+00:00,2026-05-16 17:40:00+00:00,2026-05-16 17:40:00.790279+00:00,300,True,Down,0,True
0x8b080b7c220fbb46d0d9ee52d81093335292e6f0a2fe4eed6b64d04c76468856,2026-05-16 18:00:00+00:00,300,300,0,299,0,0,0,0,0,0,2026-05-16 18:00:00+00:00,2026-05-16 18:05:00+00:00,2026-05-16 18:05:00.607271+00:00,300,True,Down,0,True
0x420c77582365211fe0afa7eb6d0e01fb483dd8c2bf73500e09d4d5f7f12550d3,2026-05-16 18:30:00+00:00,300,300,0,299,0,0,0,15,0,0,2026-05-16 18:30:00+00:00,2026-05-16 18:35:00+00:00,2026-05-16 18:35:00.510694+00:00,300,True,Up,1,True
0xbf0ade2ce5b4f0f6ca7e6aca7ebeb69bb711d49eb608ec6ff7c39ecc9bb66505,2026-05-16 18:35:00+00:00,300,300,0,299,0,0,22,0,0,0,2026-05-16 18:35:00+00:00,2026-05-16 18:40:00+00:00,2026-05-16 18:40:00.503005+00:00,300,True,Down,0,True
0x2402d3840a027d39b0872ebb7208f3bb8a730e714cdb1d7205b55c2e2e8529ef,2026-05-16 18:40:00+00:00,300,300,0,299,0,0,0,64,0,0,2026-05-16 18:40:00+00:00,2026-05-16 18:45:00+00:00,2026-05-16 18:45:00.579615+00:00,300,True,Up,1,True
0x01ac5cec464407224cf24cef56caf4ac71880f031400ad4ab4bd3908095af22d,2026-05-16 18:50:00+00:00,300,300,0,299,0,0,1,0,0,0,2026-05-16 18:50:00+00:00,2026-05-16 18:55:00+00:00,2026-05-16 18:55:00.525743+00:00,300,True,Down,0,True
0x7e4519070bac1d5147402f919c8debffa529359d7ea4571ae0de1349f8e03dcc,2026-05-16 19:25:00+00:00,300,300,0,299,0,0,0,39,0,0,2026-05-16 19:25:00+00:00,2026-05-16 19:30:00+00:00,2026-05-16 19:30:00.615745+00:00,300,True,Up,1,True
0x67f0da0deb217a49ec3df1be8452c1cf853c6d9af108b76f1b81ce2e543d5118,2026-05-16 20:05:00+00:00,300,300,0,299,0,0,0,0,0,0,2026-05-16 20:05:00+00:00,2026-05-16 20:10:00+00:00,2026-05-16 20:10:00.490117+00:00,300,True,,0,True
0x8617b60dc30d09421675d2e525b355428be8cc5f834efdbb0140807e568659e8,2026-05-16 20:30:00+00:00,300,300,0,299,0,0,24,0,0,0,2026-05-16 20:30:00+00:00,2026-05-16 20:35:00+00:00,2026-05-16 20:35:00.572458+00:00,300,True,Down,0,True
0xcf26d3bd5983466b91dab09940c91f351a65db9b6c08f90f484f31458a4d051c,2026-05-16 20:45:00+00:00,300,300,0,299,0,0,0,12,0,0,2026-05-16 20:45:00+00:00,2026-05-16 20:50:00+00:00,2026-05-16 20:50:00.505169+00:00,300,True,Up,1,True
0x1c5c8025abb38c6afec25f1ad555f45ee468f9222c6f30f65c3c15f17781d9a8,2026-05-16 20:55:00+00:00,300,300,0,299,0,0,0,0,0,0,2026-05-16 20:55:00+00:00,2026-05-16 21:00:00+00:00,2026-05-16 21:00:00.990043+00:00,300,True,,1,True
0x8416f451b267e8fc0ecbc4ba37fc5f00ae4d67242eae65acb90aff26ad8ee775,2026-05-16 21:00:00+00:00,300,300,0,299,0,0,0,5,0,0,2026-05-16 21:00:00+00:00,2026-05-16 21:05:00+00:00,2026-05-16 21:05:00.562582+00:00,300,True,Up,1,True
0xdb59f7d1af65f0d42739a03c2c810b697201330fc18a6864fa9e996271ee390b,2026-05-16 21:05:00+00:00,300,300,0,299,0,0,0,1,0,0,2026-05-16 21:05:00+00:00,2026-05-16 21:10:00+00:00,2026-05-16 21:10:00.538299+00:00,300,True,Up,1,True
0xf8c52822b7f194343ae075972688e493aaf3c2b3d94dde111932d3838129d389,2026-05-16 21:10:00+00:00,300,300,0,299,0,0,0,0,0,0,2026-05-16 21:10:00+00:00,2026-05-16 21:15:00+00:00,2026-05-16 21:15:00.665278+00:00,300,True,,1,True
0xde92a6bc044eae7798605e4a4e5f371966f4f77ee8a170510813e05bc0efe580,2026-05-16 21:15:00+00:00,300,300,0,299,0,0,29,0,0,0,2026-05-16 21:15:00+00:00,2026-05-16 21:20:00+00:00,2026-05-16 21:20:00.552134+00:00,300,True,Down,0,True
0x71bf919b8f2430ce65b734373e29955075687f976416e1f02f0d831f224e46da,2026-05-16 21:25:00+00:00,300,300,0,299,0,0,0,5,0,0,2026-05-16 21:25:00+00:00,2026-05-16 21:30:00+00:00,2026-05-16 21:30:00.668536+00:00,300,True,Up,1,True
0x84dcf2a4a2fa0dd9d836b99b61cc0a16111a50a5e8586b5c60b464aa98a539b9,2026-05-16 21:35:00+00:00,300,300,0,299,0,0,1,0,0,0,2026-05-16 21:35:00+00:00,2026-05-16 21:40:00+00:00,2026-05-16 21:40:00.864427+00:00,300,True,Down,0,True
0x11bbcd48527a124cc2c8884c7b660af3c60c6143ca7646aec0b04d41c74b2b8f,2026-05-16 21:40:00+00:00,300,300,0,299,0,0,0,1,0,0,2026-05-16 21:40:00+00:00,2026-05-16 21:45:00+00:00,2026-05-16 21:45:00.578604+00:00,300,True,Up,1,True
0x9c5b451824f5d40ff662529e04a2ef0b32139c1fe74bbc181447b5dc8612eb58,2026-05-16 21:45:00+00:00,300,300,0,299,0,0,12,0,0,0,2026-05-16 21:45:00+00:00,2026-05-16 21:50:00+00:00,2026-05-16 21:50:00.470084+00:00,300,True,Down,0,True
0x05e9f2e4ef640b5b8cc831c70cc067355b7e9992b428310c62e6a145f3912396,2026-05-16 22:05:00+00:00,300,300,0,299,0,0,9,0,0,0,2026-05-16 22:05:00+00:00,2026-05-16 22:10:00+00:00,2026-05-16 22:10:00.499437+00:00,300,True,Down,0,True
0xb5aba450fb0f9152cf19bc06dd200a3bc58551640fd5fba3a3865bf49a74dc26,2026-05-16 22:20:00+00:00,300,300,0,299,0,0,0,2,0,0,2026-05-16 22:20:00+00:00,2026-05-16 22:25:00+00:00,2026-05-16 22:25:00.574694+00:00,300,True,Up,1,True
0x41517e9a452ca6d86b042a83623c4c1eaec5ef59e30f35f14a848dbbce147114,2026-05-16 22:25:00+00:00,300,300,0,299,0,0,0,0,0,0,2026-05-16 22:25:00+00:00,2026-05-16 22:30:00+00:00,2026-05-16 22:30:00.602207+00:00,300,True,Down,0,True
0x8ea831a26110c7a1304d61ff045d4de7150c70090f5b3857fd440e8ae973b487,2026-05-16 22:30:00+00:00,300,300,0,299,0,0,2,0,0,0,2026-05-16 22:30:00+00:00,2026-05-16 22:35:00+00:00,2026-05-16 22:35:00.565230+00:00,300,True,Down,0,True
0x6e0bbdb368551c937a898a38f754ff49cc80d42750da23bd976483fad2a099b8,2026-05-16 22:35:00+00:00,300,300,0,299,0,0,3,0,0,0,2026-05-16 22:35:00+00:00,2026-05-16 22:40:00+00:00,2026-05-16 22:40:00.576029+00:00,300,True,Down,0,True
0x436565a7328f23d64b0a0edb1dfacaf5fa12e4197bd4aa4a95b5efef0ef3e50b,2026-05-16 22:40:00+00:00,300,300,0,299,0,0,0,0,0,0,2026-05-16 22:40:00+00:00,2026-05-16 22:45:00+00:00,2026-05-16 22:45:00.758961+00:00,300,True,Down,0,True
0xf8e08ef8d8f22afa5f328f81515fcf0c6bf7ad5064bcfc0d58bd604fd8acbd97,2026-05-16 22:45:00+00:00,300,300,0,299,0,0,0,0,0,0,2026-05-16 22:45:00+00:00,2026-05-16 22:50:00+00:00,2026-05-16 22:50:00.492914+00:00,300,True,Down,0,True
0x63aa24e7db9548161784f53a5eb03870e70420465382d44b7ef3e63fd61a9b8a,2026-05-16 22:50:00+00:00,300,300,0,299,0,0,1,0,0,0,2026-05-16 22:50:00+00:00,2026-05-16 22:55:00+00:00,2026-05-16 22:55:00.544913+00:00,300,True,Down,0,True
0xb6446431f824434618430aa6ddeefb008ba6d52dda3615d4f8387963cb1ca9ed,2026-05-16 22:55:00+00:00,300,300,0,299,0,0,6,0,0,0,2026-05-16 22:55:00+00:00,2026-05-16 23:00:00+00:00,2026-05-16 23:00:00.687209+00:00,300,True,Down,0,True
0x58944f881c8dcee64ddcd746984477731074403f9a548821e05b3e2bf751726e,2026-05-16 23:00:00+00:00,300,300,0,299,0,0,3,0,0,0,2026-05-16 23:00:00+00:00,2026-05-16 23:05:00+00:00,2026-05-16 23:05:00.481696+00:00,300,True,Down,0,True
0xd607df2661d03b2b1f16747237b47db732ed6e49a467ea95ff05cdc157f94fca,2026-05-16 23:15:00+00:00,300,300,0,299,0,0,0,19,0,0,2026-05-16 23:15:00+00:00,2026-05-16 23:20:00+00:00,2026-05-16 23:20:00.628737+00:00,300,True,Up,1,True
0xec148a443798c1576731781dd2b51a736ffd9cdf5924972d582da8396324d812,2026-05-16 23:20:00+00:00,300,300,0,299,0,0,26,0,0,0,2026-05-16 23:20:00+00:00,2026-05-16 23:25:00+00:00,2026-05-16 23:25:00.540322+00:00,300,True,Down,0,True
0x537263d5a861598f508164ce4c544bcd737be148c4fdaf312f9ceddcb13afbea,2026-05-16 23:35:00+00:00,300,300,0,299,0,0,0,0,0,0,2026-05-16 23:35:00+00:00,2026-05-16 23:40:00+00:00,2026-05-16 23:40:00.501813+00:00,300,True,Down,0,True
0x01dadd48d2b9cfa4f5a53b517bd2b5daf3a1653d645a3ea3a6ac4945e2a3e7d0,2026-05-16 23:40:00+00:00,300,300,0,299,0,0,0,0,0,0,2026-05-16 23:40:00+00:00,2026-05-16 23:45:00+00:00,2026-05-16 23:45:00.712769+00:00,300,True,Down,0,True
0x1b6568abad2c237373b681a659148842582a13f500441dfcaae72ccbf449a2d5,2026-05-16 23:45:00+00:00,300,300,0,299,0,0,0,0,0,0,2026-05-16 23:45:00+00:00,2026-05-16 23:50:00+00:00,2026-05-16 23:50:00.511868+00:00,300,True,Down,0,True
0x0488c16bb42bbe9909edb131c55d5a067b4f54e1c4f322411a49471f94df9ceb,2026-05-16 23:50:00+00:00,300,300,0,299,0,0,3,0,0,0,2026-05-16 23:50:00+00:00,2026-05-16 23:55:00+00:00,2026-05-16 23:55:00.487457+00:00,300,True,Down,0,True
0xd87895862b415330d3a465fb1e89a655da8edb041d8fb145eb271fdb5806c102,2026-05-17 00:05:00+00:00,300,300,0,299,0,0,0,0,0,0,2026-05-17 00:05:00+00:00,2026-05-17 00:10:00+00:00,2026-05-17 00:10:00.500539+00:00,300,True,Up,1,True
0xd5a9cda554839c2a9e2a92f755190a61f5719db896b3d42da001d1dea1bf5c25,2026-05-17 00:10:00+00:00,300,300,0,299,0,0,12,0,0,0,2026-05-17 00:10:00+00:00,2026-05-17 00:15:00+00:00,2026-05-17 00:15:00.506069+00:00,300,True,Down,0,True
0x4f7ef3b2769a7866d12171caae6c147a7952d62d9b75e588b293603caa18a92c,2026-05-17 00:15:00+00:00,300,300,0,299,0,0,0,5,0,0,2026-05-17 00:15:00+00:00,2026-05-17 00:20:00+00:00,2026-05-17 00:20:00.509018+00:00,300,True,Up,1,True
0xe455f101a560b86c9500dd5b16ec6adb059ad21bda0767bdd354101db7127826,2026-05-17 00:20:00+00:00,300,300,0,299,0,0,1,0,0,0,2026-05-17 00:20:00+00:00,2026-05-17 00:25:00+00:00,2026-05-17 00:25:00.539209+00:00,300,True,Down,0,True
0xbef9ea28866cd75e7293c665ffd2dade414416cc74e8dbc2501a095b2e180c5b,2026-05-17 00:30:00+00:00,300,300,0,299,0,0,0,0,0,0,2026-05-17 00:30:00+00:00,2026-05-17 00:35:00+00:00,2026-05-17 00:35:00.518953+00:00,300,True,Down,0,True
0x977f3e6584929e476326d4e71956dca5dbc95efb9e4fc1477a897ac11ee7c0c5,2026-05-17 00:55:00+00:00,300,300,0,299,0,0,119,0,0,0,2026-05-17 00:55:00+00:00,2026-05-17 01:00:00+00:00,2026-05-17 01:00:00.767916+00:00,300,True,Down,0,True
0xb41b20a595eaa932b8f2695510c083fa083c3fa73260f50dbf8defcf5d73a0f2,2026-05-17 01:20:00+00:00,300,300,0,299,0,0,4,0,0,0,2026-05-17 01:20:00+00:00,2026-05-17 01:25:00+00:00,2026-05-17 01:25:00.515695+00:00,300,True,Down,0,True
0xc132a26fc8bcfc91c8762c3027ae80efb46566efdf491f13079dab307db80dec,2026-05-17 01:25:00+00:00,300,300,0,299,0,0,4,0,0,0,2026-05-17 01:25:00+00:00,2026-05-17 01:30:00+00:00,2026-05-17 01:30:00.582812+00:00,300,True,Down,0,True
0xcfcbbe7b6e513cb63e2346cab4f81b7433b6407745c1892a5decadd76c1206ea,2026-05-17 01:30:00+00:00,300,300,0,299,0,0,0,0,0,0,2026-05-17 01:30:00+00:00,2026-05-17 01:35:00+00:00,2026-05-17 01:35:00.504458+00:00,300,True,Down,0,True
0x2979379a46b6903932ef3b10e341e4d823f1755d24dbf5862795987d9af8842d,2026-05-17 02:20:00+00:00,300,300,0,299,0,0,14,0,0,0,2026-05-17 02:20:00+00:00,2026-05-17 02:25:00+00:00,2026-05-17 02:25:00.536963+00:00,300,True,Down,0,True
0x2f0a42e9a7008d800a5e432d444d8c47f1eecec23445b64ec7649ab5cc1f0b07,2026-05-17 02:35:00+00:00,300,300,0,299,0,0,0,10,0,0,2026-05-17 02:35:00+00:00,2026-05-17 02:40:00+00:00,2026-05-17 02:40:00.572435+00:00,300,True,Up,1,True
0x5d6af3f155e122157b96f0123d13a84b237ad90cec6e1e11d369d17c8f88bc10,2026-05-17 02:55:00+00:00,300,300,0,299,0,0,3,0,0,0,2026-05-17 02:55:00+00:00,2026-05-17 03:00:00+00:00,2026-05-17 03:00:00.875528+00:00,300,True,Down,0,True
0x65a0f534ce7d874479b9137e309904d18d4eac6f7905dfe3e38896503e6cb32b,2026-05-17 03:05:00+00:00,300,300,0,299,0,0,2,0,0,0,2026-05-17 03:05:00+00:00,2026-05-17 03:10:00+00:00,2026-05-17 03:10:00.491417+00:00,300,True,Down,0,True
0x5eedfaabfcbbf4eedd1befedf48c8ebccd7be33fa181e54410046e85e07c8b83,2026-05-17 03:15:00+00:00,300,300,0,299,0,0,0,1,0,0,2026-05-17 03:15:00+00:00,2026-05-17 03:20:00+00:00,2026-05-17 03:20:00.777458+00:00,300,True,Up,1,True
0x8fa665b9646cf692f397daa18aef90ee5facc2abbb003da901eb4b0dc049389d,2026-05-17 03:20:00+00:00,300,300,0,299,0,0,0,1,0,0,2026-05-17 03:20:00+00:00,2026-05-17 03:25:00+00:00,2026-05-17 03:25:00.561337+00:00,300,True,Up,1,True
0x1246386d2b13cbbe1a0438e00128356e0427eef250b094581808d0ee8dbb9983,2026-05-17 03:25:00+00:00,300,300,0,299,0,0,0,0,0,0,2026-05-17 03:25:00+00:00,2026-05-17 03:30:00+00:00,2026-05-17 03:30:00.550233+00:00,300,True,Up,1,True
0xa4e84bb88c3f6160b664b30142cfa898f9fc982b6dbf733a7ed92053d61b7fc0,2026-05-17 03:35:00+00:00,300,300,0,299,0,0,0,1,0,0,2026-05-17 03:35:00+00:00,2026-05-17 03:40:00+00:00,2026-05-17 03:40:00.515697+00:00,300,True,Up,1,True
0xd42f0eb1c6d3a613c69aa4ba29abbae241a841ad3640859fce05792a64d286a3,2026-05-17 03:40:00+00:00,300,300,0,299,0,0,3,0,0,0,2026-05-17 03:40:00+00:00,2026-05-17 03:45:00+00:00,2026-05-17 03:45:00.510112+00:00,300,True,Down,0,True
0x29bdb9b4626dd8d78df560daaa0ba7904b870f24a2fff6fa950979d8e571b11e,2026-05-17 04:00:00+00:00,300,300,0,299,0,0,0,17,0,0,2026-05-17 04:00:00+00:00,2026-05-17 04:05:00+00:00,2026-05-17 04:05:00.574697+00:00,300,True,Up,1,True
0x6faee850d2b165a599438db343379a9fbe936f18dc8b2ab79e59108d1830f089,2026-05-17 04:05:00+00:00,300,300,0,299,0,0,0,0,0,0,2026-05-17 04:05:00+00:00,2026-05-17 04:10:00+00:00,2026-05-17 04:10:00.545742+00:00,300,True,Up,1,True
0x7f23525446f8a888bde091557e19c114efdeb0e74f6475a4da999305f2637435,2026-05-17 04:10:00+00:00,300,300,0,299,0,0,0,0,0,0,2026-05-17 04:10:00+00:00,2026-05-17 04:15:00+00:00,2026-05-17 04:15:00.524940+00:00,300,True,Down,0,True
0x6a4ea8198c732aa09e4d0e2a489fdd5bebaf9c13ffa69a58019e3983364a0d42,2026-05-17 04:15:00+00:00,300,300,0,299,0,0,0,13,0,0,2026-05-17 04:15:00+00:00,2026-05-17 04:20:00+00:00,2026-05-17 04:20:00.529092+00:00,300,True,Up,1,True
0xcbfb632094a1f9e1e89484b46b167ddbb4e4e1bab32154d920339573b369bf90,2026-05-17 04:20:00+00:00,300,300,0,299,0,0,0,21,0,0,2026-05-17 04:20:00+00:00,2026-05-17 04:25:00+00:00,2026-05-17 04:25:00.516258+00:00,300,True,Up,1,True
0x86b05e571fe68e5890b9e396b3ee09f96fccc9b2f3c8980f7d9ca111aa7fb2f6,2026-05-17 04:25:00+00:00,300,300,0,299,0,0,0,0,0,0,2026-05-17 04:25:00+00:00,2026-05-17 04:30:00+00:00,2026-05-17 04:30:00.689986+00:00,300,True,Down,0,True
0x929f7ff0ac8081876b5f5e4dcdf72cab8049781a3e0394d779fa2b62446f2167,2026-05-17 04:35:00+00:00,300,300,0,299,0,0,0,5,0,0,2026-05-17 04:35:00+00:00,2026-05-17 04:40:00+00:00,2026-05-17 04:40:00.661754+00:00,300,True,Up,1,True
0x09e67e6dcef85c4a0990c925a591c161ae9cb84c13ce7bc9e72b1c072cf7e310,2026-05-17 04:40:00+00:00,300,300,0,299,0,0,0,6,0,0,2026-05-17 04:40:00+00:00,2026-05-17 04:45:00+00:00,2026-05-17 04:45:00.617243+00:00,300,True,Up,1,True
0xf61d21f67963fccdac7872140551d20127528693214d8ec41caaea5793b25bc5,2026-05-17 04:50:00+00:00,300,300,0,299,0,0,0,0,0,0,2026-05-17 04:50:00+00:00,2026-05-17 04:55:00+00:00,2026-05-17 04:55:00.533941+00:00,300,True,Up,1,True
0x716122794ec8460e293e01a359aed7f8fa2cc117d583f4b038f0c96cf3f7a43d,2026-05-17 04:55:00+00:00,300,300,0,299,0,0,1,0,0,0,2026-05-17 04:55:00+00:00,2026-05-17 05:00:00+00:00,2026-05-17 05:00:00.909968+00:00,300,True,Down,0,True
0xa846b53f8948d26977f360d6cab2c868d3ce6b92bd42d92711342e3af7174946,2026-05-17 05:05:00+00:00,300,300,0,299,0,0,0,61,0,0,2026-05-17 05:05:00+00:00,2026-05-17 05:10:00+00:00,2026-05-17 05:10:00.534169+00:00,300,True,Up,1,True
0xfb15beac375b30b6785ba196eb767e7d2e04220ebd870d966bcc9272c3be6970,2026-05-17 05:25:00+00:00,300,300,0,299,0,0,17,0,0,0,2026-05-17 05:25:00+00:00,2026-05-17 05:30:00+00:00,2026-05-17 05:30:00.637710+00:00,300,True,Down,0,True
0x014e53ae09ad5060778a710963fb37a8af2cc545fba8b3592575807d4f905229,2026-05-17 05:30:00+00:00,300,300,0,299,0,0,2,0,0,0,2026-05-17 05:30:00+00:00,2026-05-17 05:35:00+00:00,2026-05-17 05:35:00.559887+00:00,300,True,Down,0,True
0x56fa5b7f339fa20260fdf55639ad3767e9806f53bb31d9a2e491f437fbc329bf,2026-05-17 05:35:00+00:00,300,300,0,299,0,0,0,23,0,0,2026-05-17 05:35:00+00:00,2026-05-17 05:40:00+00:00,2026-05-17 05:40:00.565984+00:00,300,True,Up,1,True
0x8c6370c13d8ed79e5ed4b0f5b9956615ed25b09878806272c4cc1030549e9792,2026-05-17 05:40:00+00:00,300,300,0,299,0,0,32,0,0,0,2026-05-17 05:40:00+00:00,2026-05-17 05:45:00+00:00,2026-05-17 05:45:00.722538+00:00,300,True,Down,0,True
0x93606df797fdd2a0ae9513b757a1bc32a957d1be01584e9922ff612a6c308ab7,2026-05-17 05:45:00+00:00,300,300,0,299,0,0,0,3,0,0,2026-05-17 05:45:00+00:00,2026-05-17 05:50:00+00:00,2026-05-17 05:50:00.478938+00:00,300,True,Up,1,True
0xb73d1af814be4c53e346db7aff87f31bd763ca5b73b48516ea0779876eb26c7b,2026-05-17 05:50:00+00:00,300,300,0,299,0,0,4,0,0,0,2026-05-17 05:50:00+00:00,2026-05-17 05:55:00+00:00,2026-05-17 05:55:00.499027+00:00,300,True,Down,0,True
0xc0f7b71884210518761c5b965c44d1a2c8d03ecd30a45110a72c3bda28744ca2,2026-05-17 06:00:00+00:00,300,300,0,299,0,0,0,22,0,0,2026-05-17 06:00:00+00:00,2026-05-17 06:05:00+00:00,2026-05-17 06:05:00.551783+00:00,300,True,Up,1,True
0x21a2a6b6adc1697e2ac99192b7f195164e000d1617ed5953fef6a5d4fd3135ef,2026-05-17 06:10:00+00:00,300,300,0,299,0,0,0,0,0,0,2026-05-17 06:10:00+00:00,2026-05-17 06:15:00+00:00,2026-05-17 06:15:00.539500+00:00,300,True,Up,1,True
0xdf5f04cdb67603bdd79f37a6f841e9f9985c78c9544a56389836af6774cd4b41,2026-05-17 06:15:00+00:00,300,300,0,299,0,0,4,0,0,0,2026-05-17 06:15:00+00:00,2026-05-17 06:20:00+00:00,2026-05-17 06:20:00.574033+00:00,300,True,Down,0,True
0xd73d866d21ba1c71bbe89340f87ca102f35d776ee9e56098e4560f86dfd8c59f,2026-05-17 06:20:00+00:00,300,300,0,299,0,0,69,0,0,0,2026-05-17 06:20:00+00:00,2026-05-17 06:25:00+00:00,2026-05-17 06:25:00.489991+00:00,300,True,Down,0,True
0x3b9cc9ddd68cfdd07a536ca6cf2225fa8a1069c0493c095d498a93d118f179af,2026-05-17 06:35:00+00:00,300,300,0,299,0,0,0,0,0,0,2026-05-17 06:35:00+00:00,2026-05-17 06:40:00+00:00,2026-05-17 06:40:00.467330+00:00,300,True,Up,1,True
0x0948f467a60b00fde15ab120d1f520ee5b42ca18d85b61efd347070cb827a093,2026-05-17 06:40:00+00:00,300,300,0,299,0,0,74,0,0,0,2026-05-17 06:40:00+00:00,2026-05-17 06:45:00+00:00,2026-05-17 06:45:00.733281+00:00,300,True,Down,0,True
0x076fb2dd4b57c1d97d9cec20d2f8c3f5d1a4a0ead1144653d29b0cad89466f0f,2026-05-17 06:50:00+00:00,300,300,0,299,0,0,0,44,0,0,2026-05-17 06:50:00+00:00,2026-05-17 06:55:00+00:00,2026-05-17 06:55:00.523580+00:00,300,True,Up,1,True
0x3b16dcfae243d779be449b4b50f98464ce19ef63f0e796ac5fbf8e75f99175a3,2026-05-17 06:55:00+00:00,300,300,0,299,0,0,0,1,0,0,2026-05-17 06:55:00+00:00,2026-05-17 07:00:00+00:00,2026-05-17 07:00:00.809678+00:00,300,True,Up,1,True
0x35f6441ba3287fb5071c027be446331e8384fe7fd1c78646777c1e043e7689a9,2026-05-17 07:00:00+00:00,300,300,0,299,0,0,1,0,0,0,2026-05-17 07:00:00+00:00,2026-05-17 07:05:00+00:00,2026-05-17 07:05:00.551864+00:00,300,True,Down,0,True
0xa98368fa554202cf5866207c5acfdbbc122e74c716218f1a33c15efb6380ff3d,2026-05-17 07:05:00+00:00,300,300,0,299,0,0,0,0,0,0,2026-05-17 07:05:00+00:00,2026-05-17 07:10:00+00:00,2026-05-17 07:10:00.545973+00:00,300,True,,0,True
0xd7f3947dd2e0600743dead1141382b4a9fb8a2b44555ff0fd803ac7706efbc21,2026-05-17 07:10:00+00:00,300,300,0,299,0,0,0,0,0,0,2026-05-17 07:10:00+00:00,2026-05-17 07:15:00+00:00,2026-05-17 07:15:00.613691+00:00,300,True,Down,0,True
0xa347865592afca8b18412d13305d9307c2e4be14450b7cea5020d0989decd73e,2026-05-17 07:15:00+00:00,300,300,0,299,0,0,19,0,0,0,2026-05-17 07:15:00+00:00,2026-05-17 07:20:00+00:00,2026-05-17 07:20:00.606130+00:00,300,True,Down,0,True
0x8e6a200782dc4636a420d4cb4e7d31b40d5e4479cecb4123c775c668d7832298,2026-05-17 07:20:00+00:00,300,300,0,299,0,0,0,35,0,0,2026-05-17 07:20:00+00:00,2026-05-17 07:25:00+00:00,2026-05-17 07:25:00.560623+00:00,300,True,Up,1,True
0x1329afa153ee24332b8c831adbd42c2736bed529ea71d8c09a18c9c5632ef7e0,2026-05-17 07:25:00+00:00,300,300,0,299,0,0,0,20,0,0,2026-05-17 07:25:00+00:00,2026-05-17 07:30:00+00:00,2026-05-17 07:30:00.623023+00:00,300,True,Up,1,True
0x43b266305ed011c8da25d42f28d4cbd862f8f169ded1f8947bb109d1d8f7897c,2026-05-17 07:40:00+00:00,300,300,0,299,0,0,0,6,0,0,2026-05-17 07:40:00+00:00,2026-05-17 07:45:00+00:00,2026-05-17 07:45:00.577707+00:00,300,True,Up,1,True
0x168999e035f33b10e744de86306c526b1a3039b8d4ad341e0093f0afac736c76,2026-05-17 07:45:00+00:00,300,300,0,299,0,0,0,14,0,0,2026-05-17 07:45:00+00:00,2026-05-17 07:50:00+00:00,2026-05-17 07:50:00.553918+00:00,300,True,Up,1,True
0x11421753747b2063d6333f366c51250b8b7748b3ca90d2144f375d5ff4847664,2026-05-17 07:50:00+00:00,300,300,0,299,0,0,0,5,0,0,2026-05-17 07:50:00+00:00,2026-05-17 07:55:00+00:00,2026-05-17 07:55:00.518375+00:00,300,True,Up,1,True
0x25d31baf779d16ba763de881aeb7a2a6d29fcbf7fb0901ae8a1218b4acb074ef,2026-05-17 07:55:00+00:00,300,300,0,299,0,0,0,0,0,0,2026-05-17 07:55:00+00:00,2026-05-17 08:00:00+00:00,2026-05-17 08:00:00.832018+00:00,300,True,Down,0,True
0xa43ab9a48455072a3e96a977c01a1c051e860e4d9034edaca408e403b733c260,2026-05-17 08:00:00+00:00,300,300,0,299,0,0,15,0,0,0,2026-05-17 08:00:00+00:00,2026-05-17 08:05:00+00:00,2026-05-17 08:05:00.568700+00:00,300,True,Down,0,True
0x65ceabfd4a6546901c209fba7dde381341b4ad28804318feeffb945d4d235054,2026-05-17 08:05:00+00:00,300,300,0,299,0,0,0,18,0,0,2026-05-17 08:05:00+00:00,2026-05-17 08:10:00+00:00,2026-05-17 08:10:00.553393+00:00,300,True,Up,1,True
0x76a795b45c8ccae5ad4f4bc7883cbc1b3ff851d675295d042f08720fe0b347fa,2026-05-17 08:10:00+00:00,300,300,0,299,0,0,23,0,0,0,2026-05-17 08:10:00+00:00,2026-05-17 08:15:00+00:00,2026-05-17 08:15:00.501894+00:00,300,True,Down,0,True
0xcebc50d9afa3597774ad1f9e35b05f1c14dbc4b7aa5b159a74842b9ae56cd3b2,2026-05-17 08:15:00+00:00,300,300,0,299,0,0,53,0,0,0,2026-05-17 08:15:00+00:00,2026-05-17 08:20:00+00:00,2026-05-17 08:20:00.613892+00:00,300,True,Down,0,True
0xb1319181e35c341d89f81ca2d3725d1ed5657877dc5144554e4b2c71fddda691,2026-05-17 08:20:00+00:00,300,300,0,299,0,0,0,3,0,0,2026-05-17 08:20:00+00:00,2026-05-17 08:25:00+00:00,2026-05-17 08:25:00.468228+00:00,300,True,Up,1,True
0x3da9b2bf262b9572521a08285473d3d2bd6649b8037da6da87c8ec8b04be32a8,2026-05-17 08:35:00+00:00,300,300,0,299,0,0,0,0,0,0,2026-05-17 08:35:00+00:00,2026-05-17 08:40:00+00:00,2026-05-17 08:40:00.556579+00:00,300,True,,0,True
0x0a720debc66e490b91332728b9d545dabc55d2e3e61e9f1b5bce06c9f295a07e,2026-05-17 08:40:00+00:00,300,300,0,299,0,0,0,6,0,0,2026-05-17 08:40:00+00:00,2026-05-17 08:45:00+00:00,2026-05-17 08:45:00.774892+00:00,300,True,Up,1,True
0x62690b02b16ef7513a92ab4d50410b349ca18af0715aba16fa2a90eaca9c76fd,2026-05-17 11:00:00+00:00,300,300,0,299,0,0,79,0,0,0,2026-05-17 11:00:00+00:00,2026-05-17 11:05:00+00:00,2026-05-17 11:05:00.556446+00:00,300,True,Down,0,True
0x356abd2c232dd7f87d821a92254af3ff2bf0e9c758250e9998adaeb82ead10ee,2026-05-17 11:10:00+00:00,300,300,0,299,0,0,38,0,0,0,2026-05-17 11:10:00+00:00,2026-05-17 11:15:00+00:00,2026-05-17 11:15:00.557139+00:00,300,True,Down,0,True
0xac36312a871a3e7b349e2cbad8f3d5a3461bea0a5d6bb46c3e324589fa9c034c,2026-05-17 11:20:00+00:00,300,300,0,299,0,0,0,19,0,0,2026-05-17 11:20:00+00:00,2026-05-17 11:25:00+00:00,2026-05-17 11:25:00.528438+00:00,300,True,Up,1,True
0xeb3c2b8cf54dedfcc0b64ab008ff899308c69f93c99ca9e0265103b74ed93f2c,2026-05-17 11:30:00+00:00,300,300,0,299,0,0,0,21,0,0,2026-05-17 11:30:00+00:00,2026-05-17 11:35:00+00:00,2026-05-17 11:35:00.559699+00:00,300,True,Up,1,True
0x06e091dd1b87ba501984215a96492f2054fdaa555e38204716b610f565eab5e5,2026-05-17 11:35:00+00:00,300,300,0,299,0,0,13,0,0,0,2026-05-17 11:35:00+00:00,2026-05-17 11:40:00+00:00,2026-05-17 11:40:00.513805+00:00,300,True,Down,0,True
0xd8de98952714963dc1b1a3a775da327edd7e89c6ee6f0b03e8b16e8feef7a13d,2026-05-17 11:55:00+00:00,300,300,0,299,0,0,0,11,0,0,2026-05-17 11:55:00+00:00,2026-05-17 12:00:00+00:00,2026-05-17 12:00:00.808730+00:00,300,True,Up,1,True
0x65d81a75a782020cfa7033d7f5da7d8eef76fdaf6c02eb3c84074d13738b7dc3,2026-05-17 12:25:00+00:00,300,300,0,299,0,0,0,1,0,0,2026-05-17 12:25:00+00:00,2026-05-17 12:30:00+00:00,2026-05-17 12:30:00.680736+00:00,300,True,Up,1,True
0x9ad89500cb697f093d9fc9c9c8538e5a44a034d237760477de6c6346f9da261b,2026-05-17 12:30:00+00:00,300,300,0,299,0,0,0,9,0,0,2026-05-17 12:30:00+00:00,2026-05-17 12:35:00+00:00,2026-05-17 12:35:00.500245+00:00,300,True,Up,1,True
0xb44001af1f0bda207c670e381998c96f154f46d27a6bcb3d46513545737de1c0,2026-05-17 12:35:00+00:00,300,300,0,299,0,0,0,0,0,0,2026-05-17 12:35:00+00:00,2026-05-17 12:40:00+00:00,2026-05-17 12:40:00.549848+00:00,300,True,,1,True
0xa8b1d75d715a84b0f68851b322c2cf66091d84438d3565ebf12129887be34935,2026-05-17 13:40:00+00:00,300,300,0,299,0,0,33,0,0,0,2026-05-17 13:40:00+00:00,2026-05-17 13:45:00+00:00,2026-05-17 13:45:00.668683+00:00,300,True,Down,0,True
0xb7d7271f1361482398b33b4797c1ef129d5e85812d58b913d261f3a7e0226ca7,2026-05-17 13:55:00+00:00,300,300,0,299,0,0,2,0,0,0,2026-05-17 13:55:00+00:00,2026-05-17 14:00:00+00:00,2026-05-17 14:00:00.900198+00:00,300,True,Down,0,True
0x180e2c1dc8f1e8af96634da0e8a984d5f6cb0cc1f1d0139905f3a8809db84bd2,2026-05-17 15:00:00+00:00,300,300,0,299,0,0,0,1,0,0,2026-05-17 15:00:00+00:00,2026-05-17 15:05:00+00:00,2026-05-17 15:05:00.927941+00:00,300,True,Up,1,True
0x3255877065ff2dfa7300139c0ec1413a751a54d22bd36f2d21fc2289ee5a82ad,2026-05-17 15:50:00+00:00,300,300,0,299,0,0,0,0,0,0,2026-05-17 15:50:00+00:00,2026-05-17 15:55:00+00:00,2026-05-17 15:55:00.741466+00:00,300,True,,0,True
0x20db038685877242ae80976a3dea3235e4c95dfcdf648347d477725c3790a55b,2026-05-17 16:15:00+00:00,300,300,0,299,0,0,0,0,0,0,2026-05-17 16:15:00+00:00,2026-05-17 16:20:00+00:00,2026-05-17 16:20:00.565832+00:00,300,True,Up,1,True
0x6db9ab9d17ac9cd7aa53c90979ff9d1de33079de46031850900dec8359f6ccd9,2026-05-17 16:35:00+00:00,300,300,0,299,0,0,0,17,0,0,2026-05-17 16:35:00+00:00,2026-05-17 16:40:00+00:00,2026-05-17 16:40:00.569427+00:00,300,True,Up,1,True
0xd64f648034083ec2e7bee65413071c1480d54476cfac5dd96253bd9c2b6d0ee0,2026-05-17 16:40:00+00:00,300,300,0,299,0,0,0,18,0,0,2026-05-17 16:40:00+00:00,2026-05-17 16:45:00+00:00,2026-05-17 16:45:00.662731+00:00,300,True,Up,1,True
0x83134170adc69469eb24e55edc197054947c81ab4c7cd1c4779e185bffdf807d,2026-05-17 17:25:00+00:00,300,300,0,299,0,0,0,0,0,0,2026-05-17 17:25:00+00:00,2026-05-17 17:30:00+00:00,2026-05-17 17:30:00.544469+00:00,300,True,,1,True
0x398a75bd765a206e5840ea0dfc29ba870447d81258b7b19223502734f80fa7bc,2026-05-17 17:30:00+00:00,300,300,0,299,0,0,0,1,0,0,2026-05-17 17:30:00+00:00,2026-05-17 17:35:00+00:00,2026-05-17 17:35:00.633135+00:00,300,True,Up,1,True
0x117b4d12f1f4c7f4b757f74e461e71110286786e9fdea998ac7cfc4f40e35533,2026-05-17 18:15:00+00:00,300,300,0,299,0,0,5,0,0,0,2026-05-17 18:15:00+00:00,2026-05-17 18:20:00+00:00,2026-05-17 18:20:00.659826+00:00,300,True,Down,0,True
0x9ad53a700bd91ede3896841541b852bfcf18291e3ad68315b2e97a6b3f7c0d06,2026-05-17 18:20:00+00:00,300,300,0,299,0,0,0,1,0,0,2026-05-17 18:20:00+00:00,2026-05-17 18:25:00+00:00,2026-05-17 18:25:00.554610+00:00,300,True,Up,1,True
0xa99b0cd63c86c28bc308db933851613d307daca77db57262694d1b0d33aa3e30,2026-05-17 18:25:00+00:00,300,300,0,299,0,0,0,50,0,0,2026-05-17 18:25:00+00:00,2026-05-17 18:30:00+00:00,2026-05-17 18:30:00.656100+00:00,300,True,Up,1,True
0xb1e82d7edd303764eeb36496b652bee5c48c9b8ede1ec9c9e85470c20e461cec,2026-05-17 18:30:00+00:00,300,300,0,299,0,0,0,0,0,0,2026-05-17 18:30:00+00:00,2026-05-17 18:35:00+00:00,2026-05-17 18:35:00.585667+00:00,300,True,Down,0,True
0x303bba0e483e4eba576f7cd01b79f44b13aa1efa56e16519bc69849c35ba705c,2026-05-17 18:35:00+00:00,300,300,0,299,0,0,0,10,0,0,2026-05-17 18:35:00+00:00,2026-05-17 18:40:00+00:00,2026-05-17 18:40:00.649341+00:00,300,True,Up,1,True
0x8a6aecbbf46dbc79abb32afcb2ecba164e7f4ad12098d2a777aa821bf71804e4,2026-05-17 18:40:00+00:00,300,300,0,299,0,0,3,0,0,0,2026-05-17 18:40:00+00:00,2026-05-17 18:45:00+00:00,2026-05-17 18:45:00.638161+00:00,300,True,Down,0,True
0x8b238ae14164b8ffdd8bd71cc31dffd590ca353174ee24e5855bbbc81f809df8,2026-05-17 18:50:00+00:00,300,300,0,299,0,0,0,26,0,0,2026-05-17 18:50:00+00:00,2026-05-17 18:55:00+00:00,2026-05-17 18:55:00.587522+00:00,300,True,Up,1,True
0xfed394786c3ee963bfc6f8a3739100048c10fa3b51af71b721fdfd21ccf23b71,2026-05-17 19:25:00+00:00,300,300,0,299,0,0,1,0,0,0,2026-05-17 19:25:00+00:00,2026-05-17 19:30:00+00:00,2026-05-17 19:30:00.656567+00:00,300,True,Down,0,True
0x3dd9b20639d2bdffd601528bfaf1c5d2dde64a257afd1e69a460635269646028,2026-05-17 19:35:00+00:00,300,300,0,299,0,0,0,14,0,0,2026-05-17 19:35:00+00:00,2026-05-17 19:40:00+00:00,2026-05-17 19:40:00.611691+00:00,300,True,Up,1,True
0x87ca00e000263a5f565c08f65619b2702fa4cf0e14cdc5c700dd45a4d6cc7035,2026-05-17 19:40:00+00:00,300,300,0,299,0,0,0,57,0,0,2026-05-17 19:40:00+00:00,2026-05-17 19:45:00+00:00,2026-05-17 19:45:00.641397+00:00,300,True,Up,1,True
0x2d08a4d436a05e94c1d256f543eee8029fe5d6bbbf4e926eec73eef0f07cdfaa,2026-05-17 20:35:00+00:00,300,300,0,299,0,0,0,0,0,0,2026-05-17 20:35:00+00:00,2026-05-17 20:40:00+00:00,2026-05-17 20:40:00.591386+00:00,300,True,Up,1,True
0x07b2552d78cf77e7d632c7ca3a390a0c2c7e62b5cc8ce9991c935feb995a2bb7,2026-05-17 20:40:00+00:00,300,300,0,299,0,0,2,0,0,0,2026-05-17 20:40:00+00:00,2026-05-17 20:45:00+00:00,2026-05-17 20:45:00.952252+00:00,300,True,Down,0,True
0x2fa1da5a515a1e0ca3d395dd63c609858d38c4382fc8f0b3b88eb0510fda9517,2026-05-17 20:45:00+00:00,300,300,0,299,0,0,0,0,0,0,2026-05-17 20:45:00+00:00,2026-05-17 20:50:00+00:00,2026-05-17 20:50:00.516881+00:00,300,True,Down,0,True
0x3ec2a22c678adee3168846f42b21856bce32d0b4dae7a80e6dfe6c1518bf7bcb,2026-05-17 21:55:00+00:00,300,300,0,299,0,0,0,0,0,0,2026-05-17 21:55:00+00:00,2026-05-17 22:00:00+00:00,2026-05-17 22:00:00.733690+00:00,300,True,,1,True
0xce6f5855334f287bbf1ccfc5fb1cd4c47d8fedfa75eda3b9dbc5e3bc0f0edb55,2026-05-17 22:50:00+00:00,300,300,0,299,0,0,20,0,0,0,2026-05-17 22:50:00+00:00,2026-05-17 22:55:00+00:00,2026-05-17 22:55:00.513923+00:00,300,True,Down,0,True
0x3a3a088a4667a7b9f8a535e41b657ae5050fc4358d45eeff8fb4ef2e7a78c739,2026-05-17 23:05:00+00:00,300,300,0,299,0,0,64,0,0,0,2026-05-17 23:05:00+00:00,2026-05-17 23:10:00+00:00,2026-05-17 23:10:00.486771+00:00,300,True,Down,0,True
0x568d9843351bb338d42a2e2249fd9a93ded4a36067002387241da8c0d9f6cb30,2026-05-17 23:30:00+00:00,300,300,0,299,0,0,0,12,0,0,2026-05-17 23:30:00+00:00,2026-05-17 23:35:00+00:00,2026-05-17 23:35:00.514496+00:00,300,True,Up,1,True
0x70f443ad9eb24de59c293e503fde44b6ff78e06a6311122adb605f4a9693909d,2026-05-17 23:35:00+00:00,300,300,0,299,0,0,53,0,0,0,2026-05-17 23:35:00+00:00,2026-05-17 23:40:00+00:00,2026-05-17 23:40:00.595872+00:00,300,True,Down,0,True
0x46f54d0b206dff05be4e506d325ac1fb35d1a3157bfb51d862b2768ee940316a,2026-05-17 23:40:00+00:00,300,300,0,299,0,0,203,0,0,0,2026-05-17 23:40:00+00:00,2026-05-17 23:45:00+00:00,2026-05-17 23:45:00.733423+00:00,300,True,Down,0,True
0x78e48d3ff15ee476c66130f5e2219d6edbb42b652acc46f1d0051e26a0124662,2026-05-17 23:55:00+00:00,300,300,0,299,0,0,1,0,0,0,2026-05-17 23:55:00+00:00,2026-05-18 00:00:00+00:00,2026-05-18 00:00:00.854180+00:00,300,True,Down,0,True
0xb55d1755aa2daf24c3d12157fbf4dc24b0a81f30446747716649288f943b896b,2026-05-18 00:00:00+00:00,300,300,0,299,0,0,58,0,0,0,2026-05-18 00:00:00+00:00,2026-05-18 00:05:00+00:00,2026-05-18 00:05:00.599376+00:00,300,True,Down,0,True
0x9e327cff713ba184a3c5f5e7a99b206f430b322a1741082de375cdad92ddc38a,2026-05-18 00:30:00+00:00,300,300,0,299,0,0,50,0,0,0,2026-05-18 00:30:00+00:00,2026-05-18 00:35:00+00:00,2026-05-18 00:35:00.631540+00:00,300,True,Down,0,True
0x24ce1c2af8bf174e532337b3c6179f970744347d582a5025b30b005828466500,2026-05-18 01:00:00+00:00,300,300,0,299,0,0,3,0,0,0,2026-05-18 01:00:00+00:00,2026-05-18 01:05:00+00:00,2026-05-18 01:05:00.503573+00:00,300,True,Down,0,True
0x6966044cf538a47d94b7558ac2c377634d2fcbbd85c7f32c568d68d8d26db747,2026-05-18 01:05:00+00:00,300,300,0,299,0,0,0,0,0,0,2026-05-18 01:05:00+00:00,2026-05-18 01:10:00+00:00,2026-05-18 01:10:00.482681+00:00,300,True,,1,True
0x920257d3024134cb143ea26901e1439053ab0a6179c0630c1bffb5d646cfa464,2026-05-18 01:25:00+00:00,300,300,0,299,0,0,7,0,0,0,2026-05-18 01:25:00+00:00,2026-05-18 01:30:00+00:00,2026-05-18 01:30:00.539851+00:00,300,True,Down,0,True
0x04b844365a4ec37b870ad870d5cc2f6953a2bc438b938921d773ad8370d4af5c,2026-05-18 01:30:00+00:00,300,300,0,299,0,0,14,0,0,0,2026-05-18 01:30:00+00:00,2026-05-18 01:35:00+00:00,2026-05-18 01:35:00.518286+00:00,300,True,Down,0,True
0x0edca4a3474ab8cef0dab891dcef488b86fb19203681fb39840ea2bb8a2824ed,2026-05-18 01:55:00+00:00,300,300,0,299,0,0,0,72,0,0,2026-05-18 01:55:00+00:00,2026-05-18 02:00:00+00:00,2026-05-18 02:00:00.876393+00:00,300,True,Up,1,True
0xaa6a3ad090c6770119487944ef5dabad1166d94d04d3b170151b169606a4b56e,2026-05-18 02:00:00+00:00,300,300,0,299,0,0,0,14,0,0,2026-05-18 02:00:00+00:00,2026-05-18 02:05:00+00:00,2026-05-18 02:05:00.478546+00:00,300,True,Up,1,True
0x97da3f75f3babdbf1a204ab5fa7f6c6a17e4d84db210b963140659a46c8f5ddc,2026-05-18 02:05:00+00:00,300,300,0,299,0,0,0,3,0,0,2026-05-18 02:05:00+00:00,2026-05-18 02:10:00+00:00,2026-05-18 02:10:00.542651+00:00,300,True,Up,1,True
0x84a21f81b618d09d7dc9c35816fc7aa516853142c122b29c8f3e0126971a44d2,2026-05-18 02:10:00+00:00,300,300,0,299,0,0,0,0,0,0,2026-05-18 02:10:00+00:00,2026-05-18 02:15:00+00:00,2026-05-18 02:15:00.529749+00:00,300,True,Down,0,True
0xc2109156f066aeeccaccddd8a6101b46e8498e768835e14928670896e156ba8d,2026-05-18 02:15:00+00:00,300,300,0,299,0,0,86,0,0,0,2026-05-18 02:15:00+00:00,2026-05-18 02:20:00+00:00,2026-05-18 02:20:00.587681+00:00,300,True,Down,0,True
0xb9525aa0e50737cd6d63b5abe70f5217c5212438bea875bbad5cd254f41c433d,2026-05-18 02:20:00+00:00,300,300,0,299,0,0,18,0,0,0,2026-05-18 02:20:00+00:00,2026-05-18 02:25:00+00:00,2026-05-18 02:25:00.542086+00:00,300,True,Down,0,True
0xb109f631bdf04645e49f99646ec20457aec140b6b1ebba1bd2d46aa11543a745,2026-05-18 02:25:00+00:00,300,300,0,299,0,0,0,1,0,0,2026-05-18 02:25:00+00:00,2026-05-18 02:30:00+00:00,2026-05-18 02:30:00.466152+00:00,300,True,Up,1,True
0x22571636cab65ce9bd0725ff8269bb02d7347a962c0da3cf37b96b59b5b0c1e8,2026-05-18 02:30:00+00:00,300,300,0,299,0,0,10,0,0,0,2026-05-18 02:30:00+00:00,2026-05-18 02:35:00+00:00,2026-05-18 02:35:00.482975+00:00,300,True,Down,0,True
0x2efe6cd005bf3a375e3aedbee87fb1bf44e3aeb81a71c6591dd7626f37e8a73d,2026-05-18 02:35:00+00:00,300,300,0,299,0,0,77,0,0,0,2026-05-18 02:35:00+00:00,2026-05-18 02:40:00+00:00,2026-05-18 02:40:00.589898+00:00,300,True,Down,0,True
0x4f4abff5b24682c9826a70f9ec2b963ad2e5a14911274ceb68783c5335a04e53,2026-05-18 02:40:00+00:00,300,300,0,299,0,0,3,0,0,0,2026-05-18 02:40:00+00:00,2026-05-18 02:45:00+00:00,2026-05-18 02:45:00.499735+00:00,300,True,Down,0,True
0x3d698fc7d837a82d56b36a5392257151bdc6b72f4a054e68e1989c3c886db854,2026-05-18 02:45:00+00:00,300,300,0,299,0,0,10,0,0,0,2026-05-18 02:45:00+00:00,2026-05-18 02:50:00+00:00,2026-05-18 02:50:00.507857+00:00,300,True,Down,0,True
0x5cef089b77893352bc18540edb60dff365693e0f44ce3fd0d6d5e10ca0ef22ff,2026-05-18 02:50:00+00:00,300,300,0,299,0,0,92,0,0,0,2026-05-18 02:50:00+00:00,2026-05-18 02:55:00+00:00,2026-05-18 02:55:00.530710+00:00,300,True,Down,0,True
0xac257527dfae9479cef01815dfc908bccd2ec4f75f2d889f0447163720abd854,2026-05-18 03:10:00+00:00,300,300,0,299,0,0,61,0,0,0,2026-05-18 03:10:00+00:00,2026-05-18 03:15:00+00:00,2026-05-18 03:15:00.575683+00:00,300,True,Down,0,True
0x694d6563c13faea6144e6e72fe7e251736961bf7bd32e8393929f490d2d3e63e,2026-05-18 03:20:00+00:00,300,300,0,299,0,0,0,39,0,0,2026-05-18 03:20:00+00:00,2026-05-18 03:25:00+00:00,2026-05-18 03:25:00.563617+00:00,300,True,Up,1,True
0x43127a279ff556b7fcef54a38291f3209a8c009363c6b46b728e5acd3c373eee,2026-05-18 03:25:00+00:00,300,300,0,299,0,0,0,2,0,0,2026-05-18 03:25:00+00:00,2026-05-18 03:30:00+00:00,2026-05-18 03:30:00.553227+00:00,300,True,Up,1,True
0xb54873bd371259c4fa95d65285f1be46cf0444d778c5578f4193bcb6b98e2f27,2026-05-18 03:30:00+00:00,300,300,0,299,0,0,80,0,0,0,2026-05-18 03:30:00+00:00,2026-05-18 03:35:00+00:00,2026-05-18 03:35:00.492517+00:00,300,True,Down,0,True
0xbad808e1f14eb4962c923a13e49076c6b164c155aee41b6add2291bb0210d266,2026-05-18 03:40:00+00:00,300,300,0,299,0,0,0,40,0,0,2026-05-18 03:40:00+00:00,2026-05-18 03:45:00+00:00,2026-05-18 03:45:00.684287+00:00,300,True,Up,1,True
0x5afda3c4147e4b0a0fb27a464fc8363ff96b13d86db52307d77bb9883be81278,2026-05-18 03:45:00+00:00,300,300,0,299,0,0,22,0,0,0,2026-05-18 03:45:00+00:00,2026-05-18 03:50:00+00:00,2026-05-18 03:50:00.488877+00:00,300,True,Down,0,True
0xa629eb351fc2cd72f2330ec9c1a441ce1e8ce7ac99f58cead284e24458d5ca6c,2026-05-18 04:00:00+00:00,300,300,0,299,0,0,0,0,0,0,2026-05-18 04:00:00+00:00,2026-05-18 04:05:00+00:00,2026-05-18 04:05:00.586375+00:00,300,True,,0,True
0xb5e33e8e943edcf1e7d79735f58788e650b11db3f9130d4aa43f3d54c8b15f1c,2026-05-18 04:05:00+00:00,300,300,0,299,0,0,0,27,0,0,2026-05-18 04:05:00+00:00,2026-05-18 04:10:00+00:00,2026-05-18 04:10:00.550180+00:00,300,True,Up,1,True
0xd9fe7d0c2465bd5eafdc6f253436f5ad73ee69db1d5ec2262959d537d6d3c667,2026-05-18 04:10:00+00:00,300,300,0,299,0,0,0,28,0,0,2026-05-18 04:10:00+00:00,2026-05-18 04:15:00+00:00,2026-05-18 04:15:00.566001+00:00,300,True,Up,1,True
0x8d3b6540f6d6502e6ac8286a31830b70c4e715dfba4b3b4a62904ab1a6800522,2026-05-18 04:15:00+00:00,300,300,0,299,0,0,17,0,0,0,2026-05-18 04:15:00+00:00,2026-05-18 04:20:00+00:00,2026-05-18 04:20:00.584916+00:00,300,True,Down,0,True
0x323c2659583765cae1738c2a775487da3a24f76d7d37610477aa4c346b06f79e,2026-05-18 04:20:00+00:00,300,300,0,299,0,0,95,0,0,0,2026-05-18 04:20:00+00:00,2026-05-18 04:25:00+00:00,2026-05-18 04:25:00.508253+00:00,300,True,Down,0,True
0x8580365f3464f6bd39533ba78d84297e66b320c6653dd58764a46420119ef5d5,2026-05-18 04:35:00+00:00,300,300,0,299,0,0,0,49,0,0,2026-05-18 04:35:00+00:00,2026-05-18 04:40:00+00:00,2026-05-18 04:40:00.602346+00:00,300,True,Up,1,True
0x67e289f93d1c7e466df05431966756bb60c57c6cb8de423119fe1a3193891dec,2026-05-18 04:40:00+00:00,300,300,0,299,0,0,0,122,0,0,2026-05-18 04:40:00+00:00,2026-05-18 04:45:00+00:00,2026-05-18 04:45:00.684893+00:00,300,True,Up,1,True
0xa358ab14d5f21a844e9dc9bf42ea916edd7a4242c783e2bc4dc5856201294f5c,2026-05-18 04:50:00+00:00,300,300,0,299,0,0,0,5,0,0,2026-05-18 04:50:00+00:00,2026-05-18 04:55:00+00:00,2026-05-18 04:55:00.543051+00:00,300,True,Up,1,True
0x81fbe900c1c3f7a1661a517d8d48bf2604e4cf6d34b3b9a3c13c06743fcaa2a5,2026-05-18 04:55:00+00:00,300,300,0,299,0,0,0,44,0,0,2026-05-18 04:55:00+00:00,2026-05-18 05:00:00+00:00,2026-05-18 05:00:00.816994+00:00,300,True,Up,1,True
0xf1f180434eac13bdaa92af6febf34a11a4e64dcab43c97646ecb41bae20b739e,2026-05-18 05:00:00+00:00,300,300,0,299,0,0,0,1,0,0,2026-05-18 05:00:00+00:00,2026-05-18 05:05:00+00:00,2026-05-18 05:05:00.565043+00:00,300,True,Up,1,True
0xacc09d8a11dbeda6010f0d60591e4b9cea143798a071016a522816c8177c6098,2026-05-18 05:05:00+00:00,300,300,0,299,0,0,2,0,0,0,2026-05-18 05:05:00+00:00,2026-05-18 05:10:00+00:00,2026-05-18 05:10:00.565277+00:00,300,True,Down,0,True
0xe7be4c8faf4efc8f14d801499c8a8f649e4da1dcbf2f28b04969e9c4e8f7a3b5,2026-05-18 05:10:00+00:00,300,300,0,299,0,0,0,0,0,0,2026-05-18 05:10:00+00:00,2026-05-18 05:15:00+00:00,2026-05-18 05:15:00.576444+00:00,300,True,Down,0,True
0x775386a04f142c21346a8da4b07a145f0bf567e090414cccf520bce9c81c4458,2026-05-18 05:15:00+00:00,300,300,0,299,0,0,1,0,0,0,2026-05-18 05:15:00+00:00,2026-05-18 05:20:00+00:00,2026-05-18 05:20:00.535070+00:00,300,True,Down,0,True
0x50e6db60844549363fc5e266edceac3c6f3e1fdf85d464246b789808309cf484,2026-05-18 05:20:00+00:00,300,300,0,299,0,0,0,18,0,0,2026-05-18 05:20:00+00:00,2026-05-18 05:25:00+00:00,2026-05-18 05:25:00.549870+00:00,300,True,Up,1,True
0xf1dc9e56a30b394b28a496af867d4a52c5d8b5160e7e3b16e3a6adc38e2ee3e9,2026-05-18 05:25:00+00:00,300,300,0,299,0,0,0,0,0,0,2026-05-18 05:25:00+00:00,2026-05-18 05:30:00+00:00,2026-05-18 05:30:00.537769+00:00,300,True,,1,True
0x0d6de59c273896124081d496d77a7286c6fcb336fbbf6c429948b3101ebf03fc,2026-05-18 05:30:00+00:00,300,300,0,299,0,0,4,0,0,0,2026-05-18 05:30:00+00:00,2026-05-18 05:35:00+00:00,2026-05-18 05:35:00.414771+00:00,300,True,Down,0,True
0xb526d3cb1ebcffe203d3dca1cb2f2d82514699a606b481d7ea99e8aecbf095f8,2026-05-18 05:55:00+00:00,300,300,0,299,0,0,11,0,0,0,2026-05-18 05:55:00+00:00,2026-05-18 06:00:00+00:00,2026-05-18 06:00:01.027133+00:00,300,True,Down,0,True
0x62e37c63c0ed0d069d8c3a9f386f127533c904978bc0813f08b80584657e8912,2026-05-18 06:20:00+00:00,300,300,0,299,0,0,3,0,0,0,2026-05-18 06:20:00+00:00,2026-05-18 06:25:00+00:00,2026-05-18 06:25:00.546365+00:00,300,True,Down,0,True
0xb518073c28b1419683002795863b9808f3315e77488625ee208db106588a7bcd,2026-05-18 06:25:00+00:00,300,300,0,299,0,0,10,0,0,0,2026-05-18 06:25:00+00:00,2026-05-18 06:30:00+00:00,2026-05-18 06:30:00.597835+00:00,300,True,Down,0,True
0xc979572171f40f3eb2de0db79376de59e1531d26ec81914035e40dfbcff26311,2026-05-18 06:30:00+00:00,300,300,0,299,0,0,0,3,0,0,2026-05-18 06:30:00+00:00,2026-05-18 06:35:00+00:00,2026-05-18 06:35:00.544164+00:00,300,True,Up,1,True
0x9ace87182dfcbd5215e805d89bcf52f89785ac68194f6845c8c1acb1401c6356,2026-05-18 06:40:00+00:00,300,300,0,299,0,0,0,15,0,0,2026-05-18 06:40:00+00:00,2026-05-18 06:45:00+00:00,2026-05-18 06:45:00.713132+00:00,300,True,Up,1,True
0x9b033526d3d297bd707ff2e3452b0a802e0d5a33f725f15f27c5d97e40b9f792,2026-05-18 06:45:00+00:00,300,300,0,299,0,0,0,53,0,0,2026-05-18 06:45:00+00:00,2026-05-18 06:50:00+00:00,2026-05-18 06:50:00.554729+00:00,300,True,Up,1,True
0x73ebb0fd024395acfc289e1a828e436d6612c948455f40e6862340f9f62a8314,2026-05-18 06:50:00+00:00,300,300,0,299,0,0,40,0,0,0,2026-05-18 06:50:00+00:00,2026-05-18 06:55:00+00:00,2026-05-18 06:55:00.565727+00:00,300,True,Down,0,True
0xc12f7040892bf4d22fdfd727ac6a7c76cdbd97ff7fb6a7e23699e17d7254cede,2026-05-18 07:10:00+00:00,300,300,0,299,0,0,1,0,0,0,2026-05-18 07:10:00+00:00,2026-05-18 07:15:00+00:00,2026-05-18 07:15:00.569974+00:00,300,True,Down,0,True
0x45371cb8c325de7d7caaf1342ce70475c84e679e60b2298788652af924dd3745,2026-05-18 07:15:00+00:00,300,300,0,299,0,0,46,0,0,0,2026-05-18 07:15:00+00:00,2026-05-18 07:20:00+00:00,2026-05-18 07:20:00.606262+00:00,300,True,Down,0,True
0x46540ffaa63bc4d4a2c78b17c10570ae44531dff80f5e5ef566caf72964f1cff,2026-05-18 07:35:00+00:00,300,300,0,299,0,0,43,0,0,0,2026-05-18 07:35:00+00:00,2026-05-18 07:40:00+00:00,2026-05-18 07:40:01.064517+00:00,300,True,Down,0,True
0xa045046f07d83852e8f9790d8e940f7e1fc1ee4b6a71c0d76322ccc7cbd57f7b,2026-05-18 07:45:00+00:00,300,300,0,299,0,0,0,69,0,0,2026-05-18 07:45:00+00:00,2026-05-18 07:50:00+00:00,2026-05-18 07:50:00.866502+00:00,300,True,Up,1,True
0x5ab1e8abb2300e1c4be311278b9ce08576292e86978e9a8fc713f09e6db429d3,2026-05-18 07:50:00+00:00,300,300,0,299,0,0,0,7,0,0,2026-05-18 07:50:00+00:00,2026-05-18 07:55:00+00:00,2026-05-18 07:55:00.652391+00:00,300,True,Up,1,True
0x115427f14c1136a9920775e198247d145a648f5645634fccf93b5a474949b94b,2026-05-18 07:55:00+00:00,300,300,0,299,0,0,0,6,0,0,2026-05-18 07:55:00+00:00,2026-05-18 08:00:00+00:00,2026-05-18 08:00:00.903624+00:00,300,True,Up,1,True
0x036665d9f8446cea0cbcc95f3ae539da8c30bb1031186722437bb7e19ebdfd9b,2026-05-18 08:00:00+00:00,300,300,0,299,0,0,0,26,0,0,2026-05-18 08:00:00+00:00,2026-05-18 08:05:00+00:00,2026-05-18 08:05:00.634931+00:00,300,True,Up,1,True
0xf1a63fcfda157a2c18f8ce65f42adbb5171608771c4cb3de6b45f8d3be03a9dc,2026-05-18 08:05:00+00:00,300,300,0,299,0,0,12,0,0,0,2026-05-18 08:05:00+00:00,2026-05-18 08:10:00+00:00,2026-05-18 08:10:00.674556+00:00,300,True,Down,0,True
0x0a4d368778921185b2be1fa7dde077f1d1008add84f2a3dc9fbde33ac49eb097,2026-05-18 08:10:00+00:00,300,300,0,299,0,0,72,0,0,0,2026-05-18 08:10:00+00:00,2026-05-18 08:15:00+00:00,2026-05-18 08:15:01.181812+00:00,300,True,Down,0,True
0x51373c76bbb0209adb0627e12978549394c28f513d0b17c74cc6a7da560208e7,2026-05-18 08:15:00+00:00,300,300,0,299,0,0,7,0,0,0,2026-05-18 08:15:00+00:00,2026-05-18 08:20:00+00:00,2026-05-18 08:20:00.693024+00:00,300,True,Down,0,True
0x30451445deadaed708789ae62414c7130f89d19c3bd1703ccd1437e02c7f3443,2026-05-18 08:20:00+00:00,300,300,0,299,0,0,7,0,0,0,2026-05-18 08:20:00+00:00,2026-05-18 08:25:00+00:00,2026-05-18 08:25:00.505539+00:00,300,True,Down,0,True
0xade3371c64ab379a183ecb99b12af11d9ef71a94d04a4cebf55194786bcc3b0c,2026-05-18 08:25:00+00:00,300,300,0,299,0,0,0,0,0,0,2026-05-18 08:25:00+00:00,2026-05-18 08:30:00+00:00,2026-05-18 08:30:00.971647+00:00,300,True,Down,0,True
0xd8c2767642643775965ba913e312d56a2914cb7754b1c59d9623bdf63fb62670,2026-05-18 08:30:00+00:00,300,300,0,299,0,0,0,1,0,0,2026-05-18 08:30:00+00:00,2026-05-18 08:35:00+00:00,2026-05-18 08:35:00.598388+00:00,300,True,Up,1,True
0xc515ca1afe06d95161a7d34ae9b4fe9bfcc558d8e1c2f436f5bfbbc018c5f516,2026-05-18 08:45:00+00:00,300,300,0,299,0,0,31,0,0,0,2026-05-18 08:45:00+00:00,2026-05-18 08:50:00+00:00,2026-05-18 08:50:00.581835+00:00,300,True,Down,0,True
0x6c074235b05860aaa54cea7f4cee949564235f00d4098a1f4e30a058c7aa1223,2026-05-18 09:00:00+00:00,300,300,0,299,0,0,48,0,0,0,2026-05-18 09:00:00+00:00,2026-05-18 09:05:00+00:00,2026-05-18 09:05:00.621696+00:00,300,True,Down,0,True
0xdc51c3ec55cac4f68be341a50f9fe6eb0abe764bd54d87b0d56d4242ffe25ab2,2026-05-18 09:05:00+00:00,300,300,0,299,0,0,2,0,0,0,2026-05-18 09:05:00+00:00,2026-05-18 09:10:00+00:00,2026-05-18 09:10:00.569555+00:00,300,True,Down,0,True
0x1e9176b1114e22d14ac0e6daabb16f2f6f7887414783962852ffccb369faf96a,2026-05-18 09:10:00+00:00,300,300,0,299,0,0,8,0,0,0,2026-05-18 09:10:00+00:00,2026-05-18 09:15:00+00:00,2026-05-18 09:15:00.547191+00:00,300,True,Down,0,True
0x48ee6a56433e06233051441a7d94eec785fa7120390a35d0f0d86331b3c699c8,2026-05-18 09:20:00+00:00,300,300,0,299,0,0,0,40,0,0,2026-05-18 09:20:00+00:00,2026-05-18 09:25:00+00:00,2026-05-18 09:25:00.795624+00:00,300,True,Up,1,True
0x14c41ad7f4ab4792eb8bdae5e0349950a18e63eca1141afb93244a42a287d1ec,2026-05-18 09:25:00+00:00,300,300,0,299,0,0,2,0,0,0,2026-05-18 09:25:00+00:00,2026-05-18 09:30:00+00:00,2026-05-18 09:30:00.978977+00:00,300,True,Down,0,True
0x19d8266cc9d4513cb64f871976e0627310bcd9706c5bcf931331e7250bbb4a15,2026-05-18 09:30:00+00:00,300,300,0,299,0,0,0,0,0,0,2026-05-18 09:30:00+00:00,2026-05-18 09:35:00+00:00,2026-05-18 09:35:00.484921+00:00,300,True,,1,True
0xa3815546bc197e62412866371ffe098715d4c2a0d8e82c24d6a587bbadbc7408,2026-05-18 09:35:00+00:00,300,300,0,299,0,0,0,10,0,0,2026-05-18 09:35:00+00:00,2026-05-18 09:40:00+00:00,2026-05-18 09:40:00.994509+00:00,300,True,Up,1,True
0x9c7d7d57284bcb797d7a6ef94b42b759b9559421117490d6fedfb66414b28b6a,2026-05-18 09:40:00+00:00,300,300,0,299,0,0,29,0,0,0,2026-05-18 09:40:00+00:00,2026-05-18 09:45:00+00:00,2026-05-18 09:45:00.838314+00:00,300,True,Down,0,True
0x316c061058c559b10ec6690fade3a7802e43fb1004f73c34ecf74647cfe27f7c,2026-05-18 09:55:00+00:00,300,300,0,299,0,0,0,13,0,0,2026-05-18 09:55:00+00:00,2026-05-18 10:00:00+00:00,2026-05-18 10:00:01.529039+00:00,300,True,Up,1,True
0xc425822cd9e6d800c58a6f4d746c3c2c599dda905702d1bbfc0ff24f919d6053,2026-05-18 10:05:00+00:00,300,300,0,299,0,0,9,0,0,0,2026-05-18 10:05:00+00:00,2026-05-18 10:10:00+00:00,2026-05-18 10:10:00.574581+00:00,300,True,Down,0,True
