{
  "fractional_kelly": 0.9477922547031558,
  "cap": 0.41391922354255806,
  "min_edge": 0.013208857336881109,
  "prob_shrink": 0.9998803580001253,
  "min_stake_usdc": 1.0,
  "sigma": 0.002,
  "spread_half": 0.005,
  "fee_model": {
    "feeRate": 0.25,
    "exponent": 2.0,
    "fee_round_decimals": 4,
    "min_fee": 0.0001
  },
  "price_sim": {
    "base_price": 0.53,
    "price_clip_lo": 0.02,
    "price_clip_hi": 0.98
  },
  "model_proba_error_sim": {
    "enabled": false,
    "abs_diff_mean": 0.003136730568813267,
    "abs_diff_max": 0.026809411202558198,
    "abs_diff_std": 0.008936470400852733,
    "policy": "disabled",
    "prob_min_clip": 1e-06
  }
}