{
  "fractional_kelly": 0.9499123975936375,
  "cap": 0.47922734999633676,
  "min_edge": 0.003793963395594953,
  "prob_shrink": 0.9266153230479588,
  "min_stake_usdc": 1.0,
  "sigma": 0.0319,
  "spread_half": "not used (legacy)",
  "fee_model": {
    "feeRate": 0.25,
    "exponent": 2.0,
    "fee_round_decimals": 4,
    "min_fee": 0.0001
  },
  "price_sim": {
    "base_price": 0.4704,
    "sigma": 0.0319,
    "spread_half_values": [
      0.005,
      0.01,
      0.015,
      0.02,
      0.03
    ],
    "spread_half_probs": [
      0.6575342465753424,
      0.2534246575342466,
      0.07534246575342465,
      0.00684931506849315,
      0.00684931506849315
    ],
    "price_clip_lo": 0.39,
    "price_clip_hi": 0.55
  },
  "model_proba_error_sim": {
    "enabled": false,
    "abs_diff_mean": 0.003136730568813267,
    "abs_diff_max": 0.026809411202558198,
    "abs_diff_std": 0.008936470400852733,
    "policy": "disabled",
    "prob_min_clip": 1e-06
  }
}