{
  "fractional_kelly": 0.9865671859020783,
  "cap": 0.45594366455889246,
  "min_edge": 0.005173089394526598,
  "prob_shrink": 0.9997012304641446,
  "min_stake_usdc": 1.0,
  "sigma": 0.06,
  "spread_half": 0.0075,
  "fee_model": {
    "feeRate": 0.25,
    "exponent": 2.0,
    "fee_round_decimals": 4,
    "min_fee": 0.0001
  },
  "price_sim": {
    "base_price": 0.422,
    "price_clip_lo": 0.35,
    "price_clip_hi": 0.55
  },
  "model_proba_error_sim": {
    "enabled": false,
    "abs_diff_mean": 0.003136730568813267,
    "abs_diff_max": 0.026809411202558198,
    "abs_diff_std": 0.008936470400852733,
    "policy": "disabled",
    "prob_min_clip": 1e-06
  }
}