policy,cap_usd,fee_scenario,ask_age_limit_seconds,release_delay_seconds,execution_assumption,condition_id,market_slug,market_start_utc,entry_time_utc,resolved_at_utc,cash_release_assumption_utc,chosen_side,probability_side,outcome_up,won,requested_gross_usd,gross_usd,gross_shares,net_shares,vwap,best_ask_at_snapshot,ask_age_source_seconds,ask_age_received_seconds,fee_usd,fee_shares,cash_debit_usd,payout_usd,net_pnl_usd,cash_before_usd,cash_after_entry_usd,vwap_minus_best_ask_usd
fixed_5_usd,,current_gamma_schedule_0p07_counterfactual,1,60,full_ladder_snapshot_upper_bound,0x308df9f858ec2e611c08c47cbd19a348bc04c414f462a474c6914fb726aeefb1,btc-updown-5m-1776274500,2026-04-15T17:35:00+00:00,2026-04-15T17:34:01+00:00,2026-04-15T17:40:18+00:00,2026-04-15T17:41:18+00:00,up,0.53161048,0,False,5,5,9.803921569,9.803921569,0.51,0.51,0.944,0.778,0.1715,0,5.1715,0,-5.1715,100,94.8285,0
fixed_5_usd,,current_gamma_schedule_0p07_counterfactual,1,60,full_ladder_snapshot_upper_bound,0x22b148b82351c2a96246ae4e8ff4e18da795668fb2abf960a19a64ec1f063c5e,btc-updown-5m-1776280200,2026-04-15T19:10:00+00:00,2026-04-15T19:09:01+00:00,2026-04-15T19:15:20+00:00,2026-04-15T19:16:20+00:00,up,0.494696016,0,False,5,5,11.36363636,11.36363636,0.44,0.44,0.364,0.102,0.196,0,5.196,0,-5.196,94.8285,89.6325,0
fixed_5_usd,,current_gamma_schedule_0p07_counterfactual,1,60,full_ladder_snapshot_upper_bound,0xafaddbfa25119fefb86c2ffe5d78ffb545cbed0a9df049d5127b29899add8695,btc-updown-5m-1776281100,2026-04-15T19:25:00+00:00,2026-04-15T19:24:01+00:00,2026-04-15T19:30:58+00:00,2026-04-15T19:31:58+00:00,up,0.4969574951,1,True,5,5,10.63829787,10.63829787,0.47,0.47,0.153,0.06,0.1855,0,5.1855,10.63829787,5.452797872,89.6325,84.447,5.551115123e-17
fixed_5_usd,,current_gamma_schedule_0p07_counterfactual,1,60,full_ladder_snapshot_upper_bound,0x532b6d74ef18fdae3089fcbe0dbf286ca72090febce8b57732a77df9eccf7127,btc-updown-5m-1776281700,2026-04-15T19:35:00+00:00,2026-04-15T19:34:01+00:00,2026-04-15T19:40:22+00:00,2026-04-15T19:41:22+00:00,up,0.5004509983,1,True,5,5,10.63829787,10.63829787,0.47,0.47,0.282,0.153,0.1855,0,5.1855,10.63829787,5.452797872,95.08529787,89.89979787,5.551115123e-17
fixed_5_usd,,current_gamma_schedule_0p07_counterfactual,1,60,full_ladder_snapshot_upper_bound,0xcba3d289fc9c8b503ca67457381989d87fe8aab3612d0bf69ecf514b7cd13e7c,btc-updown-5m-1776282000,2026-04-15T19:40:00+00:00,2026-04-15T19:39:01+00:00,2026-04-15T19:45:54+00:00,2026-04-15T19:46:54+00:00,up,0.5009288298,0,False,5,5,10.86956522,10.86956522,0.46,0.46,0.08,0.025,0.189,0,5.189,0,-5.189,89.89979787,84.71079787,-5.551115123e-17
fixed_5_usd,,current_gamma_schedule_0p07_counterfactual,1,60,full_ladder_snapshot_upper_bound,0x6f2a0177ca0ba7535be2027dd7b7f4de9e8a39da180398295205c85042f0a126,btc-updown-5m-1776282300,2026-04-15T19:45:00+00:00,2026-04-15T19:44:01+00:00,2026-04-15T19:50:18+00:00,2026-04-15T19:51:18+00:00,up,0.5023152829,0,False,5,5,10.41666667,10.41666667,0.48,0.48,0.069,0.039,0.182,0,5.182,0,-5.182,95.34909574,90.16709574,-5.551115123e-17
fixed_5_usd,,current_gamma_schedule_0p07_counterfactual,1,60,full_ladder_snapshot_upper_bound,0xaa22e0780f20b246e556ab42fa4ce536d443ca9582035e6a5d2f2af4ba10c11c,btc-updown-5m-1776282600,2026-04-15T19:50:00+00:00,2026-04-15T19:49:01+00:00,2026-04-15T19:55:22+00:00,2026-04-15T19:56:22+00:00,up,0.5148910285,1,True,5,5,10.37979592,10.37979592,0.4817050392,0.48,0.484,0.304,0.18139,0,5.18139,10.37979592,5.198405918,90.16709574,84.98570574,0.001705039225
fixed_5_usd,,current_gamma_schedule_0p07_counterfactual,1,60,full_ladder_snapshot_upper_bound,0x7adaff48a697ccbd22137bd4c6313f6d56be5a83997bdf8a8247c8c0f9ec6f73,btc-updown-5m-1776285000,2026-04-15T20:30:00+00:00,2026-04-15T20:29:01+00:00,2026-04-15T20:35:18+00:00,2026-04-15T20:36:18+00:00,down,0.502549772,1,False,5,5,10.41666667,10.41666667,0.48,0.48,0.344,0.254,0.182,0,5.182,0,-5.182,95.36550166,90.18350166,-5.551115123e-17
fixed_5_usd,,current_gamma_schedule_0p07_counterfactual,1,60,full_ladder_snapshot_upper_bound,0xd84a54ee812d125af329caeb172a7944ae800402feec1e49e7efdd847faf58b4,btc-updown-5m-1776285900,2026-04-15T20:45:00+00:00,2026-04-15T20:44:01+00:00,2026-04-15T20:50:26+00:00,2026-04-15T20:51:26+00:00,down,0.5077053374,1,False,5,5,10.63829787,10.63829787,0.47,0.47,0.697,0.62,0.1855,0,5.1855,0,-5.1855,90.18350166,84.99800166,5.551115123e-17
fixed_5_usd,,current_gamma_schedule_0p07_counterfactual,1,60,full_ladder_snapshot_upper_bound,0x4c55d75325d5e8ed6e9a1ce60cc510d5b7833ccf809a0b1e02ba6d4e33d483e8,btc-updown-5m-1776288300,2026-04-15T21:25:00+00:00,2026-04-15T21:24:01+00:00,2026-04-15T21:30:26+00:00,2026-04-15T21:31:26+00:00,down,0.4971868223,0,True,5,5,10.63829787,10.63829787,0.47,0.47,0.509,0.481,0.1855,0,5.1855,10.63829787,5.452797872,84.99800166,79.81250166,5.551115123e-17
fixed_5_usd,,current_gamma_schedule_0p07_counterfactual,1,60,full_ladder_snapshot_upper_bound,0xe55474fa2e999371778fdfe187db43f9963529aa95788feacaff0eb8ac1fecdc,btc-updown-5m-1776288600,2026-04-15T21:30:00+00:00,2026-04-15T21:29:01+00:00,2026-04-15T21:35:54+00:00,2026-04-15T21:36:54+00:00,down,0.5096511008,0,True,5,5,10.63829787,10.63829787,0.47,0.47,0.804,0.702,0.1855,0,5.1855,10.63829787,5.452797872,79.81250166,74.62700166,5.551115123e-17
fixed_5_usd,,current_gamma_schedule_0p07_counterfactual,1,60,full_ladder_snapshot_upper_bound,0xcc5e8f2409b3c879410dd0136fabd74c54f17615dfcdfb5df340d3c25e039725,btc-updown-5m-1776290400,2026-04-15T22:00:00+00:00,2026-04-15T21:59:01+00:00,2026-04-15T22:05:22+00:00,2026-04-15T22:06:22+00:00,down,0.5193990399,1,False,5,5,10.41666667,10.41666667,0.48,0.48,0.61,0.263,0.182,0,5.182,0,-5.182,95.90359741,90.72159741,-5.551115123e-17
fixed_5_usd,,current_gamma_schedule_0p07_counterfactual,1,60,full_ladder_snapshot_upper_bound,0xf5da1020c6d01461aadc3849161e97ad7e8e9c2f85097b7a095ad2e4f185dc49,btc-updown-5m-1776290700,2026-04-15T22:05:00+00:00,2026-04-15T22:04:01+00:00,2026-04-15T22:11:28+00:00,2026-04-15T22:12:28+00:00,down,0.5297839735,1,False,5,5,10,10,0.5,0.5,0.434,0.265,0.175,0,5.175,0,-5.175,90.72159741,85.54659741,0
fixed_5_usd,,current_gamma_schedule_0p07_counterfactual,1,60,full_ladder_snapshot_upper_bound,0x6cbafb6e8886e56c35b17f3caef74ba058ec7106a2e797c749c23dcf0e1187bc,btc-updown-5m-1776295500,2026-04-15T23:25:00+00:00,2026-04-15T23:24:01+00:00,2026-04-15T23:30:52+00:00,2026-04-15T23:31:52+00:00,down,0.484774355,1,False,5,5,11.36363636,11.36363636,0.44,0.44,0.252,0.173,0.196,0,5.196,0,-5.196,85.54659741,80.35059741,0
fixed_5_usd,,current_gamma_schedule_0p07_counterfactual,1,60,full_ladder_snapshot_upper_bound,0xca83abcd2ee9119c35c3a864615c475290cd6cf3cdee006ef6a9416f0ebf9ae1,btc-updown-5m-1776299100,2026-04-16T00:25:00+00:00,2026-04-16T00:24:01+00:00,2026-04-16T00:30:28+00:00,2026-04-16T00:31:28+00:00,down,0.4985713427,1,False,5,5,10.41666667,10.41666667,0.48,0.48,0.539,0.399,0.182,0,5.182,0,-5.182,80.35059741,75.16859741,-5.551115123e-17
fixed_5_usd,,current_gamma_schedule_0p07_counterfactual,1,60,full_ladder_snapshot_upper_bound,0x58e683a213b0786fdd61329361a8b5974f849fc15ed47edc1f7bb31d2aa2777e,btc-updown-5m-1776299400,2026-04-16T00:30:00+00:00,2026-04-16T00:29:01+00:00,2026-04-16T00:35:20+00:00,2026-04-16T00:36:20+00:00,down,0.498715014,1,False,5,5,10.41666667,10.41666667,0.48,0.48,0.096,0.029,0.182,0,5.182,0,-5.182,75.16859741,69.98659741,-5.551115123e-17
fixed_5_usd,,current_gamma_schedule_0p07_counterfactual,1,60,full_ladder_snapshot_upper_bound,0x4e3514828b59dcf58e5c6ca614d8a9399310425a1b6d53244d27d06f53ff6ba8,btc-updown-5m-1776299700,2026-04-16T00:35:00+00:00,2026-04-16T00:34:01+00:00,2026-04-16T00:41:28+00:00,2026-04-16T00:42:28+00:00,down,0.4993983159,0,True,5,5,10.41666667,10.41666667,0.48,0.48,0.207,0.102,0.182,0,5.182,10.41666667,5.234666667,69.98659741,64.80459741,-5.551115123e-17
fixed_5_usd,,current_gamma_schedule_0p07_counterfactual,1,60,full_ladder_snapshot_upper_bound,0x38bb641f36442e61d684e799e7e9dc17a5d0b4088d59dd9044e674e57d198639,btc-updown-5m-1776307200,2026-04-16T02:40:00+00:00,2026-04-16T02:39:01+00:00,2026-04-16T02:46:26+00:00,2026-04-16T02:47:26+00:00,up,0.4797690032,1,True,5,5,10.86956522,10.86956522,0.46,0.46,0.284,0.229,0.189,0,5.189,10.86956522,5.680565217,75.22126407,70.03226407,-5.551115123e-17
fixed_5_usd,,current_gamma_schedule_0p07_counterfactual,1,60,full_ladder_snapshot_upper_bound,0x5e783956b1ddb33a6a74e9c8f3681e63eb3e0fa0668be77624c6d37cbe8bec59,btc-updown-5m-1776309000,2026-04-16T03:10:00+00:00,2026-04-16T03:09:01+00:00,2026-04-16T03:15:26+00:00,2026-04-16T03:16:26+00:00,up,0.5053522943,1,True,5,5,10.41666667,10.41666667,0.48,0.48,0.454,0.384,0.182,0,5.182,10.41666667,5.234666667,80.90182929,75.71982929,-5.551115123e-17
fixed_5_usd,,current_gamma_schedule_0p07_counterfactual,1,60,full_ladder_snapshot_upper_bound,0xc22f88254eea7d8838537e214831d94c37351b0c2b0f7be4aaab3193a913da9e,btc-updown-5m-1776309300,2026-04-16T03:15:00+00:00,2026-04-16T03:14:01+00:00,2026-04-16T03:20:22+00:00,2026-04-16T03:21:22+00:00,up,0.5301929031,1,True,5,5,10,10,0.5,0.5,0.42,0.192,0.175,0,5.175,10,4.825,75.71982929,70.54482929,0
fixed_5_usd,,current_gamma_schedule_0p07_counterfactual,1,60,full_ladder_snapshot_upper_bound,0x6b9b4a0357e0c7800f6f6e012d06a566292003f1370ea143326f1e04ab32c081,btc-updown-5m-1776311700,2026-04-16T03:55:00+00:00,2026-04-16T03:54:01+00:00,2026-04-16T04:01:26+00:00,2026-04-16T04:02:26+00:00,up,0.5113882392,0,False,5,5,10.20408163,10.20408163,0.49,0.49,0.373,0.147,0.1785,0,5.1785,0,-5.1785,90.96149596,85.78299596,0
fixed_5_usd,,current_gamma_schedule_0p07_counterfactual,1,60,full_ladder_snapshot_upper_bound,0xfd82fdd8dc18301c001157f512760cacbd7a4449e57a6120e607a127cb215b45,btc-updown-5m-1776318000,2026-04-16T05:40:00+00:00,2026-04-16T05:39:01+00:00,2026-04-16T05:45:22+00:00,2026-04-16T05:46:22+00:00,down,0.5281388165,0,True,5,5,10,10,0.5,0.5,0.416,0.239,0.175,0,5.175,10,4.825,85.78299596,80.60799596,0
fixed_5_usd,,current_gamma_schedule_0p07_counterfactual,1,60,full_ladder_snapshot_upper_bound,0x0c2dc59c2abbab626981b8bb1d4fe03b0d2d37b0ee81b08078496830c0905a53,btc-updown-5m-1776321600,2026-04-16T06:40:00+00:00,2026-04-16T06:39:01+00:00,2026-04-16T06:45:20+00:00,2026-04-16T06:46:20+00:00,down,0.5103309611,0,True,5,5,10.20408163,10.20408163,0.49,0.49,0.823,0.587,0.1785,0,5.1785,10.20408163,5.025581633,90.60799596,85.42949596,0
fixed_5_usd,,current_gamma_schedule_0p07_counterfactual,1,60,full_ladder_snapshot_upper_bound,0x958b373082d28664aae4a355905f3e73f7146d694beb7b4e484e5ebfb3af7a55,btc-updown-5m-1776330000,2026-04-16T09:00:00+00:00,2026-04-16T08:59:01+00:00,2026-04-16T09:05:54+00:00,2026-04-16T09:06:54+00:00,down,0.5102315745,1,False,5,5,10.41666667,10.41666667,0.48,0.48,0.33,0.189,0.182,0,5.182,0,-5.182,95.63357759,90.45157759,-5.551115123e-17
fixed_5_usd,,current_gamma_schedule_0p07_counterfactual,1,60,full_ladder_snapshot_upper_bound,0x2079b3cb5c4d2317169488ef20bfe22990140c629e73b70494b1c8caf3348da6,btc-updown-5m-1776333600,2026-04-16T10:00:00+00:00,2026-04-16T09:59:01+00:00,2026-04-16T10:05:54+00:00,2026-04-16T10:06:54+00:00,down,0.5112364259,0,True,5,5,10.20408163,10.20408163,0.49,0.49,0.25,0.182,0.1785,0,5.1785,10.20408163,5.025581633,90.45157759,85.27307759,0
fixed_5_usd,,current_gamma_schedule_0p07_counterfactual,1,60,full_ladder_snapshot_upper_bound,0x614773e481f2af1bca92bf6e4346e1ce64df5d193d1189e11d6c7cfb2d98bced,btc-updown-5m-1776336900,2026-04-16T10:55:00+00:00,2026-04-16T10:54:01+00:00,2026-04-16T11:00:22+00:00,2026-04-16T11:01:22+00:00,up,0.5349468176,0,False,5,5,10.20408163,10.20408163,0.49,0.49,0.604,0.419,0.1785,0,5.1785,0,-5.1785,95.47715922,90.29865922,0
fixed_5_usd,,current_gamma_schedule_0p07_counterfactual,1,60,full_ladder_snapshot_upper_bound,0x462de5cfa730778d056d5b2a4f89681912a8fc6a5ad15db1a957502202293e82,btc-updown-5m-1776339600,2026-04-16T11:40:00+00:00,2026-04-16T11:39:01+00:00,2026-04-16T11:45:22+00:00,2026-04-16T11:46:22+00:00,down,0.5176275317,1,False,5,5,10,10,0.5,0.5,0.063,0.013,0.175,0,5.175,0,-5.175,90.29865922,85.12365922,0
fixed_5_usd,,current_gamma_schedule_0p07_counterfactual,1,60,full_ladder_snapshot_upper_bound,0x3b3ba01fc9146e801a7ae8194cd6aab7ffb4ab46e1d1e2a60b0675d26b9f71c9,btc-updown-5m-1776343200,2026-04-16T12:40:00+00:00,2026-04-16T12:39:01+00:00,2026-04-16T12:45:18+00:00,2026-04-16T12:46:18+00:00,up,0.4935032668,1,True,5,5,11.9047619,11.9047619,0.42,0.42,0.63,0.559,0.203,0,5.203,11.9047619,6.701761905,85.12365922,79.92065922,0
fixed_5_usd,,current_gamma_schedule_0p07_counterfactual,1,60,full_ladder_snapshot_upper_bound,0xfc09b4bbb66fc5627d5c4ccac8e96055c04f92c4e5bf713aedb71efdcd35aae7,btc-updown-5m-1776344700,2026-04-16T13:05:00+00:00,2026-04-16T13:04:01+00:00,2026-04-16T13:10:22+00:00,2026-04-16T13:11:22+00:00,up,0.5224298451,1,True,5,5,10.20408163,10.20408163,0.49,0.49,0.617,0.53,0.1785,0,5.1785,10.20408163,5.025581633,91.82542113,86.64692113,0
fixed_5_usd,,current_gamma_schedule_0p07_counterfactual,1,60,full_ladder_snapshot_upper_bound,0x099148ee89918b90ca44103ac4223eedc6dab30fd3685ffa8da2d91d00b46cc8,btc-updown-5m-1776345300,2026-04-16T13:15:00+00:00,2026-04-16T13:14:01+00:00,2026-04-16T13:20:22+00:00,2026-04-16T13:21:22+00:00,up,0.5098513102,1,True,5,5,10.20408163,10.20408163,0.49,0.49,0.337,0.167,0.1785,0,5.1785,10.20408163,5.025581633,96.85100276,91.67250276,0
fixed_5_usd,,current_gamma_schedule_0p07_counterfactual,1,60,full_ladder_snapshot_upper_bound,0x41e42a15bad3756069451ab8c184c22d2a7910a88f41ca038f0c73a22bc90cba,btc-updown-5m-1776350100,2026-04-16T14:35:00+00:00,2026-04-16T14:34:01+00:00,2026-04-16T14:40:54+00:00,2026-04-16T14:41:54+00:00,down,0.5120693012,0,True,5,5,10.20408163,10.20408163,0.49,0.49,0.208,0.142,0.1785,0,5.1785,10.20408163,5.025581633,101.8765844,96.69808439,0
fixed_5_usd,,current_gamma_schedule_0p07_counterfactual,1,60,full_ladder_snapshot_upper_bound,0x732a724ae863a932ec03ae3b630b1eac475b93d932796c469dea60b6348079d4,btc-updown-5m-1776351000,2026-04-16T14:50:00+00:00,2026-04-16T14:49:01+00:00,2026-04-16T14:55:16+00:00,2026-04-16T14:56:16+00:00,down,0.51998667,0,True,5,5,10.20408163,10.20408163,0.49,0.49,0.49,0.458,0.1785,0,5.1785,10.20408163,5.025581633,106.902166,101.723666,0
fixed_5_usd,,current_gamma_schedule_0p07_counterfactual,1,60,full_ladder_snapshot_upper_bound,0xb5f80979a9781d4b248541846f4033a63a0532478dcd6aa44a034527d2793c13,btc-updown-5m-1776352200,2026-04-16T15:10:00+00:00,2026-04-16T15:09:01+00:00,2026-04-16T15:15:20+00:00,2026-04-16T15:16:20+00:00,up,0.497145482,1,True,5,5,10.63829787,10.63829787,0.47,0.47,0.551,0.384,0.1855,0,5.1855,10.63829787,5.452797872,111.9277477,106.7422477,5.551115123e-17
fixed_5_usd,,current_gamma_schedule_0p07_counterfactual,1,60,full_ladder_snapshot_upper_bound,0x2b91c27e19475fa9c90d6b9b3ed12d457e56838dc695438f3409f67a4776e027,btc-updown-5m-1776354000,2026-04-16T15:40:00+00:00,2026-04-16T15:39:01+00:00,2026-04-16T15:45:18+00:00,2026-04-16T15:46:18+00:00,up,0.5035912225,0,False,5,5,10.41666667,10.41666667,0.48,0.48,0.508,0.382,0.182,0,5.182,0,-5.182,117.3805455,112.1985455,-5.551115123e-17
fixed_5_usd,,current_gamma_schedule_0p07_counterfactual,1,60,full_ladder_snapshot_upper_bound,0xcfbead6e6156d66ca44cf2cca0783775e76bab39ec18fdbc7f3fe443002d8429,btc-updown-5m-1776355200,2026-04-16T16:00:00+00:00,2026-04-16T15:59:01+00:00,2026-04-16T16:05:22+00:00,2026-04-16T16:06:22+00:00,down,0.5240326941,1,False,5,5,10,10,0.5,0.5,0.123,0.011,0.175,0,5.175,0,-5.175,112.1985455,107.0235455,0
fixed_5_usd,,current_gamma_schedule_0p07_counterfactual,1,60,full_ladder_snapshot_upper_bound,0x9084d9b802082d172dc9ac28ec4f35bf477601a5f6bed44ff5c1620333e3758d,btc-updown-5m-1776359100,2026-04-16T17:05:00+00:00,2026-04-16T17:04:01+00:00,2026-04-16T17:10:22+00:00,2026-04-16T17:11:22+00:00,up,0.5309409659,0,False,5,5,10,10,0.5,0.5,0.642,0.604,0.175,0,5.175,0,-5.175,107.0235455,101.8485455,0
fixed_5_usd,,current_gamma_schedule_0p07_counterfactual,1,60,full_ladder_snapshot_upper_bound,0x457acba0a06d1b909914e52ede5f41d8f0477c4092a15d1b1faa55146847c7db,btc-updown-5m-1776360000,2026-04-16T17:20:00+00:00,2026-04-16T17:19:01+00:00,2026-04-16T17:25:20+00:00,2026-04-16T17:26:20+00:00,up,0.5507262168,1,True,5,5,9.730769231,9.730769231,0.5138339921,0.51,0.934,0.847,0.17014,0,5.17014,9.730769231,4.560629231,101.8485455,96.67840553,0.003833992095
fixed_5_usd,,current_gamma_schedule_0p07_counterfactual,1,60,full_ladder_snapshot_upper_bound,0xef314c054d362636f0a623c375fe49fecedd897cbc7fa823adc1e48306bafe0e,btc-updown-5m-1776362100,2026-04-16T17:55:00+00:00,2026-04-16T17:54:01+00:00,2026-04-16T18:00:20+00:00,2026-04-16T18:01:20+00:00,down,0.5021647898,1,False,5,5,11.11111111,11.11111111,0.45,0.45,0.119,0.079,0.1925,0,5.1925,0,-5.1925,106.4091748,101.2166748,0
fixed_5_usd,,current_gamma_schedule_0p07_counterfactual,1,60,full_ladder_snapshot_upper_bound,0x2255fbe0b41cd2422a296967ca5f9a3c87d9d7ebcf1e07919a535e51ac44b938,btc-updown-5m-1776365400,2026-04-16T18:50:00+00:00,2026-04-16T18:49:01+00:00,2026-04-16T18:55:22+00:00,2026-04-16T18:56:22+00:00,up,0.4933817467,1,True,5,5,10.86956522,10.86956522,0.46,0.46,0.272,0.198,0.189,0,5.189,10.86956522,5.680565217,101.2166748,96.02767476,-5.551115123e-17
fixed_5_usd,,current_gamma_schedule_0p07_counterfactual,1,60,full_ladder_snapshot_upper_bound,0x101cd8b0935b172b9939028270efc8efc3a936d51ad857e880d8cfa8d5b90b12,btc-updown-5m-1776365700,2026-04-16T18:55:00+00:00,2026-04-16T18:54:01+00:00,2026-04-16T19:00:38+00:00,2026-04-16T19:01:38+00:00,up,0.501180217,1,True,5,5,11.36363636,11.36363636,0.44,0.44,0.922,0.684,0.196,0,5.196,11.36363636,6.167636364,96.02767476,90.83167476,0
fixed_5_usd,,current_gamma_schedule_0p07_counterfactual,1,60,full_ladder_snapshot_upper_bound,0xc04704964f48ddef7fd36107cc3f0c12ab7fbc09cda928d81b93f861bd8de1fb,btc-updown-5m-1776366000,2026-04-16T19:00:00+00:00,2026-04-16T18:59:01+00:00,2026-04-16T19:05:22+00:00,2026-04-16T19:06:22+00:00,up,0.4996776023,0,False,5,5,10.86956522,10.86956522,0.46,0.46,0.176,0.095,0.189,0,5.189,0,-5.189,101.70124,96.51223998,-5.551115123e-17
fixed_5_usd,,current_gamma_schedule_0p07_counterfactual,1,60,full_ladder_snapshot_upper_bound,0xcf677ca0cc2c578f2f4806a197b2d620081de800bfa44dad83ffd3ae72e2db22,btc-updown-5m-1776366600,2026-04-16T19:10:00+00:00,2026-04-16T19:09:01+00:00,2026-04-16T19:15:22+00:00,2026-04-16T19:16:22+00:00,up,0.5103476154,0,False,5,5,10.41666667,10.41666667,0.48,0.48,0.433,0.392,0.182,0,5.182,0,-5.182,107.8758763,102.6938763,-5.551115123e-17
fixed_5_usd,,current_gamma_schedule_0p07_counterfactual,1,60,full_ladder_snapshot_upper_bound,0xbf9e0d79f1b5c8a09b19b1b086bb92c97ee05f080ac44a0993a37dc89d62f424,btc-updown-5m-1776368100,2026-04-16T19:35:00+00:00,2026-04-16T19:34:01+00:00,2026-04-16T19:40:18+00:00,2026-04-16T19:41:18+00:00,up,0.5029265501,1,True,5,5,10.41666667,10.41666667,0.48,0.48,0.846,0.657,0.182,0,5.182,10.41666667,5.234666667,102.6938763,97.51187634,-5.551115123e-17
fixed_5_usd,,current_gamma_schedule_0p07_counterfactual,1,60,full_ladder_snapshot_upper_bound,0xa40ac36800fecb6be46520dc3e34c26dba7696bd74f331559f554f761dddea89,btc-updown-5m-1776371400,2026-04-16T20:30:00+00:00,2026-04-16T20:29:01+00:00,2026-04-16T20:35:18+00:00,2026-04-16T20:36:18+00:00,down,0.5103267991,0,True,5,5,10.20408163,10.20408163,0.49,0.49,0.263,0.185,0.1785,0,5.1785,10.20408163,5.025581633,107.928543,102.750043,0
fixed_5_usd,,current_gamma_schedule_0p07_counterfactual,1,60,full_ladder_snapshot_upper_bound,0xeee444851617ae1c8bcc290ba55e7a938a1a16b5f4764ee9f974e3a37303b867,btc-updown-5m-1776373800,2026-04-16T21:10:00+00:00,2026-04-16T21:09:01+00:00,2026-04-16T21:15:18+00:00,2026-04-16T21:16:18+00:00,down,0.5100778086,0,True,5,5,10.20408163,10.20408163,0.49,0.49,0.933,0.906,0.1785,0,5.1785,10.20408163,5.025581633,112.9541246,107.7756246,0
fixed_5_usd,,current_gamma_schedule_0p07_counterfactual,1,60,full_ladder_snapshot_upper_bound,0x46f5ae1041f225c83c508d58f506f1743cf898fd7091ab570fe1532642ec8855,btc-updown-5m-1776374100,2026-04-16T21:15:00+00:00,2026-04-16T21:14:01+00:00,2026-04-16T21:20:18+00:00,2026-04-16T21:21:18+00:00,down,0.510868811,0,True,5,5,11.11111111,11.11111111,0.45,0.45,0.93,0.697,0.1925,0,5.1925,11.11111111,5.918611111,107.7756246,102.5831246,0
fixed_5_usd,,current_gamma_schedule_0p07_counterfactual,1,60,full_ladder_snapshot_upper_bound,0xbc515c5b686f3cff047b2b91f08d15c16fbaa2df59fff73f0273752967a127de,btc-updown-5m-1776375000,2026-04-16T21:30:00+00:00,2026-04-16T21:29:01+00:00,2026-04-16T21:35:16+00:00,2026-04-16T21:36:16+00:00,up,0.5301402108,1,True,5,5,9.803921569,9.803921569,0.51,0.51,0.587,0.429,0.1715,0,5.1715,9.803921569,4.632421569,123.8983174,118.7268174,0
fixed_5_usd,,current_gamma_schedule_0p07_counterfactual,1,60,full_ladder_snapshot_upper_bound,0x40492a1ff7f167c8ff659d1cfbf8c61674f2ce1c8c75975ad5936ff56138a226,btc-updown-5m-1776375300,2026-04-16T21:35:00+00:00,2026-04-16T21:34:01+00:00,2026-04-16T21:40:26+00:00,2026-04-16T21:41:26+00:00,down,0.4930091343,0,True,5,5,11.9047619,11.9047619,0.42,0.42,0.964,0.932,0.203,0,5.203,11.9047619,6.701761905,118.7268174,113.5238174,0
fixed_5_usd,,current_gamma_schedule_0p07_counterfactual,1,60,full_ladder_snapshot_upper_bound,0x91aa7276bef9ff2cb5518c92991bfa751d5517ae165fc6a67429f15547fba684,btc-updown-5m-1776386100,2026-04-17T00:35:00+00:00,2026-04-17T00:34:01+00:00,2026-04-17T00:40:18+00:00,2026-04-17T00:41:18+00:00,down,0.5270380946,0,True,5,5,10.20408163,10.20408163,0.49,0.49,0.552,0.232,0.1785,0,5.1785,10.20408163,5.025581633,135.2325009,130.0540009,0
fixed_5_usd,,current_gamma_schedule_0p07_counterfactual,1,60,full_ladder_snapshot_upper_bound,0xe261a47a6d122e53ff6797c826bc5555b3d40ca75bed40e777ec146bd7108875,btc-updown-5m-1776388800,2026-04-17T01:20:00+00:00,2026-04-17T01:19:01+00:00,2026-04-17T01:25:18+00:00,2026-04-17T01:26:18+00:00,up,0.5125775804,0,False,5,5,11.11111111,11.11111111,0.45,0.45,0.189,0.113,0.1925,0,5.1925,0,-5.1925,140.2580825,135.0655825,0
fixed_5_usd,,current_gamma_schedule_0p07_counterfactual,1,60,full_ladder_snapshot_upper_bound,0x52790547e0044828100124da1c9ac11c794d781f2e72bacdbf3ca037df022991,btc-updown-5m-1776391200,2026-04-17T02:00:00+00:00,2026-04-17T01:59:01+00:00,2026-04-17T02:05:18+00:00,2026-04-17T02:06:18+00:00,up,0.5254277844,1,True,5,5,10.20408163,10.20408163,0.49,0.49,0.955,0.764,0.1785,0,5.1785,10.20408163,5.025581633,135.0655825,129.8870825,0
fixed_5_usd,,current_gamma_schedule_0p07_counterfactual,1,60,full_ladder_snapshot_upper_bound,0x40e4e3c747de8b8a57d08ae45590d2563af769f7407e889ba48ac0fc4d969d94,btc-updown-5m-1776393000,2026-04-17T02:30:00+00:00,2026-04-17T02:29:01+00:00,2026-04-17T02:35:22+00:00,2026-04-17T02:36:22+00:00,down,0.5107565273,1,False,5,5,10.20408163,10.20408163,0.49,0.49,0.537,0.5,0.1785,0,5.1785,0,-5.1785,140.0911641,134.9126641,0
fixed_5_usd,,current_gamma_schedule_0p07_counterfactual,1,60,full_ladder_snapshot_upper_bound,0x93bfb89bc99e5913e4c62c62c71c91416c4463e89d6cde692b96b52dc974891e,btc-updown-5m-1776395100,2026-04-17T03:05:00+00:00,2026-04-17T03:04:01+00:00,2026-04-17T03:10:36+00:00,2026-04-17T03:11:36+00:00,down,0.5155807789,0,True,5,5,10.20408163,10.20408163,0.49,0.49,0.964,0.842,0.1785,0,5.1785,10.20408163,5.025581633,134.9126641,129.7341641,0
fixed_5_usd,,current_gamma_schedule_0p07_counterfactual,1,60,full_ladder_snapshot_upper_bound,0x037ed73ac96f9dea86c257398a539dd4aa0033b11ef5054b9f8ed590b6d2d9bb,btc-updown-5m-1776395700,2026-04-17T03:15:00+00:00,2026-04-17T03:14:01+00:00,2026-04-17T03:20:18+00:00,2026-04-17T03:21:18+00:00,down,0.5154629506,1,False,5,5,10.20408163,10.20408163,0.49,0.49,0.227,0.131,0.1785,0,5.1785,0,-5.1785,139.9382458,134.7597458,0
fixed_5_usd,,current_gamma_schedule_0p07_counterfactual,1,60,full_ladder_snapshot_upper_bound,0xcc038e132702db3bd2e2b22d80b25f81d1502d550d58703abb4d249d2dfd59de,btc-updown-5m-1776396900,2026-04-17T03:35:00+00:00,2026-04-17T03:34:01+00:00,2026-04-17T03:40:18+00:00,2026-04-17T03:41:18+00:00,down,0.5072866649,1,False,5,5,12.5,12.5,0.4,0.4,0.412,0.354,0.21,0,5.21,0,-5.21,134.7597458,129.5497458,0
fixed_5_usd,,current_gamma_schedule_0p07_counterfactual,1,60,full_ladder_snapshot_upper_bound,0x3a20ace774ba8e8dab8021e29e54175fe243a8bea83ee2662c7cee34c9b166df,btc-updown-5m-1776400500,2026-04-17T04:35:00+00:00,2026-04-17T04:34:01+00:00,2026-04-17T04:40:18+00:00,2026-04-17T04:41:18+00:00,down,0.5359410082,0,True,5,5,10,10,0.5,0.5,0.65,0.413,0.175,0,5.175,10,4.825,129.5497458,124.3747458,0
fixed_5_usd,,current_gamma_schedule_0p07_counterfactual,1,60,full_ladder_snapshot_upper_bound,0x6003254904838765cb06087da2851ac9c2b06d9ecd5c4e723b22ab124d058081,btc-updown-5m-1776400800,2026-04-17T04:40:00+00:00,2026-04-17T04:39:01+00:00,2026-04-17T04:45:18+00:00,2026-04-17T04:46:18+00:00,down,0.5363155784,1,False,5,5,9.803921569,9.803921569,0.51,0.51,0.948,0.832,0.1715,0,5.1715,0,-5.1715,124.3747458,119.2032458,0
fixed_5_usd,,current_gamma_schedule_0p07_counterfactual,1,60,full_ladder_snapshot_upper_bound,0xcb88dabdcb087575af20026732a1643978c516551821b97e344e0e94a30e193b,btc-updown-5m-1776407700,2026-04-17T06:35:00+00:00,2026-04-17T06:34:01+00:00,2026-04-17T06:40:36+00:00,2026-04-17T06:41:36+00:00,down,0.5250686099,1,False,5,5,10,10,0.5,0.5,0.219,0.181,0.175,0,5.175,0,-5.175,129.2032458,124.0282458,0
fixed_5_usd,,current_gamma_schedule_0p07_counterfactual,1,60,full_ladder_snapshot_upper_bound,0x343fac6c575af4400f9286a041a49cb0d3429cda25b9b6f6922dfa010d833f2c,btc-updown-5m-1776408300,2026-04-17T06:45:00+00:00,2026-04-17T06:44:01+00:00,2026-04-17T06:50:26+00:00,2026-04-17T06:51:26+00:00,down,0.5320653621,1,False,5,5,10.63829787,10.63829787,0.47,0.47,0.118,0.065,0.1855,0,5.1855,0,-5.1855,124.0282458,118.8427458,5.551115123e-17
fixed_5_usd,,current_gamma_schedule_0p07_counterfactual,1,60,full_ladder_snapshot_upper_bound,0xbd4ea6c5d0267ad4e0a30b36ffd924a364936b77343b7e4350d7ced9253d3d9c,btc-updown-5m-1776408900,2026-04-17T06:55:00+00:00,2026-04-17T06:54:01+00:00,2026-04-17T07:00:54+00:00,2026-04-17T07:01:54+00:00,down,0.5357972577,1,False,5,5,10.20408163,10.20408163,0.49,0.49,0.152,0.096,0.1785,0,5.1785,0,-5.1785,118.8427458,113.6642458,0
fixed_5_usd,,current_gamma_schedule_0p07_counterfactual,1,60,full_ladder_snapshot_upper_bound,0x1145d4a2032a238ecdee25007635ca627500f0e3561125627417b9768737932e,btc-updown-5m-1776409800,2026-04-17T07:10:00+00:00,2026-04-17T07:09:01+00:00,2026-04-17T07:15:20+00:00,2026-04-17T07:16:20+00:00,up,0.4424139428,0,False,5,5,12.19512195,12.19512195,0.41,0.41,0.251,0.156,0.2065,0,5.2065,0,-5.2065,113.6642458,108.4577458,0
fixed_5_usd,,current_gamma_schedule_0p07_counterfactual,1,60,full_ladder_snapshot_upper_bound,0x92aca25e6877df4ca4a5b8cf6a9a7767de576eb435e2011e729953118f9c69da,btc-updown-5m-1776412200,2026-04-17T07:50:00+00:00,2026-04-17T07:49:01+00:00,2026-04-17T07:55:18+00:00,2026-04-17T07:56:18+00:00,down,0.5287715654,1,False,5,5,10,10,0.5,0.5,0.656,0.358,0.175,0,5.175,0,-5.175,108.4577458,103.2827458,0
fixed_5_usd,,current_gamma_schedule_0p07_counterfactual,1,60,full_ladder_snapshot_upper_bound,0x9c89d993af389764217a7300cae58914390e4e3bc3d35db605f6c32174e2232e,btc-updown-5m-1776412800,2026-04-17T08:00:00+00:00,2026-04-17T07:59:01+00:00,2026-04-17T08:05:36+00:00,2026-04-17T08:06:36+00:00,down,0.5356231296,1,False,5,5,10,10,0.5,0.5,0.903,0.834,0.175,0,5.175,0,-5.175,103.2827458,98.10774576,0
fixed_5_usd,,current_gamma_schedule_0p07_counterfactual,1,60,full_ladder_snapshot_upper_bound,0x7f9b1aa170bc8f2ebe14677eff13daf040acd93a99fb612cb501e2eb6c43b666,btc-updown-5m-1776417900,2026-04-17T09:25:00+00:00,2026-04-17T09:24:01+00:00,2026-04-17T09:31:30+00:00,2026-04-17T09:32:30+00:00,down,0.5488803043,1,False,5,5,9.803921569,9.803921569,0.51,0.51,0.197,0.109,0.1715,0,5.1715,0,-5.1715,98.10774576,92.93624576,0
fixed_5_usd,,current_gamma_schedule_0p07_counterfactual,1,60,full_ladder_snapshot_upper_bound,0x128b6e434e3813ec29a2fd12340dd561d45b5ee4530470ca7d335ff9c08da881,btc-updown-5m-1776419100,2026-04-17T09:45:00+00:00,2026-04-17T09:44:01+00:00,2026-04-17T09:50:22+00:00,2026-04-17T09:51:22+00:00,down,0.5256112397,1,False,5,5,10,10,0.5,0.5,0.935,0.744,0.175,0,5.175,0,-5.175,92.93624576,87.76124576,0
fixed_5_usd,,current_gamma_schedule_0p07_counterfactual,1,60,full_ladder_snapshot_upper_bound,0xf7d3c629c74e20c6babd822a201c8e19a77cfc941435f64f9e79a06fbca950a4,btc-updown-5m-1776419700,2026-04-17T09:55:00+00:00,2026-04-17T09:54:01+00:00,2026-04-17T10:00:20+00:00,2026-04-17T10:01:20+00:00,down,0.515674695,0,True,5,5,10.20408163,10.20408163,0.49,0.49,0.173,0.068,0.1785,0,5.1785,10.20408163,5.025581633,87.76124576,82.58274576,0
fixed_5_usd,,current_gamma_schedule_0p07_counterfactual,1,60,full_ladder_snapshot_upper_bound,0xcc5cd299efb5bada57ce7608fc5ab4ea1ab4d6838570f4a00b87bdc5a1bb1845,btc-updown-5m-1776420900,2026-04-17T10:15:00+00:00,2026-04-17T10:14:01+00:00,2026-04-17T10:20:22+00:00,2026-04-17T10:21:22+00:00,up,0.5233650901,1,True,5,5,10.047,10.047,0.4976609933,0.49,0.589,0.497,0.17581,0,5.17581,10.047,4.87119,92.78682739,87.61101739,0.007660993331
fixed_5_usd,,current_gamma_schedule_0p07_counterfactual,1,60,full_ladder_snapshot_upper_bound,0x12f901a8f69c5a099192c2f6e6cdb23f4aa21dc201fdd62d719481607ebfa052,btc-updown-5m-1776425400,2026-04-17T11:30:00+00:00,2026-04-17T11:29:01+00:00,2026-04-17T11:35:20+00:00,2026-04-17T11:36:20+00:00,down,0.5117578892,1,False,5,5,10.20408163,10.20408163,0.49,0.49,0.155,0.105,0.1785,0,5.1785,0,-5.1785,97.65801739,92.47951739,0
fixed_5_usd,,current_gamma_schedule_0p07_counterfactual,1,60,full_ladder_snapshot_upper_bound,0x2c5eb4515359591e4930f89598ee3830139de79cabb19e9bbf132b877e44a020,btc-updown-5m-1776426000,2026-04-17T11:40:00+00:00,2026-04-17T11:39:01+00:00,2026-04-17T11:45:20+00:00,2026-04-17T11:46:20+00:00,down,0.5295496495,0,True,5,5,10,10,0.5,0.5,0.134,0.034,0.175,0,5.175,10,4.825,92.47951739,87.30451739,0
fixed_5_usd,,current_gamma_schedule_0p07_counterfactual,1,60,full_ladder_snapshot_upper_bound,0xc009a249cd8756fd95b216234bb9d01efaa45049f7c1702dbd5ebe8e0cd9db46,btc-updown-5m-1776426300,2026-04-17T11:45:00+00:00,2026-04-17T11:44:01+00:00,2026-04-17T11:50:18+00:00,2026-04-17T11:51:18+00:00,down,0.5235734515,1,False,5,5,10,10,0.5,0.5,0.122,0.036,0.175,0,5.175,0,-5.175,87.30451739,82.12951739,0
fixed_5_usd,,current_gamma_schedule_0p07_counterfactual,1,60,full_ladder_snapshot_upper_bound,0xfa552d20bb1ae20f4a40ddfec3094c8408a573b44b8c810b3e03ddc255c1cffe,btc-updown-5m-1776432300,2026-04-17T13:25:00+00:00,2026-04-17T13:24:01+00:00,2026-04-17T13:30:36+00:00,2026-04-17T13:31:36+00:00,down,0.5324656509,0,True,5,5,10.63829787,10.63829787,0.47,0.47,0.293,0.233,0.1855,0,5.1855,10.63829787,5.452797872,92.12951739,86.94401739,5.551115123e-17
fixed_5_usd,,current_gamma_schedule_0p07_counterfactual,1,60,full_ladder_snapshot_upper_bound,0x5f2941b1685255718fcf17fc18af438a9ef99ea37abb21a4712d5c73f1cf15bd,btc-updown-5m-1776434700,2026-04-17T14:05:00+00:00,2026-04-17T14:04:01+00:00,2026-04-17T14:10:18+00:00,2026-04-17T14:11:18+00:00,down,0.5222906114,0,True,5,5,12.5,12.5,0.4,0.4,0.107,0.048,0.21,0,5.21,12.5,7.29,97.58231526,92.37231526,0
fixed_5_usd,,current_gamma_schedule_0p07_counterfactual,1,60,full_ladder_snapshot_upper_bound,0x35762165295b39729d212a0d4314bd58262edf1569686d37f13350681862af29,btc-updown-5m-1776436200,2026-04-17T14:30:00+00:00,2026-04-17T14:29:01+00:00,2026-04-17T14:35:18+00:00,2026-04-17T14:36:18+00:00,up,0.4985907679,1,True,5,5,10.41666667,10.41666667,0.48,0.48,0.315,0.147,0.182,0,5.182,10.41666667,5.234666667,104.8723153,99.69031526,-5.551115123e-17
fixed_5_usd,,current_gamma_schedule_0p07_counterfactual,1,60,full_ladder_snapshot_upper_bound,0x62ca71beaeea86a84b8b7d95a1bc7bbbba1574ffb0d2649b714e0eb905f8dcef,btc-updown-5m-1776448800,2026-04-17T18:00:00+00:00,2026-04-17T17:59:01+00:00,2026-04-17T18:05:18+00:00,2026-04-17T18:06:18+00:00,up,0.529261437,0,False,5,5,9.803921569,9.803921569,0.51,0.51,0.164,0.041,0.1715,0,5.1715,0,-5.1715,110.1069819,104.9354819,0
fixed_5_usd,,current_gamma_schedule_0p07_counterfactual,1,60,full_ladder_snapshot_upper_bound,0x5b0b59b001fcddf388cd8a0c83f1cd2ad9b4c989a9f7ae1ca8be5c799c7871be,btc-updown-5m-1776455400,2026-04-17T19:50:00+00:00,2026-04-17T19:49:01+00:00,2026-04-17T19:55:18+00:00,2026-04-17T19:56:18+00:00,up,0.5120992336,0,False,5,5,10.20408163,10.20408163,0.49,0.49,0.373,0.253,0.1785,0,5.1785,0,-5.1785,104.9354819,99.75698193,0
fixed_5_usd,,current_gamma_schedule_0p07_counterfactual,1,60,full_ladder_snapshot_upper_bound,0xe03448fc474b1d9e2a16b580c059907c3ae56d8de48872b183a97020c56aea69,btc-updown-5m-1776460200,2026-04-17T21:10:00+00:00,2026-04-17T21:09:01+00:00,2026-04-17T21:15:54+00:00,2026-04-17T21:16:54+00:00,up,0.5040644682,1,True,5,5,10.41666667,10.41666667,0.48,0.48,0.088,0,0.182,0,5.182,10.41666667,5.234666667,99.75698193,94.57498193,-5.551115123e-17
fixed_5_usd,,current_gamma_schedule_0p07_counterfactual,1,60,full_ladder_snapshot_upper_bound,0x1f3b3b8b52cc669d3b2b0091bc6bc9ce65435932f45943499b60d1843ca268cb,btc-updown-5m-1776462300,2026-04-17T21:45:00+00:00,2026-04-17T21:44:01+00:00,2026-04-17T21:50:22+00:00,2026-04-17T21:51:22+00:00,down,0.5276196851,0,True,5,5,10,10,0.5,0.5,0.951,0.825,0.175,0,5.175,10,4.825,104.9916486,99.8166486,0
fixed_5_usd,,current_gamma_schedule_0p07_counterfactual,1,60,full_ladder_snapshot_upper_bound,0xdb0cd77eda34a1d63ee1da42758559891e17a480079600660e504cc61993b488,btc-updown-5m-1776466200,2026-04-17T22:50:00+00:00,2026-04-17T22:49:01+00:00,2026-04-17T22:55:26+00:00,2026-04-17T22:56:26+00:00,down,0.4989408834,1,False,5,5,10.41666667,10.41666667,0.48,0.48,0.289,0.089,0.182,0,5.182,0,-5.182,109.8166486,104.6346486,-5.551115123e-17
fixed_5_usd,,current_gamma_schedule_0p07_counterfactual,1,60,full_ladder_snapshot_upper_bound,0xb8b5a04fb98e22455ab2ea55b0179ac527cd750432577d68cf9a2fbc79d079b0,btc-updown-5m-1776469200,2026-04-17T23:40:00+00:00,2026-04-17T23:39:01+00:00,2026-04-17T23:45:52+00:00,2026-04-17T23:46:52+00:00,down,0.4849614848,1,False,5,5,11.11111111,11.11111111,0.45,0.45,0.968,0.751,0.1925,0,5.1925,0,-5.1925,104.6346486,99.4421486,0
fixed_5_usd,,current_gamma_schedule_0p07_counterfactual,1,60,full_ladder_snapshot_upper_bound,0x68dd436cf7c28657f05d1f392449dec59c3e147a9949d987cec1014b1af53b8c,btc-updown-5m-1776470700,2026-04-18T00:05:00+00:00,2026-04-18T00:04:01+00:00,2026-04-18T00:10:18+00:00,2026-04-18T00:11:18+00:00,down,0.5022756291,0,True,5,5,10.41666667,10.41666667,0.48,0.48,0.034,0.006,0.182,0,5.182,10.41666667,5.234666667,99.4421486,94.2601486,-5.551115123e-17
fixed_5_usd,,current_gamma_schedule_0p07_counterfactual,1,60,full_ladder_snapshot_upper_bound,0x13b7a65a2a8cba03b597b0130e73f51815c7c9e7dca396f75ba370260b4abb4a,btc-updown-5m-1776472500,2026-04-18T00:35:00+00:00,2026-04-18T00:34:01+00:00,2026-04-18T00:40:22+00:00,2026-04-18T00:41:22+00:00,down,0.5209416411,0,True,5,5,10.20408163,10.20408163,0.49,0.49,0.947,0.898,0.1785,0,5.1785,10.20408163,5.025581633,104.6768153,99.49831526,0
fixed_5_usd,,current_gamma_schedule_0p07_counterfactual,1,60,full_ladder_snapshot_upper_bound,0x0c4fd2d3ea1173c8ea4d671c2b900ded621484b7d0d83bd8acf254b29de1cfcb,btc-updown-5m-1776474900,2026-04-18T01:15:00+00:00,2026-04-18T01:14:01+00:00,2026-04-18T01:20:36+00:00,2026-04-18T01:21:36+00:00,down,0.5186588698,1,False,5,5,10.20408163,10.20408163,0.49,0.49,0.186,0.096,0.1785,0,5.1785,0,-5.1785,109.7023969,104.5238969,0
fixed_5_usd,,current_gamma_schedule_0p07_counterfactual,1,60,full_ladder_snapshot_upper_bound,0x6f89384511c3d226106b882570bbbf8cc3ef6e9a8013c78c3bf6b21598ef1b0d,btc-updown-5m-1776476400,2026-04-18T01:40:00+00:00,2026-04-18T01:39:01+00:00,2026-04-18T01:45:26+00:00,2026-04-18T01:46:26+00:00,down,0.5088066884,0,True,5,5,10.20408163,10.20408163,0.49,0.49,0.665,0.626,0.1785,0,5.1785,10.20408163,5.025581633,104.5238969,99.3453969,0
fixed_5_usd,,current_gamma_schedule_0p07_counterfactual,1,60,full_ladder_snapshot_upper_bound,0x1ef26f1ab5c9632b1731542d8e4f50b4f1b5a198f0d9268dbd7fc75783f3870d,btc-updown-5m-1776478200,2026-04-18T02:10:00+00:00,2026-04-18T02:09:01+00:00,2026-04-18T02:15:18+00:00,2026-04-18T02:16:18+00:00,up,0.508850476,1,True,5,5,10.20408163,10.20408163,0.49,0.49,0.413,0.327,0.1785,0,5.1785,10.20408163,5.025581633,109.5494785,104.3709785,0
fixed_5_usd,,current_gamma_schedule_0p07_counterfactual,1,60,full_ladder_snapshot_upper_bound,0x9a62f152ec0b6b7912c48bb20c9d8f0ba5cc07ac79baeebe8291132ef45cf194,btc-updown-5m-1776479100,2026-04-18T02:25:00+00:00,2026-04-18T02:24:01+00:00,2026-04-18T02:30:54+00:00,2026-04-18T02:31:54+00:00,down,0.5292221362,0,True,5,5,10,10,0.5,0.5,0.257,0.172,0.175,0,5.175,10,4.825,114.5750602,109.4000602,0
fixed_5_usd,,current_gamma_schedule_0p07_counterfactual,1,60,full_ladder_snapshot_upper_bound,0x2f265556ba38c3354451d828cbb4bb458fe4725e99e4cce3031c774122c9df04,btc-updown-5m-1776479400,2026-04-18T02:30:00+00:00,2026-04-18T02:29:01+00:00,2026-04-18T02:35:18+00:00,2026-04-18T02:36:18+00:00,down,0.5230436584,0,True,5,5,10,10,0.5,0.5,0.941,0.88,0.175,0,5.175,10,4.825,109.4000602,104.2250602,0
fixed_5_usd,,current_gamma_schedule_0p07_counterfactual,1,60,full_ladder_snapshot_upper_bound,0xafb75f80ed73e135443fc23d3022752d5fa9909d55e43d139aca8d75e8e9fa52,btc-updown-5m-1776483300,2026-04-18T03:35:00+00:00,2026-04-18T03:34:01+00:00,2026-04-18T03:40:18+00:00,2026-04-18T03:41:18+00:00,down,0.4826231151,0,True,5,5,10.86956522,10.86956522,0.46,0.46,0.514,0.389,0.189,0,5.189,10.86956522,5.680565217,124.2250602,119.0360602,-5.551115123e-17
fixed_5_usd,,current_gamma_schedule_0p07_counterfactual,1,60,full_ladder_snapshot_upper_bound,0xf92874ef6a8d2d70e3665303ffa840eba3c1caa69f5241df80843197755c0aed,btc-updown-5m-1776485100,2026-04-18T04:05:00+00:00,2026-04-18T04:04:01+00:00,2026-04-18T04:10:28+00:00,2026-04-18T04:11:28+00:00,down,0.4943163996,1,False,5,5,10.63829787,10.63829787,0.47,0.47,0.955,0.919,0.1855,0,5.1855,0,-5.1855,129.9056254,124.7201254,5.551115123e-17
fixed_5_usd,,current_gamma_schedule_0p07_counterfactual,1,60,full_ladder_snapshot_upper_bound,0x898de450d30900507ee8039c54f42806979b2562ef41b30827325a5154535dbe,btc-updown-5m-1776486000,2026-04-18T04:20:00+00:00,2026-04-18T04:19:01+00:00,2026-04-18T04:25:18+00:00,2026-04-18T04:26:18+00:00,down,0.5241224575,0,True,5,5,10,10,0.5,0.5,0.713,0.622,0.175,0,5.175,10,4.825,124.7201254,119.5451254,0
fixed_5_usd,,current_gamma_schedule_0p07_counterfactual,1,60,full_ladder_snapshot_upper_bound,0x4f3e2e7703cb96ceedbd85bf60e3a4ee7564c4283fd5c7dfac5f57601a6db88e,btc-updown-5m-1776486600,2026-04-18T04:30:00+00:00,2026-04-18T04:29:01+00:00,2026-04-18T04:35:22+00:00,2026-04-18T04:36:22+00:00,down,0.5161845913,0,True,5,5,10.20408163,10.20408163,0.49,0.49,0.265,0.162,0.1785,0,5.1785,10.20408163,5.025581633,129.5451254,124.3666254,0
fixed_5_usd,,current_gamma_schedule_0p07_counterfactual,1,60,full_ladder_snapshot_upper_bound,0xd0147798781a2f442640d824855c9d5a55faf0463f99ffdeaacd51e35b37ffc1,btc-updown-5m-1776488700,2026-04-18T05:05:00+00:00,2026-04-18T05:04:01+00:00,2026-04-18T05:10:26+00:00,2026-04-18T05:11:26+00:00,down,0.5246300438,1,False,5,5,10,10,0.5,0.5,0.607,0.44,0.175,0,5.175,0,-5.175,134.570707,129.395707,0
fixed_5_usd,,current_gamma_schedule_0p07_counterfactual,1,60,full_ladder_snapshot_upper_bound,0x89e6e923887c14d3ebb8b66ee95e07c7d9466de95d406b7c04f554bc4f4a669e,btc-updown-5m-1776490800,2026-04-18T05:40:00+00:00,2026-04-18T05:39:01+00:00,2026-04-18T05:45:22+00:00,2026-04-18T05:46:22+00:00,down,0.5250576547,0,True,5,5,10,10,0.5,0.5,0.95,0.601,0.175,0,5.175,10,4.825,129.395707,124.220707,0
fixed_5_usd,,current_gamma_schedule_0p07_counterfactual,1,60,full_ladder_snapshot_upper_bound,0x1fbf94a13c787b3d90727d5b473d276f090fc4f1b3884eae5aa84cd5f18150bd,btc-updown-5m-1776492900,2026-04-18T06:15:00+00:00,2026-04-18T06:14:01+00:00,2026-04-18T06:20:18+00:00,2026-04-18T06:21:18+00:00,down,0.5079238711,0,True,5,5,10.20408163,10.20408163,0.49,0.49,0.947,0.708,0.1785,0,5.1785,10.20408163,5.025581633,134.220707,129.042207,0
fixed_5_usd,,current_gamma_schedule_0p07_counterfactual,1,60,full_ladder_snapshot_upper_bound,0x40c034bdcde8444ab86c3750658b5c036779f49e5f5de5c1b00fe96a7a8d8055,btc-updown-5m-1776493500,2026-04-18T06:25:00+00:00,2026-04-18T06:24:01+00:00,2026-04-18T06:30:22+00:00,2026-04-18T06:31:22+00:00,down,0.5261511685,0,True,5,5,10.41666667,10.41666667,0.48,0.48,0.065,0.007,0.182,0,5.182,10.41666667,5.234666667,139.2462886,134.0642886,-5.551115123e-17
fixed_5_usd,,current_gamma_schedule_0p07_counterfactual,1,60,full_ladder_snapshot_upper_bound,0xd90e9c6f2f943bc977c91ca4a58e23bc67d2ef81500ec318abd486af151a6d10,btc-updown-5m-1776493800,2026-04-18T06:30:00+00:00,2026-04-18T06:29:01+00:00,2026-04-18T06:35:22+00:00,2026-04-18T06:36:22+00:00,down,0.5234137345,1,False,5,5,10,10,0.5,0.5,0.414,0.347,0.175,0,5.175,0,-5.175,134.0642886,128.8892886,0
fixed_5_usd,,current_gamma_schedule_0p07_counterfactual,1,60,full_ladder_snapshot_upper_bound,0x76bfea20d11435787847df7faaf53d6f801fe7d795dfb47af3b60869df2f67fe,btc-updown-5m-1776494100,2026-04-18T06:35:00+00:00,2026-04-18T06:34:01+00:00,2026-04-18T06:40:22+00:00,2026-04-18T06:41:22+00:00,down,0.5269829484,0,True,5,5,10.41666667,10.41666667,0.48,0.48,0.95,0.735,0.182,0,5.182,10.41666667,5.234666667,139.3059553,134.1239553,-5.551115123e-17
fixed_5_usd,,current_gamma_schedule_0p07_counterfactual,1,60,full_ladder_snapshot_upper_bound,0x5377883bc001e0d5085067054a3c3ed03f4e2c40ebe06da55672a7ef393f4316,btc-updown-5m-1776494400,2026-04-18T06:40:00+00:00,2026-04-18T06:39:01+00:00,2026-04-18T06:45:22+00:00,2026-04-18T06:46:22+00:00,down,0.5271614483,1,False,5,5,10,10,0.5,0.5,0.253,0.083,0.175,0,5.175,0,-5.175,134.1239553,128.9489553,0
fixed_5_usd,,current_gamma_schedule_0p07_counterfactual,1,60,full_ladder_snapshot_upper_bound,0x60c5fe6521e809330191bed0f2c3ad97926a67670bce2ce5f84a77c1ea3ae35e,btc-updown-5m-1776494700,2026-04-18T06:45:00+00:00,2026-04-18T06:44:01+00:00,2026-04-18T06:50:20+00:00,2026-04-18T06:51:20+00:00,down,0.5274303095,0,True,5,5,11.36363636,11.36363636,0.44,0.44,0.091,0.016,0.196,0,5.196,11.36363636,6.167636364,139.365622,134.169622,0
fixed_5_usd,,current_gamma_schedule_0p07_counterfactual,1,60,full_ladder_snapshot_upper_bound,0x2580e3a9db27c3ad9d24fb06ad296b152ca67fb3ea1da42d9e84811c80e27823,btc-updown-5m-1776495000,2026-04-18T06:50:00+00:00,2026-04-18T06:49:01+00:00,2026-04-18T06:55:22+00:00,2026-04-18T06:56:22+00:00,down,0.524918308,1,False,5,5,10,10,0.5,0.5,0.164,0.098,0.175,0,5.175,0,-5.175,134.169622,128.994622,0
fixed_5_usd,,current_gamma_schedule_0p07_counterfactual,1,60,full_ladder_snapshot_upper_bound,0x7b8d9bd1097183f1307ec4b811177033daeba1ec3e21525946c42a35718d38fb,btc-updown-5m-1776498900,2026-04-18T07:55:00+00:00,2026-04-18T07:54:01+00:00,2026-04-18T08:00:22+00:00,2026-04-18T08:01:22+00:00,down,0.5065618644,1,False,5,5,10.63829787,10.63829787,0.47,0.47,0.296,0.256,0.1855,0,5.1855,0,-5.1855,140.3582583,135.1727583,5.551115123e-17
fixed_5_usd,,current_gamma_schedule_0p07_counterfactual,1,60,full_ladder_snapshot_upper_bound,0xac6b4561d5f7b8f9117c4662f0d80ed0b46c0e63846274edfc90aa20521d9805,btc-updown-5m-1776499200,2026-04-18T08:00:00+00:00,2026-04-18T07:59:01+00:00,2026-04-18T08:05:22+00:00,2026-04-18T08:06:22+00:00,down,0.5192250795,1,False,5,5,10.41666667,10.41666667,0.48,0.48,0.327,0.259,0.182,0,5.182,0,-5.182,135.1727583,129.9907583,-5.551115123e-17
fixed_5_usd,,current_gamma_schedule_0p07_counterfactual,1,60,full_ladder_snapshot_upper_bound,0x6b57113a4c3a10cae1511936fd73622dc0bc7cf768c077beaf045fd832951dbb,btc-updown-5m-1776501900,2026-04-18T08:45:00+00:00,2026-04-18T08:44:01+00:00,2026-04-18T08:50:22+00:00,2026-04-18T08:51:22+00:00,up,0.5038039991,1,True,5,5,10.63829787,10.63829787,0.47,0.47,0.23,0.125,0.1855,0,5.1855,10.63829787,5.452797872,129.9907583,124.8052583,5.551115123e-17
fixed_5_usd,,current_gamma_schedule_0p07_counterfactual,1,60,full_ladder_snapshot_upper_bound,0x85b5a7eac5446fd998a5a678182fc06a678fd9491ee15a39f8f8c2d278217ed1,btc-updown-5m-1776506100,2026-04-18T09:55:00+00:00,2026-04-18T09:54:01+00:00,2026-04-18T10:00:18+00:00,2026-04-18T10:01:18+00:00,up,0.4983861612,1,True,5,5,11.11111111,11.11111111,0.45,0.45,0.304,0.106,0.1925,0,5.1925,11.11111111,5.918611111,135.4435562,130.2510562,0
fixed_5_usd,,current_gamma_schedule_0p07_counterfactual,1,60,full_ladder_snapshot_upper_bound,0x352f096ed2742e6783262e0fb03a6dbf9b2cdbf34010fc882499cd616e01596f,btc-updown-5m-1776506700,2026-04-18T10:05:00+00:00,2026-04-18T10:04:01+00:00,2026-04-18T10:10:22+00:00,2026-04-18T10:11:22+00:00,down,0.484018077,0,True,5,5,10.86956522,10.86956522,0.46,0.46,0.321,0.074,0.189,0,5.189,10.86956522,5.680565217,141.3621673,136.1731673,-5.551115123e-17
fixed_5_usd,,current_gamma_schedule_0p07_counterfactual,1,60,full_ladder_snapshot_upper_bound,0xfb345e13d8bd8736eb89656da4396a2435ff2bb4cba615048e7d9ea0f26d2cc3,btc-updown-5m-1776519000,2026-04-18T13:30:00+00:00,2026-04-18T13:29:01+00:00,2026-04-18T13:35:22+00:00,2026-04-18T13:36:22+00:00,down,0.4996972586,0,True,5,5,10.41666667,10.41666667,0.48,0.48,0.443,0.386,0.182,0,5.182,10.41666667,5.234666667,147.0427325,141.8607325,-5.551115123e-17
fixed_5_usd,,current_gamma_schedule_0p07_counterfactual,1,60,full_ladder_snapshot_upper_bound,0x250f0d6d6bb4dc016826920f5eb5ae293fab2ad59ea67b269316ab301f1d7ff1,btc-updown-5m-1776522600,2026-04-18T14:30:00+00:00,2026-04-18T14:29:01+00:00,2026-04-18T14:35:22+00:00,2026-04-18T14:36:22+00:00,down,0.5150576307,1,False,5,5,10.20408163,10.20408163,0.49,0.49,0.768,0.676,0.1785,0,5.1785,0,-5.1785,152.2773992,147.0988992,0
fixed_5_usd,,current_gamma_schedule_0p07_counterfactual,1,60,full_ladder_snapshot_upper_bound,0x5ca8505e6bdbb3fba64e439b3b828c4fbc685c259d7f3e31a6efa540e906b0cd,btc-updown-5m-1776523200,2026-04-18T14:40:00+00:00,2026-04-18T14:39:01+00:00,2026-04-18T14:45:22+00:00,2026-04-18T14:46:22+00:00,down,0.5291473942,0,True,5,5,10,10,0.5,0.5,0.211,0.069,0.175,0,5.175,10,4.825,147.0988992,141.9238992,0
fixed_5_usd,,current_gamma_schedule_0p07_counterfactual,1,60,full_ladder_snapshot_upper_bound,0x09b2aca131882129139a0a5f569cd737428ac3534ffcbab3430aab5c7f7243fc,btc-updown-5m-1776525000,2026-04-18T15:10:00+00:00,2026-04-18T15:09:01+00:00,2026-04-18T15:15:18+00:00,2026-04-18T15:16:18+00:00,down,0.5411112801,1,False,5,5,10,10,0.5,0.5,0.949,0.901,0.175,0,5.175,0,-5.175,151.9238992,146.7488992,0
fixed_5_usd,,current_gamma_schedule_0p07_counterfactual,1,60,full_ladder_snapshot_upper_bound,0x4a6b795eaf001f58e14937a801910c570c108edf9afb4aa6a6d7d10802e0f0ba,btc-updown-5m-1776525300,2026-04-18T15:15:00+00:00,2026-04-18T15:14:01+00:00,2026-04-18T15:20:22+00:00,2026-04-18T15:21:22+00:00,down,0.5093211516,0,True,5,5,10.20408163,10.20408163,0.49,0.49,0.951,0.899,0.1785,0,5.1785,10.20408163,5.025581633,146.7488992,141.5703992,0
fixed_5_usd,,current_gamma_schedule_0p07_counterfactual,1,60,full_ladder_snapshot_upper_bound,0x9e8247328c986ecbacaa169f25ec49e27b841b12ae0b9056f468f9592d2cf56e,btc-updown-5m-1776528000,2026-04-18T16:00:00+00:00,2026-04-18T15:59:01+00:00,2026-04-18T16:05:18+00:00,2026-04-18T16:06:18+00:00,down,0.488578701,0,True,5,5,10.63829787,10.63829787,0.47,0.47,0.208,0.102,0.1855,0,5.1855,10.63829787,5.452797872,151.7744808,146.5889808,5.551115123e-17
fixed_5_usd,,current_gamma_schedule_0p07_counterfactual,1,60,full_ladder_snapshot_upper_bound,0x3e2c4cddda60a3bfc03e108188c7fde05fee3d46f12754999c911dd1faa4be4f,btc-updown-5m-1776531600,2026-04-18T17:00:00+00:00,2026-04-18T16:59:01+00:00,2026-04-18T17:05:18+00:00,2026-04-18T17:06:18+00:00,up,0.5288321569,0,False,5,5,9.803921569,9.803921569,0.51,0.51,0.946,0.778,0.1715,0,5.1715,0,-5.1715,157.2272787,152.0557787,0
fixed_5_usd,,current_gamma_schedule_0p07_counterfactual,1,60,full_ladder_snapshot_upper_bound,0x6784046def4264d62454a2cc4998038232c48d6e3ee57f65cdd82b9b5df880e5,btc-updown-5m-1776531900,2026-04-18T17:05:00+00:00,2026-04-18T17:04:01+00:00,2026-04-18T17:10:22+00:00,2026-04-18T17:11:22+00:00,up,0.5222480976,0,False,5,5,11.36363636,11.36363636,0.44,0.44,0.249,0.173,0.196,0,5.196,0,-5.196,152.0557787,146.8597787,0
fixed_5_usd,,current_gamma_schedule_0p07_counterfactual,1,60,full_ladder_snapshot_upper_bound,0x3aa283e9d0ade5585f95d01b16c8f85925396e3730f4c568359b3ce9a6840b4e,btc-updown-5m-1776537000,2026-04-18T18:30:00+00:00,2026-04-18T18:29:01+00:00,2026-04-18T18:35:18+00:00,2026-04-18T18:36:18+00:00,down,0.5052994005,0,True,5,5,10.41666667,10.41666667,0.48,0.48,0.194,0.148,0.182,0,5.182,10.41666667,5.234666667,146.8597787,141.6777787,-5.551115123e-17
fixed_5_usd,,current_gamma_schedule_0p07_counterfactual,1,60,full_ladder_snapshot_upper_bound,0xbc7df2fcb853bcb018a11255dab5eac640e26e3b44da8b81a3c5dfc7636c68df,btc-updown-5m-1776540600,2026-04-18T19:30:00+00:00,2026-04-18T19:29:01+00:00,2026-04-18T19:35:20+00:00,2026-04-18T19:36:20+00:00,down,0.5081080363,0,True,5,5,10.41666667,10.41666667,0.48,0.48,0.089,0,0.182,0,5.182,10.41666667,5.234666667,152.0944454,146.9124454,-5.551115123e-17
fixed_5_usd,,current_gamma_schedule_0p07_counterfactual,1,60,full_ladder_snapshot_upper_bound,0x11f52e907e493896b8a72bfa1346c3e1e0e5de12af89a83be87b8d20a2eefc51,btc-updown-5m-1776542400,2026-04-18T20:00:00+00:00,2026-04-18T19:59:01+00:00,2026-04-18T20:05:18+00:00,2026-04-18T20:06:18+00:00,down,0.5008691972,0,True,5,5,10.41666667,10.41666667,0.48,0.48,0.118,0.036,0.182,0,5.182,10.41666667,5.234666667,157.329112,152.147112,-5.551115123e-17
fixed_5_usd,,current_gamma_schedule_0p07_counterfactual,1,60,full_ladder_snapshot_upper_bound,0x4f38b369c0ab23d776ef344c84a29843717dfe3286506b4ddcbe75870f5bde83,btc-updown-5m-1776545700,2026-04-18T20:55:00+00:00,2026-04-18T20:54:01+00:00,2026-04-18T21:00:26+00:00,2026-04-18T21:01:26+00:00,down,0.5318714828,0,True,5,5,9.803921569,9.803921569,0.51,0.51,0.433,0.368,0.1715,0,5.1715,9.803921569,4.632421569,162.5637787,157.3922787,0
fixed_5_usd,,current_gamma_schedule_0p07_counterfactual,1,60,full_ladder_snapshot_upper_bound,0x62687d15c4101c9462cc84a4af50c07d707c9fbd1986a1c63332bdac9f3e978c,btc-updown-5m-1776549900,2026-04-18T22:05:00+00:00,2026-04-18T22:04:01+00:00,2026-04-18T22:10:22+00:00,2026-04-18T22:11:22+00:00,down,0.4997657015,0,True,5,5,10.41666667,10.41666667,0.48,0.48,0.308,0.154,0.182,0,5.182,10.41666667,5.234666667,167.1962003,162.0142003,-5.551115123e-17
fixed_5_usd,,current_gamma_schedule_0p07_counterfactual,1,60,full_ladder_snapshot_upper_bound,0xcf58cf14041f92eb5d7a3bc0e38812eceffeeca676f4119c185fe1ad28e65097,btc-updown-5m-1776550500,2026-04-18T22:15:00+00:00,2026-04-18T22:14:01+00:00,2026-04-18T22:20:20+00:00,2026-04-18T22:21:20+00:00,down,0.5151724745,1,False,5,5,10.41666667,10.41666667,0.48,0.48,0.353,0.313,0.182,0,5.182,0,-5.182,172.4308669,167.2488669,-5.551115123e-17
fixed_5_usd,,current_gamma_schedule_0p07_counterfactual,1,60,full_ladder_snapshot_upper_bound,0x72639e52848f75e29e154dcabb8079ba079b8f3f0f1e07e56379ab3d74bcb948,btc-updown-5m-1776552900,2026-04-18T22:55:00+00:00,2026-04-18T22:54:01+00:00,2026-04-18T23:00:28+00:00,2026-04-18T23:01:28+00:00,down,0.5065257479,1,False,5,5,11.62790698,11.62790698,0.43,0.43,0.249,0.134,0.1995,0,5.1995,0,-5.1995,167.2488669,162.0493669,5.551115123e-17
fixed_5_usd,,current_gamma_schedule_0p07_counterfactual,1,60,full_ladder_snapshot_upper_bound,0x594bace5cd9a2b65cc9c0718dba8bf6fd52730211aadaf61ac02d9afc0debe78,btc-updown-5m-1776553800,2026-04-18T23:10:00+00:00,2026-04-18T23:09:01+00:00,2026-04-18T23:15:18+00:00,2026-04-18T23:16:18+00:00,down,0.5193085041,0,True,5,5,10,10,0.5,0.5,0.099,0.062,0.175,0,5.175,10,4.825,162.0493669,156.8743669,0
fixed_5_usd,,current_gamma_schedule_0p07_counterfactual,1,60,full_ladder_snapshot_upper_bound,0x8331818669dedc7ffca0646dd132f70859e9b0adcdef1a353dd6f02419d3acaf,btc-updown-5m-1776554100,2026-04-18T23:15:00+00:00,2026-04-18T23:14:01+00:00,2026-04-18T23:20:18+00:00,2026-04-18T23:21:18+00:00,down,0.5187994589,0,True,5,5,10,10,0.5,0.5,0.531,0.448,0.175,0,5.175,10,4.825,156.8743669,151.6993669,0
fixed_5_usd,,current_gamma_schedule_0p07_counterfactual,1,60,full_ladder_snapshot_upper_bound,0x2307383b2e45d451eaaad2a45cce214c0e3a6d2a80240be7155618bb28fb4fd9,btc-updown-5m-1776554400,2026-04-18T23:20:00+00:00,2026-04-18T23:19:01+00:00,2026-04-18T23:25:24+00:00,2026-04-18T23:26:24+00:00,down,0.5119859973,1,False,5,5,10.20408163,10.20408163,0.49,0.49,0.163,0.087,0.1785,0,5.1785,0,-5.1785,161.6993669,156.5208669,0
fixed_5_usd,,current_gamma_schedule_0p07_counterfactual,1,60,full_ladder_snapshot_upper_bound,0xd4ad3b9aa134656c5ad5a8169109f72f32719b8df4c20889700cf47b80a35408,btc-updown-5m-1776555300,2026-04-18T23:35:00+00:00,2026-04-18T23:34:01+00:00,2026-04-18T23:40:52+00:00,2026-04-18T23:41:52+00:00,up,0.5126771467,0,False,5,5,10.20408163,10.20408163,0.49,0.49,0.327,0.104,0.1785,0,5.1785,0,-5.1785,166.5208669,161.3423669,0
fixed_5_usd,,current_gamma_schedule_0p07_counterfactual,1,60,full_ladder_snapshot_upper_bound,0x7313862637a1ecf7c9c9bb29d9f094ff47cfd81a0aad37b086eb244344fb9bbe,btc-updown-5m-1776557700,2026-04-19T00:15:00+00:00,2026-04-19T00:14:01+00:00,2026-04-19T00:20:22+00:00,2026-04-19T00:21:22+00:00,up,0.5239613089,0,False,5,5,10.20408163,10.20408163,0.49,0.49,0.574,0.266,0.1785,0,5.1785,0,-5.1785,161.3423669,156.1638669,0
fixed_5_usd,,current_gamma_schedule_0p07_counterfactual,1,60,full_ladder_snapshot_upper_bound,0x2eb6cfc270297175ca8dc5ff6df1f1560a0ae993b79ea16788a6ba0396d0c3a8,btc-updown-5m-1776559500,2026-04-19T00:45:00+00:00,2026-04-19T00:44:01+00:00,2026-04-19T00:50:20+00:00,2026-04-19T00:51:20+00:00,down,0.4908461699,1,False,5,5,10.63829787,10.63829787,0.47,0.47,0.153,0.105,0.1855,0,5.1855,0,-5.1855,156.1638669,150.9783669,5.551115123e-17
fixed_5_usd,,current_gamma_schedule_0p07_counterfactual,1,60,full_ladder_snapshot_upper_bound,0xd265bf0dae5e01d4af0b34a7e64f1656d5456b242b28ca4bf804502397815b0b,btc-updown-5m-1776560700,2026-04-19T01:05:00+00:00,2026-04-19T01:04:01+00:00,2026-04-19T01:10:18+00:00,2026-04-19T01:11:18+00:00,up,0.4849394289,0,False,5,5,13.51351351,13.51351351,0.37,0.37,0.677,0.507,0.2205,0,5.2205,0,-5.2205,150.9783669,145.7578669,0
fixed_5_usd,,current_gamma_schedule_0p07_counterfactual,1,60,full_ladder_snapshot_upper_bound,0xf5bbd6b3b31dbbfa549ee96e032cd44dadcea76015b30895524791c0f40a4566,btc-updown-5m-1776564900,2026-04-19T02:15:00+00:00,2026-04-19T02:14:01+00:00,2026-04-19T02:20:18+00:00,2026-04-19T02:21:18+00:00,down,0.5199976103,1,False,5,5,10,10,0.5,0.5,0.252,0.112,0.175,0,5.175,0,-5.175,145.7578669,140.5828669,0
fixed_5_usd,,current_gamma_schedule_0p07_counterfactual,1,60,full_ladder_snapshot_upper_bound,0xc6a60b7d0d553a551b69e091ebbcfd6eccc6eae367ada949a412712bba362bc7,btc-updown-5m-1776565500,2026-04-19T02:25:00+00:00,2026-04-19T02:24:01+00:00,2026-04-19T02:30:22+00:00,2026-04-19T02:31:22+00:00,down,0.5226977034,1,False,5,5,10,10,0.5,0.5,0.485,0.404,0.175,0,5.175,0,-5.175,140.5828669,135.4078669,0
fixed_5_usd,,current_gamma_schedule_0p07_counterfactual,1,60,full_ladder_snapshot_upper_bound,0x5272e39e19b787e9a70258638f51bc4a1cb51bf03fe7bef844a020ada5b47a4e,btc-updown-5m-1776568800,2026-04-19T03:20:00+00:00,2026-04-19T03:19:01+00:00,2026-04-19T03:25:52+00:00,2026-04-19T03:26:52+00:00,down,0.5073213452,0,True,5,5,10.41666667,10.41666667,0.48,0.48,0.962,0.709,0.182,0,5.182,10.41666667,5.234666667,135.4078669,130.2258669,-5.551115123e-17
fixed_5_usd,,current_gamma_schedule_0p07_counterfactual,1,60,full_ladder_snapshot_upper_bound,0x1ac43cfc73b720f4a50027beb6a3666deadebb66c2d7fb2a85a0d9cd2d685404,btc-updown-5m-1776576900,2026-04-19T05:35:00+00:00,2026-04-19T05:34:01+00:00,2026-04-19T05:40:18+00:00,2026-04-19T05:41:18+00:00,down,0.5204279615,0,True,5,5,10.20408163,10.20408163,0.49,0.49,0.194,0.111,0.1785,0,5.1785,10.20408163,5.025581633,140.6425336,135.4640336,0
fixed_5_usd,,current_gamma_schedule_0p07_counterfactual,1,60,full_ladder_snapshot_upper_bound,0x695c85f4429445c694072c2922f2b21204e8dddebd9abedf00dbe5ced86017e9,btc-updown-5m-1776578700,2026-04-19T06:05:00+00:00,2026-04-19T06:04:01+00:00,2026-04-19T06:10:18+00:00,2026-04-19T06:11:18+00:00,down,0.4774339562,0,True,5,5,11.11111111,11.11111111,0.45,0.45,0.233,0.13,0.1925,0,5.1925,11.11111111,5.918611111,145.6681152,140.4756152,0
fixed_5_usd,,current_gamma_schedule_0p07_counterfactual,1,60,full_ladder_snapshot_upper_bound,0x2ee7a5c721931685b96f97e742aecb74e3ba14f2f4aa1453f269d047015c6268,btc-updown-5m-1776579900,2026-04-19T06:25:00+00:00,2026-04-19T06:24:01+00:00,2026-04-19T06:30:18+00:00,2026-04-19T06:31:18+00:00,down,0.459958026,0,True,5,5,11.9047619,11.9047619,0.42,0.42,0.069,0.012,0.203,0,5.203,11.9047619,6.701761905,151.5867264,146.3837264,0
fixed_5_usd,,current_gamma_schedule_0p07_counterfactual,1,60,full_ladder_snapshot_upper_bound,0x2d8ce79f3d12401a1da599577fdd651d548234c9c3ee4078df75f5ecd4aba369,btc-updown-5m-1776580500,2026-04-19T06:35:00+00:00,2026-04-19T06:34:01+00:00,2026-04-19T06:40:18+00:00,2026-04-19T06:41:18+00:00,down,0.4936548119,0,True,5,5,10.60145833,10.60145833,0.4716332266,0.47,0.373,0.232,0.18492,0,5.18492,10.60145833,5.416538333,158.2884883,153.1035683,0.001633226561
fixed_5_usd,,current_gamma_schedule_0p07_counterfactual,1,60,full_ladder_snapshot_upper_bound,0x6636de6376b5eb0e27cb45e4e3405ba57de407a4842f2dad8bef9f4a59d798ce,btc-updown-5m-1776583500,2026-04-19T07:25:00+00:00,2026-04-19T07:24:01+00:00,2026-04-19T07:30:18+00:00,2026-04-19T07:31:18+00:00,down,0.4918706482,0,True,5,5,11.62790698,11.62790698,0.43,0.43,0.477,0.369,0.1995,0,5.1995,11.62790698,6.428406977,163.7050266,158.5055266,5.551115123e-17
fixed_5_usd,,current_gamma_schedule_0p07_counterfactual,1,60,full_ladder_snapshot_upper_bound,0xe2d5fe5eaeede4e0af6997d3eb45915994e7f2b1748d59bd62edfac4eb1151ea,btc-updown-5m-1776591300,2026-04-19T09:35:00+00:00,2026-04-19T09:34:01+00:00,2026-04-19T09:40:18+00:00,2026-04-19T09:41:18+00:00,up,0.4988404856,0,False,5,5,10.41666667,10.41666667,0.48,0.48,0.034,0.006,0.182,0,5.182,0,-5.182,170.1334336,164.9514336,-5.551115123e-17
fixed_5_usd,,current_gamma_schedule_0p07_counterfactual,1,60,full_ladder_snapshot_upper_bound,0xea9ac37f52c9025af9cad8e7717945932fcb4169e7d9344be3a93218308dbaca,btc-updown-5m-1776593100,2026-04-19T10:05:00+00:00,2026-04-19T10:04:01+00:00,2026-04-19T10:10:18+00:00,2026-04-19T10:11:18+00:00,down,0.4937824546,0,True,5,5,10.63829787,10.63829787,0.47,0.47,0.136,0.079,0.1855,0,5.1855,10.63829787,5.452797872,164.9514336,159.7659336,5.551115123e-17
fixed_5_usd,,current_gamma_schedule_0p07_counterfactual,1,60,full_ladder_snapshot_upper_bound,0x8f489e85eedb76dd59b308f273ce032496dc47cadc7fcb05974925f0c7e0e8ea,btc-updown-5m-1776593400,2026-04-19T10:10:00+00:00,2026-04-19T10:09:01+00:00,2026-04-19T10:15:18+00:00,2026-04-19T10:16:18+00:00,up,0.5020878403,1,True,5,5,10.44897959,10.44897959,0.478515625,0.47,0.274,0.226,0.18245,0,5.18245,10.44897959,5.266529592,159.7659336,154.5834836,0.008515625
fixed_5_usd,,current_gamma_schedule_0p07_counterfactual,1,60,full_ladder_snapshot_upper_bound,0xf69f889e9f1fa6a919ea77f1de1073e0e041d69c6053e4a8b0cbd31ce307b562,btc-updown-5m-1776595800,2026-04-19T10:50:00+00:00,2026-04-19T10:49:01+00:00,2026-04-19T10:55:18+00:00,2026-04-19T10:56:18+00:00,down,0.5144085661,1,False,5,5,10.20408163,10.20408163,0.49,0.49,0.205,0.158,0.1785,0,5.1785,0,-5.1785,175.670761,170.492261,0
fixed_5_usd,,current_gamma_schedule_0p07_counterfactual,1,60,full_ladder_snapshot_upper_bound,0xd8c44a63b7a19cd43f645f459421f921e831ee2d5ea9b5422182553c4d874e32,btc-updown-5m-1776606300,2026-04-19T13:45:00+00:00,2026-04-19T13:44:01+00:00,2026-04-19T13:50:26+00:00,2026-04-19T13:51:26+00:00,down,0.5206205445,0,True,5,5,10,10,0.5,0.5,0.143,0.093,0.175,0,5.175,10,4.825,170.492261,165.317261,0
fixed_5_usd,,current_gamma_schedule_0p07_counterfactual,1,60,full_ladder_snapshot_upper_bound,0xb80b5a5ac6f273ab8ce0dbd4b42ab5f00b824bdaf135c5d00ce1b340822c4cf4,btc-updown-5m-1776610800,2026-04-19T15:00:00+00:00,2026-04-19T14:59:01+00:00,2026-04-19T15:05:52+00:00,2026-04-19T15:06:52+00:00,down,0.5210468277,0,True,5,5,10,10,0.5,0.5,0.301,0.231,0.175,0,5.175,10,4.825,175.317261,170.142261,0
fixed_5_usd,,current_gamma_schedule_0p07_counterfactual,1,60,full_ladder_snapshot_upper_bound,0x052035afa02d6ee065676aae4028791cf46612b96c9d4734de22b3a44970725b,btc-updown-5m-1776611700,2026-04-19T15:15:00+00:00,2026-04-19T15:14:01+00:00,2026-04-19T15:20:18+00:00,2026-04-19T15:21:18+00:00,down,0.5253406706,1,False,5,5,10.63829787,10.63829787,0.47,0.47,0.176,0.102,0.1855,0,5.1855,0,-5.1855,180.142261,174.956761,5.551115123e-17
fixed_5_usd,,current_gamma_schedule_0p07_counterfactual,1,60,full_ladder_snapshot_upper_bound,0x6aabfca4b358d9a56500a0fb48f44c1d2d729fe8bcda93c861a1046ce364cc03,btc-updown-5m-1776615000,2026-04-19T16:10:00+00:00,2026-04-19T16:09:01+00:00,2026-04-19T16:15:22+00:00,2026-04-19T16:16:22+00:00,up,0.5100803178,0,False,5,5,11.36363636,11.36363636,0.44,0.44,0.183,0.086,0.196,0,5.196,0,-5.196,174.956761,169.760761,0
fixed_5_usd,,current_gamma_schedule_0p07_counterfactual,1,60,full_ladder_snapshot_upper_bound,0x6d57d1ff973cd53167f5584264b08a6717acdf04bd229d5094d0084114226aa0,btc-updown-5m-1776621300,2026-04-19T17:55:00+00:00,2026-04-19T17:54:01+00:00,2026-04-19T18:00:36+00:00,2026-04-19T18:01:36+00:00,down,0.472726795,0,True,5,5,11.62790698,11.62790698,0.43,0.43,0.264,0.054,0.1995,0,5.1995,11.62790698,6.428406977,169.760761,164.561261,5.551115123e-17
fixed_5_usd,,current_gamma_schedule_0p07_counterfactual,1,60,full_ladder_snapshot_upper_bound,0x597a9ec8e6022a120a76b7fbeae14a228e3201d37516df29d8e6b48f9aa90adc,btc-updown-5m-1776624600,2026-04-19T18:50:00+00:00,2026-04-19T18:49:01+00:00,2026-04-19T18:55:18+00:00,2026-04-19T18:56:18+00:00,up,0.5159404499,1,True,5,5,10.20408163,10.20408163,0.49,0.49,0.139,0.094,0.1785,0,5.1785,10.20408163,5.025581633,176.189168,171.010668,0
fixed_5_usd,,current_gamma_schedule_0p07_counterfactual,1,60,full_ladder_snapshot_upper_bound,0xc0000b326e5eed957b15ec85d91dd1f00410a36162f10b4d71870532aa4b24a1,btc-updown-5m-1776627000,2026-04-19T19:30:00+00:00,2026-04-19T19:29:01+00:00,2026-04-19T19:35:18+00:00,2026-04-19T19:36:18+00:00,down,0.5178919525,1,False,5,5,10,10,0.5,0.5,0.984,0.885,0.175,0,5.175,0,-5.175,181.2147496,176.0397496,0
fixed_5_usd,,current_gamma_schedule_0p07_counterfactual,1,60,full_ladder_snapshot_upper_bound,0x13b471afbdb3ac6f74aa40f8ad8aef187f0f193e187f53ffc649d799dd52d862,btc-updown-5m-1776627300,2026-04-19T19:35:00+00:00,2026-04-19T19:34:01+00:00,2026-04-19T19:40:52+00:00,2026-04-19T19:41:52+00:00,down,0.5190257672,1,False,5,5,10,10,0.5,0.5,0.269,0.113,0.175,0,5.175,0,-5.175,176.0397496,170.8647496,0
fixed_5_usd,,current_gamma_schedule_0p07_counterfactual,1,60,full_ladder_snapshot_upper_bound,0x12f8c24f0b76dbca279cdfd48b521472ed04d8d2000543de3b9e82653bb8a9c4,btc-updown-5m-1776633600,2026-04-19T21:20:00+00:00,2026-04-19T21:19:01+00:00,2026-04-19T21:25:18+00:00,2026-04-19T21:26:18+00:00,down,0.513619999,1,False,5,5,10.20408163,10.20408163,0.49,0.49,0.494,0.431,0.1785,0,5.1785,0,-5.1785,170.8647496,165.6862496,0
fixed_5_usd,,current_gamma_schedule_0p07_counterfactual,1,60,full_ladder_snapshot_upper_bound,0x8026166af9703ad3bd6df1c3f08f0c7e280d63cebadc98993747b859a1e99f87,btc-updown-5m-1776637200,2026-04-19T22:20:00+00:00,2026-04-19T22:19:01+00:00,2026-04-19T22:25:52+00:00,2026-04-19T22:26:52+00:00,up,0.5379714632,0,False,5,5,9.803921569,9.803921569,0.51,0.51,0.571,0.364,0.1715,0,5.1715,0,-5.1715,165.6862496,160.5147496,0
fixed_5_usd,,current_gamma_schedule_0p07_counterfactual,1,60,full_ladder_snapshot_upper_bound,0x9cb06ae4d35b6d030d7f3a6dfd00356312b0ee42df218597b54fa663564513ae,btc-updown-5m-1776642300,2026-04-19T23:45:00+00:00,2026-04-19T23:44:01+00:00,2026-04-19T23:50:20+00:00,2026-04-19T23:51:20+00:00,up,0.5278699986,1,True,5,5,9.803921569,9.803921569,0.51,0.51,0.492,0.438,0.1715,0,5.1715,9.803921569,4.632421569,160.5147496,155.3432496,0
fixed_5_usd,,current_gamma_schedule_0p07_counterfactual,1,60,full_ladder_snapshot_upper_bound,0xac2f7d55d786bd00342225822fe6aa55999806f532bdfbab753b950fdbdc06de,btc-updown-5m-1776643500,2026-04-20T00:05:00+00:00,2026-04-20T00:04:01+00:00,2026-04-20T00:10:22+00:00,2026-04-20T00:11:22+00:00,up,0.5286472643,0,False,5,5,9.803921569,9.803921569,0.51,0.51,0.802,0.721,0.1715,0,5.1715,0,-5.1715,165.1471712,159.9756712,0
fixed_5_usd,,current_gamma_schedule_0p07_counterfactual,1,60,full_ladder_snapshot_upper_bound,0x6e85f549d9a5fd352b4e4111773d1b9884bd75f25c8bf1cc3bb4276ebfceac87,btc-updown-5m-1776644700,2026-04-20T00:25:00+00:00,2026-04-20T00:24:01+00:00,2026-04-20T00:30:22+00:00,2026-04-20T00:31:22+00:00,down,0.5266171664,0,True,5,5,10,10,0.5,0.5,0.237,0.205,0.175,0,5.175,10,4.825,159.9756712,154.8006712,0
fixed_5_usd,,current_gamma_schedule_0p07_counterfactual,1,60,full_ladder_snapshot_upper_bound,0xa059b693c6a9bab2f5128b91501e233e6bb13aa8d0436d538cf292fed36149fb,btc-updown-5m-1776645000,2026-04-20T00:30:00+00:00,2026-04-20T00:29:01+00:00,2026-04-20T00:35:52+00:00,2026-04-20T00:36:52+00:00,down,0.5221286553,0,True,5,5,10,10,0.5,0.5,0.984,0.92,0.175,0,5.175,10,4.825,154.8006712,149.6256712,0
fixed_5_usd,,current_gamma_schedule_0p07_counterfactual,1,60,full_ladder_snapshot_upper_bound,0x325a819bdce846610239a473876a560d4a5f8c9197cd6337673702f520b99a02,btc-updown-5m-1776647400,2026-04-20T01:10:00+00:00,2026-04-20T01:09:01+00:00,2026-04-20T01:15:18+00:00,2026-04-20T01:16:18+00:00,down,0.5050161389,1,False,5,5,14.28571429,14.28571429,0.35,0.35,0.237,0.065,0.2275,0,5.2275,0,-5.2275,169.6256712,164.3981712,0
fixed_5_usd,,current_gamma_schedule_0p07_counterfactual,1,60,full_ladder_snapshot_upper_bound,0x5e203109705bff6e0bafbb9432686329a547d4b30034b7ab9e190fcb43415890,btc-updown-5m-1776647700,2026-04-20T01:15:00+00:00,2026-04-20T01:14:01+00:00,2026-04-20T01:20:20+00:00,2026-04-20T01:21:20+00:00,down,0.4997410573,0,True,5,5,10.86956522,10.86956522,0.46,0.46,0.37,0.254,0.189,0,5.189,10.86956522,5.680565217,164.3981712,159.2091712,-5.551115123e-17
fixed_5_usd,,current_gamma_schedule_0p07_counterfactual,1,60,full_ladder_snapshot_upper_bound,0xe375fe60c5e4ba71dcbf451457b1cb1de8241f0307f1dd3af01e21c719763ecc,btc-updown-5m-1776653400,2026-04-20T02:50:00+00:00,2026-04-20T02:49:01+00:00,2026-04-20T02:55:28+00:00,2026-04-20T02:56:28+00:00,down,0.5302449017,0,True,5,5,10.20408163,10.20408163,0.49,0.49,0.307,0.174,0.1785,0,5.1785,10.20408163,5.025581633,170.0787364,164.9002364,0
fixed_5_usd,,current_gamma_schedule_0p07_counterfactual,1,60,full_ladder_snapshot_upper_bound,0x94ff72ed2b3eb5de85682be9429c822d6942d7a23bf58aadbcd2ae5b9f0ebbbd,btc-updown-5m-1776666600,2026-04-20T06:30:00+00:00,2026-04-20T06:29:01+00:00,2026-04-20T06:35:24+00:00,2026-04-20T06:36:24+00:00,up,0.511327034,1,True,5,5,10.41666667,10.41666667,0.48,0.48,0.407,0.193,0.182,0,5.182,10.41666667,5.234666667,175.1043181,169.9223181,-5.551115123e-17
fixed_5_usd,,current_gamma_schedule_0p07_counterfactual,1,60,full_ladder_snapshot_upper_bound,0x1d6e4988d9369458aadd395a350282418d64ad166e966495b470386682a3f435,btc-updown-5m-1776668400,2026-04-20T07:00:00+00:00,2026-04-20T06:59:01+00:00,2026-04-20T07:05:52+00:00,2026-04-20T07:06:52+00:00,down,0.5343999809,0,True,5,5,10,10,0.5,0.5,0.205,0.132,0.175,0,5.175,10,4.825,180.3389847,175.1639847,0
fixed_5_usd,,current_gamma_schedule_0p07_counterfactual,1,60,full_ladder_snapshot_upper_bound,0x60e2e2c1230639d98aafdd57004127e09869702b6ee154e050dcc3488e46f69a,btc-updown-5m-1776669000,2026-04-20T07:10:00+00:00,2026-04-20T07:09:01+00:00,2026-04-20T07:15:22+00:00,2026-04-20T07:16:22+00:00,down,0.5382608813,1,False,5,5,10,10,0.5,0.5,0.344,0.145,0.175,0,5.175,0,-5.175,185.1639847,179.9889847,0
fixed_5_usd,,current_gamma_schedule_0p07_counterfactual,1,60,full_ladder_snapshot_upper_bound,0x144baacee4745c8947e9731d622e41ac0d223f809392be6e8156df27d6b474e9,btc-updown-5m-1776669600,2026-04-20T07:20:00+00:00,2026-04-20T07:19:01+00:00,2026-04-20T07:30:18+00:00,2026-04-20T07:31:18+00:00,down,0.5246002846,1,False,5,5,10,10,0.5,0.5,0.937,0.898,0.175,0,5.175,0,-5.175,179.9889847,174.8139847,0
fixed_5_usd,,current_gamma_schedule_0p07_counterfactual,1,60,full_ladder_snapshot_upper_bound,0x1eac7f7049d79794915030138f15444dbcdb6b43b343fb8c9e0514a479796696,btc-updown-5m-1776672900,2026-04-20T08:15:00+00:00,2026-04-20T08:14:01+00:00,2026-04-20T08:20:24+00:00,2026-04-20T08:21:24+00:00,up,0.5278822931,1,True,5,5,10,10,0.5,0.5,0.366,0.231,0.175,0,5.175,10,4.825,174.8139847,169.6389847,0
fixed_5_usd,,current_gamma_schedule_0p07_counterfactual,1,60,full_ladder_snapshot_upper_bound,0xeee7e49dcd565a3f15eec13f43b1d5af77d66cbf87bb7f0a36b5a108b4380842,btc-updown-5m-1776683100,2026-04-20T11:05:00+00:00,2026-04-20T11:04:01+00:00,2026-04-20T11:10:18+00:00,2026-04-20T11:11:18+00:00,up,0.5312641342,1,True,5,5,10,10,0.5,0.5,0.143,0.112,0.175,0,5.175,10,4.825,179.6389847,174.4639847,0
fixed_5_usd,,current_gamma_schedule_0p07_counterfactual,1,60,full_ladder_snapshot_upper_bound,0xb47923e8b007a239d9b27f02506867c553029f578ed1d6cdee827dd6caec5586,btc-updown-5m-1776684000,2026-04-20T11:20:00+00:00,2026-04-20T11:19:01+00:00,2026-04-20T11:25:22+00:00,2026-04-20T11:26:22+00:00,down,0.5183436983,1,False,5,5,10.20408163,10.20408163,0.49,0.49,0.183,0.05,0.1785,0,5.1785,0,-5.1785,184.4639847,179.2854847,0
fixed_5_usd,,current_gamma_schedule_0p07_counterfactual,1,60,full_ladder_snapshot_upper_bound,0xcb9498404482b38262db7355b886b20af0367ed7962793c91b0f9b3a8680d44f,btc-updown-5m-1776684600,2026-04-20T11:30:00+00:00,2026-04-20T11:29:01+00:00,2026-04-20T11:35:20+00:00,2026-04-20T11:36:20+00:00,down,0.5193861959,1,False,5,5,10,10,0.5,0.5,0.251,0.15,0.175,0,5.175,0,-5.175,179.2854847,174.1104847,0
fixed_5_usd,,current_gamma_schedule_0p07_counterfactual,1,60,full_ladder_snapshot_upper_bound,0xfbca71dbc1b20ef7a83aee3031fc80b43716fb1e35057a746139b5cad8eceba5,btc-updown-5m-1776685200,2026-04-20T11:40:00+00:00,2026-04-20T11:39:01+00:00,2026-04-20T11:45:18+00:00,2026-04-20T11:46:18+00:00,down,0.5237002362,0,True,5,5,10,10,0.5,0.5,0.07,0.023,0.175,0,5.175,10,4.825,174.1104847,168.9354847,0
fixed_5_usd,,current_gamma_schedule_0p07_counterfactual,1,60,full_ladder_snapshot_upper_bound,0xf5260b34b7df1c78cf5e0b9af3974e3e6edfe5aaea5256030d0c0fd79f110b4a,btc-updown-5m-1776687000,2026-04-20T12:10:00+00:00,2026-04-20T12:09:01+00:00,2026-04-20T12:15:54+00:00,2026-04-20T12:16:54+00:00,down,0.5098574193,1,False,5,5,10.41666667,10.41666667,0.48,0.48,0.202,0.107,0.182,0,5.182,0,-5.182,178.9354847,173.7534847,-5.551115123e-17
fixed_5_usd,,current_gamma_schedule_0p07_counterfactual,1,60,full_ladder_snapshot_upper_bound,0x3df039cf1555dec03694730fccc436daeaf7105dca0c7c94958b1a8f36e1fbfb,btc-updown-5m-1776688800,2026-04-20T12:40:00+00:00,2026-04-20T12:39:01+00:00,2026-04-20T12:45:22+00:00,2026-04-20T12:46:22+00:00,down,0.5076137039,0,True,5,5,10.20408163,10.20408163,0.49,0.49,0.272,0.015,0.1785,0,5.1785,10.20408163,5.025581633,173.7534847,168.5749847,0
fixed_5_usd,,current_gamma_schedule_0p07_counterfactual,1,60,full_ladder_snapshot_upper_bound,0x15ff0a8cdd985736635b199ac4390c8d24504055a2c818950b1b86202f745e2e,btc-updown-5m-1776695400,2026-04-20T14:30:00+00:00,2026-04-20T14:29:01+00:00,2026-04-20T14:35:20+00:00,2026-04-20T14:36:20+00:00,down,0.5119315396,0,True,5,5,10.41666667,10.41666667,0.48,0.48,0.243,0.112,0.182,0,5.182,10.41666667,5.234666667,178.7790664,173.5970664,-5.551115123e-17
fixed_5_usd,,current_gamma_schedule_0p07_counterfactual,1,60,full_ladder_snapshot_upper_bound,0xb52672ee8145c39086b6fb587c56701922f3bea988e803c2057d573d5e0c5fa6,btc-updown-5m-1776696300,2026-04-20T14:45:00+00:00,2026-04-20T14:44:01+00:00,2026-04-20T14:50:20+00:00,2026-04-20T14:51:20+00:00,down,0.5117903673,1,False,5,5,10.20408163,10.20408163,0.49,0.49,0.299,0.216,0.1785,0,5.1785,0,-5.1785,184.013733,178.835233,0
fixed_5_usd,,current_gamma_schedule_0p07_counterfactual,1,60,full_ladder_snapshot_upper_bound,0x2e4648ddd2aa49d50013c044db74dbe13ee851227bbe92aee72da0509ecb527d,btc-updown-5m-1776699000,2026-04-20T15:30:00+00:00,2026-04-20T15:29:01+00:00,2026-04-20T15:35:18+00:00,2026-04-20T15:36:18+00:00,down,0.5189359097,0,True,5,5,10,10,0.5,0.5,0.977,0.519,0.175,0,5.175,10,4.825,178.835233,173.660233,0
fixed_5_usd,,current_gamma_schedule_0p07_counterfactual,1,60,full_ladder_snapshot_upper_bound,0x1939f005bda03160298af0663d6b062cc06dedfb8daf34b8d7c252443a740671,btc-updown-5m-1776699900,2026-04-20T15:45:00+00:00,2026-04-20T15:44:01+00:00,2026-04-20T15:50:18+00:00,2026-04-20T15:51:18+00:00,down,0.5237567159,0,True,5,5,10,10,0.5,0.5,0.982,0.519,0.175,0,5.175,10,4.825,183.660233,178.485233,0
fixed_5_usd,,current_gamma_schedule_0p07_counterfactual,1,60,full_ladder_snapshot_upper_bound,0x29c685ea08036f3f0162168a8569d41a104c565e21021fca25e31c6191ca2d4b,btc-updown-5m-1776701100,2026-04-20T16:05:00+00:00,2026-04-20T16:04:01+00:00,2026-04-20T16:10:18+00:00,2026-04-20T16:11:18+00:00,down,0.5214289938,0,True,5,5,10,10,0.5,0.5,0.924,0.522,0.175,0,5.175,10,4.825,188.485233,183.310233,0
fixed_5_usd,,current_gamma_schedule_0p07_counterfactual,1,60,full_ladder_snapshot_upper_bound,0x41538825bb8545dd906a70c8f85ffa6f7a505b8ff1f3c7d02c46616e98db14c3,btc-updown-5m-1776701700,2026-04-20T16:15:00+00:00,2026-04-20T16:14:01+00:00,2026-04-20T16:20:18+00:00,2026-04-20T16:21:18+00:00,down,0.5202938834,1,False,5,5,10,10,0.5,0.5,0.997,0.522,0.175,0,5.175,0,-5.175,193.310233,188.135233,0
fixed_5_usd,,current_gamma_schedule_0p07_counterfactual,1,60,full_ladder_snapshot_upper_bound,0x8adb5a2c809e7ecb8b2ed471b5c5cc5f0e553b343c268ed1d76ac86c1ad96505,btc-updown-5m-1776705300,2026-04-20T17:15:00+00:00,2026-04-20T17:14:01+00:00,2026-04-20T17:20:54+00:00,2026-04-20T17:21:54+00:00,up,0.5141143314,1,True,5,5,10.41666667,10.41666667,0.48,0.48,0.275,0.225,0.182,0,5.182,10.41666667,5.234666667,188.135233,182.953233,-5.551115123e-17
fixed_5_usd,,current_gamma_schedule_0p07_counterfactual,1,60,full_ladder_snapshot_upper_bound,0x0b16504bdc77f6e90dfe8afe408eb1196d2f11c8873e367f797199308aa097e7,btc-updown-5m-1776705900,2026-04-20T17:25:00+00:00,2026-04-20T17:24:01+00:00,2026-04-20T17:30:28+00:00,2026-04-20T17:31:28+00:00,up,0.5016318492,0,False,5,5,10.41666667,10.41666667,0.48,0.48,0.253,0.09,0.182,0,5.182,0,-5.182,193.3698997,188.1878997,-5.551115123e-17
fixed_5_usd,,current_gamma_schedule_0p07_counterfactual,1,60,full_ladder_snapshot_upper_bound,0x7bd97b893d769d191619ce6f26268aeb6e920aff8d0738c36e19326337d5fa34,btc-updown-5m-1776706200,2026-04-20T17:30:00+00:00,2026-04-20T17:29:01+00:00,2026-04-20T17:35:18+00:00,2026-04-20T17:36:18+00:00,up,0.5202774932,0,False,5,5,10.20408163,10.20408163,0.49,0.49,0.095,0.065,0.1785,0,5.1785,0,-5.1785,188.1878997,183.0093997,0
fixed_5_usd,,current_gamma_schedule_0p07_counterfactual,1,60,full_ladder_snapshot_upper_bound,0x33af5383f66a03b7a8a29233e17cea19cbece19625bd3e77528e1656f208de12,btc-updown-5m-1776706800,2026-04-20T17:40:00+00:00,2026-04-20T17:39:01+00:00,2026-04-20T17:45:18+00:00,2026-04-20T17:46:18+00:00,up,0.514609213,0,False,5,5,10.20408163,10.20408163,0.49,0.49,0.353,0.179,0.1785,0,5.1785,0,-5.1785,183.0093997,177.8308997,0
fixed_5_usd,,current_gamma_schedule_0p07_counterfactual,1,60,full_ladder_snapshot_upper_bound,0x38b7ab0e7800349c5687eab948c5de5d0c2c11627ed1200485d393e9cad9c14f,btc-updown-5m-1776715200,2026-04-20T20:00:00+00:00,2026-04-20T19:59:01+00:00,2026-04-20T20:05:18+00:00,2026-04-20T20:06:18+00:00,down,0.5034844448,0,True,5,5,10.41666667,10.41666667,0.48,0.48,0.984,0.908,0.182,0,5.182,10.41666667,5.234666667,177.8308997,172.6488997,-5.551115123e-17
fixed_5_usd,,current_gamma_schedule_0p07_counterfactual,1,60,full_ladder_snapshot_upper_bound,0x2f7f38f52c92d713291b5b3987034ecb247b929c877612466d449ef0ba6bffc8,btc-updown-5m-1776717000,2026-04-20T20:30:00+00:00,2026-04-20T20:29:01+00:00,2026-04-20T20:35:22+00:00,2026-04-20T20:36:22+00:00,up,0.5045632743,0,False,5,5,10.41666667,10.41666667,0.48,0.48,0.308,0.209,0.182,0,5.182,0,-5.182,183.0655664,177.8835664,-5.551115123e-17
fixed_5_usd,,current_gamma_schedule_0p07_counterfactual,1,60,full_ladder_snapshot_upper_bound,0xfc32dc6983fd732acb024bd510ba8a72119021063c895f2339a12f7a0809af71,btc-updown-5m-1776726900,2026-04-20T23:15:00+00:00,2026-04-20T23:14:01+00:00,2026-04-20T23:20:20+00:00,2026-04-20T23:21:20+00:00,down,0.5119118136,0,True,5,5,10.41666667,10.41666667,0.48,0.48,0.914,0.734,0.182,0,5.182,10.41666667,5.234666667,177.8835664,172.7015664,-5.551115123e-17
fixed_5_usd,,current_gamma_schedule_0p07_counterfactual,1,60,full_ladder_snapshot_upper_bound,0x361a125443279bdb8f29389ff45ed61c749c4334e4b095757c0cb8e1162dea42,btc-updown-5m-1776729300,2026-04-20T23:55:00+00:00,2026-04-20T23:54:01+00:00,2026-04-21T00:00:26+00:00,2026-04-21T00:01:26+00:00,down,0.5186819025,0,True,5,5,10,10,0.5,0.5,0.288,0.223,0.175,0,5.175,10,4.825,183.118233,177.943233,0
fixed_5_usd,,current_gamma_schedule_0p07_counterfactual,1,60,full_ladder_snapshot_upper_bound,0x3fd6a831004fc6a8d9e587f5e61e2a2d8e0496ff22ee4290932736db8aaaab83,btc-updown-5m-1776733500,2026-04-21T01:05:00+00:00,2026-04-21T01:04:01+00:00,2026-04-21T01:10:18+00:00,2026-04-21T01:11:18+00:00,down,0.5430484388,1,False,5,5,9.615384615,9.615384615,0.52,0.52,0.109,0.06,0.168,0,5.168,0,-5.168,187.943233,182.775233,0
fixed_5_usd,,current_gamma_schedule_0p07_counterfactual,1,60,full_ladder_snapshot_upper_bound,0x609655edb19d88115b0e3808fe1ca61da0792cd8cde57efc551f0919ac67b09e,btc-updown-5m-1776735900,2026-04-21T01:45:00+00:00,2026-04-21T01:44:01+00:00,2026-04-21T01:50:52+00:00,2026-04-21T01:51:52+00:00,down,0.5281028469,0,True,5,5,10,10,0.5,0.5,0.053,0.016,0.175,0,5.175,10,4.825,182.775233,177.600233,0
fixed_5_usd,,current_gamma_schedule_0p07_counterfactual,1,60,full_ladder_snapshot_upper_bound,0xd6938f104017eea4ee2f9aedecafe14e14cc01bb7439964c52287cf29d21b4dc,btc-updown-5m-1776743100,2026-04-21T03:45:00+00:00,2026-04-21T03:44:01+00:00,2026-04-21T03:50:26+00:00,2026-04-21T03:51:26+00:00,down,0.5055214424,1,False,5,5,10.41666667,10.41666667,0.48,0.48,0.052,0.017,0.182,0,5.182,0,-5.182,187.600233,182.418233,-5.551115123e-17
fixed_5_usd,,current_gamma_schedule_0p07_counterfactual,1,60,full_ladder_snapshot_upper_bound,0x73b6dd05e5d4531925f4b71e9832edfea79fb09049295123d3bd2f3f7df7e6bd,btc-updown-5m-1776749400,2026-04-21T05:30:00+00:00,2026-04-21T05:29:01+00:00,2026-04-21T05:35:52+00:00,2026-04-21T05:36:52+00:00,down,0.5231459001,0,True,5,5,10.20408163,10.20408163,0.49,0.49,0.248,0.103,0.1785,0,5.1785,10.20408163,5.025581633,182.418233,177.239733,0
fixed_5_usd,,current_gamma_schedule_0p07_counterfactual,1,60,full_ladder_snapshot_upper_bound,0x623fe275f06ad726fdbf24fd146f190a11a6b955571a139095ffc89256c182b2,btc-updown-5m-1776750600,2026-04-21T05:50:00+00:00,2026-04-21T05:49:01+00:00,2026-04-21T05:55:16+00:00,2026-04-21T05:56:16+00:00,up,0.5063376138,1,True,5,5,10.41666667,10.41666667,0.48,0.48,0.245,0.159,0.182,0,5.182,10.41666667,5.234666667,187.4438147,182.2618147,-5.551115123e-17
fixed_5_usd,,current_gamma_schedule_0p07_counterfactual,1,60,full_ladder_snapshot_upper_bound,0x00039cead3a346ec82e50412ca6fdd2353e65ee5c425fb7309e99f6d15b57553,btc-updown-5m-1776751800,2026-04-21T06:10:00+00:00,2026-04-21T06:09:01+00:00,2026-04-21T06:15:26+00:00,2026-04-21T06:16:26+00:00,up,0.531791549,1,True,5,5,9.803921569,9.803921569,0.51,0.51,0.355,0.159,0.1715,0,5.1715,9.803921569,4.632421569,192.6784813,187.5069813,0
fixed_5_usd,,current_gamma_schedule_0p07_counterfactual,1,60,full_ladder_snapshot_upper_bound,0x3483898cc3ee52830491b909f6914443b3a543fd21aad23cb875530fed36ec88,btc-updown-5m-1776762900,2026-04-21T09:15:00+00:00,2026-04-21T09:14:01+00:00,2026-04-21T09:20:26+00:00,2026-04-21T09:21:26+00:00,down,0.5205481194,1,False,5,5,10,10,0.5,0.5,0.368,0.181,0.175,0,5.175,0,-5.175,197.3109029,192.1359029,0
fixed_5_usd,,current_gamma_schedule_0p07_counterfactual,1,60,full_ladder_snapshot_upper_bound,0x3a919a31600e950c2bcb7474b4cd0cef4b14d723071a4a9530baade66f7013d3,btc-updown-5m-1776765000,2026-04-21T09:50:00+00:00,2026-04-21T09:49:01+00:00,2026-04-21T09:55:24+00:00,2026-04-21T09:56:24+00:00,down,0.5208749501,1,False,5,5,10,10,0.5,0.5,0.127,0.1,0.175,0,5.175,0,-5.175,192.1359029,186.9609029,0
fixed_5_usd,,current_gamma_schedule_0p07_counterfactual,1,60,full_ladder_snapshot_upper_bound,0x10f6c97be7c29c2daa2c3a22c4e874359b291fb5504aeffa4955d9388ea7152a,btc-updown-5m-1776766500,2026-04-21T10:15:00+00:00,2026-04-21T10:14:01+00:00,2026-04-21T10:20:18+00:00,2026-04-21T10:21:18+00:00,down,0.5367534662,1,False,5,5,10,10,0.5,0.5,0.896,0.844,0.175,0,5.175,0,-5.175,186.9609029,181.7859029,0
fixed_5_usd,,current_gamma_schedule_0p07_counterfactual,1,60,full_ladder_snapshot_upper_bound,0xabe99cc27bc11ea52486eda30a871330a323e62fab0005b216162e903e1fbbf3,btc-updown-5m-1776767400,2026-04-21T10:30:00+00:00,2026-04-21T10:29:01+00:00,2026-04-21T10:35:22+00:00,2026-04-21T10:36:22+00:00,down,0.5278447718,1,False,5,5,9.803921569,9.803921569,0.51,0.51,0.976,0.859,0.1715,0,5.1715,0,-5.1715,181.7859029,176.6144029,0
fixed_5_usd,,current_gamma_schedule_0p07_counterfactual,1,60,full_ladder_snapshot_upper_bound,0xa5d305246f893e41d4273876d30e207a7ad30f5cf7913e0e79d9642bbceb22f8,btc-updown-5m-1776768000,2026-04-21T10:40:00+00:00,2026-04-21T10:39:01+00:00,2026-04-21T10:45:18+00:00,2026-04-21T10:46:18+00:00,down,0.5460773201,1,False,5,5,10,10,0.5,0.5,0.763,0.654,0.175,0,5.175,0,-5.175,176.6144029,171.4394029,0
fixed_5_usd,,current_gamma_schedule_0p07_counterfactual,1,60,full_ladder_snapshot_upper_bound,0x909a1f4feef9c4eed58fb006c885445473b64fda7b0cfbe49c6ceb20150283cf,btc-updown-5m-1776771300,2026-04-21T11:35:00+00:00,2026-04-21T11:34:01+00:00,2026-04-21T11:40:26+00:00,2026-04-21T11:41:26+00:00,down,0.5183511683,1,False,5,5,10,10,0.5,0.5,0.925,0.728,0.175,0,5.175,0,-5.175,171.4394029,166.2644029,0
fixed_5_usd,,current_gamma_schedule_0p07_counterfactual,1,60,full_ladder_snapshot_upper_bound,0x5d3c25102b91556ebf4b35fd5a9f289894a73ae84f95d2ce4fc9e6835972e614,btc-updown-5m-1776773100,2026-04-21T12:05:00+00:00,2026-04-21T12:04:01+00:00,2026-04-21T12:10:22+00:00,2026-04-21T12:11:22+00:00,up,0.5278998221,1,True,5,5,9.803921569,9.803921569,0.51,0.51,0.435,0.307,0.1715,0,5.1715,9.803921569,4.632421569,166.2644029,161.0929029,0
fixed_5_usd,,current_gamma_schedule_0p07_counterfactual,1,60,full_ladder_snapshot_upper_bound,0x0d99caffe99308d2273cf48aa129220fd3864e189953e429bb99815645906cab,btc-updown-5m-1776774600,2026-04-21T12:30:00+00:00,2026-04-21T12:29:01+00:00,2026-04-21T12:35:18+00:00,2026-04-21T12:36:18+00:00,up,0.5313423532,1,True,5,5,9.975294118,9.975294118,0.5012383536,0.5,0.055,0.025,0.17456,0,5.17456,9.975294118,4.800734118,170.8968245,165.7222645,0.001238353579
fixed_5_usd,,current_gamma_schedule_0p07_counterfactual,1,60,full_ladder_snapshot_upper_bound,0x842fad4e5ae34cb7b3603be1b1f819f6c9f7d110caa4fb87748d2e5ab2b37da6,btc-updown-5m-1776777000,2026-04-21T13:10:00+00:00,2026-04-21T13:09:01+00:00,2026-04-21T13:15:52+00:00,2026-04-21T13:16:52+00:00,down,0.5007487048,0,True,5,5,10.41666667,10.41666667,0.48,0.48,0.131,0.021,0.182,0,5.182,10.41666667,5.234666667,175.6975586,170.5155586,-5.551115123e-17
fixed_5_usd,,current_gamma_schedule_0p07_counterfactual,1,60,full_ladder_snapshot_upper_bound,0x70bdc4133467682445c277aaa57a3988eb70d025d1b0b33d4e5a1650dfe414c5,btc-updown-5m-1776778800,2026-04-21T13:40:00+00:00,2026-04-21T13:39:01+00:00,2026-04-21T13:45:20+00:00,2026-04-21T13:46:20+00:00,down,0.499516665,1,False,5,5,10.41666667,10.41666667,0.48,0.48,0.299,0.163,0.182,0,5.182,0,-5.182,180.9322253,175.7502253,-5.551115123e-17
fixed_5_usd,,current_gamma_schedule_0p07_counterfactual,1,60,full_ladder_snapshot_upper_bound,0xc9fe21a87e3f920749e01c9c99e24b52b5541e036bd14240840d9a2a05fe27e4,btc-updown-5m-1776782400,2026-04-21T14:40:00+00:00,2026-04-21T14:39:01+00:00,2026-04-21T14:45:54+00:00,2026-04-21T14:46:54+00:00,down,0.518057736,1,False,5,5,10,10,0.5,0.5,0.205,0.112,0.175,0,5.175,0,-5.175,175.7502253,170.5752253,0
fixed_5_usd,,current_gamma_schedule_0p07_counterfactual,1,60,full_ladder_snapshot_upper_bound,0x0f56c253740bd9d4a7aa952e8e1f9f1b02dea62a467ade2a84e2add729bf898b,btc-updown-5m-1776783600,2026-04-21T15:00:00+00:00,2026-04-21T14:59:01+00:00,2026-04-21T15:05:20+00:00,2026-04-21T15:06:20+00:00,down,0.5139429,0,True,5,5,10.63829787,10.63829787,0.47,0.47,0.17,0.02,0.1855,0,5.1855,10.63829787,5.452797872,170.5752253,165.3897253,5.551115123e-17
fixed_5_usd,,current_gamma_schedule_0p07_counterfactual,1,60,full_ladder_snapshot_upper_bound,0x07e81b117ccbcd7354c13b7db7f9e0491a92ea5a59ebba91ffea05265d4c8e8c,btc-updown-5m-1776791400,2026-04-21T17:10:00+00:00,2026-04-21T17:09:01+00:00,2026-04-21T17:15:54+00:00,2026-04-21T17:16:54+00:00,down,0.4774381047,0,True,5,5,11.11111111,11.11111111,0.45,0.45,0.095,0.035,0.1925,0,5.1925,11.11111111,5.918611111,176.0280231,170.8355231,0
fixed_5_usd,,current_gamma_schedule_0p07_counterfactual,1,60,full_ladder_snapshot_upper_bound,0xc50d2230dbb967ba7c525d33062f823f151ec3266378c1ba7ae5abff6787f3c5,btc-updown-5m-1776792000,2026-04-21T17:20:00+00:00,2026-04-21T17:19:01+00:00,2026-04-21T17:25:22+00:00,2026-04-21T17:26:22+00:00,down,0.4635678214,1,False,5,5,12.19512195,12.19512195,0.41,0.41,0.282,0.233,0.2065,0,5.2065,0,-5.2065,181.9466342,176.7401342,0
fixed_5_usd,,current_gamma_schedule_0p07_counterfactual,1,60,full_ladder_snapshot_upper_bound,0x318a097ea722fceadcc606a4ce654e92cc22a476ec36eb84e512da769a2800e4,btc-updown-5m-1776793500,2026-04-21T17:45:00+00:00,2026-04-21T17:44:01+00:00,2026-04-21T17:50:28+00:00,2026-04-21T17:51:28+00:00,up,0.5098151192,0,False,5,5,10.63829787,10.63829787,0.47,0.47,0.099,0.005,0.1855,0,5.1855,0,-5.1855,176.7401342,171.5546342,5.551115123e-17
fixed_5_usd,,current_gamma_schedule_0p07_counterfactual,1,60,full_ladder_snapshot_upper_bound,0x730d83a39bb2f5b4f8f365b6c6720c1952b87e7eb8c8f57a85c84f39f1726434,btc-updown-5m-1776800400,2026-04-21T19:40:00+00:00,2026-04-21T19:39:01+00:00,2026-04-21T19:45:20+00:00,2026-04-21T19:46:20+00:00,down,0.4919217949,0,True,5,5,10.86956522,10.86956522,0.46,0.46,0.121,0.056,0.189,0,5.189,10.86956522,5.680565217,171.5546342,166.3656342,-5.551115123e-17
fixed_5_usd,,current_gamma_schedule_0p07_counterfactual,1,60,full_ladder_snapshot_upper_bound,0xeec853a149cafccd6b6439285d569c91cfea0af2f5e4229c38a8314644d65ea1,btc-updown-5m-1776805500,2026-04-21T21:05:00+00:00,2026-04-21T21:04:01+00:00,2026-04-21T21:10:18+00:00,2026-04-21T21:11:18+00:00,down,0.5188591699,0,True,5,5,10,10,0.5,0.5,0.106,0.043,0.175,0,5.175,10,4.825,177.2351995,172.0601995,0
fixed_5_usd,,current_gamma_schedule_0p07_counterfactual,1,60,full_ladder_snapshot_upper_bound,0x856373d5baf5849549e3b61af3a0e09aa08badb0013acf6e0e19dfd882eb9c7b,btc-updown-5m-1776806400,2026-04-21T21:20:00+00:00,2026-04-21T21:19:01+00:00,2026-04-21T21:25:18+00:00,2026-04-21T21:26:18+00:00,up,0.5224048628,1,True,5,5,10,10,0.5,0.5,0.534,0.471,0.175,0,5.175,10,4.825,182.0601995,176.8851995,0
fixed_5_usd,,current_gamma_schedule_0p07_counterfactual,1,60,full_ladder_snapshot_upper_bound,0xa96aef77f1b3ee82ddd611168813978d4a14e990b59ae1204549d3c4e4c43333,btc-updown-5m-1776807300,2026-04-21T21:35:00+00:00,2026-04-21T21:34:01+00:00,2026-04-21T21:40:18+00:00,2026-04-21T21:41:18+00:00,up,0.5240136057,1,True,5,5,10,10,0.5,0.5,0.296,0.115,0.175,0,5.175,10,4.825,186.8851995,181.7101995,0
fixed_5_usd,,current_gamma_schedule_0p07_counterfactual,1,60,full_ladder_snapshot_upper_bound,0x766f018fa6c2b498789df33c7d7d27f7f93075f8f4f395fef5ff8586a5243c11,btc-updown-5m-1776812400,2026-04-21T23:00:00+00:00,2026-04-21T22:59:01+00:00,2026-04-21T23:05:20+00:00,2026-04-21T23:06:20+00:00,down,0.517700396,1,False,5,5,10,10,0.5,0.5,0.965,0.941,0.175,0,5.175,0,-5.175,191.7101995,186.5351995,0
fixed_5_usd,,current_gamma_schedule_0p07_counterfactual,1,60,full_ladder_snapshot_upper_bound,0x564c2ea6f0c07cd0dcaf7fff7b4ff6f1237fd75df0197227f7da755c44228b0e,btc-updown-5m-1776816900,2026-04-22T00:15:00+00:00,2026-04-22T00:14:01+00:00,2026-04-22T00:20:20+00:00,2026-04-22T00:21:20+00:00,down,0.5440578816,0,True,5,5,9.587735849,9.587735849,0.5214995572,0.52,0.255,0.194,0.16747,0,5.16747,9.587735849,4.420265849,186.5351995,181.3677295,0.001499557217
fixed_5_usd,,current_gamma_schedule_0p07_counterfactual,1,60,full_ladder_snapshot_upper_bound,0x84b600d2417c3015cbd0f50f13afe6e6328e8d9f361fb7e95c6f994cd73bcb51,btc-updown-5m-1776818400,2026-04-22T00:40:00+00:00,2026-04-22T00:39:01+00:00,2026-04-22T00:45:36+00:00,2026-04-22T00:46:36+00:00,down,0.5012242128,1,False,5,5,10.41666667,10.41666667,0.48,0.48,0.466,0.294,0.182,0,5.182,0,-5.182,190.9554653,185.7734653,-5.551115123e-17
fixed_5_usd,,current_gamma_schedule_0p07_counterfactual,1,60,full_ladder_snapshot_upper_bound,0x92b95ccb1cbabd86edc4a6d56bd5b8ad322454291e1fb9aba5c474c6ccf10667,btc-updown-5m-1776819000,2026-04-22T00:50:00+00:00,2026-04-22T00:49:01+00:00,2026-04-22T00:55:28+00:00,2026-04-22T00:56:28+00:00,down,0.523362049,0,True,5,5,10,10,0.5,0.5,0.401,0.304,0.175,0,5.175,10,4.825,185.7734653,180.5984653,0
fixed_5_usd,,current_gamma_schedule_0p07_counterfactual,1,60,full_ladder_snapshot_upper_bound,0x816601a8bb25d00264e867cffb4637d0af67f912efe06eead6afbdac1a73cbf2,btc-updown-5m-1776819600,2026-04-22T01:00:00+00:00,2026-04-22T00:59:01+00:00,2026-04-22T01:05:22+00:00,2026-04-22T01:06:22+00:00,down,0.5183425004,0,True,5,5,10,10,0.5,0.5,0.393,0.215,0.175,0,5.175,10,4.825,190.5984653,185.4234653,0
fixed_5_usd,,current_gamma_schedule_0p07_counterfactual,1,60,full_ladder_snapshot_upper_bound,0x99eb1f525e62cffb70c5354c5c1190ac3abf1b5e56b844c29a7e43821d353036,btc-updown-5m-1776819900,2026-04-22T01:05:00+00:00,2026-04-22T01:04:01+00:00,2026-04-22T01:10:22+00:00,2026-04-22T01:11:22+00:00,down,0.5416627711,0,True,5,5,10,10,0.5,0.5,0.673,0.593,0.175,0,5.175,10,4.825,185.4234653,180.2484653,0
fixed_5_usd,,current_gamma_schedule_0p07_counterfactual,1,60,full_ladder_snapshot_upper_bound,0x8d3b285d6982bce84fe5f3de14bb523c3aa91bb61e807787aeaa772af42b57fb,btc-updown-5m-1776821400,2026-04-22T01:30:00+00:00,2026-04-22T01:29:01+00:00,2026-04-22T01:35:18+00:00,2026-04-22T01:36:18+00:00,down,0.5046642716,1,False,5,5,10.41666667,10.41666667,0.48,0.48,0.362,0.208,0.182,0,5.182,0,-5.182,200.2484653,195.0664653,-5.551115123e-17
fixed_5_usd,,current_gamma_schedule_0p07_counterfactual,1,60,full_ladder_snapshot_upper_bound,0x56fe5e01260681ad1f76be1b19351b3aa0ea3d6d15c038b2ab1600be9caabf2e,btc-updown-5m-1776833100,2026-04-22T04:45:00+00:00,2026-04-22T04:44:01+00:00,2026-04-22T04:50:26+00:00,2026-04-22T04:51:26+00:00,down,0.5229208184,0,True,5,5,10,10,0.5,0.5,0.272,0.208,0.175,0,5.175,10,4.825,195.0664653,189.8914653,0
fixed_5_usd,,current_gamma_schedule_0p07_counterfactual,1,60,full_ladder_snapshot_upper_bound,0x0f73deeb0f46c29331e59dfc4d1e749a519269d470991785b43c1eb909eeb19d,btc-updown-5m-1776834300,2026-04-22T05:05:00+00:00,2026-04-22T05:04:01+00:00,2026-04-22T05:10:24+00:00,2026-04-22T05:11:24+00:00,down,0.5078457674,1,False,5,5,10.20408163,10.20408163,0.49,0.49,0.93,0.824,0.1785,0,5.1785,0,-5.1785,199.8914653,194.7129653,0
fixed_5_usd,,current_gamma_schedule_0p07_counterfactual,1,60,full_ladder_snapshot_upper_bound,0x43de574499b356d10b1337480a96a4e0828a56ebdb0ffa399788722c4d24cdd8,btc-updown-5m-1776835200,2026-04-22T05:20:00+00:00,2026-04-22T05:19:01+00:00,2026-04-22T05:25:36+00:00,2026-04-22T05:26:36+00:00,up,0.4834376172,1,True,5,5,10.86956522,10.86956522,0.46,0.46,0.275,0.155,0.189,0,5.189,10.86956522,5.680565217,194.7129653,189.5239653,-5.551115123e-17
fixed_5_usd,,current_gamma_schedule_0p07_counterfactual,1,60,full_ladder_snapshot_upper_bound,0xe399b9d63e7ac825b51a021de29e4cb8acf212d9211ed3e21634e852e9cd5b54,btc-updown-5m-1776835800,2026-04-22T05:30:00+00:00,2026-04-22T05:29:01+00:00,2026-04-22T05:35:22+00:00,2026-04-22T05:36:22+00:00,up,0.4896919323,0,False,5,5,10.86956522,10.86956522,0.46,0.46,0.357,0.217,0.189,0,5.189,0,-5.189,200.3935305,195.2045305,-5.551115123e-17
fixed_5_usd,,current_gamma_schedule_0p07_counterfactual,1,60,full_ladder_snapshot_upper_bound,0x2aa42c690136c607f8c1ad101c5364c3e02d2a504c54aede43fe180c34e07268,btc-updown-5m-1776838800,2026-04-22T06:20:00+00:00,2026-04-22T06:19:01+00:00,2026-04-22T06:25:22+00:00,2026-04-22T06:26:22+00:00,down,0.4941285021,0,True,5,5,15.15151515,15.15151515,0.33,0.33,0.199,0.147,0.2345,0,5.2345,15.15151515,9.917015152,195.2045305,189.9700305,0
fixed_5_usd,,current_gamma_schedule_0p07_counterfactual,1,60,full_ladder_snapshot_upper_bound,0x3740ff297ccccfc5b9fd37615c7d3dd987dc837d0e2802e2a143cf7a966df570,btc-updown-5m-1776841500,2026-04-22T07:05:00+00:00,2026-04-22T07:04:01+00:00,2026-04-22T07:10:18+00:00,2026-04-22T07:11:18+00:00,down,0.5191732591,1,False,5,5,10,10,0.5,0.5,0.224,0.159,0.175,0,5.175,0,-5.175,205.1215457,199.9465457,0
fixed_5_usd,,current_gamma_schedule_0p07_counterfactual,1,60,full_ladder_snapshot_upper_bound,0xa20a1e418fde0f8c4cbfd3485005351ea48f7956b3433e3afae5b35871cc881a,btc-updown-5m-1776841800,2026-04-22T07:10:00+00:00,2026-04-22T07:09:01+00:00,2026-04-22T07:15:22+00:00,2026-04-22T07:16:22+00:00,down,0.5181987285,1,False,5,5,10,10,0.5,0.5,0.286,0.146,0.175,0,5.175,0,-5.175,199.9465457,194.7715457,0
fixed_5_usd,,current_gamma_schedule_0p07_counterfactual,1,60,full_ladder_snapshot_upper_bound,0x26af6d49248497a43120bf373e91059343a072ab97d5103b65cb1c126aa50a05,btc-updown-5m-1776842100,2026-04-22T07:15:00+00:00,2026-04-22T07:14:01+00:00,2026-04-22T07:20:22+00:00,2026-04-22T07:21:22+00:00,down,0.5213775308,0,True,5,5,10,10,0.5,0.5,0.126,0.031,0.175,0,5.175,10,4.825,194.7715457,189.5965457,0
fixed_5_usd,,current_gamma_schedule_0p07_counterfactual,1,60,full_ladder_snapshot_upper_bound,0xb1b45936795e9aeaee74840d0247035a79f26e549c9accc2a29782ad3ebe9bc3,btc-updown-5m-1776843000,2026-04-22T07:30:00+00:00,2026-04-22T07:29:01+00:00,2026-04-22T07:35:54+00:00,2026-04-22T07:36:54+00:00,down,0.5286884838,1,False,5,5,13.88888889,13.88888889,0.36,0.36,0.164,0.077,0.224,0,5.224,0,-5.224,199.5965457,194.3725457,0
fixed_5_usd,,current_gamma_schedule_0p07_counterfactual,1,60,full_ladder_snapshot_upper_bound,0x5757c9791d972c4f9f107561013d61a280051b5a0abe9fe1f60cd437c623c974,btc-updown-5m-1776844200,2026-04-22T07:50:00+00:00,2026-04-22T07:49:01+00:00,2026-04-22T07:55:22+00:00,2026-04-22T07:56:22+00:00,down,0.5215206152,0,True,5,5,13.36026316,13.36026316,0.3742441254,0.37,0.329,0.279,0.21899,0,5.21899,13.36026316,8.141273158,194.3725457,189.1535557,0.004244125352
fixed_5_usd,,current_gamma_schedule_0p07_counterfactual,1,60,full_ladder_snapshot_upper_bound,0x696811dc02298b5bfb5268b7ece1c27d8e82286facd089ec4c462798a889a1d9,btc-updown-5m-1776844500,2026-04-22T07:55:00+00:00,2026-04-22T07:54:01+00:00,2026-04-22T08:00:54+00:00,2026-04-22T08:01:54+00:00,down,0.5130856561,1,False,5,5,10.20408163,10.20408163,0.49,0.49,0.401,0.294,0.1785,0,5.1785,0,-5.1785,189.1535557,183.9750557,0
fixed_5_usd,,current_gamma_schedule_0p07_counterfactual,1,60,full_ladder_snapshot_upper_bound,0x64bc1ff492233df16f9fc400b8d29501a8616a6769216ffebd4f48ec80649963,btc-updown-5m-1776845700,2026-04-22T08:15:00+00:00,2026-04-22T08:14:01+00:00,2026-04-22T08:20:22+00:00,2026-04-22T08:21:22+00:00,up,0.5030834508,0,False,5,5,10.86956522,10.86956522,0.46,0.46,0.526,0.485,0.189,0,5.189,0,-5.189,197.3353188,192.1463188,-5.551115123e-17
fixed_5_usd,,current_gamma_schedule_0p07_counterfactual,1,60,full_ladder_snapshot_upper_bound,0x873d8806c13287fd723b61f245ff0f4e63cebde44cd2ebf9b1cf7ca5ae1158e3,btc-updown-5m-1776850200,2026-04-22T09:30:00+00:00,2026-04-22T09:29:01+00:00,2026-04-22T09:35:18+00:00,2026-04-22T09:36:18+00:00,down,0.5298622764,0,True,5,5,10,10,0.5,0.5,0.252,0.049,0.175,0,5.175,10,4.825,192.1463188,186.9713188,0
fixed_5_usd,,current_gamma_schedule_0p07_counterfactual,1,60,full_ladder_snapshot_upper_bound,0xe24a833074ef01c6b347955395a3a37224afb85118330c6858d11c17ee0707e0,btc-updown-5m-1776851400,2026-04-22T09:50:00+00:00,2026-04-22T09:49:01+00:00,2026-04-22T09:55:26+00:00,2026-04-22T09:56:26+00:00,down,0.5201087152,0,True,5,5,10.41666667,10.41666667,0.48,0.48,0.433,0.282,0.182,0,5.182,10.41666667,5.234666667,196.9713188,191.7893188,-5.551115123e-17
fixed_5_usd,,current_gamma_schedule_0p07_counterfactual,1,60,full_ladder_snapshot_upper_bound,0xb96c204a86e715653df10b268b5f8929f0c9d1ed574af262ba38a1244dcf651a,btc-updown-5m-1776856500,2026-04-22T11:15:00+00:00,2026-04-22T11:14:01+00:00,2026-04-22T11:20:26+00:00,2026-04-22T11:21:26+00:00,down,0.5335262038,1,False,5,5,9.803921569,9.803921569,0.51,0.51,0.12,0.075,0.1715,0,5.1715,0,-5.1715,202.2059855,197.0344855,0
fixed_5_usd,,current_gamma_schedule_0p07_counterfactual,1,60,full_ladder_snapshot_upper_bound,0x42b7a09ef2a13682f9be22500303f8312e1810b1e3454610cf9518586767d8eb,btc-updown-5m-1776858300,2026-04-22T11:45:00+00:00,2026-04-22T11:44:01+00:00,2026-04-22T11:50:54+00:00,2026-04-22T11:51:54+00:00,down,0.5218554524,1,False,5,5,10,10,0.5,0.5,0.229,0.045,0.175,0,5.175,0,-5.175,197.0344855,191.8594855,0
fixed_5_usd,,current_gamma_schedule_0p07_counterfactual,1,60,full_ladder_snapshot_upper_bound,0xde03bbec4f350712a63c6691619c690ca8cbec2f198f0c0939b1e3a3321b690a,btc-updown-5m-1776859500,2026-04-22T12:05:00+00:00,2026-04-22T12:04:01+00:00,2026-04-22T12:10:36+00:00,2026-04-22T12:11:36+00:00,down,0.525872357,1,False,5,5,10,10,0.5,0.5,0.437,0.4,0.175,0,5.175,0,-5.175,191.8594855,186.6844855,0
fixed_5_usd,,current_gamma_schedule_0p07_counterfactual,1,60,full_ladder_snapshot_upper_bound,0xf5b93d5349564e86cf048d960f1027156634b0a4e5bb76b6fffd1f121aa7a619,btc-updown-5m-1776861000,2026-04-22T12:30:00+00:00,2026-04-22T12:29:01+00:00,2026-04-22T12:35:26+00:00,2026-04-22T12:36:26+00:00,down,0.5153628584,1,False,5,5,10.41666667,10.41666667,0.48,0.48,0.288,0.177,0.182,0,5.182,0,-5.182,186.6844855,181.5024855,-5.551115123e-17
fixed_5_usd,,current_gamma_schedule_0p07_counterfactual,1,60,full_ladder_snapshot_upper_bound,0x4ccf2d1ec6c8a6973a61aa2c25177dd136b454094aea15fbd23d26b815b50f2e,btc-updown-5m-1776874500,2026-04-22T16:15:00+00:00,2026-04-22T16:14:01+00:00,2026-04-22T16:20:54+00:00,2026-04-22T16:21:54+00:00,down,0.5199654789,0,True,5,5,10,10,0.5,0.5,0.313,0.089,0.175,0,5.175,10,4.825,181.5024855,176.3274855,0
fixed_5_usd,,current_gamma_schedule_0p07_counterfactual,1,60,full_ladder_snapshot_upper_bound,0x511eb985a8d96997b30cf6184013697300bc5f7cfe8264a60c1dda979734fa31,btc-updown-5m-1776878100,2026-04-22T17:15:00+00:00,2026-04-22T17:14:01+00:00,2026-04-22T17:20:22+00:00,2026-04-22T17:21:22+00:00,up,0.5084237633,0,False,5,5,10.20408163,10.20408163,0.49,0.49,0.496,0.41,0.1785,0,5.1785,0,-5.1785,186.3274855,181.1489855,0
fixed_5_usd,,current_gamma_schedule_0p07_counterfactual,1,60,full_ladder_snapshot_upper_bound,0x7bb979d76b53240e3d43a6e61cb524223e400aafe4466413a19cde2713cfc791,btc-updown-5m-1776885000,2026-04-22T19:10:00+00:00,2026-04-22T19:09:01+00:00,2026-04-22T19:15:52+00:00,2026-04-22T19:16:52+00:00,down,0.492483846,1,False,5,5,10.63829787,10.63829787,0.47,0.47,0.237,0.158,0.1855,0,5.1855,0,-5.1855,181.1489855,175.9634855,5.551115123e-17
fixed_5_usd,,current_gamma_schedule_0p07_counterfactual,1,60,full_ladder_snapshot_upper_bound,0xb4cc1f2be455aeb7e53355155f37ddffbacf3d56587c8872866e214f27a57e1f,btc-updown-5m-1776887400,2026-04-22T19:50:00+00:00,2026-04-22T19:49:01+00:00,2026-04-22T19:55:20+00:00,2026-04-22T19:56:20+00:00,down,0.4976911924,1,False,5,5,10.41666667,10.41666667,0.48,0.48,0.23,0.136,0.182,0,5.182,0,-5.182,175.9634855,170.7814855,-5.551115123e-17
fixed_5_usd,,current_gamma_schedule_0p07_counterfactual,1,60,full_ladder_snapshot_upper_bound,0x57813c96d077e722a63846abfec415a01fa68f2aa802595a070f0b3738e76ab5,btc-updown-5m-1776888000,2026-04-22T20:00:00+00:00,2026-04-22T19:59:01+00:00,2026-04-22T20:05:22+00:00,2026-04-22T20:06:22+00:00,down,0.5217289192,1,False,5,5,10.20408163,10.20408163,0.49,0.49,0.421,0.162,0.1785,0,5.1785,0,-5.1785,170.7814855,165.6029855,0
fixed_5_usd,,current_gamma_schedule_0p07_counterfactual,1,60,full_ladder_snapshot_upper_bound,0x8bfcded6fb100310a6421fab9bd3a0294198ea8c39b89bf11baaf32ed4fe5c85,btc-updown-5m-1776890100,2026-04-22T20:35:00+00:00,2026-04-22T20:34:01+00:00,2026-04-22T20:40:18+00:00,2026-04-22T20:41:18+00:00,down,0.5009921961,0,True,5,5,10.41666667,10.41666667,0.48,0.48,0.121,0.08,0.182,0,5.182,10.41666667,5.234666667,165.6029855,160.4209855,-5.551115123e-17
fixed_5_usd,,current_gamma_schedule_0p07_counterfactual,1,60,full_ladder_snapshot_upper_bound,0x00de7af0965e6e53ee3dc7c200930581164ee9ea13147534928c03ebcaf33ddb,btc-updown-5m-1776894000,2026-04-22T21:40:00+00:00,2026-04-22T21:39:01+00:00,2026-04-22T21:45:28+00:00,2026-04-22T21:46:28+00:00,down,0.5280183926,1,False,5,5,10,10,0.5,0.5,0.106,0.077,0.175,0,5.175,0,-5.175,170.8376522,165.6626522,0
fixed_5_usd,,current_gamma_schedule_0p07_counterfactual,1,60,full_ladder_snapshot_upper_bound,0x8be2ebedf887c1bcc57c7e093a97fd7696a8e8f3e981b84e1f7d03e63fdfcedc,btc-updown-5m-1776896400,2026-04-22T22:20:00+00:00,2026-04-22T22:19:01+00:00,2026-04-22T22:25:22+00:00,2026-04-22T22:26:22+00:00,down,0.5066310959,0,True,5,5,10.86956522,10.86956522,0.46,0.46,0.094,0.002,0.189,0,5.189,10.86956522,5.680565217,165.6626522,160.4736522,-5.551115123e-17
fixed_5_usd,,current_gamma_schedule_0p07_counterfactual,1,60,full_ladder_snapshot_upper_bound,0x2345fe6929a02fb196df23bcfcefa959be93664418ff36599a182d9ba1f01e28,btc-updown-5m-1776897900,2026-04-22T22:45:00+00:00,2026-04-22T22:44:01+00:00,2026-04-22T22:50:38+00:00,2026-04-22T22:51:38+00:00,down,0.5015052739,0,True,5,5,10.41666667,10.41666667,0.48,0.48,0.463,0.295,0.182,0,5.182,10.41666667,5.234666667,171.3432174,166.1612174,-5.551115123e-17
fixed_5_usd,,current_gamma_schedule_0p07_counterfactual,1,60,full_ladder_snapshot_upper_bound,0x282a593d0bee3211297382921660c8de45346a8c292fbb10d6add40a68919562,btc-updown-5m-1776901500,2026-04-22T23:45:00+00:00,2026-04-22T23:44:01+00:00,2026-04-22T23:50:18+00:00,2026-04-22T23:51:18+00:00,down,0.498014074,1,False,5,5,10.63829787,10.63829787,0.47,0.47,0.323,0.207,0.1855,0,5.1855,0,-5.1855,176.577884,171.392384,5.551115123e-17
fixed_5_usd,,current_gamma_schedule_0p07_counterfactual,1,60,full_ladder_snapshot_upper_bound,0xd16128e83c79add415bf76a8cb31622192b4268f1fe20a0013e37651a6133599,btc-updown-5m-1776902700,2026-04-23T00:05:00+00:00,2026-04-23T00:04:01+00:00,2026-04-23T00:10:22+00:00,2026-04-23T00:11:22+00:00,up,0.5390477938,0,False,5,5,9.803921569,9.803921569,0.51,0.51,0.503,0.351,0.1715,0,5.1715,0,-5.1715,171.392384,166.220884,0
fixed_5_usd,,current_gamma_schedule_0p07_counterfactual,1,60,full_ladder_snapshot_upper_bound,0xb8a6b86c600d178d68142e3562c4eb828e5b61c225a5ce121d1dcf6d46306e0f,btc-updown-5m-1776903900,2026-04-23T00:25:00+00:00,2026-04-23T00:24:01+00:00,2026-04-23T00:30:26+00:00,2026-04-23T00:31:26+00:00,up,0.533704175,1,True,5,5,9.803921569,9.803921569,0.51,0.51,0.04,0.006,0.1715,0,5.1715,9.803921569,4.632421569,166.220884,161.049384,0
fixed_5_usd,,current_gamma_schedule_0p07_counterfactual,1,60,full_ladder_snapshot_upper_bound,0x894caf31eced41c32e2eb5eb8c64c43093da19b6e78879a4a97c3213a5eabb58,btc-updown-5m-1776905400,2026-04-23T00:50:00+00:00,2026-04-23T00:49:01+00:00,2026-04-23T00:55:20+00:00,2026-04-23T00:56:20+00:00,up,0.5418223054,0,False,5,5,10,10,0.5,0.5,0.488,0.326,0.175,0,5.175,0,-5.175,170.8533056,165.6783056,0
fixed_5_usd,,current_gamma_schedule_0p07_counterfactual,1,60,full_ladder_snapshot_upper_bound,0xc75935dc39e8c952baada40609ac695fb3eaeeb01ec7119aa0173b8c68fc649a,btc-updown-5m-1776905700,2026-04-23T00:55:00+00:00,2026-04-23T00:54:01+00:00,2026-04-23T01:00:22+00:00,2026-04-23T01:01:22+00:00,up,0.5276040032,1,True,5,5,10,10,0.5,0.5,0.498,0.394,0.175,0,5.175,10,4.825,165.6783056,160.5033056,0
fixed_5_usd,,current_gamma_schedule_0p07_counterfactual,1,60,full_ladder_snapshot_upper_bound,0xb1218d00f0d762eae6299ec6165f0a029b321c0c78e0c959837c3ab3a8120e00,btc-updown-5m-1776908700,2026-04-23T01:45:00+00:00,2026-04-23T01:44:01+00:00,2026-04-23T01:50:18+00:00,2026-04-23T01:51:18+00:00,up,0.4942166092,1,True,5,5,10.63829787,10.63829787,0.47,0.47,0.33,0.16,0.1855,0,5.1855,10.63829787,5.452797872,170.5033056,165.3178056,5.551115123e-17
fixed_5_usd,,current_gamma_schedule_0p07_counterfactual,1,60,full_ladder_snapshot_upper_bound,0x7632de342d71a9eec0e98ab5370e880c4095ca63376fd0163c92d3cdd7450fcf,btc-updown-5m-1776909600,2026-04-23T02:00:00+00:00,2026-04-23T01:59:01+00:00,2026-04-23T02:05:16+00:00,2026-04-23T02:06:16+00:00,up,0.5051154512,0,False,5,5,10.41666667,10.41666667,0.48,0.48,0.477,0.397,0.182,0,5.182,0,-5.182,175.9561035,170.7741035,-5.551115123e-17
fixed_5_usd,,current_gamma_schedule_0p07_counterfactual,1,60,full_ladder_snapshot_upper_bound,0xa504383b84025b673da2be4b2133542c68d9051229d65f602e1a40eeab516f0f,btc-updown-5m-1776912900,2026-04-23T02:55:00+00:00,2026-04-23T02:54:01+00:00,2026-04-23T03:00:20+00:00,2026-04-23T03:01:20+00:00,up,0.5193812709,0,False,5,5,10,10,0.5,0.5,0.304,0.271,0.175,0,5.175,0,-5.175,170.7741035,165.5991035,0
fixed_5_usd,,current_gamma_schedule_0p07_counterfactual,1,60,full_ladder_snapshot_upper_bound,0xcd6bd51cb6e7295471ff614a78d74566d913eeff82230ab3dd26776ac7112833,btc-updown-5m-1776918300,2026-04-23T04:25:00+00:00,2026-04-23T04:24:01+00:00,2026-04-23T04:30:28+00:00,2026-04-23T04:31:28+00:00,up,0.5012682511,1,True,5,5,10.41666667,10.41666667,0.48,0.48,0.147,0.111,0.182,0,5.182,10.41666667,5.234666667,165.5991035,160.4171035,-5.551115123e-17
fixed_5_usd,,current_gamma_schedule_0p07_counterfactual,1,60,full_ladder_snapshot_upper_bound,0x6a9c494c11fbb2ba0d831b6fa91b028345707c7df265673d5c6ef8c2e437546b,btc-updown-5m-1776921600,2026-04-23T05:20:00+00:00,2026-04-23T05:19:01+00:00,2026-04-23T05:25:18+00:00,2026-04-23T05:26:18+00:00,down,0.5384821847,0,True,5,5,10.20408163,10.20408163,0.49,0.49,0.319,0.18,0.1785,0,5.1785,10.20408163,5.025581633,170.8337702,165.6552702,0
fixed_5_usd,,current_gamma_schedule_0p07_counterfactual,1,60,full_ladder_snapshot_upper_bound,0xd071667e066acbff8a0f7545c376717aece027c0d5686327873d2f4437e2a968,btc-updown-5m-1776923100,2026-04-23T05:45:00+00:00,2026-04-23T05:44:01+00:00,2026-04-23T05:50:26+00:00,2026-04-23T05:51:26+00:00,down,0.4876802076,1,False,5,5,10.63829787,10.63829787,0.47,0.47,0.263,0.175,0.1855,0,5.1855,0,-5.1855,175.8593518,170.6738518,5.551115123e-17
fixed_5_usd,,current_gamma_schedule_0p07_counterfactual,1,60,full_ladder_snapshot_upper_bound,0x6c900ce899889202c54c108f6560ebd18de3d569f520d85dea26ce87ea125c8c,btc-updown-5m-1776925800,2026-04-23T06:30:00+00:00,2026-04-23T06:29:01+00:00,2026-04-23T06:35:22+00:00,2026-04-23T06:36:22+00:00,up,0.4731340445,0,False,5,5,12.5,12.5,0.4,0.4,0.478,0.407,0.21,0,5.21,0,-5.21,170.6738518,165.4638518,0
fixed_5_usd,,current_gamma_schedule_0p07_counterfactual,1,60,full_ladder_snapshot_upper_bound,0x5fecbede3affd45f5f1a1b4b2390dd16bca85b3d7912cfd0dfd8a96341c72eaf,btc-updown-5m-1776926400,2026-04-23T06:40:00+00:00,2026-04-23T06:39:01+00:00,2026-04-23T06:45:54+00:00,2026-04-23T06:46:54+00:00,down,0.5379761242,0,True,5,5,10,10,0.5,0.5,0.112,0.011,0.175,0,5.175,10,4.825,165.4638518,160.2888518,0
fixed_5_usd,,current_gamma_schedule_0p07_counterfactual,1,60,full_ladder_snapshot_upper_bound,0x8ffddfb24a1548bf0999a476e78c455b3f8d359228aa6f6f25b50b608ed04b97,btc-updown-5m-1776927900,2026-04-23T07:05:00+00:00,2026-04-23T07:04:01+00:00,2026-04-23T07:10:52+00:00,2026-04-23T07:11:52+00:00,down,0.5189965016,0,True,5,5,10,10,0.5,0.5,0.843,0.769,0.175,0,5.175,10,4.825,170.2888518,165.1138518,0
fixed_5_usd,,current_gamma_schedule_0p07_counterfactual,1,60,full_ladder_snapshot_upper_bound,0x88e80b94712413bbcf885eed4babb9eb70309a5c5df56b3e69f985adad0deb64,btc-updown-5m-1776933000,2026-04-23T08:30:00+00:00,2026-04-23T08:29:01+00:00,2026-04-23T08:35:20+00:00,2026-04-23T08:36:20+00:00,down,0.5097500374,0,True,5,5,10.20408163,10.20408163,0.49,0.49,0.204,0.063,0.1785,0,5.1785,10.20408163,5.025581633,175.1138518,169.9353518,0
fixed_5_usd,,current_gamma_schedule_0p07_counterfactual,1,60,full_ladder_snapshot_upper_bound,0x253d3a188810c9fcdc8ac545c60f21df1e1df0a66d446e7df2f84be26e46102e,btc-updown-5m-1776935700,2026-04-23T09:15:00+00:00,2026-04-23T09:14:01+00:00,2026-04-23T09:20:20+00:00,2026-04-23T09:21:20+00:00,down,0.5002760244,1,False,5,5,10.41666667,10.41666667,0.48,0.48,0.507,0.264,0.182,0,5.182,0,-5.182,180.1394334,174.9574334,-5.551115123e-17
fixed_5_usd,,current_gamma_schedule_0p07_counterfactual,1,60,full_ladder_snapshot_upper_bound,0x41812ebd6b4563d8fb3eeede80d6e71f7b364852fa3234f9fd6bb7221511a842,btc-updown-5m-1776939900,2026-04-23T10:25:00+00:00,2026-04-23T10:24:01+00:00,2026-04-23T10:30:20+00:00,2026-04-23T10:31:20+00:00,down,0.4933256305,1,False,5,5,10.63829787,10.63829787,0.47,0.47,0.482,0.291,0.1855,0,5.1855,0,-5.1855,174.9574334,169.7719334,5.551115123e-17
fixed_5_usd,,current_gamma_schedule_0p07_counterfactual,1,60,full_ladder_snapshot_upper_bound,0x4e40242b128337537e6dab3a2fbc8b6b0b696c2975b541789e0fb6fa4654c7d2,btc-updown-5m-1776940200,2026-04-23T10:30:00+00:00,2026-04-23T10:29:01+00:00,2026-04-23T10:35:18+00:00,2026-04-23T10:36:18+00:00,down,0.4980461781,1,False,5,5,10.41666667,10.41666667,0.48,0.48,0.12,0.025,0.182,0,5.182,0,-5.182,169.7719334,164.5899334,-5.551115123e-17
fixed_5_usd,,current_gamma_schedule_0p07_counterfactual,1,60,full_ladder_snapshot_upper_bound,0x1d915c78efbcc3a2ec27f8220fc97d421e62ead220f7b4bc241730e383cb32a2,btc-updown-5m-1776941700,2026-04-23T10:55:00+00:00,2026-04-23T10:54:01+00:00,2026-04-23T11:00:20+00:00,2026-04-23T11:01:20+00:00,up,0.5291188805,1,True,5,5,9.803921569,9.803921569,0.51,0.51,0.191,0.152,0.1715,0,5.1715,9.803921569,4.632421569,164.5899334,159.4184334,0
fixed_5_usd,,current_gamma_schedule_0p07_counterfactual,1,60,full_ladder_snapshot_upper_bound,0x36bfbc622aff3855f592613ecd61ce11afd2e0eb57a1dc3d67bface4ef4e9ce7,btc-updown-5m-1776944700,2026-04-23T11:45:00+00:00,2026-04-23T11:44:01+00:00,2026-04-23T11:50:26+00:00,2026-04-23T11:51:26+00:00,down,0.5201531554,1,False,5,5,10,10,0.5,0.5,0.06,0.006,0.175,0,5.175,0,-5.175,169.222355,164.047355,0
fixed_5_usd,,current_gamma_schedule_0p07_counterfactual,1,60,full_ladder_snapshot_upper_bound,0xb7f31b6ac373eed7872ddb9e753536dc078de19fbdabfeda0ae2184ae5e1acad,btc-updown-5m-1776945000,2026-04-23T11:50:00+00:00,2026-04-23T11:49:01+00:00,2026-04-23T11:55:22+00:00,2026-04-23T11:56:22+00:00,down,0.543359535,1,False,5,5,9.615384615,9.615384615,0.52,0.52,0.453,0.382,0.168,0,5.168,0,-5.168,164.047355,158.879355,0
fixed_5_usd,,current_gamma_schedule_0p07_counterfactual,1,60,full_ladder_snapshot_upper_bound,0x1457566a0f7eb9869486e2487eeadb9d30c6ee5ce5f790f84f4d35b488373980,btc-updown-5m-1776947700,2026-04-23T12:35:00+00:00,2026-04-23T12:34:01+00:00,2026-04-23T12:40:36+00:00,2026-04-23T12:41:36+00:00,down,0.5325926168,1,False,5,5,10,10,0.5,0.5,0.27,0.09,0.175,0,5.175,0,-5.175,158.879355,153.704355,0
fixed_5_usd,,current_gamma_schedule_0p07_counterfactual,1,60,full_ladder_snapshot_upper_bound,0x45bcbc1c312fc853bf2d30176ca2c7e0becef3b2977b5ee3520cf48e1b8f2af6,btc-updown-5m-1776949200,2026-04-23T13:00:00+00:00,2026-04-23T12:59:01+00:00,2026-04-23T13:05:20+00:00,2026-04-23T13:06:20+00:00,down,0.5192181391,0,True,5,5,10.20408163,10.20408163,0.49,0.49,0.134,0.03,0.1785,0,5.1785,10.20408163,5.025581633,153.704355,148.525855,0
fixed_5_usd,,current_gamma_schedule_0p07_counterfactual,1,60,full_ladder_snapshot_upper_bound,0x36e0b552509b14a12f0e82c13a09bfc5b09d92616bad7bd042f56563adc6eb4c,btc-updown-5m-1776950100,2026-04-23T13:15:00+00:00,2026-04-23T13:14:01+00:00,2026-04-23T13:20:36+00:00,2026-04-23T13:21:36+00:00,down,0.5399727715,1,False,5,5,10.20408163,10.20408163,0.49,0.49,0.106,0.006,0.1785,0,5.1785,0,-5.1785,158.7299366,153.5514366,0
fixed_5_usd,,current_gamma_schedule_0p07_counterfactual,1,60,full_ladder_snapshot_upper_bound,0xe2e1d41445af8b011f0132ca3a6c92587041b3b5ad2781ce43c821cf85321ad3,btc-updown-5m-1776953400,2026-04-23T14:10:00+00:00,2026-04-23T14:09:01+00:00,2026-04-23T14:15:20+00:00,2026-04-23T14:16:20+00:00,up,0.5270033497,0,False,5,5,10,10,0.5,0.5,0.395,0.269,0.175,0,5.175,0,-5.175,153.5514366,148.3764366,0
fixed_5_usd,,current_gamma_schedule_0p07_counterfactual,1,60,full_ladder_snapshot_upper_bound,0x96d523863ccc5be5d33d9df96b2b59b5a296685311b2061fae4fcf69e1d01c3d,btc-updown-5m-1776953700,2026-04-23T14:15:00+00:00,2026-04-23T14:14:01+00:00,2026-04-23T14:20:36+00:00,2026-04-23T14:21:36+00:00,up,0.5367914114,0,False,5,5,9.803921569,9.803921569,0.51,0.51,0.336,0.264,0.1715,0,5.1715,0,-5.1715,148.3764366,143.2049366,0
fixed_5_usd,,current_gamma_schedule_0p07_counterfactual,1,60,full_ladder_snapshot_upper_bound,0xe7ac790db2d5acd6e4dc94cc8c0e149b8e033c9cfc568410c548fe10772092e6,btc-updown-5m-1776957900,2026-04-23T15:25:00+00:00,2026-04-23T15:24:01+00:00,2026-04-23T15:30:28+00:00,2026-04-23T15:31:28+00:00,up,0.4844561185,0,False,5,5,12.19512195,12.19512195,0.41,0.41,0.173,0.128,0.2065,0,5.2065,0,-5.2065,143.2049366,137.9984366,0
fixed_5_usd,,current_gamma_schedule_0p07_counterfactual,1,60,full_ladder_snapshot_upper_bound,0x04b5a96a1cf8be1077f96ed243453106e10c38df7ca89494ed0400b50d4fdbdc,btc-updown-5m-1776960000,2026-04-23T16:00:00+00:00,2026-04-23T15:59:01+00:00,2026-04-23T16:05:20+00:00,2026-04-23T16:06:20+00:00,down,0.5243376478,0,True,5,5,10.20408163,10.20408163,0.49,0.49,0.506,0.364,0.1785,0,5.1785,10.20408163,5.025581633,137.9984366,132.8199366,0
fixed_5_usd,,current_gamma_schedule_0p07_counterfactual,1,60,full_ladder_snapshot_upper_bound,0xb8d139ec12106c23b93ad09a563ee420647cf8c07f18aada4662c5db938a09ef,btc-updown-5m-1776966900,2026-04-23T17:55:00+00:00,2026-04-23T17:54:01+00:00,2026-04-23T18:00:54+00:00,2026-04-23T18:01:54+00:00,up,0.5465479101,1,True,5,5,9.803921569,9.803921569,0.51,0.51,0.306,0.108,0.1715,0,5.1715,9.803921569,4.632421569,143.0240183,137.8525183,0
fixed_5_usd,,current_gamma_schedule_0p07_counterfactual,1,60,full_ladder_snapshot_upper_bound,0x8b999e486b8348adb843e4e00333b9a0a1778a01deaa58cc7fad1dad33cbac2f,btc-updown-5m-1776967200,2026-04-23T18:00:00+00:00,2026-04-23T17:59:01+00:00,2026-04-23T18:05:28+00:00,2026-04-23T18:06:28+00:00,up,0.525688421,1,True,5,5,10.20408163,10.20408163,0.49,0.49,0.296,0.039,0.1785,0,5.1785,10.20408163,5.025581633,137.8525183,132.6740183,0
fixed_5_usd,,current_gamma_schedule_0p07_counterfactual,1,60,full_ladder_snapshot_upper_bound,0x77511ee61d645dd139e12ac964e0c7ccb4f9b837e47bc375e3e0dce6993e7b5e,btc-updown-5m-1776967500,2026-04-23T18:05:00+00:00,2026-04-23T18:04:01+00:00,2026-04-23T18:10:54+00:00,2026-04-23T18:11:54+00:00,up,0.5051443369,1,True,5,5,10.41666667,10.41666667,0.48,0.48,0.166,0.098,0.182,0,5.182,10.41666667,5.234666667,142.4779398,137.2959398,-5.551115123e-17
fixed_5_usd,,current_gamma_schedule_0p07_counterfactual,1,60,full_ladder_snapshot_upper_bound,0xd1b2c257ad52b033664c3e4d94e9027300763b306d70d5edd8d0c8e021a7f8e1,btc-updown-5m-1776968400,2026-04-23T18:20:00+00:00,2026-04-23T18:19:01+00:00,2026-04-23T18:25:18+00:00,2026-04-23T18:26:18+00:00,up,0.5175465503,1,True,5,5,10.41666667,10.41666667,0.48,0.48,0.293,0.145,0.182,0,5.182,10.41666667,5.234666667,157.9166881,152.7346881,-5.551115123e-17
fixed_5_usd,,current_gamma_schedule_0p07_counterfactual,1,60,full_ladder_snapshot_upper_bound,0xdad0473f5112d67ba72cde82563255577268d0b5243b576a23875678b034773e,btc-updown-5m-1776971700,2026-04-23T19:15:00+00:00,2026-04-23T19:14:01+00:00,2026-04-23T19:20:20+00:00,2026-04-23T19:21:20+00:00,up,0.5352593479,1,True,5,5,9.803921569,9.803921569,0.51,0.51,0.274,0.208,0.1715,0,5.1715,9.803921569,4.632421569,163.1513548,157.9798548,0
fixed_5_usd,,current_gamma_schedule_0p07_counterfactual,1,60,full_ladder_snapshot_upper_bound,0x6005f126102ae8af1b1f1b40fab577c2cc559ce8c96ec4518fb38790dd30a417,btc-updown-5m-1776976500,2026-04-23T20:35:00+00:00,2026-04-23T20:34:01+00:00,2026-04-23T20:40:22+00:00,2026-04-23T20:41:22+00:00,down,0.4975887382,1,False,5,5,10.41666667,10.41666667,0.48,0.48,0.186,0.02,0.182,0,5.182,0,-5.182,167.7837764,162.6017764,-5.551115123e-17
fixed_5_usd,,current_gamma_schedule_0p07_counterfactual,1,60,full_ladder_snapshot_upper_bound,0xcb04eabc74b5956aa7f2db41ceb6a0fd718668fd2b81e2c211126eef33163832,btc-updown-5m-1776978900,2026-04-23T21:15:00+00:00,2026-04-23T21:14:01+00:00,2026-04-23T21:20:36+00:00,2026-04-23T21:21:36+00:00,down,0.4887444924,0,True,5,5,10.63829787,10.63829787,0.47,0.47,0.405,0.213,0.1855,0,5.1855,10.63829787,5.452797872,162.6017764,157.4162764,5.551115123e-17
fixed_5_usd,,current_gamma_schedule_0p07_counterfactual,1,60,full_ladder_snapshot_upper_bound,0x754dc7ceb2c1b2a71031a5cbafae4d2182c8d35ddadb7f9c3292c864187dc9b7,btc-updown-5m-1776979800,2026-04-23T21:30:00+00:00,2026-04-23T21:29:01+00:00,2026-04-23T21:35:20+00:00,2026-04-23T21:36:20+00:00,down,0.4922846093,1,False,5,5,10.86956522,10.86956522,0.46,0.46,0.329,0.198,0.189,0,5.189,0,-5.189,168.0545742,162.8655742,-5.551115123e-17
fixed_5_usd,,current_gamma_schedule_0p07_counterfactual,1,60,full_ladder_snapshot_upper_bound,0x6318dbaa105e98a508adb98c41e9c10e470e17d8270dfac836de04db44595121,btc-updown-5m-1776980100,2026-04-23T21:35:00+00:00,2026-04-23T21:34:01+00:00,2026-04-23T21:40:20+00:00,2026-04-23T21:41:20+00:00,down,0.5346538515,1,False,5,5,10,10,0.5,0.5,0.341,0.175,0.175,0,5.175,0,-5.175,162.8655742,157.6905742,0
fixed_5_usd,,current_gamma_schedule_0p07_counterfactual,1,60,full_ladder_snapshot_upper_bound,0x8f5a6e1c2f6453867d4aeb919be96c2a9c6c98c099b9af0269551048f6c36d7c,btc-updown-5m-1776981900,2026-04-23T22:05:00+00:00,2026-04-23T22:04:01+00:00,2026-04-23T22:10:54+00:00,2026-04-23T22:11:54+00:00,down,0.4908840277,1,False,5,5,10.86956522,10.86956522,0.46,0.46,0.381,0.169,0.189,0,5.189,0,-5.189,157.6905742,152.5015742,-5.551115123e-17
fixed_5_usd,,current_gamma_schedule_0p07_counterfactual,1,60,full_ladder_snapshot_upper_bound,0x5ff8ad616c208771171f2a2f4a4fb12193272e88f393c9c111b657f7eb55140f,btc-updown-5m-1776986400,2026-04-23T23:20:00+00:00,2026-04-23T23:19:01+00:00,2026-04-23T23:25:22+00:00,2026-04-23T23:26:22+00:00,down,0.4795464198,1,False,5,5,11.9047619,11.9047619,0.42,0.42,0.221,0.082,0.203,0,5.203,0,-5.203,152.5015742,147.2985742,0
fixed_5_usd,,current_gamma_schedule_0p07_counterfactual,1,60,full_ladder_snapshot_upper_bound,0x5576979fa3c69f5f5139ea72b19ba3e73eddef5973ec0a75f2cb0a009721aaab,btc-updown-5m-1776987300,2026-04-23T23:35:00+00:00,2026-04-23T23:34:01+00:00,2026-04-23T23:40:22+00:00,2026-04-23T23:41:22+00:00,down,0.5195586765,1,False,5,5,10,10,0.5,0.5,0.432,0.237,0.175,0,5.175,0,-5.175,147.2985742,142.1235742,0
fixed_5_usd,,current_gamma_schedule_0p07_counterfactual,1,60,full_ladder_snapshot_upper_bound,0xc7b051ce17785ef26152bab6d0cb7924b8c1b1aee45f3eac656b9256df361dfe,btc-updown-5m-1776987600,2026-04-23T23:40:00+00:00,2026-04-23T23:39:01+00:00,2026-04-23T23:45:20+00:00,2026-04-23T23:46:20+00:00,down,0.5210206953,1,False,5,5,10,10,0.5,0.5,0.444,0.22,0.175,0,5.175,0,-5.175,142.1235742,136.9485742,0
fixed_5_usd,,current_gamma_schedule_0p07_counterfactual,1,60,full_ladder_snapshot_upper_bound,0x888f4b22c0575def7e194e7b16b5c53aa151d31977f33bcf66c71bd9c686fbfa,btc-updown-5m-1776991800,2026-04-24T00:50:00+00:00,2026-04-24T00:49:01+00:00,2026-04-24T00:55:18+00:00,2026-04-24T00:56:18+00:00,up,0.4893221607,0,False,5,5,10.63829787,10.63829787,0.47,0.47,0.902,0.841,0.1855,0,5.1855,0,-5.1855,136.9485742,131.7630742,5.551115123e-17
fixed_5_usd,,current_gamma_schedule_0p07_counterfactual,1,60,full_ladder_snapshot_upper_bound,0x361e0434f24f4fdd085e6eac20d8dbf1d9ea1932e633a23e2d1fd2f008185086,btc-updown-5m-1776992400,2026-04-24T01:00:00+00:00,2026-04-24T00:59:01+00:00,2026-04-24T01:05:22+00:00,2026-04-24T01:06:22+00:00,up,0.4943201716,0,False,5,5,11.9047619,11.9047619,0.42,0.42,0.892,0.741,0.203,0,5.203,0,-5.203,131.7630742,126.5600742,0
fixed_5_usd,,current_gamma_schedule_0p07_counterfactual,1,60,full_ladder_snapshot_upper_bound,0xf7cc6f2bd55e94a3fb3b33f3f06174a231f3c5c369dd1824947bed51b400942d,btc-updown-5m-1776992700,2026-04-24T01:05:00+00:00,2026-04-24T01:04:01+00:00,2026-04-24T01:10:52+00:00,2026-04-24T01:11:52+00:00,down,0.5178221769,0,True,5,5,10.20408163,10.20408163,0.49,0.49,0.197,0.136,0.1785,0,5.1785,10.20408163,5.025581633,126.5600742,121.3815742,0
fixed_5_usd,,current_gamma_schedule_0p07_counterfactual,1,60,full_ladder_snapshot_upper_bound,0x2fd1f603a2fb785ff212786a1b70e4eaff6f40e2bb15d8114e78151760ceccb4,btc-updown-5m-1776993300,2026-04-24T01:15:00+00:00,2026-04-24T01:14:01+00:00,2026-04-24T01:20:20+00:00,2026-04-24T01:21:20+00:00,down,0.5102804851,0,True,5,5,10.20408163,10.20408163,0.49,0.49,0.495,0.33,0.1785,0,5.1785,10.20408163,5.025581633,131.5856559,126.4071559,0
fixed_5_usd,,current_gamma_schedule_0p07_counterfactual,1,60,full_ladder_snapshot_upper_bound,0x805ea55a989714ea5839152b250fa4d4c4820777c7f16276a2533e168223b8c9,btc-updown-5m-1776995400,2026-04-24T01:50:00+00:00,2026-04-24T01:49:01+00:00,2026-04-24T01:55:16+00:00,2026-04-24T01:56:16+00:00,down,0.518635581,1,False,5,5,10.20408163,10.20408163,0.49,0.49,0.213,0.181,0.1785,0,5.1785,0,-5.1785,136.6112375,131.4327375,0
fixed_5_usd,,current_gamma_schedule_0p07_counterfactual,1,60,full_ladder_snapshot_upper_bound,0x8dfead2aa89a5c350a5dd9236abc2b0441d62a443f07b7629b7a1b48733bccc8,btc-updown-5m-1777001700,2026-04-24T03:35:00+00:00,2026-04-24T03:34:01+00:00,2026-04-24T03:40:22+00:00,2026-04-24T03:41:22+00:00,down,0.4935898929,1,False,5,5,10.63829787,10.63829787,0.47,0.47,0.404,0.219,0.1855,0,5.1855,0,-5.1855,131.4327375,126.2472375,5.551115123e-17
fixed_5_usd,,current_gamma_schedule_0p07_counterfactual,1,60,full_ladder_snapshot_upper_bound,0x4cf2569a5da890ee0bfe336f25e71a279f6ea7bd33d7165d7cae194af724c577,btc-updown-5m-1777002000,2026-04-24T03:40:00+00:00,2026-04-24T03:39:01+00:00,2026-04-24T03:45:18+00:00,2026-04-24T03:46:18+00:00,down,0.4917181462,0,True,5,5,10.63829787,10.63829787,0.47,0.47,0.159,0.119,0.1855,0,5.1855,10.63829787,5.452797872,126.2472375,121.0617375,5.551115123e-17
fixed_5_usd,,current_gamma_schedule_0p07_counterfactual,1,60,full_ladder_snapshot_upper_bound,0x3f2e23591a1b7fd2a9e81b4d227fd5a8b844d59b12967377b722cccb4cca33ca,btc-updown-5m-1777006200,2026-04-24T04:50:00+00:00,2026-04-24T04:49:01+00:00,2026-04-24T04:55:22+00:00,2026-04-24T04:56:22+00:00,down,0.5106949252,0,True,5,5,10.63829787,10.63829787,0.47,0.47,0.251,0.118,0.1855,0,5.1855,10.63829787,5.452797872,131.7000354,126.5145354,5.551115123e-17
fixed_5_usd,,current_gamma_schedule_0p07_counterfactual,1,60,full_ladder_snapshot_upper_bound,0x7be8dbd906195cc49f34b29a93aee3204235956c3572829d7361a45b2b989eb2,btc-updown-5m-1777007700,2026-04-24T05:15:00+00:00,2026-04-24T05:14:01+00:00,2026-04-24T05:20:22+00:00,2026-04-24T05:21:22+00:00,down,0.4974221761,0,True,5,5,10.63829787,10.63829787,0.47,0.47,0.128,0.061,0.1855,0,5.1855,10.63829787,5.452797872,137.1528332,131.9673332,5.551115123e-17
fixed_5_usd,,current_gamma_schedule_0p07_counterfactual,1,60,full_ladder_snapshot_upper_bound,0xcc10a17d1a1e72b9a5a5d3706ecb620e82a75878e7e63b31e0a7c0938f31e5fd,btc-updown-5m-1777008000,2026-04-24T05:20:00+00:00,2026-04-24T05:19:01+00:00,2026-04-24T05:25:18+00:00,2026-04-24T05:26:18+00:00,down,0.4873674877,1,False,5,5,11.62790698,11.62790698,0.43,0.43,0.186,0.097,0.1995,0,5.1995,0,-5.1995,131.9673332,126.7678332,5.551115123e-17
fixed_5_usd,,current_gamma_schedule_0p07_counterfactual,1,60,full_ladder_snapshot_upper_bound,0xe4a9cca9265781f936eef80287867976bcfdf9390e03f468d3ea810b215486df,btc-updown-5m-1777008600,2026-04-24T05:30:00+00:00,2026-04-24T05:29:01+00:00,2026-04-24T05:35:22+00:00,2026-04-24T05:36:22+00:00,down,0.504206304,1,False,5,5,10.41666667,10.41666667,0.48,0.48,0.335,0.135,0.182,0,5.182,0,-5.182,137.4061311,132.2241311,-5.551115123e-17
fixed_5_usd,,current_gamma_schedule_0p07_counterfactual,1,60,full_ladder_snapshot_upper_bound,0x4d0640d304eb6909428b2b3b861a838f3728b14399c019e386ecea56ac5ecc2b,btc-updown-5m-1777008900,2026-04-24T05:35:00+00:00,2026-04-24T05:34:01+00:00,2026-04-24T05:40:18+00:00,2026-04-24T05:41:18+00:00,down,0.526591758,1,False,5,5,10,10,0.5,0.5,0.317,0.247,0.175,0,5.175,0,-5.175,132.2241311,127.0491311,0
fixed_5_usd,,current_gamma_schedule_0p07_counterfactual,1,60,full_ladder_snapshot_upper_bound,0x6fe8c1670e221c92e3e791310cf031706b3d580c205bb79c2a4f04691418d065,btc-updown-5m-1777009200,2026-04-24T05:40:00+00:00,2026-04-24T05:39:01+00:00,2026-04-24T05:45:22+00:00,2026-04-24T05:46:22+00:00,down,0.5264245991,0,True,5,5,10,10,0.5,0.5,0.265,0.205,0.175,0,5.175,10,4.825,127.0491311,121.8741311,0
fixed_5_usd,,current_gamma_schedule_0p07_counterfactual,1,60,full_ladder_snapshot_upper_bound,0x36ff7f99bce790f6e1c4d5dfc45224787032d556f595175b98d98c77bc4c7568,btc-updown-5m-1777024200,2026-04-24T09:50:00+00:00,2026-04-24T09:49:01+00:00,2026-04-24T09:55:20+00:00,2026-04-24T09:56:20+00:00,down,0.5088640785,1,False,5,5,10.20408163,10.20408163,0.49,0.49,0.447,0.408,0.1785,0,5.1785,0,-5.1785,131.8741311,126.6956311,0
fixed_5_usd,,current_gamma_schedule_0p07_counterfactual,1,60,full_ladder_snapshot_upper_bound,0x88902cc524fa49ee2cca35d4e59fb0d07a51b3fb5257ae75beb9095c4f0d5962,btc-updown-5m-1777026300,2026-04-24T10:25:00+00:00,2026-04-24T10:24:01+00:00,2026-04-24T10:30:54+00:00,2026-04-24T10:31:54+00:00,down,0.518803689,1,False,5,5,10,10,0.5,0.5,0.812,0.777,0.175,0,5.175,0,-5.175,126.6956311,121.5206311,0
fixed_5_usd,,current_gamma_schedule_0p07_counterfactual,1,60,full_ladder_snapshot_upper_bound,0xf41d8de682e3dbc2590d33a783e50a14d87f2e8931bb74782d7c905837dd512f,btc-updown-5m-1777031400,2026-04-24T11:50:00+00:00,2026-04-24T11:49:01+00:00,2026-04-24T11:55:22+00:00,2026-04-24T11:56:22+00:00,down,0.5089153496,0,True,5,5,10.86956522,10.86956522,0.46,0.46,0.416,0.386,0.189,0,5.189,10.86956522,5.680565217,121.5206311,116.3316311,-5.551115123e-17
fixed_5_usd,,current_gamma_schedule_0p07_counterfactual,1,60,full_ladder_snapshot_upper_bound,0x86d0cf2a357bab166a804fabaa55d3230fe10ddf5b4e1f9a6f14e979fde45407,btc-updown-5m-1777032300,2026-04-24T12:05:00+00:00,2026-04-24T12:04:01+00:00,2026-04-24T12:10:18+00:00,2026-04-24T12:11:18+00:00,up,0.4989266193,0,False,5,5,10.41666667,10.41666667,0.48,0.48,0.145,0.095,0.182,0,5.182,0,-5.182,127.2011963,122.0191963,-5.551115123e-17
fixed_5_usd,,current_gamma_schedule_0p07_counterfactual,1,60,full_ladder_snapshot_upper_bound,0x388483a23ec49cc129d2a5cd8d5a242041af7b6cf1a2810e41323fe135d51c11,btc-updown-5m-1777034700,2026-04-24T12:45:00+00:00,2026-04-24T12:44:01+00:00,2026-04-24T12:50:20+00:00,2026-04-24T12:51:20+00:00,down,0.5093601221,0,True,5,5,10.20408163,10.20408163,0.49,0.49,0.25,0.084,0.1785,0,5.1785,10.20408163,5.025581633,122.0191963,116.8406963,0
fixed_5_usd,,current_gamma_schedule_0p07_counterfactual,1,60,full_ladder_snapshot_upper_bound,0x776a76c2a5e219f24eacd9f34d805b2b899a639e92dcd8e422e4434a772f6119,btc-updown-5m-1777038900,2026-04-24T13:55:00+00:00,2026-04-24T13:54:01+00:00,2026-04-24T14:00:20+00:00,2026-04-24T14:01:20+00:00,down,0.5106052519,1,False,5,5,10.63829787,10.63829787,0.47,0.47,0.077,0.042,0.1855,0,5.1855,0,-5.1855,127.044778,121.859278,5.551115123e-17
fixed_5_usd,,current_gamma_schedule_0p07_counterfactual,1,60,full_ladder_snapshot_upper_bound,0xbccc0098f148c6c3cbc31397d39fb4e9c32ee588cc7b338e14d2815ecb98b47c,btc-updown-5m-1777039200,2026-04-24T14:00:00+00:00,2026-04-24T13:59:01+00:00,2026-04-24T14:05:22+00:00,2026-04-24T14:06:22+00:00,down,0.5057911223,0,True,5,5,10.41666667,10.41666667,0.48,0.48,0.315,0.113,0.182,0,5.182,10.41666667,5.234666667,121.859278,116.677278,-5.551115123e-17
fixed_5_usd,,current_gamma_schedule_0p07_counterfactual,1,60,full_ladder_snapshot_upper_bound,0xb764ec61ae5c1da3ee18d3e5143ed102b82edc71d176f805edad622a4d9c1003,btc-updown-5m-1777043400,2026-04-24T15:10:00+00:00,2026-04-24T15:09:01+00:00,2026-04-24T15:15:20+00:00,2026-04-24T15:16:20+00:00,down,0.5121200851,1,False,5,5,11.11111111,11.11111111,0.45,0.45,0.117,0.074,0.1925,0,5.1925,0,-5.1925,127.0939446,121.9014446,0
fixed_5_usd,,current_gamma_schedule_0p07_counterfactual,1,60,full_ladder_snapshot_upper_bound,0x6f7cd9aedab5310f571fd5f08fbc9a1fc6ad0f59b478eee0ce4bc25e4927f552,btc-updown-5m-1777043700,2026-04-24T15:15:00+00:00,2026-04-24T15:14:01+00:00,2026-04-24T15:20:16+00:00,2026-04-24T15:21:16+00:00,down,0.5232842102,0,True,5,5,10.41666667,10.41666667,0.48,0.48,0.36,0.281,0.182,0,5.182,10.41666667,5.234666667,121.9014446,116.7194446,-5.551115123e-17
fixed_5_usd,,current_gamma_schedule_0p07_counterfactual,1,60,full_ladder_snapshot_upper_bound,0x7ef3dbcaabab7f1d364b5306c77f0d6d8eefb7580a92bb249024b546fdbdb82f,btc-updown-5m-1777044900,2026-04-24T15:35:00+00:00,2026-04-24T15:34:01+00:00,2026-04-24T15:40:20+00:00,2026-04-24T15:41:20+00:00,down,0.5201898238,0,True,5,5,10,10,0.5,0.5,0.589,0.476,0.175,0,5.175,10,4.825,127.1361113,121.9611113,0
fixed_5_usd,,current_gamma_schedule_0p07_counterfactual,1,60,full_ladder_snapshot_upper_bound,0x4cb8e4368d08981191bfad3d7f020abc92bf6ea0d5293f37c8d7850353e688b3,btc-updown-5m-1777045200,2026-04-24T15:40:00+00:00,2026-04-24T15:39:01+00:00,2026-04-24T15:45:46+00:00,2026-04-24T15:46:46+00:00,down,0.5191604219,1,False,5,5,10,10,0.5,0.5,0.141,0.097,0.175,0,5.175,0,-5.175,121.9611113,116.7861113,0
fixed_5_usd,,current_gamma_schedule_0p07_counterfactual,1,60,full_ladder_snapshot_upper_bound,0xe475e53bbeba1cb874482f71629948e7db1be4fce5d3b3a2334217f05bc32fd6,btc-updown-5m-1777045500,2026-04-24T15:45:00+00:00,2026-04-24T15:44:01+00:00,2026-04-24T15:50:22+00:00,2026-04-24T15:51:22+00:00,down,0.5195413713,0,True,5,5,10,10,0.5,0.5,0.087,0.044,0.175,0,5.175,10,4.825,126.7861113,121.6111113,0
fixed_5_usd,,current_gamma_schedule_0p07_counterfactual,1,60,full_ladder_snapshot_upper_bound,0xa202ddda582e31866ec72f54be4b8551082a87646d3312389df35f764e51c17b,btc-updown-5m-1777045800,2026-04-24T15:50:00+00:00,2026-04-24T15:49:01+00:00,2026-04-24T15:55:20+00:00,2026-04-24T15:56:20+00:00,down,0.5232460813,1,False,5,5,10,10,0.5,0.5,0.328,0.288,0.175,0,5.175,0,-5.175,121.6111113,116.4361113,0
fixed_5_usd,,current_gamma_schedule_0p07_counterfactual,1,60,full_ladder_snapshot_upper_bound,0x8e224f8e33e5020064fcac7c65c46d2c6fce0ffa3e1a07eee9331698e8c3d903,btc-updown-5m-1777046100,2026-04-24T15:55:00+00:00,2026-04-24T15:54:01+00:00,2026-04-24T16:00:54+00:00,2026-04-24T16:01:54+00:00,down,0.5137645639,1,False,5,5,10.20408163,10.20408163,0.49,0.49,0.293,0.157,0.1785,0,5.1785,0,-5.1785,126.4361113,121.2576113,0
fixed_5_usd,,current_gamma_schedule_0p07_counterfactual,1,60,full_ladder_snapshot_upper_bound,0x13ac91fa0a698ae69f4bea47a3bfd5cd13132076425dbbdd7d2301370a1c89fd,btc-updown-5m-1777049400,2026-04-24T16:50:00+00:00,2026-04-24T16:49:01+00:00,2026-04-24T16:55:20+00:00,2026-04-24T16:56:20+00:00,up,0.5335148452,1,True,5,5,9.803921569,9.803921569,0.51,0.51,0.354,0.174,0.1715,0,5.1715,9.803921569,4.632421569,121.2576113,116.0861113,0
fixed_5_usd,,current_gamma_schedule_0p07_counterfactual,1,60,full_ladder_snapshot_upper_bound,0x6602e099f3bcd8220878daec65e1352ac22833a47fd232968ea7577b68c7f3ed,btc-updown-5m-1777051200,2026-04-24T17:20:00+00:00,2026-04-24T17:19:01+00:00,2026-04-24T17:25:18+00:00,2026-04-24T17:26:18+00:00,down,0.5022120042,0,True,5,5,10.41666667,10.41666667,0.48,0.48,0.288,0.031,0.182,0,5.182,10.41666667,5.234666667,125.8900329,120.7080329,-5.551115123e-17
fixed_5_usd,,current_gamma_schedule_0p07_counterfactual,1,60,full_ladder_snapshot_upper_bound,0x2eb86a8299a69c0cee703f9027490abe7947c4ebd718b7f89002440f38c1ba73,btc-updown-5m-1777052400,2026-04-24T17:40:00+00:00,2026-04-24T17:39:01+00:00,2026-04-24T17:45:26+00:00,2026-04-24T17:46:26+00:00,up,0.528749292,1,True,5,5,9.803921569,9.803921569,0.51,0.51,0.207,0.137,0.1715,0,5.1715,9.803921569,4.632421569,131.1246995,125.9531995,0
fixed_5_usd,,current_gamma_schedule_0p07_counterfactual,1,60,full_ladder_snapshot_upper_bound,0x71528176451a4789733cba6982b8e2956fd863bdb05cf21ba5aff50dea64238c,btc-updown-5m-1777053300,2026-04-24T17:55:00+00:00,2026-04-24T17:54:01+00:00,2026-04-24T18:00:20+00:00,2026-04-24T18:01:20+00:00,up,0.5110848768,0,False,5,5,10.41666667,10.41666667,0.48,0.48,0.078,0.043,0.182,0,5.182,0,-5.182,135.7571211,130.5751211,-5.551115123e-17
fixed_5_usd,,current_gamma_schedule_0p07_counterfactual,1,60,full_ladder_snapshot_upper_bound,0x40d9b65852c44dffa8b9cf36aae51f1458dfe8deb2e53a9b9ed71a3634b16142,btc-updown-5m-1777057500,2026-04-24T19:05:00+00:00,2026-04-24T19:04:01+00:00,2026-04-24T19:10:36+00:00,2026-04-24T19:11:36+00:00,up,0.4944536305,0,False,5,5,10.63829787,10.63829787,0.47,0.47,0.135,0.073,0.1855,0,5.1855,0,-5.1855,130.5751211,125.3896211,5.551115123e-17
fixed_5_usd,,current_gamma_schedule_0p07_counterfactual,1,60,full_ladder_snapshot_upper_bound,0x2cb452b5de8e0e9832d866831ea28e3c2b384c53b819d6d06ac32956efa6c4f6,btc-updown-5m-1777059300,2026-04-24T19:35:00+00:00,2026-04-24T19:34:01+00:00,2026-04-24T19:40:20+00:00,2026-04-24T19:41:20+00:00,down,0.5012360211,1,False,5,5,10.41666667,10.41666667,0.48,0.48,0.28,0.213,0.182,0,5.182,0,-5.182,125.3896211,120.2076211,-5.551115123e-17
fixed_5_usd,,current_gamma_schedule_0p07_counterfactual,1,60,full_ladder_snapshot_upper_bound,0xe8f11d6257d3040a74fdf7d55a56da79657080ceba716242db0187d3276bb24a,btc-updown-5m-1777059900,2026-04-24T19:45:00+00:00,2026-04-24T19:44:01+00:00,2026-04-24T19:50:22+00:00,2026-04-24T19:51:22+00:00,up,0.4878783057,0,False,5,5,10.63829787,10.63829787,0.47,0.47,0.162,0.119,0.1855,0,5.1855,0,-5.1855,120.2076211,115.0221211,5.551115123e-17
fixed_5_usd,,current_gamma_schedule_0p07_counterfactual,1,60,full_ladder_snapshot_upper_bound,0x947672af0db2decbf6637cecd5b2b89874431eaeca37eb8f5af604eb01f35c38,btc-updown-5m-1777066200,2026-04-24T21:30:00+00:00,2026-04-24T21:29:01+00:00,2026-04-24T21:35:16+00:00,2026-04-24T21:36:16+00:00,up,0.5026709206,0,False,5,5,11.9047619,11.9047619,0.42,0.42,0.263,0.216,0.203,0,5.203,0,-5.203,115.0221211,109.8191211,0
fixed_5_usd,,current_gamma_schedule_0p07_counterfactual,1,60,full_ladder_snapshot_upper_bound,0x9e7423dc73d483fd02ff141cfe7bf9f1f1b341d8d9d6b4a7f954c1bc5c2dc84a,btc-updown-5m-1777066800,2026-04-24T21:40:00+00:00,2026-04-24T21:39:01+00:00,2026-04-24T21:45:52+00:00,2026-04-24T21:46:52+00:00,down,0.501704817,0,True,5,5,10.63829787,10.63829787,0.47,0.47,0.246,0.205,0.1855,0,5.1855,10.63829787,5.452797872,109.8191211,104.6336211,5.551115123e-17
fixed_5_usd,,current_gamma_schedule_0p07_counterfactual,1,60,full_ladder_snapshot_upper_bound,0x58a5d2bfe957a7c3e50d8136cef0a30b6c9839c38b27fe625b546e25b387cca4,btc-updown-5m-1777067400,2026-04-24T21:50:00+00:00,2026-04-24T21:49:01+00:00,2026-04-24T21:55:18+00:00,2026-04-24T21:56:18+00:00,down,0.4912397593,0,True,5,5,10.63829787,10.63829787,0.47,0.47,0.461,0.299,0.1855,0,5.1855,10.63829787,5.452797872,115.271919,110.086419,5.551115123e-17
fixed_5_usd,,current_gamma_schedule_0p07_counterfactual,1,60,full_ladder_snapshot_upper_bound,0xaef8fd81c2c414d024c94ba394be9472db1d1700920713bcc5008385dc572ebf,btc-updown-5m-1777068300,2026-04-24T22:05:00+00:00,2026-04-24T22:04:01+00:00,2026-04-24T22:10:18+00:00,2026-04-24T22:11:18+00:00,up,0.531079216,0,False,5,5,9.803921569,9.803921569,0.51,0.51,0.79,0.706,0.1715,0,5.1715,0,-5.1715,120.7247168,115.5532168,0
fixed_5_usd,,current_gamma_schedule_0p07_counterfactual,1,60,full_ladder_snapshot_upper_bound,0x6bb0be0c30e41a67c8e1b7cf767b78c56ea48e4b2a8c1629eb8f3f56fa76a18d,btc-updown-5m-1777068900,2026-04-24T22:15:00+00:00,2026-04-24T22:14:01+00:00,2026-04-24T22:20:52+00:00,2026-04-24T22:21:52+00:00,down,0.4723061193,0,True,5,5,13.51351351,13.51351351,0.37,0.37,0.236,0.157,0.2205,0,5.2205,13.51351351,8.293013514,115.5532168,110.3327168,0
fixed_5_usd,,current_gamma_schedule_0p07_counterfactual,1,60,full_ladder_snapshot_upper_bound,0xf6f74802db8eedae5df48fc1ef1c2049da930e17e7fa96d720be1bd8c4ca2f52,btc-updown-5m-1777070700,2026-04-24T22:45:00+00:00,2026-04-24T22:44:01+00:00,2026-04-24T22:50:52+00:00,2026-04-24T22:51:52+00:00,down,0.4632869734,1,False,5,5,11.9047619,11.9047619,0.42,0.42,0.053,0.024,0.203,0,5.203,0,-5.203,123.8462304,118.6432304,0
fixed_5_usd,,current_gamma_schedule_0p07_counterfactual,1,60,full_ladder_snapshot_upper_bound,0x5060a90abc8f5bba59f9762fe2c8662775d57f58eedac247cfab1585e47bc720,btc-updown-5m-1777071900,2026-04-24T23:05:00+00:00,2026-04-24T23:04:01+00:00,2026-04-24T23:10:54+00:00,2026-04-24T23:11:54+00:00,down,0.5137622326,1,False,5,5,10.20408163,10.20408163,0.49,0.49,0.545,0.483,0.1785,0,5.1785,0,-5.1785,118.6432304,113.4647304,0
fixed_5_usd,,current_gamma_schedule_0p07_counterfactual,1,60,full_ladder_snapshot_upper_bound,0xcd00a8ccfff0ab3ceddfb126c075f70ce63d9b7cbc10b2995428469a69e51429,btc-updown-5m-1777072800,2026-04-24T23:20:00+00:00,2026-04-24T23:19:01+00:00,2026-04-24T23:25:16+00:00,2026-04-24T23:26:16+00:00,down,0.5199711072,0,True,5,5,10,10,0.5,0.5,0.849,0.677,0.175,0,5.175,10,4.825,113.4647304,108.2897304,0
fixed_5_usd,,current_gamma_schedule_0p07_counterfactual,1,60,full_ladder_snapshot_upper_bound,0x030a7e380211e8ccfb47392d0e6bdede79e3a682593e489ba7783c73b13e941a,btc-updown-5m-1777073400,2026-04-24T23:30:00+00:00,2026-04-24T23:29:01+00:00,2026-04-24T23:35:16+00:00,2026-04-24T23:36:16+00:00,down,0.5210820424,1,False,5,5,10.41666667,10.41666667,0.48,0.48,0.049,0.017,0.182,0,5.182,0,-5.182,118.2897304,113.1077304,-5.551115123e-17
fixed_5_usd,,current_gamma_schedule_0p07_counterfactual,1,60,full_ladder_snapshot_upper_bound,0x3c1370dfbb55476612f6aba8a7032f831aead4266c519042b5816117daeba1be,btc-updown-5m-1777073700,2026-04-24T23:35:00+00:00,2026-04-24T23:34:01+00:00,2026-04-24T23:40:52+00:00,2026-04-24T23:41:52+00:00,down,0.5347214682,0,True,5,5,10,10,0.5,0.5,0.708,0.429,0.175,0,5.175,10,4.825,113.1077304,107.9327304,0
fixed_5_usd,,current_gamma_schedule_0p07_counterfactual,1,60,full_ladder_snapshot_upper_bound,0xbb3a35d5bffb0922d034dbcfbc7944ef5ee832634b100c2f54c832b4c9294d8c,btc-updown-5m-1777074000,2026-04-24T23:40:00+00:00,2026-04-24T23:39:01+00:00,2026-04-24T23:45:18+00:00,2026-04-24T23:46:18+00:00,down,0.5405472449,1,False,5,5,10,10,0.5,0.5,0.89,0.856,0.175,0,5.175,0,-5.175,107.9327304,102.7577304,0
fixed_5_usd,,current_gamma_schedule_0p07_counterfactual,1,60,full_ladder_snapshot_upper_bound,0xd239dccc4c2b7b8953d52db384453938fcd74fe3b90572e052701c3109d4bc3a,btc-updown-5m-1777074600,2026-04-24T23:50:00+00:00,2026-04-24T23:49:01+00:00,2026-04-24T23:55:18+00:00,2026-04-24T23:56:18+00:00,down,0.5330668269,1,False,5,5,10.20408163,10.20408163,0.49,0.49,0.514,0.389,0.1785,0,5.1785,0,-5.1785,112.7577304,107.5792304,0
fixed_5_usd,,current_gamma_schedule_0p07_counterfactual,1,60,full_ladder_snapshot_upper_bound,0xcd1d603205448f182fb8dfb944aebc1b7295694d485a2dfa5742bbc9c369a0da,btc-updown-5m-1777074900,2026-04-24T23:55:00+00:00,2026-04-24T23:54:01+00:00,2026-04-25T00:00:24+00:00,2026-04-25T00:01:24+00:00,down,0.5362402784,0,True,5,5,10,10,0.5,0.5,0.504,0.424,0.175,0,5.175,10,4.825,107.5792304,102.4042304,0
fixed_5_usd,,current_gamma_schedule_0p07_counterfactual,1,60,full_ladder_snapshot_upper_bound,0x66b190a42b9a02ec6a7c16d0dcf4a515c283a3b8d184d144b100a4399131efec,btc-updown-5m-1777075200,2026-04-25T00:00:00+00:00,2026-04-24T23:59:01+00:00,2026-04-25T00:05:26+00:00,2026-04-25T00:06:26+00:00,down,0.5390006898,0,True,5,5,10,10,0.5,0.5,0.125,0.078,0.175,0,5.175,10,4.825,102.4042304,97.22923036,0
fixed_5_usd,,current_gamma_schedule_0p07_counterfactual,1,60,full_ladder_snapshot_upper_bound,0x53d8eeaba58d46f55fd762f311c3716360482294286e51ff96e96defc2e429e6,btc-updown-5m-1777076100,2026-04-25T00:15:00+00:00,2026-04-25T00:14:01+00:00,2026-04-25T00:20:18+00:00,2026-04-25T00:21:18+00:00,down,0.5085965185,0,True,5,5,10.41666667,10.41666667,0.48,0.48,0.497,0.311,0.182,0,5.182,10.41666667,5.234666667,117.2292304,112.0472304,-5.551115123e-17
fixed_5_usd,,current_gamma_schedule_0p07_counterfactual,1,60,full_ladder_snapshot_upper_bound,0xd78070580b8c01677349317a59231fff57c5217ff3e11614a102ea3ac370bb79,btc-updown-5m-1777078200,2026-04-25T00:50:00+00:00,2026-04-25T00:49:01+00:00,2026-04-25T00:55:16+00:00,2026-04-25T00:56:16+00:00,down,0.4895747363,1,False,5,5,14.28571429,14.28571429,0.35,0.35,0.369,0.305,0.2275,0,5.2275,0,-5.2275,122.463897,117.236397,0
fixed_5_usd,,current_gamma_schedule_0p07_counterfactual,1,60,full_ladder_snapshot_upper_bound,0x9a783d9f804039c3c5532a10627d1e52dfb13ce773eb120d206af8e1594298b7,btc-updown-5m-1777078500,2026-04-25T00:55:00+00:00,2026-04-25T00:54:01+00:00,2026-04-25T01:00:52+00:00,2026-04-25T01:01:52+00:00,down,0.4889904075,1,False,5,5,13.88888889,13.88888889,0.36,0.36,0.145,0.104,0.224,0,5.224,0,-5.224,117.236397,112.012397,0
fixed_5_usd,,current_gamma_schedule_0p07_counterfactual,1,60,full_ladder_snapshot_upper_bound,0xe776dff90db2738528e12ff2aa2ee275f9e9f00055303008a9180515eb237da7,btc-updown-5m-1777079400,2026-04-25T01:10:00+00:00,2026-04-25T01:09:01+00:00,2026-04-25T01:15:16+00:00,2026-04-25T01:16:16+00:00,down,0.5327475005,1,False,5,5,10,10,0.5,0.5,0.088,0.011,0.175,0,5.175,0,-5.175,112.012397,106.837397,0
fixed_5_usd,,current_gamma_schedule_0p07_counterfactual,1,60,full_ladder_snapshot_upper_bound,0xa022df80685aa3901de95f04011540183a5950f33b3a3ebf7277c90e98fe7c7f,btc-updown-5m-1777080900,2026-04-25T01:35:00+00:00,2026-04-25T01:34:01+00:00,2026-04-25T01:40:20+00:00,2026-04-25T01:41:20+00:00,up,0.4926276927,1,True,5,5,10.63829787,10.63829787,0.47,0.47,0.677,0.413,0.1855,0,5.1855,10.63829787,5.452797872,106.837397,101.651897,5.551115123e-17
fixed_5_usd,,current_gamma_schedule_0p07_counterfactual,1,60,full_ladder_snapshot_upper_bound,0xb8cab1be4ba42c963f1231f2ee73cff064a2cb74a936692c8a55a56a70d04618,btc-updown-5m-1777081200,2026-04-25T01:40:00+00:00,2026-04-25T01:39:01+00:00,2026-04-25T01:45:18+00:00,2026-04-25T01:46:18+00:00,up,0.4928285331,1,True,5,5,10.63829787,10.63829787,0.47,0.47,0.073,0.029,0.1855,0,5.1855,10.63829787,5.452797872,101.651897,96.46639702,5.551115123e-17
fixed_5_usd,,current_gamma_schedule_0p07_counterfactual,1,60,full_ladder_snapshot_upper_bound,0xa90bf30529f6b8c7a7ace8969191153c492e14302c189a10144c630221f667ac,btc-updown-5m-1777082700,2026-04-25T02:05:00+00:00,2026-04-25T02:04:01+00:00,2026-04-25T02:10:18+00:00,2026-04-25T02:11:18+00:00,up,0.517720262,1,True,5,5,10,10,0.5,0.5,0.856,0.747,0.175,0,5.175,10,4.825,117.7429928,112.5679928,0
fixed_5_usd,,current_gamma_schedule_0p07_counterfactual,1,60,full_ladder_snapshot_upper_bound,0xd0c0e1b494a47d868b9f1e58375afae2b3856533fa6c71a20db9d3d4fdfb3b81,btc-updown-5m-1777083900,2026-04-25T02:25:00+00:00,2026-04-25T02:24:01+00:00,2026-04-25T02:30:20+00:00,2026-04-25T02:31:20+00:00,down,0.4934996317,1,False,5,5,10.63829787,10.63829787,0.47,0.47,0.533,0.315,0.1855,0,5.1855,0,-5.1855,122.5679928,117.3824928,5.551115123e-17
fixed_5_usd,,current_gamma_schedule_0p07_counterfactual,1,60,full_ladder_snapshot_upper_bound,0xce9544e93a511b4c91115be14a0d62ee4c7c07a14f24e8265b52d3633946b919,btc-updown-5m-1777089000,2026-04-25T03:50:00+00:00,2026-04-25T03:49:01+00:00,2026-04-25T03:55:22+00:00,2026-04-25T03:56:22+00:00,up,0.4876856393,0,False,5,5,10.63829787,10.63829787,0.47,0.47,0.594,0.562,0.1855,0,5.1855,0,-5.1855,117.3824928,112.1969928,5.551115123e-17
fixed_5_usd,,current_gamma_schedule_0p07_counterfactual,1,60,full_ladder_snapshot_upper_bound,0x5880feb8d9344fbcb99a5a7b4232abbbbfa4e605bd79594ccfc9af15e3f4d7f5,btc-updown-5m-1777090200,2026-04-25T04:10:00+00:00,2026-04-25T04:09:01+00:00,2026-04-25T04:15:18+00:00,2026-04-25T04:16:18+00:00,down,0.5206754003,1,False,5,5,10,10,0.5,0.5,0.106,0.047,0.175,0,5.175,0,-5.175,112.1969928,107.0219928,0
fixed_5_usd,,current_gamma_schedule_0p07_counterfactual,1,60,full_ladder_snapshot_upper_bound,0x6045de61439f8ed2d85598d63cc60ece017defcda677702e66ecefc308df787a,btc-updown-5m-1777090500,2026-04-25T04:15:00+00:00,2026-04-25T04:14:01+00:00,2026-04-25T04:20:54+00:00,2026-04-25T04:21:54+00:00,down,0.5191053449,0,True,5,5,10,10,0.5,0.5,0.74,0.687,0.175,0,5.175,10,4.825,107.0219928,101.8469928,0
fixed_5_usd,,current_gamma_schedule_0p07_counterfactual,1,60,full_ladder_snapshot_upper_bound,0xb08baed8ddc0651b35ac26c91f7d31f0fed974116bc026ca3ebddb3fd66ab037,btc-updown-5m-1777090800,2026-04-25T04:20:00+00:00,2026-04-25T04:19:01+00:00,2026-04-25T04:25:20+00:00,2026-04-25T04:26:20+00:00,down,0.5233501782,0,True,5,5,10,10,0.5,0.5,0.8,0.742,0.175,0,5.175,10,4.825,101.8469928,96.67199277,0
fixed_5_usd,,current_gamma_schedule_0p07_counterfactual,1,60,full_ladder_snapshot_upper_bound,0x9000b656187c4ba9543ea1ccf4f04d46dd640088e5b174606b8eea0b0ae4f218,btc-updown-5m-1777091100,2026-04-25T04:25:00+00:00,2026-04-25T04:24:01+00:00,2026-04-25T04:30:22+00:00,2026-04-25T04:31:22+00:00,up,0.4770554965,0,False,5,5,12.48780488,12.48780488,0.400390625,0.39,0.617,0.348,0.20978,0,5.20978,0,-5.20978,106.6719928,101.4622128,0.010390625
fixed_5_usd,,current_gamma_schedule_0p07_counterfactual,1,60,full_ladder_snapshot_upper_bound,0xe0cc6d53a784ad7b3e2d179ec95aeb96dc9fab50fd5c166b384659987ef60c50,btc-updown-5m-1777091400,2026-04-25T04:30:00+00:00,2026-04-25T04:29:01+00:00,2026-04-25T04:35:26+00:00,2026-04-25T04:36:26+00:00,down,0.5257539136,0,True,5,5,10.20408163,10.20408163,0.49,0.49,0.287,0.261,0.1785,0,5.1785,10.20408163,5.025581633,111.4622128,106.2837128,0
fixed_5_usd,,current_gamma_schedule_0p07_counterfactual,1,60,full_ladder_snapshot_upper_bound,0x3457991b10b6018276a293bec5f931bc7a5cb9d767c63bd61618ef8cb5b29c3d,btc-updown-5m-1777091700,2026-04-25T04:35:00+00:00,2026-04-25T04:34:01+00:00,2026-04-25T04:40:18+00:00,2026-04-25T04:41:18+00:00,down,0.5112542881,0,True,5,5,10.20408163,10.20408163,0.49,0.49,0.255,0.19,0.1785,0,5.1785,10.20408163,5.025581633,106.2837128,101.1052128,0
fixed_5_usd,,current_gamma_schedule_0p07_counterfactual,1,60,full_ladder_snapshot_upper_bound,0x3e41dd4dde15eaa0ea3a889f15e50ca269a33c38aa71c14799113c121f16f1ee,btc-updown-5m-1777092300,2026-04-25T04:45:00+00:00,2026-04-25T04:44:01+00:00,2026-04-25T04:50:22+00:00,2026-04-25T04:51:22+00:00,down,0.5106308657,0,True,5,5,10.63829787,10.63829787,0.47,0.47,0.356,0.168,0.1855,0,5.1855,10.63829787,5.452797872,121.513376,116.327876,5.551115123e-17
fixed_5_usd,,current_gamma_schedule_0p07_counterfactual,1,60,full_ladder_snapshot_upper_bound,0xe4655d26e40bdb84060b9741e9591f8ec33275f4c722d762b2f2d7e9ea5c0220,btc-updown-5m-1777092900,2026-04-25T04:55:00+00:00,2026-04-25T04:54:01+00:00,2026-04-25T05:00:18+00:00,2026-04-25T05:01:18+00:00,down,0.5113132151,1,False,5,5,10.20408163,10.20408163,0.49,0.49,0.398,0.322,0.1785,0,5.1785,0,-5.1785,126.9661739,121.7876739,0
fixed_5_usd,,current_gamma_schedule_0p07_counterfactual,1,60,full_ladder_snapshot_upper_bound,0xfbad9701037161aea484f778194e8fa22b4b275b6ca83a2b07b6feae9c1cd748,btc-updown-5m-1777093200,2026-04-25T05:00:00+00:00,2026-04-25T04:59:01+00:00,2026-04-25T05:05:20+00:00,2026-04-25T05:06:20+00:00,down,0.5136618734,0,True,5,5,10.63829787,10.63829787,0.47,0.47,0.376,0.225,0.1855,0,5.1855,10.63829787,5.452797872,121.7876739,116.6021739,5.551115123e-17
fixed_5_usd,,current_gamma_schedule_0p07_counterfactual,1,60,full_ladder_snapshot_upper_bound,0xf3410428f199ad3305f8ac78bc686eff1a3b2d053e19f28413e6bbffc0c105af,btc-updown-5m-1777093500,2026-04-25T05:05:00+00:00,2026-04-25T05:04:01+00:00,2026-04-25T05:10:18+00:00,2026-04-25T05:11:18+00:00,down,0.504396447,1,False,5,5,10.63829787,10.63829787,0.47,0.47,0.667,0.499,0.1855,0,5.1855,0,-5.1855,116.6021739,111.4166739,5.551115123e-17
fixed_5_usd,,current_gamma_schedule_0p07_counterfactual,1,60,full_ladder_snapshot_upper_bound,0xb8fe48c1de17b275e77af936eabc8ead40f234d3de1e3ed36c34e9c1d306d908,btc-updown-5m-1777093800,2026-04-25T05:10:00+00:00,2026-04-25T05:09:01+00:00,2026-04-25T05:15:52+00:00,2026-04-25T05:16:52+00:00,down,0.5025802248,0,True,5,5,10.86956522,10.86956522,0.46,0.46,0.172,0.109,0.189,0,5.189,10.86956522,5.680565217,122.0549718,116.8659718,-5.551115123e-17
fixed_5_usd,,current_gamma_schedule_0p07_counterfactual,1,60,full_ladder_snapshot_upper_bound,0x2666c3200eeeb7ca5f7b50eceb38d99caed4c69655b84bf57013323b7019f3c6,btc-updown-5m-1777096500,2026-04-25T05:55:00+00:00,2026-04-25T05:54:01+00:00,2026-04-25T06:00:18+00:00,2026-04-25T06:01:18+00:00,down,0.512220315,0,True,5,5,10.20408163,10.20408163,0.49,0.49,0.17,0.064,0.1785,0,5.1785,10.20408163,5.025581633,127.735537,122.557037,0
fixed_5_usd,,current_gamma_schedule_0p07_counterfactual,1,60,full_ladder_snapshot_upper_bound,0xaa4585c4ba5033c77f8c63d342cddc9322675d26900572db013d1ff8b115e6fe,btc-updown-5m-1777096800,2026-04-25T06:00:00+00:00,2026-04-25T05:59:01+00:00,2026-04-25T06:05:18+00:00,2026-04-25T06:06:18+00:00,down,0.5140860691,1,False,5,5,10.41666667,10.41666667,0.48,0.48,0.18,0.026,0.182,0,5.182,0,-5.182,122.557037,117.375037,-5.551115123e-17
fixed_5_usd,,current_gamma_schedule_0p07_counterfactual,1,60,full_ladder_snapshot_upper_bound,0x00d075baf95d92b9d1de3e717bdf36f8b3cbfb8a6ee6413b9cef1c3cf7892d5a,btc-updown-5m-1777100400,2026-04-25T07:00:00+00:00,2026-04-25T06:59:01+00:00,2026-04-25T07:05:18+00:00,2026-04-25T07:06:18+00:00,down,0.5009755092,0,True,5,5,10.63829787,10.63829787,0.47,0.47,0.425,0.387,0.1855,0,5.1855,10.63829787,5.452797872,127.5791186,122.3936186,5.551115123e-17
fixed_5_usd,,current_gamma_schedule_0p07_counterfactual,1,60,full_ladder_snapshot_upper_bound,0x51c8a401be1d1507522df7863e271802f4cb18e8971920eee4ba1f151f36fe82,btc-updown-5m-1777101000,2026-04-25T07:10:00+00:00,2026-04-25T07:09:01+00:00,2026-04-25T07:15:52+00:00,2026-04-25T07:16:52+00:00,down,0.4903341191,1,False,5,5,10.63829787,10.63829787,0.47,0.47,0.877,0.823,0.1855,0,5.1855,0,-5.1855,133.0319165,127.8464165,5.551115123e-17
fixed_5_usd,,current_gamma_schedule_0p07_counterfactual,1,60,full_ladder_snapshot_upper_bound,0x991cae95f0f7931edbe7f3104a1ea7feddabe7a6c8d098aad704264bce095d56,btc-updown-5m-1777101600,2026-04-25T07:20:00+00:00,2026-04-25T07:19:01+00:00,2026-04-25T07:25:18+00:00,2026-04-25T07:26:18+00:00,down,0.49342878,1,False,5,5,10.63829787,10.63829787,0.47,0.47,0.866,0.804,0.1855,0,5.1855,0,-5.1855,127.8464165,122.6609165,5.551115123e-17
fixed_5_usd,,current_gamma_schedule_0p07_counterfactual,1,60,full_ladder_snapshot_upper_bound,0xd653b47f4469614e8b3e131499d5f75b1cbbe227e829db1f851a51dd32e47f65,btc-updown-5m-1777101900,2026-04-25T07:25:00+00:00,2026-04-25T07:24:01+00:00,2026-04-25T07:30:26+00:00,2026-04-25T07:31:26+00:00,down,0.4901951641,1,False,5,5,10.63829787,10.63829787,0.47,0.47,0.887,0.811,0.1855,0,5.1855,0,-5.1855,122.6609165,117.4754165,5.551115123e-17
fixed_5_usd,,current_gamma_schedule_0p07_counterfactual,1,60,full_ladder_snapshot_upper_bound,0x5b10fd5cfc6e84354d18af3d0dad9df708317fc93a3838be4e60c75cfed25c5a,btc-updown-5m-1777102200,2026-04-25T07:30:00+00:00,2026-04-25T07:29:01+00:00,2026-04-25T07:35:18+00:00,2026-04-25T07:36:18+00:00,down,0.4968680923,1,False,5,5,11.9047619,11.9047619,0.42,0.42,0.855,0.634,0.203,0,5.203,0,-5.203,117.4754165,112.2724165,0
fixed_5_usd,,current_gamma_schedule_0p07_counterfactual,1,60,full_ladder_snapshot_upper_bound,0xbfb4ed70f7c2942431979037d71452fdcf43334f840004853ad219b936dc0bd7,btc-updown-5m-1777102800,2026-04-25T07:40:00+00:00,2026-04-25T07:39:01+00:00,2026-04-25T07:45:18+00:00,2026-04-25T07:46:18+00:00,up,0.4783156304,0,False,5,5,11.62790698,11.62790698,0.43,0.43,0.321,0.144,0.1995,0,5.1995,0,-5.1995,112.2724165,107.0729165,5.551115123e-17
fixed_5_usd,,current_gamma_schedule_0p07_counterfactual,1,60,full_ladder_snapshot_upper_bound,0xd675e6a750e0cb9f581926f649cb506b4c7ab504814fdab11dc43b43906e26f6,btc-updown-5m-1777104000,2026-04-25T08:00:00+00:00,2026-04-25T07:59:01+00:00,2026-04-25T08:05:22+00:00,2026-04-25T08:06:22+00:00,down,0.499545641,1,False,5,5,10.41666667,10.41666667,0.48,0.48,0.72,0.684,0.182,0,5.182,0,-5.182,107.0729165,101.8909165,-5.551115123e-17
fixed_5_usd,,current_gamma_schedule_0p07_counterfactual,1,60,full_ladder_snapshot_upper_bound,0x70bc421a06b89e22760f30e5d3e497212759385c657ea25a337dedae6961e661,btc-updown-5m-1777107900,2026-04-25T09:05:00+00:00,2026-04-25T09:04:01+00:00,2026-04-25T09:10:18+00:00,2026-04-25T09:11:18+00:00,down,0.553766504,1,False,5,5,10,10,0.5,0.5,0.848,0.815,0.175,0,5.175,0,-5.175,101.8909165,96.7159165,0
fixed_5_usd,,current_gamma_schedule_0p07_counterfactual,1,60,full_ladder_snapshot_upper_bound,0xcffbf64a6d450ecb5df720a448efc2266afccea5f8b0ff264010ec3ccc0ed9c1,btc-updown-5m-1777108200,2026-04-25T09:10:00+00:00,2026-04-25T09:09:01+00:00,2026-04-25T09:15:52+00:00,2026-04-25T09:16:52+00:00,down,0.5513646046,1,False,5,5,10,10,0.5,0.5,0.401,0.313,0.175,0,5.175,0,-5.175,96.7159165,91.5409165,0
fixed_5_usd,,current_gamma_schedule_0p07_counterfactual,1,60,full_ladder_snapshot_upper_bound,0xab034b0eb6d280cd31c1f9bbca4333951910452203b075471ef496bfe0d4c5c4,btc-updown-5m-1777109400,2026-04-25T09:30:00+00:00,2026-04-25T09:29:01+00:00,2026-04-25T09:35:52+00:00,2026-04-25T09:36:52+00:00,down,0.5090999674,1,False,5,5,10.63829787,10.63829787,0.47,0.47,0.113,0.045,0.1855,0,5.1855,0,-5.1855,91.5409165,86.3554165,5.551115123e-17
fixed_5_usd,,current_gamma_schedule_0p07_counterfactual,1,60,full_ladder_snapshot_upper_bound,0x13e865959a85f264e450b8296b28c5f2fa3a2f96d458290a59c0e37f17bfed2e,btc-updown-5m-1777110900,2026-04-25T09:55:00+00:00,2026-04-25T09:54:01+00:00,2026-04-25T10:00:22+00:00,2026-04-25T10:01:22+00:00,up,0.4662722218,0,False,5,5,11.62790698,11.62790698,0.43,0.43,0.061,0.017,0.1995,0,5.1995,0,-5.1995,86.3554165,81.1559165,5.551115123e-17
fixed_5_usd,,current_gamma_schedule_0p07_counterfactual,1,60,full_ladder_snapshot_upper_bound,0xb4b0da6f7f096a45b19c4322483cb060b50fc2973b7a2675d61a490c75e44e52,btc-updown-5m-1777112400,2026-04-25T10:20:00+00:00,2026-04-25T10:19:01+00:00,2026-04-25T10:25:18+00:00,2026-04-25T10:26:18+00:00,up,0.4846129233,1,True,5,5,10.86956522,10.86956522,0.46,0.46,0.871,0.829,0.189,0,5.189,10.86956522,5.680565217,81.1559165,75.9669165,-5.551115123e-17
fixed_5_usd,,current_gamma_schedule_0p07_counterfactual,1,60,full_ladder_snapshot_upper_bound,0xb3d2c798398e4112ab4d498d8a2b3ac1eeb380c954170a8ba73368541a0e960a,btc-updown-5m-1777113300,2026-04-25T10:35:00+00:00,2026-04-25T10:34:01+00:00,2026-04-25T10:40:22+00:00,2026-04-25T10:41:22+00:00,up,0.4551981642,0,False,5,5,11.62790698,11.62790698,0.43,0.43,0.311,0.234,0.1995,0,5.1995,0,-5.1995,86.83648172,81.63698172,5.551115123e-17
fixed_5_usd,,current_gamma_schedule_0p07_counterfactual,1,60,full_ladder_snapshot_upper_bound,0xe629c36653ca6c05512f316794cdaeb6a015a3f3f4bb5ed28b498a5023434d61,btc-updown-5m-1777113600,2026-04-25T10:40:00+00:00,2026-04-25T10:39:01+00:00,2026-04-25T10:45:26+00:00,2026-04-25T10:46:26+00:00,up,0.4545285512,0,False,5,5,11.62790698,11.62790698,0.43,0.43,0.094,0.059,0.1995,0,5.1995,0,-5.1995,81.63698172,76.43748172,5.551115123e-17
fixed_5_usd,,current_gamma_schedule_0p07_counterfactual,1,60,full_ladder_snapshot_upper_bound,0x7a504a9eb70eefae2258e4e4251c6e0f0cf2758985e4a2d9d26c05548ee394e6,btc-updown-5m-1777115400,2026-04-25T11:10:00+00:00,2026-04-25T11:09:01+00:00,2026-04-25T11:15:20+00:00,2026-04-25T11:16:20+00:00,down,0.488701026,0,True,5,5,10.63829787,10.63829787,0.47,0.47,0.913,0.862,0.1855,0,5.1855,10.63829787,5.452797872,76.43748172,71.25198172,5.551115123e-17
fixed_5_usd,,current_gamma_schedule_0p07_counterfactual,1,60,full_ladder_snapshot_upper_bound,0xccedda9e6f89ddb9654d8274e68e9688a3b8107f406c0026cc9f718032c743ed,btc-updown-5m-1777116000,2026-04-25T11:20:00+00:00,2026-04-25T11:19:01+00:00,2026-04-25T11:25:18+00:00,2026-04-25T11:26:18+00:00,down,0.4896660745,0,True,5,5,10.86956522,10.86956522,0.46,0.46,0.272,0.204,0.189,0,5.189,10.86956522,5.680565217,81.89027959,76.70127959,-5.551115123e-17
fixed_5_usd,,current_gamma_schedule_0p07_counterfactual,1,60,full_ladder_snapshot_upper_bound,0xbced553ba08eec32289836afc16bbe5481313a4b349160e12593655e16f62831,btc-updown-5m-1777117200,2026-04-25T11:40:00+00:00,2026-04-25T11:39:01+00:00,2026-04-25T11:45:52+00:00,2026-04-25T11:46:52+00:00,down,0.4634031938,0,True,5,5,14.28571429,14.28571429,0.35,0.35,0.127,0.053,0.2275,0,5.2275,14.28571429,9.058214286,87.57084481,82.34334481,0
fixed_5_usd,,current_gamma_schedule_0p07_counterfactual,1,60,full_ladder_snapshot_upper_bound,0xf6f0c911794182ddb9806bf42a49ee1ca191ef3c8ebaca6eaf96dedb7c066bd4,btc-updown-5m-1777117800,2026-04-25T11:50:00+00:00,2026-04-25T11:49:01+00:00,2026-04-25T11:55:36+00:00,2026-04-25T11:56:36+00:00,down,0.4696413827,0,True,5,5,12.5,12.5,0.4,0.4,0.097,0.032,0.21,0,5.21,12.5,7.29,96.62905909,91.41905909,0
fixed_5_usd,,current_gamma_schedule_0p07_counterfactual,1,60,full_ladder_snapshot_upper_bound,0x217c8b06e38c3aadec3e95a8e62f8c28ec5577626b4bcfb6a424a0de552d703b,btc-updown-5m-1777121400,2026-04-25T12:50:00+00:00,2026-04-25T12:49:01+00:00,2026-04-25T12:55:22+00:00,2026-04-25T12:56:22+00:00,down,0.4545546335,1,False,5,5,11.9047619,11.9047619,0.42,0.42,0.077,0,0.203,0,5.203,0,-5.203,103.9190591,98.71605909,0
fixed_5_usd,,current_gamma_schedule_0p07_counterfactual,1,60,full_ladder_snapshot_upper_bound,0xa9b8f880a8779a6391ba7bacbeda58f07b6ed0ec24885ba7363373b457eaa53b,btc-updown-5m-1777122600,2026-04-25T13:10:00+00:00,2026-04-25T13:09:01+00:00,2026-04-25T13:15:22+00:00,2026-04-25T13:16:22+00:00,up,0.5265977907,1,True,5,5,10.20408163,10.20408163,0.49,0.49,0.829,0.685,0.1785,0,5.1785,10.20408163,5.025581633,98.71605909,93.53755909,0
fixed_5_usd,,current_gamma_schedule_0p07_counterfactual,1,60,full_ladder_snapshot_upper_bound,0x1afd117c23f67fcdb555c6470ad515eca0c32d3354763a187082ee47fe147c8d,btc-updown-5m-1777126200,2026-04-25T14:10:00+00:00,2026-04-25T14:09:01+00:00,2026-04-25T14:15:36+00:00,2026-04-25T14:16:36+00:00,down,0.5242977867,1,False,5,5,10,10,0.5,0.5,0.197,0.159,0.175,0,5.175,0,-5.175,103.7416407,98.56664073,0
fixed_5_usd,,current_gamma_schedule_0p07_counterfactual,1,60,full_ladder_snapshot_upper_bound,0x5eb7836f3005bbcb18007ea25a8666d3a8abc7ba43076c49728286d519a6e01f,btc-updown-5m-1777126500,2026-04-25T14:15:00+00:00,2026-04-25T14:14:01+00:00,2026-04-25T14:20:22+00:00,2026-04-25T14:21:22+00:00,down,0.5263741348,0,True,5,5,10.20408163,10.20408163,0.49,0.49,0.553,0.468,0.1785,0,5.1785,10.20408163,5.025581633,98.56664073,93.38814073,0
fixed_5_usd,,current_gamma_schedule_0p07_counterfactual,1,60,full_ladder_snapshot_upper_bound,0x208a67fe64dcb1384973061d41833d2f1b40e1ac7f0421d42c1a16696c9f1d20,btc-updown-5m-1777129200,2026-04-25T15:00:00+00:00,2026-04-25T14:59:01+00:00,2026-04-25T15:05:22+00:00,2026-04-25T15:06:22+00:00,down,0.5086789121,1,False,5,5,10.20408163,10.20408163,0.49,0.49,0.243,0.025,0.1785,0,5.1785,0,-5.1785,103.5922224,98.41372236,0
fixed_5_usd,,current_gamma_schedule_0p07_counterfactual,1,60,full_ladder_snapshot_upper_bound,0x54c8a96baeabb967d705454f1d8c141397ffc737066166e4065463e24bec14d4,btc-updown-5m-1777132800,2026-04-25T16:00:00+00:00,2026-04-25T15:59:01+00:00,2026-04-25T16:05:22+00:00,2026-04-25T16:06:22+00:00,down,0.4569664091,1,False,5,5,11.62790698,11.62790698,0.43,0.43,0.908,0.722,0.1995,0,5.1995,0,-5.1995,98.41372236,93.21422236,5.551115123e-17
fixed_5_usd,,current_gamma_schedule_0p07_counterfactual,1,60,full_ladder_snapshot_upper_bound,0xa0c185c85990698f5f342f3bc7a84c5b88512d440825e4fd11e6e892b32b0b27,btc-updown-5m-1777133100,2026-04-25T16:05:00+00:00,2026-04-25T16:04:01+00:00,2026-04-25T16:10:26+00:00,2026-04-25T16:11:26+00:00,down,0.4644963826,1,False,5,5,11.9047619,11.9047619,0.42,0.42,0.329,0.256,0.203,0,5.203,0,-5.203,93.21422236,88.01122236,0
fixed_5_usd,,current_gamma_schedule_0p07_counterfactual,1,60,full_ladder_snapshot_upper_bound,0x400c5fccec86e9b95e5c10bfaec1fabebf99042a1fb7021e4474447e04ff6ce9,btc-updown-5m-1777133700,2026-04-25T16:15:00+00:00,2026-04-25T16:14:01+00:00,2026-04-25T16:20:18+00:00,2026-04-25T16:21:18+00:00,up,0.5276136995,0,False,5,5,10.20408163,10.20408163,0.49,0.49,0.201,0.118,0.1785,0,5.1785,0,-5.1785,88.01122236,82.83272236,0
fixed_5_usd,,current_gamma_schedule_0p07_counterfactual,1,60,full_ladder_snapshot_upper_bound,0x648af3952d0b45e6ee8181522e3c91a73345c9eb1b565d223e183e1314b66c5f,btc-updown-5m-1777134600,2026-04-25T16:30:00+00:00,2026-04-25T16:29:01+00:00,2026-04-25T16:35:22+00:00,2026-04-25T16:36:22+00:00,down,0.4994847265,0,True,5,5,10.41666667,10.41666667,0.48,0.48,0.896,0.697,0.182,0,5.182,10.41666667,5.234666667,82.83272236,77.65072236,-5.551115123e-17
fixed_5_usd,,current_gamma_schedule_0p07_counterfactual,1,60,full_ladder_snapshot_upper_bound,0x09834dde1cc26bf909a9d6131676abd7fb25957200396672cc7d77469160b6e2,btc-updown-5m-1777137300,2026-04-25T17:15:00+00:00,2026-04-25T17:14:01+00:00,2026-04-25T17:20:24+00:00,2026-04-25T17:21:24+00:00,down,0.5142687703,0,True,5,5,10.86956522,10.86956522,0.46,0.46,0.86,0.627,0.189,0,5.189,10.86956522,5.680565217,88.06738903,82.87838903,-5.551115123e-17
fixed_5_usd,,current_gamma_schedule_0p07_counterfactual,1,60,full_ladder_snapshot_upper_bound,0x1a90ce38b916b1f5d533c7408c0c612d45502e228c7de5b52c781ed18b2551df,btc-updown-5m-1777142700,2026-04-25T18:45:00+00:00,2026-04-25T18:44:01+00:00,2026-04-25T18:50:26+00:00,2026-04-25T18:51:26+00:00,down,0.5264905992,1,False,5,5,10,10,0.5,0.5,0.489,0.416,0.175,0,5.175,0,-5.175,93.74795424,88.57295424,0
fixed_5_usd,,current_gamma_schedule_0p07_counterfactual,1,60,full_ladder_snapshot_upper_bound,0x36c1e47f3489d84130785aa3b675325795eaa720543db23db68c12e0799bf134,btc-updown-5m-1777147500,2026-04-25T20:05:00+00:00,2026-04-25T20:04:01+00:00,2026-04-25T20:10:18+00:00,2026-04-25T20:11:18+00:00,down,0.5209349064,1,False,5,5,10,10,0.5,0.5,0.572,0.112,0.175,0,5.175,0,-5.175,88.57295424,83.39795424,0
fixed_5_usd,,current_gamma_schedule_0p07_counterfactual,1,60,full_ladder_snapshot_upper_bound,0xc60edfc2d5ae6a31fc6f0f6bd5210228fe27ca9ad0ed377c7dd03becc31a265c,btc-updown-5m-1777151100,2026-04-25T21:05:00+00:00,2026-04-25T21:04:01+00:00,2026-04-25T21:10:20+00:00,2026-04-25T21:11:20+00:00,up,0.4824336491,1,True,5,5,10.86956522,10.86956522,0.46,0.46,0.49,0.373,0.189,0,5.189,10.86956522,5.680565217,83.39795424,78.20895424,-5.551115123e-17
fixed_5_usd,,current_gamma_schedule_0p07_counterfactual,1,60,full_ladder_snapshot_upper_bound,0x6190ea11afde1a5ace1f277a84a83b2d3512d0e45a6ab1e53fb51055d98932f8,btc-updown-5m-1777153500,2026-04-25T21:45:00+00:00,2026-04-25T21:44:01+00:00,2026-04-25T21:50:22+00:00,2026-04-25T21:51:22+00:00,down,0.5679956086,1,False,5,5,10,10,0.5,0.5,0.931,0.771,0.175,0,5.175,0,-5.175,89.07851946,83.90351946,0
fixed_5_usd,,current_gamma_schedule_0p07_counterfactual,1,60,full_ladder_snapshot_upper_bound,0xe353d2e586e55e19ee7c130ae13dff32b6b8e6e0822e68279040290e98ae0004,btc-updown-5m-1777153800,2026-04-25T21:50:00+00:00,2026-04-25T21:49:01+00:00,2026-04-25T21:55:18+00:00,2026-04-25T21:56:18+00:00,down,0.5203803911,1,False,5,5,10,10,0.5,0.5,0.134,0.088,0.175,0,5.175,0,-5.175,83.90351946,78.72851946,0
fixed_5_usd,,current_gamma_schedule_0p07_counterfactual,1,60,full_ladder_snapshot_upper_bound,0x86583b216c0278166a8895f923e1ba4f63a27af7402ba5ff3a2fa43edc50abc5,btc-updown-5m-1777161900,2026-04-26T00:05:00+00:00,2026-04-26T00:04:01+00:00,2026-04-26T00:10:28+00:00,2026-04-26T00:11:28+00:00,down,0.5487569716,0,True,5,5,10.63829787,10.63829787,0.47,0.47,0.578,0.53,0.1855,0,5.1855,10.63829787,5.452797872,78.72851946,73.54301946,5.551115123e-17
fixed_5_usd,,current_gamma_schedule_0p07_counterfactual,1,60,full_ladder_snapshot_upper_bound,0xc597f0d959ab24b6cc9ac993d28ab0bebf32ecb09a6aed7e6ef46d52a477a1ac,btc-updown-5m-1777162500,2026-04-26T00:15:00+00:00,2026-04-26T00:14:01+00:00,2026-04-26T00:20:22+00:00,2026-04-26T00:21:22+00:00,up,0.4541713434,0,False,5,5,11.51304348,11.51304348,0.4342900302,0.42,0.283,0.124,0.19781,0,5.19781,0,-5.19781,84.18131733,78.98350733,0.01429003021
fixed_5_usd,,current_gamma_schedule_0p07_counterfactual,1,60,full_ladder_snapshot_upper_bound,0xc729eacf177ccb12b0b103f7990305c420a5d3f2e327ec324277a80496fcd780,btc-updown-5m-1777163100,2026-04-26T00:25:00+00:00,2026-04-26T00:24:01+00:00,2026-04-26T00:30:36+00:00,2026-04-26T00:31:36+00:00,down,0.5087450038,0,True,5,5,10.41666667,10.41666667,0.48,0.48,0.215,0.141,0.182,0,5.182,10.41666667,5.234666667,78.98350733,73.80150733,-5.551115123e-17
fixed_5_usd,,current_gamma_schedule_0p07_counterfactual,1,60,full_ladder_snapshot_upper_bound,0x25b2c17de318e338d813b1e090b596403a4fbde9bc493cfc0886016a26b90870,btc-updown-5m-1777163400,2026-04-26T00:30:00+00:00,2026-04-26T00:29:01+00:00,2026-04-26T00:35:18+00:00,2026-04-26T00:36:18+00:00,down,0.5108200192,1,False,5,5,10.63829787,10.63829787,0.47,0.47,0.316,0.106,0.1855,0,5.1855,0,-5.1855,73.80150733,68.61600733,5.551115123e-17
fixed_5_usd,,current_gamma_schedule_0p07_counterfactual,1,60,full_ladder_snapshot_upper_bound,0x79200f68ba450567110277d9da4d27d2c1eaf7084758445b568efea5e3e54bf7,btc-updown-5m-1777164600,2026-04-26T00:50:00+00:00,2026-04-26T00:49:01+00:00,2026-04-26T00:55:28+00:00,2026-04-26T00:56:28+00:00,down,0.5289592545,0,True,5,5,10.20408163,10.20408163,0.49,0.49,0.139,0.085,0.1785,0,5.1785,10.20408163,5.025581633,79.032674,73.854174,0
fixed_5_usd,,current_gamma_schedule_0p07_counterfactual,1,60,full_ladder_snapshot_upper_bound,0xdeb92ad6a4a60815344e0a1705c0de6d121a6aa57e5331ebddcc51d3d1fc5934,btc-updown-5m-1777165200,2026-04-26T01:00:00+00:00,2026-04-26T00:59:01+00:00,2026-04-26T01:05:36+00:00,2026-04-26T01:06:36+00:00,down,0.5274657551,1,False,5,5,10.86956522,10.86956522,0.46,0.46,0.36,0.168,0.189,0,5.189,0,-5.189,84.05825563,78.86925563,-5.551115123e-17
fixed_5_usd,,current_gamma_schedule_0p07_counterfactual,1,60,full_ladder_snapshot_upper_bound,0x5db99e0dd536550c79d6ae35833bcb50fee217697c530618a5b4bd471f000d72,btc-updown-5m-1777165500,2026-04-26T01:05:00+00:00,2026-04-26T01:04:01+00:00,2026-04-26T01:10:26+00:00,2026-04-26T01:11:26+00:00,down,0.4959345335,0,True,5,5,11.36363636,11.36363636,0.44,0.44,0.166,0.025,0.196,0,5.196,11.36363636,6.167636364,78.86925563,73.67325563,0
fixed_5_usd,,current_gamma_schedule_0p07_counterfactual,1,60,full_ladder_snapshot_upper_bound,0x7b3b55e3d641d47384cb9bace4f7aa86a1dd37bb0dd5a3c746e5e3835965c515,btc-updown-5m-1777166400,2026-04-26T01:20:00+00:00,2026-04-26T01:19:01+00:00,2026-04-26T01:25:54+00:00,2026-04-26T01:26:54+00:00,down,0.5054348563,1,False,5,5,12.19512195,12.19512195,0.41,0.41,0.228,0.166,0.2065,0,5.2065,0,-5.2065,85.036892,79.830392,0
fixed_5_usd,,current_gamma_schedule_0p07_counterfactual,1,60,full_ladder_snapshot_upper_bound,0xdfb5b42fb3aecf2d8965c42a90a1cb4cd1a8bef1ebd7013ee8e726c977321c3b,btc-updown-5m-1777167600,2026-04-26T01:40:00+00:00,2026-04-26T01:39:01+00:00,2026-04-26T01:45:36+00:00,2026-04-26T01:46:36+00:00,down,0.5016912727,1,False,5,5,11.92547619,11.92547619,0.4192704694,0.41,0.226,0.166,0.20325,0,5.20325,0,-5.20325,79.830392,74.627142,0.009270469383
fixed_5_usd,,current_gamma_schedule_0p07_counterfactual,1,60,full_ladder_snapshot_upper_bound,0x0be3fe9788e321df582e21724bf36ee20b865ff8d76481e682effb5a82f79a2f,btc-updown-5m-1777168200,2026-04-26T01:50:00+00:00,2026-04-26T01:49:01+00:00,2026-04-26T01:55:36+00:00,2026-04-26T01:56:36+00:00,down,0.5185308349,1,False,5,5,10,10,0.5,0.5,0.937,0.894,0.175,0,5.175,0,-5.175,74.627142,69.452142,0
fixed_5_usd,,current_gamma_schedule_0p07_counterfactual,1,60,full_ladder_snapshot_upper_bound,0xfee96ee3062767090a4f2118f2dc44a567afb788acee8bbda607de298514b6b6,btc-updown-5m-1777168500,2026-04-26T01:55:00+00:00,2026-04-26T01:54:01+00:00,2026-04-26T02:01:26+00:00,2026-04-26T02:02:26+00:00,up,0.4799777017,0,False,5,5,13.88888889,13.88888889,0.36,0.36,0.937,0.87,0.224,0,5.224,0,-5.224,69.452142,64.228142,0
fixed_5_usd,,current_gamma_schedule_0p07_counterfactual,1,60,full_ladder_snapshot_upper_bound,0x3cd83d35e7970075a3fc2fe3106769b322c21578d7c4e080dbacf73bfb589e78,btc-updown-5m-1777170600,2026-04-26T02:30:00+00:00,2026-04-26T02:29:01+00:00,2026-04-26T02:35:28+00:00,2026-04-26T02:36:28+00:00,up,0.4827539448,1,True,5,5,10.86956522,10.86956522,0.46,0.46,0.206,0.165,0.189,0,5.189,10.86956522,5.680565217,64.228142,59.039142,-5.551115123e-17
fixed_5_usd,,current_gamma_schedule_0p07_counterfactual,1,60,full_ladder_snapshot_upper_bound,0x3090ae2c83c107fd8f1f9cbd6acccd6f738a8feb2ddf7a362f81f779087a3be1,btc-updown-5m-1777173300,2026-04-26T03:15:00+00:00,2026-04-26T03:14:01+00:00,2026-04-26T03:20:22+00:00,2026-04-26T03:21:22+00:00,down,0.5025668396,0,True,5,5,10.63829787,10.63829787,0.47,0.47,0.23,0.194,0.1855,0,5.1855,10.63829787,5.452797872,69.90870721,64.72320721,5.551115123e-17
fixed_5_usd,,current_gamma_schedule_0p07_counterfactual,1,60,full_ladder_snapshot_upper_bound,0x9884b50af866dd78cba49885caacb717d18edac074ef2e3fbfb88bc01a385281,btc-updown-5m-1777173600,2026-04-26T03:20:00+00:00,2026-04-26T03:19:01+00:00,2026-04-26T03:25:26+00:00,2026-04-26T03:26:26+00:00,down,0.5001298208,0,True,5,5,11.36363636,11.36363636,0.44,0.44,0.959,0.814,0.196,0,5.196,11.36363636,6.167636364,64.72320721,59.52720721,0
fixed_5_usd,,current_gamma_schedule_0p07_counterfactual,1,60,full_ladder_snapshot_upper_bound,0x0897fdc52a3c3ee5a3fe13ac2c39328c7daa2c6112401225bce634d16da37a22,btc-updown-5m-1777175100,2026-04-26T03:45:00+00:00,2026-04-26T03:44:01+00:00,2026-04-26T03:50:26+00:00,2026-04-26T03:51:26+00:00,down,0.4794901478,0,True,5,5,12.19512195,12.19512195,0.41,0.41,0.737,0.682,0.2065,0,5.2065,12.19512195,6.988621951,81.52914145,76.32264145,0
fixed_5_usd,,current_gamma_schedule_0p07_counterfactual,1,60,full_ladder_snapshot_upper_bound,0xdc099fb8272d20fb87ac0962489d1ba114262ce4ede44b105fe5b517fd01ffd0,btc-updown-5m-1777175400,2026-04-26T03:50:00+00:00,2026-04-26T03:49:01+00:00,2026-04-26T03:55:36+00:00,2026-04-26T03:56:36+00:00,down,0.502623464,0,True,5,5,10.63829787,10.63829787,0.47,0.47,0.258,0.046,0.1855,0,5.1855,10.63829787,5.452797872,76.32264145,71.13714145,5.551115123e-17
fixed_5_usd,,current_gamma_schedule_0p07_counterfactual,1,60,full_ladder_snapshot_upper_bound,0xa7ae8a4119fe00f231e693ed717339dd1e13da4617c79f3b1522ab1aee3965b6,btc-updown-5m-1777179000,2026-04-26T04:50:00+00:00,2026-04-26T04:49:01+00:00,2026-04-26T04:55:26+00:00,2026-04-26T04:56:26+00:00,up,0.4740926923,1,True,5,5,11.6327907,11.6327907,0.4298194758,0.42,0.429,0.224,0.19956,0,5.19956,11.6327907,6.433230698,93.97056127,88.77100127,0.00981947582
fixed_5_usd,,current_gamma_schedule_0p07_counterfactual,1,60,full_ladder_snapshot_upper_bound,0x1f0bf6af9e8e9960525b9f93c04bb79a4ec68e91c91f0503fb11a1c8bc421bda,btc-updown-5m-1777179300,2026-04-26T04:55:00+00:00,2026-04-26T04:54:01+00:00,2026-04-26T05:00:28+00:00,2026-04-26T05:01:28+00:00,up,0.4718047538,0,False,5,5,11.9047619,11.9047619,0.42,0.42,0.95,0.478,0.203,0,5.203,0,-5.203,88.77100127,83.56800127,0
fixed_5_usd,,current_gamma_schedule_0p07_counterfactual,1,60,full_ladder_snapshot_upper_bound,0xbbd0ae7802f92e7347bbe6b4b8a7b4c811ed0578c65dfd2af92254de1c63d0a1,btc-updown-5m-1777180800,2026-04-26T05:20:00+00:00,2026-04-26T05:19:01+00:00,2026-04-26T05:25:54+00:00,2026-04-26T05:26:54+00:00,up,0.4642697166,0,False,5,5,11.36363636,11.36363636,0.44,0.44,0.248,0.146,0.196,0,5.196,0,-5.196,95.20079197,90.00479197,0
fixed_5_usd,,current_gamma_schedule_0p07_counterfactual,1,60,full_ladder_snapshot_upper_bound,0x23697c18c062a5295d726c7fb9433feac19341108b5b7401034ee19efee2df73,btc-updown-5m-1777182900,2026-04-26T05:55:00+00:00,2026-04-26T05:54:01+00:00,2026-04-26T06:00:36+00:00,2026-04-26T06:01:36+00:00,up,0.4993015007,0,False,5,5,10.41666667,10.41666667,0.48,0.48,0.163,0.102,0.182,0,5.182,0,-5.182,90.00479197,84.82279197,-5.551115123e-17
fixed_5_usd,,current_gamma_schedule_0p07_counterfactual,1,60,full_ladder_snapshot_upper_bound,0x076db916e2ee9f73763a366c94605ef229db26876bcb8052e893cb0fdf38258f,btc-updown-5m-1777184100,2026-04-26T06:15:00+00:00,2026-04-26T06:14:01+00:00,2026-04-26T06:20:52+00:00,2026-04-26T06:21:52+00:00,up,0.5088158338,0,False,5,5,10.20408163,10.20408163,0.49,0.49,0.297,0.059,0.1785,0,5.1785,0,-5.1785,84.82279197,79.64429197,0
fixed_5_usd,,current_gamma_schedule_0p07_counterfactual,1,60,full_ladder_snapshot_upper_bound,0xedd56468b2426d714c9864864e1efdfda3a62eafe1ec511a06b02245788ace61,btc-updown-5m-1777188600,2026-04-26T07:30:00+00:00,2026-04-26T07:29:01+00:00,2026-04-26T07:35:18+00:00,2026-04-26T07:36:18+00:00,up,0.4979842501,0,False,5,5,10.42645833,10.42645833,0.4795492237,0.47,0.338,0.181,0.18215,0,5.18215,0,-5.18215,79.64429197,74.46214197,0.00954922373
fixed_5_usd,,current_gamma_schedule_0p07_counterfactual,1,60,full_ladder_snapshot_upper_bound,0xabbf72613e65f31e4b66fcfbcd5a5b9c6eecb13015542a39450dbc96964cab9b,btc-updown-5m-1777189500,2026-04-26T07:45:00+00:00,2026-04-26T07:44:01+00:00,2026-04-26T07:50:22+00:00,2026-04-26T07:51:22+00:00,down,0.492502401,1,False,5,5,11.11111111,11.11111111,0.45,0.45,0.081,0.048,0.1925,0,5.1925,0,-5.1925,74.46214197,69.26964197,0
fixed_5_usd,,current_gamma_schedule_0p07_counterfactual,1,60,full_ladder_snapshot_upper_bound,0x3542176d7b5775cbf25ad16ce1dab31f47fa9fa3b0af1024f5b52c7cd5ccd936,btc-updown-5m-1777193100,2026-04-26T08:45:00+00:00,2026-04-26T08:44:01+00:00,2026-04-26T08:50:28+00:00,2026-04-26T08:51:28+00:00,down,0.5123049641,0,True,5,5,10.63829787,10.63829787,0.47,0.47,0.45,0.365,0.1855,0,5.1855,10.63829787,5.452797872,69.26964197,64.08414197,5.551115123e-17
fixed_5_usd,,current_gamma_schedule_0p07_counterfactual,1,60,full_ladder_snapshot_upper_bound,0x76960dab6089e2c753c70a791f857f54bed02d3219de0b571cecb8226e5ec095,btc-updown-5m-1777194900,2026-04-26T09:15:00+00:00,2026-04-26T09:14:01+00:00,2026-04-26T09:20:36+00:00,2026-04-26T09:21:36+00:00,up,0.5105456974,0,False,5,5,10.41666667,10.41666667,0.48,0.48,0.18,0.135,0.182,0,5.182,0,-5.182,74.72243984,69.54043984,-5.551115123e-17
fixed_5_usd,,current_gamma_schedule_0p07_counterfactual,1,60,full_ladder_snapshot_upper_bound,0x7a89804e55091ccbdf63b741f59ba662e7728891f548447de29fcfcb85bca6d2,btc-updown-5m-1777195200,2026-04-26T09:20:00+00:00,2026-04-26T09:19:01+00:00,2026-04-26T09:25:18+00:00,2026-04-26T09:26:18+00:00,up,0.5023725421,1,True,5,5,11.62790698,11.62790698,0.43,0.43,0.948,0.694,0.1995,0,5.1995,11.62790698,6.428406977,69.54043984,64.34093984,5.551115123e-17
fixed_5_usd,,current_gamma_schedule_0p07_counterfactual,1,60,full_ladder_snapshot_upper_bound,0xc550499e3fae430934770a39b653871040422e510c33e7c911f2b3512ac3564a,btc-updown-5m-1777196100,2026-04-26T09:35:00+00:00,2026-04-26T09:34:01+00:00,2026-04-26T09:40:54+00:00,2026-04-26T09:41:54+00:00,down,0.5006825939,0,True,5,5,10.41666667,10.41666667,0.48,0.48,0.974,0.759,0.182,0,5.182,10.41666667,5.234666667,75.96884682,70.78684682,-5.551115123e-17
fixed_5_usd,,current_gamma_schedule_0p07_counterfactual,1,60,full_ladder_snapshot_upper_bound,0x1603a8c23f16d95eb2e9dc5ed6ea4ee8ba3bbc3a70ea4c5d42429a327224d7f2,btc-updown-5m-1777196400,2026-04-26T09:40:00+00:00,2026-04-26T09:39:01+00:00,2026-04-26T09:45:26+00:00,2026-04-26T09:46:26+00:00,down,0.505285518,1,False,5,5,10.41666667,10.41666667,0.48,0.48,0.194,0.132,0.182,0,5.182,0,-5.182,70.78684682,65.60484682,-5.551115123e-17
fixed_5_usd,,current_gamma_schedule_0p07_counterfactual,1,60,full_ladder_snapshot_upper_bound,0xda10e4d6c7072ed07b212c6b283de5513e772f56ad38c6acc2762b8ac8b8f18f,btc-updown-5m-1777198800,2026-04-26T10:20:00+00:00,2026-04-26T10:19:01+00:00,2026-04-26T10:25:22+00:00,2026-04-26T10:26:22+00:00,down,0.5226563851,0,True,5,5,10,10,0.5,0.5,0.382,0.34,0.175,0,5.175,10,4.825,76.02151349,70.84651349,0
fixed_5_usd,,current_gamma_schedule_0p07_counterfactual,1,60,full_ladder_snapshot_upper_bound,0x54755013eb812da45b412501afabc340cc29acd7cd159f1a85b37a6b42ae07f4,btc-updown-5m-1777199100,2026-04-26T10:25:00+00:00,2026-04-26T10:24:01+00:00,2026-04-26T10:30:22+00:00,2026-04-26T10:31:22+00:00,down,0.5221223417,0,True,5,5,10,10,0.5,0.5,0.377,0.337,0.175,0,5.175,10,4.825,70.84651349,65.67151349,0
fixed_5_usd,,current_gamma_schedule_0p07_counterfactual,1,60,full_ladder_snapshot_upper_bound,0x6358f2e0af42b223bfee82fb91e0e11282fd54daae24a61d3967497c24410d08,btc-updown-5m-1777199400,2026-04-26T10:30:00+00:00,2026-04-26T10:29:01+00:00,2026-04-26T10:36:26+00:00,2026-04-26T10:37:26+00:00,down,0.5235401788,0,True,5,5,10,10,0.5,0.5,0.13,0.073,0.175,0,5.175,10,4.825,75.67151349,70.49651349,0
fixed_5_usd,,current_gamma_schedule_0p07_counterfactual,1,60,full_ladder_snapshot_upper_bound,0xa1f4f6378ce49837725c22ed416e05c4945bf2832028ba919aae8aadf2794e5a,btc-updown-5m-1777203000,2026-04-26T11:30:00+00:00,2026-04-26T11:29:01+00:00,2026-04-26T11:35:36+00:00,2026-04-26T11:36:36+00:00,up,0.4889851199,0,False,5,5,10.63829787,10.63829787,0.47,0.47,0.331,0.113,0.1855,0,5.1855,0,-5.1855,90.49651349,85.31101349,5.551115123e-17
fixed_5_usd,,current_gamma_schedule_0p07_counterfactual,1,60,full_ladder_snapshot_upper_bound,0x2f04071a272e2d7c4de1faa160c7d6217e4dc7a74276683dddd617701cebbd91,btc-updown-5m-1777210200,2026-04-26T13:30:00+00:00,2026-04-26T13:29:01+00:00,2026-04-26T13:35:20+00:00,2026-04-26T13:36:20+00:00,down,0.5045613789,1,False,5,5,10.41666667,10.41666667,0.48,0.48,0.091,0.034,0.182,0,5.182,0,-5.182,85.31101349,80.12901349,-5.551115123e-17
fixed_5_usd,,current_gamma_schedule_0p07_counterfactual,1,60,full_ladder_snapshot_upper_bound,0x7c92fc154071c4a495015f09b8ba4a9205f484deb143600c66c9ea91fa026c4b,btc-updown-5m-1777216200,2026-04-26T15:10:00+00:00,2026-04-26T15:09:01+00:00,2026-04-26T15:15:36+00:00,2026-04-26T15:16:36+00:00,down,0.5274811599,1,False,5,5,10,10,0.5,0.5,0.121,0.064,0.175,0,5.175,0,-5.175,80.12901349,74.95401349,0
fixed_5_usd,,current_gamma_schedule_0p07_counterfactual,1,60,full_ladder_snapshot_upper_bound,0x6c9f1beed8d4cad9dd7b4061666d09b22d7515f0747b2d21070c2a07253ce15f,btc-updown-5m-1777216500,2026-04-26T15:15:00+00:00,2026-04-26T15:14:01+00:00,2026-04-26T15:20:36+00:00,2026-04-26T15:21:36+00:00,down,0.5280423505,1,False,5,5,10,10,0.5,0.5,0.887,0.735,0.175,0,5.175,0,-5.175,74.95401349,69.77901349,0
fixed_5_usd,,current_gamma_schedule_0p07_counterfactual,1,60,full_ladder_snapshot_upper_bound,0xc055a38adcc03b70fc69322237fb01840e16c34d117cf502d8b16ea7e313bca8,btc-updown-5m-1777216800,2026-04-26T15:20:00+00:00,2026-04-26T15:19:01+00:00,2026-04-26T15:25:26+00:00,2026-04-26T15:26:26+00:00,down,0.5343121109,0,True,5,5,10,10,0.5,0.5,0.408,0.377,0.175,0,5.175,10,4.825,69.77901349,64.60401349,0
fixed_5_usd,,current_gamma_schedule_0p07_counterfactual,1,60,full_ladder_snapshot_upper_bound,0xf75d7bed43195b02ae3931d5892e37b89ed5484b7841bd9f1605f0f62e43cc14,btc-updown-5m-1777217100,2026-04-26T15:25:00+00:00,2026-04-26T15:24:01+00:00,2026-04-26T15:30:22+00:00,2026-04-26T15:31:22+00:00,down,0.5351386156,1,False,5,5,10,10,0.5,0.5,0.142,0.029,0.175,0,5.175,0,-5.175,64.60401349,59.42901349,0
fixed_5_usd,,current_gamma_schedule_0p07_counterfactual,1,60,full_ladder_snapshot_upper_bound,0xd7dee31e8b4cbbe530b5c687cd115def8e6c46e6ba854b51456c25ebbac91553,btc-updown-5m-1777218000,2026-04-26T15:40:00+00:00,2026-04-26T15:39:01+00:00,2026-04-26T15:45:20+00:00,2026-04-26T15:46:20+00:00,down,0.5240929477,0,True,5,5,10.20408163,10.20408163,0.49,0.49,0.094,0.071,0.1785,0,5.1785,10.20408163,5.025581633,69.42901349,64.25051349,0
fixed_5_usd,,current_gamma_schedule_0p07_counterfactual,1,60,full_ladder_snapshot_upper_bound,0x32d1938766ba7afe00df6a1f8a74dcb92b0cae171fc17d3ae3feeeecc2b1f7ef,btc-updown-5m-1777218300,2026-04-26T15:45:00+00:00,2026-04-26T15:44:01+00:00,2026-04-26T15:50:20+00:00,2026-04-26T15:51:20+00:00,down,0.5298096397,0,True,5,5,10.20408163,10.20408163,0.49,0.49,0.742,0.602,0.1785,0,5.1785,10.20408163,5.025581633,64.25051349,59.07201349,0
fixed_5_usd,,current_gamma_schedule_0p07_counterfactual,1,60,full_ladder_snapshot_upper_bound,0xbb3103368431f762ec0b58666ddfc97a9d9581c370ba58a56843b3022eb3a200,btc-updown-5m-1777218600,2026-04-26T15:50:00+00:00,2026-04-26T15:49:01+00:00,2026-04-26T15:55:22+00:00,2026-04-26T15:56:22+00:00,down,0.5127922399,1,False,5,5,10.20408163,10.20408163,0.49,0.49,0.116,0.064,0.1785,0,5.1785,0,-5.1785,69.27609512,64.09759512,0
fixed_5_usd,,current_gamma_schedule_0p07_counterfactual,1,60,full_ladder_snapshot_upper_bound,0x1a98ddbf5438f0130650bb88ddb1822b2e34489198336d4a34c19b820d89df97,btc-updown-5m-1777219200,2026-04-26T16:00:00+00:00,2026-04-26T15:59:01+00:00,2026-04-26T16:05:36+00:00,2026-04-26T16:06:36+00:00,down,0.51467196,1,False,5,5,10.41666667,10.41666667,0.48,0.48,0.921,0.645,0.182,0,5.182,0,-5.182,74.30167675,69.11967675,-5.551115123e-17
fixed_5_usd,,current_gamma_schedule_0p07_counterfactual,1,60,full_ladder_snapshot_upper_bound,0x428030d95db555cef224ce2b7df35d85ad2a14ecaf6ded4c772cc6fc12f88183,btc-updown-5m-1777219800,2026-04-26T16:10:00+00:00,2026-04-26T16:09:01+00:00,2026-04-26T16:15:20+00:00,2026-04-26T16:16:20+00:00,down,0.5236082108,0,True,5,5,10,10,0.5,0.5,0.921,0.756,0.175,0,5.175,10,4.825,69.11967675,63.94467675,0
fixed_5_usd,,current_gamma_schedule_0p07_counterfactual,1,60,full_ladder_snapshot_upper_bound,0x5978325720bc289a204293cf503531316318dc414f4479edbbdab66d3263f416,btc-updown-5m-1777220100,2026-04-26T16:15:00+00:00,2026-04-26T16:14:01+00:00,2026-04-26T16:20:54+00:00,2026-04-26T16:21:54+00:00,down,0.5232431687,1,False,5,5,10,10,0.5,0.5,0.928,0.829,0.175,0,5.175,0,-5.175,63.94467675,58.76967675,0
fixed_5_usd,,current_gamma_schedule_0p07_counterfactual,1,60,full_ladder_snapshot_upper_bound,0x6a9ceafb8388ec596b9cfe348fc6c800e1d7507ca1c287a9361989b54dddf88c,btc-updown-5m-1777222200,2026-04-26T16:50:00+00:00,2026-04-26T16:49:01+00:00,2026-04-26T16:55:26+00:00,2026-04-26T16:56:26+00:00,down,0.4967566789,1,False,5,5,10.63829787,10.63829787,0.47,0.47,0.625,0.47,0.1855,0,5.1855,0,-5.1855,68.76967675,63.58417675,5.551115123e-17
fixed_5_usd,,current_gamma_schedule_0p07_counterfactual,1,60,full_ladder_snapshot_upper_bound,0x3e09d8a4eb069623c0e076ce795d11ea65644dba17a2e11e0751a3a9a84e55d9,btc-updown-5m-1777228800,2026-04-26T18:40:00+00:00,2026-04-26T18:39:01+00:00,2026-04-26T18:45:18+00:00,2026-04-26T18:46:18+00:00,down,0.5261073059,1,False,5,5,10,10,0.5,0.5,0.149,0.108,0.175,0,5.175,0,-5.175,63.58417675,58.40917675,0
fixed_5_usd,,current_gamma_schedule_0p07_counterfactual,1,60,full_ladder_snapshot_upper_bound,0x1f66b21f97ee7591c757b0a9718789ce37a255e277f6d38cfd7753e226e1707c,btc-updown-5m-1777232700,2026-04-26T19:45:00+00:00,2026-04-26T19:44:01+00:00,2026-04-26T19:50:54+00:00,2026-04-26T19:51:54+00:00,down,0.5089847735,1,False,5,5,10.41666667,10.41666667,0.48,0.48,0.505,0.408,0.182,0,5.182,0,-5.182,58.40917675,53.22717675,-5.551115123e-17
fixed_5_usd,,current_gamma_schedule_0p07_counterfactual,1,60,full_ladder_snapshot_upper_bound,0xe2ebb6f90726ef40231405b930bdc59b54e7d5a50be340c6e3b668e39af64f84,btc-updown-5m-1777238700,2026-04-26T21:25:00+00:00,2026-04-26T21:24:01+00:00,2026-04-26T21:30:22+00:00,2026-04-26T21:31:22+00:00,down,0.5079835786,0,True,5,5,10.20408163,10.20408163,0.49,0.49,0.206,0.167,0.1785,0,5.1785,10.20408163,5.025581633,53.22717675,48.04867675,0
fixed_5_usd,,current_gamma_schedule_0p07_counterfactual,1,60,full_ladder_snapshot_upper_bound,0x67ef1d8db923535d142e3e2e897f2a7831e247a3eb62cff141c9faa017711b0c,btc-updown-5m-1777240200,2026-04-26T21:50:00+00:00,2026-04-26T21:49:01+00:00,2026-04-26T21:57:42+00:00,2026-04-26T21:58:42+00:00,down,0.4802506895,1,False,5,5,11.11111111,11.11111111,0.45,0.45,0.148,0.117,0.1925,0,5.1925,0,-5.1925,58.25275838,53.06025838,0
fixed_5_usd,,current_gamma_schedule_0p07_counterfactual,1,60,full_ladder_snapshot_upper_bound,0xb7772b726802c663982fc50a7672acc2590555736a0b6bacf82e992197fa1bc9,btc-updown-5m-1777244700,2026-04-26T23:05:00+00:00,2026-04-26T23:04:01+00:00,2026-04-26T23:10:18+00:00,2026-04-26T23:11:18+00:00,down,0.4890839585,0,True,5,5,10.63829787,10.63829787,0.47,0.47,0.234,0.076,0.1855,0,5.1855,10.63829787,5.452797872,53.06025838,47.87475838,5.551115123e-17
fixed_5_usd,,current_gamma_schedule_0p07_counterfactual,1,60,full_ladder_snapshot_upper_bound,0x3bb5e303d1f34bab26624b3d645f2ffcd0356b32f66ed693b982c44b4bdd8683,btc-updown-5m-1777263900,2026-04-27T04:25:00+00:00,2026-04-27T04:24:01+00:00,2026-04-27T04:30:54+00:00,2026-04-27T04:31:54+00:00,down,0.4983634961,1,False,5,5,10.63829787,10.63829787,0.47,0.47,0.833,0.807,0.1855,0,5.1855,0,-5.1855,58.51305626,53.32755626,5.551115123e-17
fixed_5_usd,,current_gamma_schedule_0p07_counterfactual,1,60,full_ladder_snapshot_upper_bound,0xc0e185f5d4717392b43943145e35a48be78468cfadd6470bbea7545f8fb5bb0c,btc-updown-5m-1777264800,2026-04-27T04:40:00+00:00,2026-04-27T04:39:01+00:00,2026-04-27T04:45:18+00:00,2026-04-27T04:46:18+00:00,down,0.5051272253,0,True,5,5,10.41666667,10.41666667,0.48,0.48,0.311,0.258,0.182,0,5.182,10.41666667,5.234666667,53.32755626,48.14555626,-5.551115123e-17
fixed_5_usd,,current_gamma_schedule_0p07_counterfactual,1,60,full_ladder_snapshot_upper_bound,0x090b9579ca7e9b301322451fc0eb5dd5aaa81a7d9535cfc391f5035b033f3ded,btc-updown-5m-1777275900,2026-04-27T07:45:00+00:00,2026-04-27T07:44:01+00:00,2026-04-27T07:50:36+00:00,2026-04-27T07:51:36+00:00,down,0.5225516207,1,False,5,5,10,10,0.5,0.5,0.184,0.079,0.175,0,5.175,0,-5.175,58.56222292,53.38722292,0
fixed_5_usd,,current_gamma_schedule_0p07_counterfactual,1,60,full_ladder_snapshot_upper_bound,0xf88b6aa48997c0eb62724772a07789f08c17a589ddfaa22d27d832057a91dec6,btc-updown-5m-1777276200,2026-04-27T07:50:00+00:00,2026-04-27T07:49:01+00:00,2026-04-27T07:55:54+00:00,2026-04-27T07:56:54+00:00,down,0.5181505128,1,False,5,5,10,10,0.5,0.5,0.125,0.041,0.175,0,5.175,0,-5.175,53.38722292,48.21222292,0
fixed_5_usd,,current_gamma_schedule_0p07_counterfactual,1,60,full_ladder_snapshot_upper_bound,0xf5afc8d2b39df2d4a12cd4ef01b4019b11bff85d6e52359ae771c1cc537c21fe,btc-updown-5m-1777291500,2026-04-27T12:05:00+00:00,2026-04-27T12:04:01+00:00,2026-04-27T12:10:22+00:00,2026-04-27T12:11:22+00:00,down,0.5152382433,1,False,5,5,10.1576,10.1576,0.492242262,0.49,0.075,0.033,0.1777,0,5.1777,0,-5.1777,48.21222292,43.03452292,0.002242261952
fixed_5_usd,,current_gamma_schedule_0p07_counterfactual,1,60,full_ladder_snapshot_upper_bound,0x558f74ffb60297d83eb578c973bfddc0b3996eb3903981d1de1b89bb3756d915,btc-updown-5m-1777291800,2026-04-27T12:10:00+00:00,2026-04-27T12:09:01+00:00,2026-04-27T12:15:36+00:00,2026-04-27T12:16:36+00:00,down,0.5202837165,1,False,5,5,10,10,0.5,0.5,0.151,0.082,0.175,0,5.175,0,-5.175,43.03452292,37.85952292,0
fixed_5_usd,,current_gamma_schedule_0p07_counterfactual,1,60,full_ladder_snapshot_upper_bound,0x8489786e3c96480146d364b7f3c217651d7023d03b6a2959903e36a634f1dbed,btc-updown-5m-1777292400,2026-04-27T12:20:00+00:00,2026-04-27T12:19:01+00:00,2026-04-27T12:25:18+00:00,2026-04-27T12:26:18+00:00,down,0.5205092821,0,True,5,5,10,10,0.5,0.5,0.172,0.059,0.175,0,5.175,10,4.825,37.85952292,32.68452292,0
fixed_5_usd,,current_gamma_schedule_0p07_counterfactual,1,60,full_ladder_snapshot_upper_bound,0xf79255592be3fe46479b95ac3454209ffe89e9368f2dc0a36249b32bf0bda4c5,btc-updown-5m-1777297800,2026-04-27T13:50:00+00:00,2026-04-27T13:49:01+00:00,2026-04-27T13:55:20+00:00,2026-04-27T13:56:20+00:00,down,0.5092049449,1,False,5,5,10.20408163,10.20408163,0.49,0.49,0.251,0.154,0.1785,0,5.1785,0,-5.1785,42.68452292,37.50602292,0
fixed_5_usd,,current_gamma_schedule_0p07_counterfactual,1,60,full_ladder_snapshot_upper_bound,0x61f93d0125322023e57d9a5cb3f23c5bb0756b2c70cb928ea3624923d3d08147,btc-updown-5m-1777299000,2026-04-27T14:10:00+00:00,2026-04-27T14:09:01+00:00,2026-04-27T14:15:20+00:00,2026-04-27T14:16:20+00:00,down,0.5161029696,1,False,5,5,10.20408163,10.20408163,0.49,0.49,0.063,0.021,0.1785,0,5.1785,0,-5.1785,37.50602292,32.32752292,0
fixed_5_usd,,current_gamma_schedule_0p07_counterfactual,1,60,full_ladder_snapshot_upper_bound,0x40d04bf526f0726c0cb1c04c6ccf0a34648e72bf89f96de9669b3e9a131151e8,btc-updown-5m-1777303200,2026-04-27T15:20:00+00:00,2026-04-27T15:19:01+00:00,2026-04-27T15:25:18+00:00,2026-04-27T15:26:18+00:00,down,0.4872870482,0,True,5,5,11.62790698,11.62790698,0.43,0.43,0.174,0.129,0.1995,0,5.1995,11.62790698,6.428406977,32.32752292,27.12802292,5.551115123e-17
fixed_5_usd,,current_gamma_schedule_0p07_counterfactual,1,60,full_ladder_snapshot_upper_bound,0x38affa19ace930bd69858f32f0a5a7ccdb0749664645e7879b2d765b4aec2aee,btc-updown-5m-1777305000,2026-04-27T15:50:00+00:00,2026-04-27T15:49:01+00:00,2026-04-27T15:55:36+00:00,2026-04-27T15:56:36+00:00,down,0.5034951332,1,False,5,5,10.41666667,10.41666667,0.48,0.48,0.065,0.024,0.182,0,5.182,0,-5.182,38.7559299,33.5739299,-5.551115123e-17
fixed_5_usd,,current_gamma_schedule_0p07_counterfactual,1,60,full_ladder_snapshot_upper_bound,0xd17c9aae3ef9ef7b5e06981e4590824ea69ca1adeb4cf3b6fb959cbb71b10013,btc-updown-5m-1777305600,2026-04-27T16:00:00+00:00,2026-04-27T15:59:01+00:00,2026-04-27T16:05:36+00:00,2026-04-27T16:06:36+00:00,down,0.5157757454,0,True,5,5,10.86956522,10.86956522,0.46,0.46,0.156,0.121,0.189,0,5.189,10.86956522,5.680565217,33.5739299,28.3849299,-5.551115123e-17
fixed_5_usd,,current_gamma_schedule_0p07_counterfactual,1,60,full_ladder_snapshot_upper_bound,0x992523e21e906dd6d89494371e2fdfdfa63007b63a8b1ce7d7cc0fb3a357ae14,btc-updown-5m-1777306500,2026-04-27T16:15:00+00:00,2026-04-27T16:14:01+00:00,2026-04-27T16:20:18+00:00,2026-04-27T16:21:18+00:00,down,0.494494618,1,False,5,5,10.63829787,10.63829787,0.47,0.47,0.113,0.041,0.1855,0,5.1855,0,-5.1855,39.25449512,34.06899512,5.551115123e-17
fixed_5_usd,,current_gamma_schedule_0p07_counterfactual,1,60,full_ladder_snapshot_upper_bound,0x120dd3698d37e2c5fb06488e5a1dd4aab36793566a342ac005cf78c24459d3cb,btc-updown-5m-1777318800,2026-04-27T19:40:00+00:00,2026-04-27T19:39:01+00:00,2026-04-27T19:45:52+00:00,2026-04-27T19:46:52+00:00,down,0.4929018407,1,False,5,5,10.63829787,10.63829787,0.47,0.47,0.303,0.125,0.1855,0,5.1855,0,-5.1855,34.06899512,28.88349512,5.551115123e-17
fixed_5_usd,,current_gamma_schedule_0p07_counterfactual,1,60,full_ladder_snapshot_upper_bound,0x7b850e40d8c021f567a39e8ec92e7b28fb79fa8080ad4aafb7b440ac1d14f63d,btc-updown-5m-1777319100,2026-04-27T19:45:00+00:00,2026-04-27T19:44:01+00:00,2026-04-27T19:50:52+00:00,2026-04-27T19:51:52+00:00,down,0.4989129413,1,False,5,5,10.63829787,10.63829787,0.47,0.47,0.941,0.8,0.1855,0,5.1855,0,-5.1855,28.88349512,23.69799512,5.551115123e-17
fixed_5_usd,,current_gamma_schedule_0p07_counterfactual,1,60,full_ladder_snapshot_upper_bound,0xd5baf0a814db9ea45ee2c8f0f6702b95480708e605f1a59db701c75e4b0d941d,btc-updown-5m-1777320600,2026-04-27T20:10:00+00:00,2026-04-27T20:09:01+00:00,2026-04-27T20:15:54+00:00,2026-04-27T20:16:54+00:00,up,0.501217128,0,False,5,5,10.63829787,10.63829787,0.47,0.47,0.233,0.183,0.1855,0,5.1855,0,-5.1855,23.69799512,18.51249512,5.551115123e-17
fixed_5_usd,,current_gamma_schedule_0p07_counterfactual,1,60,full_ladder_snapshot_upper_bound,0xd5ae8b54bcb61823eb85ac0bd0b0b5ee4daab4c59cc9d00b5dc3a419febf346b,btc-updown-5m-1777330200,2026-04-27T22:50:00+00:00,2026-04-27T22:49:01+00:00,2026-04-27T22:55:36+00:00,2026-04-27T22:56:36+00:00,up,0.5003299176,1,True,5,5,10.63829787,10.63829787,0.47,0.47,0.501,0.457,0.1855,0,5.1855,10.63829787,5.452797872,18.51249512,13.32699512,5.551115123e-17
fixed_5_usd,,current_gamma_schedule_0p07_counterfactual,1,60,full_ladder_snapshot_upper_bound,0xf74b5424d94bb942739ecb4adadc0bef336edc96e0fe4fc807689c0591b0c897,btc-updown-5m-1777331700,2026-04-27T23:15:00+00:00,2026-04-27T23:14:01+00:00,2026-04-27T23:20:54+00:00,2026-04-27T23:21:54+00:00,down,0.5298684408,1,False,5,5,10,10,0.5,0.5,0.134,0.021,0.175,0,5.175,0,-5.175,23.96529299,18.79029299,0
fixed_5_usd,,current_gamma_schedule_0p07_counterfactual,1,60,full_ladder_snapshot_upper_bound,0xaeb0e6e58749e33ff85b4c64a555b87baceca4e774c692e6a6825ca74978c802,btc-updown-5m-1777332300,2026-04-27T23:25:00+00:00,2026-04-27T23:24:01+00:00,2026-04-27T23:30:54+00:00,2026-04-27T23:31:54+00:00,up,0.4948017335,0,False,5,5,10.63829787,10.63829787,0.47,0.47,0.102,0.029,0.1855,0,5.1855,0,-5.1855,18.79029299,13.60479299,5.551115123e-17
fixed_5_usd,,current_gamma_schedule_0p07_counterfactual,1,60,full_ladder_snapshot_upper_bound,0x36d62c6b419fdfbd14e87198097dd1ec3932e97bf92042f556ce1814976f1c12,btc-updown-5m-1777338900,2026-04-28T01:15:00+00:00,2026-04-28T01:14:01+00:00,2026-04-28T01:20:20+00:00,2026-04-28T01:21:20+00:00,down,0.5064521389,0,True,5,5,10.63829787,10.63829787,0.47,0.47,0.136,0.102,0.1855,0,5.1855,10.63829787,5.452797872,13.60479299,8.419292989,5.551115123e-17
fixed_5_usd,,current_gamma_schedule_0p07_counterfactual,1,60,full_ladder_snapshot_upper_bound,0x742175bb505e1777989d4c0dc1318344e9868ee4e68cf939528d46f5d7de4b18,btc-updown-5m-1777350000,2026-04-28T04:20:00+00:00,2026-04-28T04:19:01+00:00,2026-04-28T04:25:26+00:00,2026-04-28T04:26:26+00:00,down,0.5237738961,0,True,5,5,10,10,0.5,0.5,0.934,0.908,0.175,0,5.175,10,4.825,19.05759086,13.88259086,0
fixed_5_usd,,current_gamma_schedule_0p07_counterfactual,1,60,full_ladder_snapshot_upper_bound,0xa304cfb7e22e3c8cffccf84d1fbd793a3e697591b76b304832d627a45ecbd539,btc-updown-5m-1777350600,2026-04-28T04:30:00+00:00,2026-04-28T04:29:01+00:00,2026-04-28T04:35:36+00:00,2026-04-28T04:36:36+00:00,down,0.5228196927,1,False,5,5,10.86956522,10.86956522,0.46,0.46,0.106,0.066,0.189,0,5.189,0,-5.189,23.88259086,18.69359086,-5.551115123e-17
fixed_5_usd,,current_gamma_schedule_0p07_counterfactual,1,60,full_ladder_snapshot_upper_bound,0x4f01ade3d7d5583026db9bbdc2bdf2bf078bdea7b9bbe3169af6673444d4cb23,btc-updown-5m-1777353000,2026-04-28T05:10:00+00:00,2026-04-28T05:09:01+00:00,2026-04-28T05:15:54+00:00,2026-04-28T05:16:54+00:00,up,0.4871231939,0,False,5,5,10.86956522,10.86956522,0.46,0.46,0.529,0.445,0.189,0,5.189,0,-5.189,18.69359086,13.50459086,-5.551115123e-17
fixed_5_usd,,current_gamma_schedule_0p07_counterfactual,1,60,full_ladder_snapshot_upper_bound,0x3328683a85c3a3c0622fa8d482083405fdecb50cdd9366f0451a3c878d68877d,btc-updown-5m-1777355100,2026-04-28T05:45:00+00:00,2026-04-28T05:44:01+00:00,2026-04-28T05:50:18+00:00,2026-04-28T05:51:18+00:00,down,0.5060059286,1,False,5,5,10.86956522,10.86956522,0.46,0.46,0.532,0.416,0.189,0,5.189,0,-5.189,13.50459086,8.315590862,-5.551115123e-17
fixed_5_usd,,current_gamma_schedule_0p07_counterfactual,1,60,full_ladder_snapshot_upper_bound,0xb9fd093f9428d88ac52d84bbb80bc9eb817f4d7725d215083c00dd6d15ab914e,btc-updown-5m-1777357800,2026-04-28T06:30:00+00:00,2026-04-28T06:29:01+00:00,2026-04-28T06:35:26+00:00,2026-04-28T06:36:26+00:00,down,0.5109291684,1,False,5,5,10.20408163,10.20408163,0.49,0.49,0.334,0.299,0.1785,0,5.1785,0,-5.1785,8.315590862,3.137090862,0
free_cash_5pct_cap20,20,current_gamma_schedule_0p07_counterfactual,1,60,full_ladder_snapshot_upper_bound,0x308df9f858ec2e611c08c47cbd19a348bc04c414f462a474c6914fb726aeefb1,btc-updown-5m-1776274500,2026-04-15T17:35:00+00:00,2026-04-15T17:34:01+00:00,2026-04-15T17:40:18+00:00,2026-04-15T17:41:18+00:00,up,0.53161048,0,False,5,5,9.803921569,9.803921569,0.51,0.51,0.944,0.778,0.1715,0,5.1715,0,-5.1715,100,94.8285,0
free_cash_5pct_cap20,20,current_gamma_schedule_0p07_counterfactual,1,60,full_ladder_snapshot_upper_bound,0x22b148b82351c2a96246ae4e8ff4e18da795668fb2abf960a19a64ec1f063c5e,btc-updown-5m-1776280200,2026-04-15T19:10:00+00:00,2026-04-15T19:09:01+00:00,2026-04-15T19:15:20+00:00,2026-04-15T19:16:20+00:00,up,0.494696016,0,False,4.741425,4.741425,10.77596591,10.77596591,0.44,0.44,0.364,0.102,0.18586,0,4.927285,0,-4.927285,94.8285,89.901215,0
free_cash_5pct_cap20,20,current_gamma_schedule_0p07_counterfactual,1,60,full_ladder_snapshot_upper_bound,0xafaddbfa25119fefb86c2ffe5d78ffb545cbed0a9df049d5127b29899add8695,btc-updown-5m-1776281100,2026-04-15T19:25:00+00:00,2026-04-15T19:24:01+00:00,2026-04-15T19:30:58+00:00,2026-04-15T19:31:58+00:00,up,0.4969574951,1,True,4.49506075,4.49506075,9.563959043,9.563959043,0.47,0.47,0.153,0.06,0.16677,0,4.66183075,9.563959043,4.902128293,89.901215,85.23938425,-5.551115123e-17
free_cash_5pct_cap20,20,current_gamma_schedule_0p07_counterfactual,1,60,full_ladder_snapshot_upper_bound,0x532b6d74ef18fdae3089fcbe0dbf286ca72090febce8b57732a77df9eccf7127,btc-updown-5m-1776281700,2026-04-15T19:35:00+00:00,2026-04-15T19:34:01+00:00,2026-04-15T19:40:22+00:00,2026-04-15T19:41:22+00:00,up,0.5004509983,1,True,4.740167165,4.740167165,10.08546205,10.08546205,0.47,0.47,0.282,0.153,0.17586,0,4.916027165,10.08546205,5.169434888,94.80334329,89.88731613,0
free_cash_5pct_cap20,20,current_gamma_schedule_0p07_counterfactual,1,60,full_ladder_snapshot_upper_bound,0xcba3d289fc9c8b503ca67457381989d87fe8aab3612d0bf69ecf514b7cd13e7c,btc-updown-5m-1776282000,2026-04-15T19:40:00+00:00,2026-04-15T19:39:01+00:00,2026-04-15T19:45:54+00:00,2026-04-15T19:46:54+00:00,up,0.5009288298,0,False,4.494365806,4.494365806,9.770360449,9.770360449,0.46,0.46,0.08,0.025,0.16989,0,4.664255806,0,-4.664255806,89.88731613,85.22306032,0
free_cash_5pct_cap20,20,current_gamma_schedule_0p07_counterfactual,1,60,full_ladder_snapshot_upper_bound,0x6f2a0177ca0ba7535be2027dd7b7f4de9e8a39da180398295205c85042f0a126,btc-updown-5m-1776282300,2026-04-15T19:45:00+00:00,2026-04-15T19:44:01+00:00,2026-04-15T19:50:18+00:00,2026-04-15T19:51:18+00:00,up,0.5023152829,0,False,4.765426119,4.765426119,9.927971081,9.927971081,0.48,0.48,0.069,0.039,0.17346,0,4.938886119,0,-4.938886119,95.30852237,90.36963626,-5.551115123e-17
free_cash_5pct_cap20,20,current_gamma_schedule_0p07_counterfactual,1,60,full_ladder_snapshot_upper_bound,0xaa22e0780f20b246e556ab42fa4ce536d443ca9582035e6a5d2f2af4ba10c11c,btc-updown-5m-1776282600,2026-04-15T19:50:00+00:00,2026-04-15T19:49:01+00:00,2026-04-15T19:55:22+00:00,2026-04-15T19:56:22+00:00,up,0.5148910285,1,True,4.518481813,4.518481813,9.39710574,9.39710574,0.4808376044,0.48,0.484,0.304,0.1642,0,4.682681813,9.39710574,4.714423928,90.36963626,85.68695444,0.0008376044306
free_cash_5pct_cap20,20,current_gamma_schedule_0p07_counterfactual,1,60,full_ladder_snapshot_upper_bound,0x7adaff48a697ccbd22137bd4c6313f6d56be5a83997bdf8a8247c8c0f9ec6f73,btc-updown-5m-1776285000,2026-04-15T20:30:00+00:00,2026-04-15T20:29:01+00:00,2026-04-15T20:35:18+00:00,2026-04-15T20:36:18+00:00,down,0.502549772,1,False,4.754203009,4.754203009,9.904589602,9.904589602,0.48,0.48,0.344,0.254,0.17305,0,4.927253009,0,-4.927253009,95.08406018,90.15680717,-5.551115123e-17
free_cash_5pct_cap20,20,current_gamma_schedule_0p07_counterfactual,1,60,full_ladder_snapshot_upper_bound,0xd84a54ee812d125af329caeb172a7944ae800402feec1e49e7efdd847faf58b4,btc-updown-5m-1776285900,2026-04-15T20:45:00+00:00,2026-04-15T20:44:01+00:00,2026-04-15T20:50:26+00:00,2026-04-15T20:51:26+00:00,down,0.5077053374,1,False,4.507840359,4.507840359,9.591149699,9.591149699,0.47,0.47,0.697,0.62,0.16724,0,4.675080359,0,-4.675080359,90.15680717,85.48172681,0
free_cash_5pct_cap20,20,current_gamma_schedule_0p07_counterfactual,1,60,full_ladder_snapshot_upper_bound,0x4c55d75325d5e8ed6e9a1ce60cc510d5b7833ccf809a0b1e02ba6d4e33d483e8,btc-updown-5m-1776288300,2026-04-15T21:25:00+00:00,2026-04-15T21:24:01+00:00,2026-04-15T21:30:26+00:00,2026-04-15T21:31:26+00:00,down,0.4971868223,0,True,4.274086341,4.274086341,9.093800725,9.093800725,0.47,0.47,0.509,0.481,0.15857,0,4.432656341,9.093800725,4.661144384,85.48172681,81.04907047,0
free_cash_5pct_cap20,20,current_gamma_schedule_0p07_counterfactual,1,60,full_ladder_snapshot_upper_bound,0xe55474fa2e999371778fdfe187db43f9963529aa95788feacaff0eb8ac1fecdc,btc-updown-5m-1776288600,2026-04-15T21:30:00+00:00,2026-04-15T21:29:01+00:00,2026-04-15T21:35:54+00:00,2026-04-15T21:36:54+00:00,down,0.5096511008,0,True,4.052453524,4.052453524,8.62224154,8.62224154,0.47,0.47,0.804,0.702,0.15035,0,4.202803524,8.62224154,4.419438016,81.04907047,76.84626695,-5.551115123e-17
free_cash_5pct_cap20,20,current_gamma_schedule_0p07_counterfactual,1,60,full_ladder_snapshot_upper_bound,0xcc5e8f2409b3c879410dd0136fabd74c54f17615dfcdfb5df340d3c25e039725,btc-updown-5m-1776290400,2026-04-15T22:00:00+00:00,2026-04-15T21:59:01+00:00,2026-04-15T22:05:22+00:00,2026-04-15T22:06:22+00:00,down,0.5193990399,1,False,4.728115461,4.728115461,9.850240543,9.850240543,0.48,0.48,0.61,0.263,0.1721,0,4.900215461,0,-4.900215461,94.56230922,89.66209375,0
free_cash_5pct_cap20,20,current_gamma_schedule_0p07_counterfactual,1,60,full_ladder_snapshot_upper_bound,0xf5da1020c6d01461aadc3849161e97ad7e8e9c2f85097b7a095ad2e4f185dc49,btc-updown-5m-1776290700,2026-04-15T22:05:00+00:00,2026-04-15T22:04:01+00:00,2026-04-15T22:11:28+00:00,2026-04-15T22:12:28+00:00,down,0.5297839735,1,False,4.483104688,4.483104688,8.966209375,8.966209375,0.5,0.5,0.434,0.265,0.15691,0,4.640014688,0,-4.640014688,89.66209375,85.02207907,0
free_cash_5pct_cap20,20,current_gamma_schedule_0p07_counterfactual,1,60,full_ladder_snapshot_upper_bound,0x6cbafb6e8886e56c35b17f3caef74ba058ec7106a2e797c749c23dcf0e1187bc,btc-updown-5m-1776295500,2026-04-15T23:25:00+00:00,2026-04-15T23:24:01+00:00,2026-04-15T23:30:52+00:00,2026-04-15T23:31:52+00:00,down,0.484774355,1,False,4.251103953,4.251103953,9.661599894,9.661599894,0.44,0.44,0.252,0.173,0.16664,0,4.417743953,0,-4.417743953,85.02207907,80.60433511,0
free_cash_5pct_cap20,20,current_gamma_schedule_0p07_counterfactual,1,60,full_ladder_snapshot_upper_bound,0xca83abcd2ee9119c35c3a864615c475290cd6cf3cdee006ef6a9416f0ebf9ae1,btc-updown-5m-1776299100,2026-04-16T00:25:00+00:00,2026-04-16T00:24:01+00:00,2026-04-16T00:30:28+00:00,2026-04-16T00:31:28+00:00,down,0.4985713427,1,False,4.030216756,4.030216756,8.396284908,8.396284908,0.48,0.48,0.539,0.399,0.1467,0,4.176916756,0,-4.176916756,80.60433511,76.42741836,5.551115123e-17
free_cash_5pct_cap20,20,current_gamma_schedule_0p07_counterfactual,1,60,full_ladder_snapshot_upper_bound,0x58e683a213b0786fdd61329361a8b5974f849fc15ed47edc1f7bb31d2aa2777e,btc-updown-5m-1776299400,2026-04-16T00:30:00+00:00,2026-04-16T00:29:01+00:00,2026-04-16T00:35:20+00:00,2026-04-16T00:36:20+00:00,down,0.498715014,1,False,3.821370918,3.821370918,7.961189412,7.961189412,0.48,0.48,0.096,0.029,0.1391,0,3.960470918,0,-3.960470918,76.42741836,72.46694744,0
free_cash_5pct_cap20,20,current_gamma_schedule_0p07_counterfactual,1,60,full_ladder_snapshot_upper_bound,0x4e3514828b59dcf58e5c6ca614d8a9399310425a1b6d53244d27d06f53ff6ba8,btc-updown-5m-1776299700,2026-04-16T00:35:00+00:00,2026-04-16T00:34:01+00:00,2026-04-16T00:41:28+00:00,2026-04-16T00:42:28+00:00,down,0.4993983159,0,True,3.623347372,3.623347372,7.548640358,7.548640358,0.48,0.48,0.207,0.102,0.13189,0,3.755237372,7.548640358,3.793402986,72.46694744,68.71171007,0
free_cash_5pct_cap20,20,current_gamma_schedule_0p07_counterfactual,1,60,full_ladder_snapshot_upper_bound,0x38bb641f36442e61d684e799e7e9dc17a5d0b4088d59dd9044e674e57d198639,btc-updown-5m-1776307200,2026-04-16T02:40:00+00:00,2026-04-16T02:39:01+00:00,2026-04-16T02:46:26+00:00,2026-04-16T02:47:26+00:00,up,0.4797690032,1,True,3.813017521,3.813017521,8.289168525,8.289168525,0.46,0.46,0.284,0.229,0.14413,0,3.957147521,8.289168525,4.332021003,76.26035043,72.3032029,0
free_cash_5pct_cap20,20,current_gamma_schedule_0p07_counterfactual,1,60,full_ladder_snapshot_upper_bound,0x5e783956b1ddb33a6a74e9c8f3681e63eb3e0fa0668be77624c6d37cbe8bec59,btc-updown-5m-1776309000,2026-04-16T03:10:00+00:00,2026-04-16T03:09:01+00:00,2026-04-16T03:15:26+00:00,2026-04-16T03:16:26+00:00,up,0.5053522943,1,True,4.029618571,4.029618571,8.395038691,8.395038691,0.48,0.48,0.454,0.384,0.14668,0,4.176298571,8.395038691,4.218740119,80.59237143,76.41607286,0
free_cash_5pct_cap20,20,current_gamma_schedule_0p07_counterfactual,1,60,full_ladder_snapshot_upper_bound,0xc22f88254eea7d8838537e214831d94c37351b0c2b0f7be4aaab3193a913da9e,btc-updown-5m-1776309300,2026-04-16T03:15:00+00:00,2026-04-16T03:14:01+00:00,2026-04-16T03:20:22+00:00,2026-04-16T03:21:22+00:00,up,0.5301929031,1,True,3.820803643,3.820803643,7.641607286,7.641607286,0.5,0.5,0.42,0.192,0.13373,0,3.954533643,7.641607286,3.687073643,76.41607286,72.46153922,0
free_cash_5pct_cap20,20,current_gamma_schedule_0p07_counterfactual,1,60,full_ladder_snapshot_upper_bound,0x6b9b4a0357e0c7800f6f6e012d06a566292003f1370ea143326f1e04ab32c081,btc-updown-5m-1776311700,2026-04-16T03:55:00+00:00,2026-04-16T03:54:01+00:00,2026-04-16T04:01:26+00:00,2026-04-16T04:02:26+00:00,up,0.5113882392,0,False,4.42490926,4.42490926,9.03042706,9.03042706,0.49,0.49,0.373,0.147,0.15797,0,4.58287926,0,-4.58287926,88.49818519,83.91530593,0
free_cash_5pct_cap20,20,current_gamma_schedule_0p07_counterfactual,1,60,full_ladder_snapshot_upper_bound,0xfd82fdd8dc18301c001157f512760cacbd7a4449e57a6120e607a127cb215b45,btc-updown-5m-1776318000,2026-04-16T05:40:00+00:00,2026-04-16T05:39:01+00:00,2026-04-16T05:45:22+00:00,2026-04-16T05:46:22+00:00,down,0.5281388165,0,True,4.195765297,4.195765297,8.391530593,8.391530593,0.5,0.5,0.416,0.239,0.14685,0,4.342615297,8.391530593,4.048915297,83.91530593,79.57269064,0
free_cash_5pct_cap20,20,current_gamma_schedule_0p07_counterfactual,1,60,full_ladder_snapshot_upper_bound,0x0c2dc59c2abbab626981b8bb1d4fe03b0d2d37b0ee81b08078496830c0905a53,btc-updown-5m-1776321600,2026-04-16T06:40:00+00:00,2026-04-16T06:39:01+00:00,2026-04-16T06:45:20+00:00,2026-04-16T06:46:20+00:00,down,0.5103309611,0,True,4.398211061,4.398211061,8.975940942,8.975940942,0.49,0.49,0.823,0.587,0.15702,0,4.555231061,8.975940942,4.42070988,87.96422123,83.40899017,5.551115123e-17
free_cash_5pct_cap20,20,current_gamma_schedule_0p07_counterfactual,1,60,full_ladder_snapshot_upper_bound,0x958b373082d28664aae4a355905f3e73f7146d694beb7b4e484e5ebfb3af7a55,btc-updown-5m-1776330000,2026-04-16T09:00:00+00:00,2026-04-16T08:59:01+00:00,2026-04-16T09:05:54+00:00,2026-04-16T09:06:54+00:00,down,0.5102315745,1,False,4.619246555,4.619246555,9.623430324,9.623430324,0.48,0.48,0.33,0.189,0.16814,0,4.787386555,0,-4.787386555,92.38493111,87.59754455,5.551115123e-17
free_cash_5pct_cap20,20,current_gamma_schedule_0p07_counterfactual,1,60,full_ladder_snapshot_upper_bound,0x2079b3cb5c4d2317169488ef20bfe22990140c629e73b70494b1c8caf3348da6,btc-updown-5m-1776333600,2026-04-16T10:00:00+00:00,2026-04-16T09:59:01+00:00,2026-04-16T10:05:54+00:00,2026-04-16T10:06:54+00:00,down,0.5112364259,0,True,4.379877228,4.379877228,8.938524954,8.938524954,0.49,0.49,0.25,0.182,0.15636,0,4.536237228,8.938524954,4.402287727,87.59754455,83.06130733,0
free_cash_5pct_cap20,20,current_gamma_schedule_0p07_counterfactual,1,60,full_ladder_snapshot_upper_bound,0x614773e481f2af1bca92bf6e4346e1ce64df5d193d1189e11d6c7cfb2d98bced,btc-updown-5m-1776336900,2026-04-16T10:55:00+00:00,2026-04-16T10:54:01+00:00,2026-04-16T11:00:22+00:00,2026-04-16T11:01:22+00:00,up,0.5349468176,0,False,4.599991614,4.599991614,9.387737988,9.387737988,0.49,0.49,0.604,0.419,0.16422,0,4.764211614,0,-4.764211614,91.99983228,87.23562067,0
free_cash_5pct_cap20,20,current_gamma_schedule_0p07_counterfactual,1,60,full_ladder_snapshot_upper_bound,0x462de5cfa730778d056d5b2a4f89681912a8fc6a5ad15db1a957502202293e82,btc-updown-5m-1776339600,2026-04-16T11:40:00+00:00,2026-04-16T11:39:01+00:00,2026-04-16T11:45:22+00:00,2026-04-16T11:46:22+00:00,down,0.5176275317,1,False,4.361781033,4.361781033,8.723562067,8.723562067,0.5,0.5,0.063,0.013,0.15266,0,4.514441033,0,-4.514441033,87.23562067,82.72117963,0
free_cash_5pct_cap20,20,current_gamma_schedule_0p07_counterfactual,1,60,full_ladder_snapshot_upper_bound,0x3b3ba01fc9146e801a7ae8194cd6aab7ffb4ab46e1d1e2a60b0675d26b9f71c9,btc-updown-5m-1776343200,2026-04-16T12:40:00+00:00,2026-04-16T12:39:01+00:00,2026-04-16T12:45:18+00:00,2026-04-16T12:46:18+00:00,up,0.4935032668,1,True,4.136058982,4.136058982,9.84775948,9.84775948,0.42,0.42,0.63,0.559,0.16792,0,4.303978982,9.84775948,5.543780498,82.72117963,78.41720065,0
free_cash_5pct_cap20,20,current_gamma_schedule_0p07_counterfactual,1,60,full_ladder_snapshot_upper_bound,0xfc09b4bbb66fc5627d5c4ccac8e96055c04f92c4e5bf713aedb71efdcd35aae7,btc-updown-5m-1776344700,2026-04-16T13:05:00+00:00,2026-04-16T13:04:01+00:00,2026-04-16T13:10:22+00:00,2026-04-16T13:11:22+00:00,up,0.5224298451,1,True,4.413248007,4.413248007,9.006628585,9.006628585,0.49,0.49,0.617,0.53,0.15755,0,4.570798007,9.006628585,4.435830578,88.26496013,83.69416212,0
free_cash_5pct_cap20,20,current_gamma_schedule_0p07_counterfactual,1,60,full_ladder_snapshot_upper_bound,0x099148ee89918b90ca44103ac4223eedc6dab30fd3685ffa8da2d91d00b46cc8,btc-updown-5m-1776345300,2026-04-16T13:15:00+00:00,2026-04-16T13:14:01+00:00,2026-04-16T13:20:22+00:00,2026-04-16T13:21:22+00:00,up,0.5098513102,1,True,4.635039535,4.635039535,9.459264358,9.459264358,0.49,0.49,0.337,0.167,0.16547,0,4.800509535,9.459264358,4.658754823,92.70079071,87.90028117,0
free_cash_5pct_cap20,20,current_gamma_schedule_0p07_counterfactual,1,60,full_ladder_snapshot_upper_bound,0x41e42a15bad3756069451ab8c184c22d2a7910a88f41ca038f0c73a22bc90cba,btc-updown-5m-1776350100,2026-04-16T14:35:00+00:00,2026-04-16T14:34:01+00:00,2026-04-16T14:40:54+00:00,2026-04-16T14:41:54+00:00,down,0.5120693012,0,True,4.867977277,4.867977277,9.934647503,9.934647503,0.49,0.49,0.208,0.142,0.17379,0,5.041767277,9.934647503,4.892880227,97.35954553,92.31777826,0
free_cash_5pct_cap20,20,current_gamma_schedule_0p07_counterfactual,1,60,full_ladder_snapshot_upper_bound,0x732a724ae863a932ec03ae3b630b1eac475b93d932796c469dea60b6348079d4,btc-updown-5m-1776351000,2026-04-16T14:50:00+00:00,2026-04-16T14:49:01+00:00,2026-04-16T14:55:16+00:00,2026-04-16T14:56:16+00:00,down,0.51998667,0,True,5.112621288,5.112621288,10.433921,10.433921,0.49,0.49,0.49,0.458,0.18252,0,5.295141288,10.433921,5.138779708,102.2524258,96.95728447,0
free_cash_5pct_cap20,20,current_gamma_schedule_0p07_counterfactual,1,60,full_ladder_snapshot_upper_bound,0xb5f80979a9781d4b248541846f4033a63a0532478dcd6aa44a034527d2793c13,btc-updown-5m-1776352200,2026-04-16T15:10:00+00:00,2026-04-16T15:09:01+00:00,2026-04-16T15:15:20+00:00,2026-04-16T15:16:20+00:00,up,0.497145482,1,True,5.369560273,5.369560273,11.42459633,11.42459633,0.47,0.47,0.551,0.384,0.19921,0,5.568770273,11.42459633,5.855826053,107.3912055,101.8224352,-5.551115123e-17
free_cash_5pct_cap20,20,current_gamma_schedule_0p07_counterfactual,1,60,full_ladder_snapshot_upper_bound,0x2b91c27e19475fa9c90d6b9b3ed12d457e56838dc695438f3409f67a4776e027,btc-updown-5m-1776354000,2026-04-16T15:40:00+00:00,2026-04-16T15:39:01+00:00,2026-04-16T15:45:18+00:00,2026-04-16T15:46:18+00:00,up,0.5035912225,0,False,5.662351576,5.662351576,11.79656578,11.79656578,0.48,0.48,0.508,0.382,0.20611,0,5.868461576,0,-5.868461576,113.2470315,107.3785699,0
free_cash_5pct_cap20,20,current_gamma_schedule_0p07_counterfactual,1,60,full_ladder_snapshot_upper_bound,0xcfbead6e6156d66ca44cf2cca0783775e76bab39ec18fdbc7f3fe443002d8429,btc-updown-5m-1776355200,2026-04-16T16:00:00+00:00,2026-04-16T15:59:01+00:00,2026-04-16T16:05:22+00:00,2026-04-16T16:06:22+00:00,down,0.5240326941,1,False,5.368928497,5.368928497,10.73785699,10.73785699,0.5,0.5,0.123,0.011,0.18791,0,5.556838497,0,-5.556838497,107.3785699,101.8217314,0
free_cash_5pct_cap20,20,current_gamma_schedule_0p07_counterfactual,1,60,full_ladder_snapshot_upper_bound,0x9084d9b802082d172dc9ac28ec4f35bf477601a5f6bed44ff5c1620333e3758d,btc-updown-5m-1776359100,2026-04-16T17:05:00+00:00,2026-04-16T17:04:01+00:00,2026-04-16T17:10:22+00:00,2026-04-16T17:11:22+00:00,up,0.5309409659,0,False,5.091086572,5.091086572,10.18217314,10.18217314,0.5,0.5,0.642,0.604,0.17819,0,5.269276572,0,-5.269276572,101.8217314,96.55245487,0
free_cash_5pct_cap20,20,current_gamma_schedule_0p07_counterfactual,1,60,full_ladder_snapshot_upper_bound,0x457acba0a06d1b909914e52ede5f41d8f0477c4092a15d1b1faa55146847c7db,btc-updown-5m-1776360000,2026-04-16T17:20:00+00:00,2026-04-16T17:19:01+00:00,2026-04-16T17:25:20+00:00,2026-04-16T17:26:20+00:00,up,0.5507262168,1,True,4.827622744,4.827622744,9.399274507,9.399274507,0.5136165286,0.51,0.934,0.847,0.16435,0,4.991972744,9.399274507,4.407301763,96.55245487,91.56048213,0.0036165286
free_cash_5pct_cap20,20,current_gamma_schedule_0p07_counterfactual,1,60,full_ladder_snapshot_upper_bound,0xef314c054d362636f0a623c375fe49fecedd897cbc7fa823adc1e48306bafe0e,btc-updown-5m-1776362100,2026-04-16T17:55:00+00:00,2026-04-16T17:54:01+00:00,2026-04-16T18:00:20+00:00,2026-04-16T18:01:20+00:00,down,0.5021647898,1,False,5.047987832,5.047987832,11.21775074,11.21775074,0.45,0.45,0.119,0.079,0.19435,0,5.242337832,0,-5.242337832,100.9597566,95.71741881,0
free_cash_5pct_cap20,20,current_gamma_schedule_0p07_counterfactual,1,60,full_ladder_snapshot_upper_bound,0x2255fbe0b41cd2422a296967ca5f9a3c87d9d7ebcf1e07919a535e51ac44b938,btc-updown-5m-1776365400,2026-04-16T18:50:00+00:00,2026-04-16T18:49:01+00:00,2026-04-16T18:55:22+00:00,2026-04-16T18:56:22+00:00,up,0.4933817467,1,True,4.78587094,4.78587094,10.40406726,10.40406726,0.46,0.46,0.272,0.198,0.18091,0,4.96678094,10.40406726,5.437286321,95.71741881,90.75063787,0
free_cash_5pct_cap20,20,current_gamma_schedule_0p07_counterfactual,1,60,full_ladder_snapshot_upper_bound,0x101cd8b0935b172b9939028270efc8efc3a936d51ad857e880d8cfa8d5b90b12,btc-updown-5m-1776365700,2026-04-16T18:55:00+00:00,2026-04-16T18:54:01+00:00,2026-04-16T19:00:38+00:00,2026-04-16T19:01:38+00:00,up,0.501180217,1,True,4.537531893,4.537531893,10.31257248,10.31257248,0.44,0.44,0.922,0.684,0.17787,0,4.715401893,10.31257248,5.597170591,90.75063787,86.03523597,0
free_cash_5pct_cap20,20,current_gamma_schedule_0p07_counterfactual,1,60,full_ladder_snapshot_upper_bound,0xc04704964f48ddef7fd36107cc3f0c12ab7fbc09cda928d81b93f861bd8de1fb,btc-updown-5m-1776366000,2026-04-16T19:00:00+00:00,2026-04-16T18:59:01+00:00,2026-04-16T19:05:22+00:00,2026-04-16T19:06:22+00:00,up,0.4996776023,0,False,4.821965162,4.821965162,10.48253296,10.48253296,0.46,0.46,0.176,0.095,0.18227,0,5.004235162,0,-5.004235162,96.43930323,91.43506807,0
free_cash_5pct_cap20,20,current_gamma_schedule_0p07_counterfactual,1,60,full_ladder_snapshot_upper_bound,0xcf677ca0cc2c578f2f4806a197b2d620081de800bfa44dad83ffd3ae72e2db22,btc-updown-5m-1776366600,2026-04-16T19:10:00+00:00,2026-04-16T19:09:01+00:00,2026-04-16T19:15:22+00:00,2026-04-16T19:16:22+00:00,up,0.5103476154,0,False,5.087382028,5.087382028,10.59871256,10.59871256,0.48,0.48,0.433,0.392,0.18518,0,5.272562028,0,-5.272562028,101.7476406,96.47507853,5.551115123e-17
free_cash_5pct_cap20,20,current_gamma_schedule_0p07_counterfactual,1,60,full_ladder_snapshot_upper_bound,0xbf9e0d79f1b5c8a09b19b1b086bb92c97ee05f080ac44a0993a37dc89d62f424,btc-updown-5m-1776368100,2026-04-16T19:35:00+00:00,2026-04-16T19:34:01+00:00,2026-04-16T19:40:18+00:00,2026-04-16T19:41:18+00:00,up,0.5029265501,1,True,4.823753926,4.823753926,10.04948735,10.04948735,0.48,0.48,0.846,0.657,0.17558,0,4.999333926,10.04948735,5.05015342,96.47507853,91.4757446,0
free_cash_5pct_cap20,20,current_gamma_schedule_0p07_counterfactual,1,60,full_ladder_snapshot_upper_bound,0xa40ac36800fecb6be46520dc3e34c26dba7696bd74f331559f554f761dddea89,btc-updown-5m-1776371400,2026-04-16T20:30:00+00:00,2026-04-16T20:29:01+00:00,2026-04-16T20:35:18+00:00,2026-04-16T20:36:18+00:00,down,0.5103267991,0,True,5.076261597,5.076261597,10.35971755,10.35971755,0.49,0.49,0.263,0.185,0.18122,0,5.257481597,10.35971755,5.102235948,101.5252319,96.26775035,5.551115123e-17
free_cash_5pct_cap20,20,current_gamma_schedule_0p07_counterfactual,1,60,full_ladder_snapshot_upper_bound,0xeee444851617ae1c8bcc290ba55e7a938a1a16b5f4764ee9f974e3a37303b867,btc-updown-5m-1776373800,2026-04-16T21:10:00+00:00,2026-04-16T21:09:01+00:00,2026-04-16T21:15:18+00:00,2026-04-16T21:16:18+00:00,down,0.5100778086,0,True,5.331373395,5.331373395,10.88035387,10.88035387,0.49,0.49,0.933,0.906,0.19033,0,5.521703395,10.88035387,5.358650472,106.6274679,101.1057645,0
free_cash_5pct_cap20,20,current_gamma_schedule_0p07_counterfactual,1,60,full_ladder_snapshot_upper_bound,0x46f5ae1041f225c83c508d58f506f1743cf898fd7091ab570fe1532642ec8855,btc-updown-5m-1776374100,2026-04-16T21:15:00+00:00,2026-04-16T21:14:01+00:00,2026-04-16T21:20:18+00:00,2026-04-16T21:21:18+00:00,down,0.510868811,0,True,5.055288225,5.055288225,11.23397383,11.23397383,0.45,0.45,0.93,0.697,0.19463,0,5.249918225,11.23397383,5.984055608,101.1057645,95.85584628,-5.551115123e-17
free_cash_5pct_cap20,20,current_gamma_schedule_0p07_counterfactual,1,60,full_ladder_snapshot_upper_bound,0xbc515c5b686f3cff047b2b91f08d15c16fbaa2df59fff73f0273752967a127de,btc-updown-5m-1776375000,2026-04-16T21:30:00+00:00,2026-04-16T21:29:01+00:00,2026-04-16T21:35:16+00:00,2026-04-16T21:36:16+00:00,up,0.5301402108,1,True,5.898508699,5.898508699,11.56570333,11.56570333,0.51,0.51,0.587,0.429,0.20232,0,6.100828699,11.56570333,5.464874632,117.970174,111.8693453,0
free_cash_5pct_cap20,20,current_gamma_schedule_0p07_counterfactual,1,60,full_ladder_snapshot_upper_bound,0x40492a1ff7f167c8ff659d1cfbf8c61674f2ce1c8c75975ad5936ff56138a226,btc-updown-5m-1776375300,2026-04-16T21:35:00+00:00,2026-04-16T21:34:01+00:00,2026-04-16T21:40:26+00:00,2026-04-16T21:41:26+00:00,down,0.4930091343,0,True,5.593467264,5.593467264,13.3177792,13.3177792,0.42,0.42,0.964,0.932,0.22709,0,5.820557264,13.3177792,7.497221936,111.8693453,106.048788,0
free_cash_5pct_cap20,20,current_gamma_schedule_0p07_counterfactual,1,60,full_ladder_snapshot_upper_bound,0x91aa7276bef9ff2cb5518c92991bfa751d5517ae165fc6a67429f15547fba684,btc-updown-5m-1776386100,2026-04-17T00:35:00+00:00,2026-04-17T00:34:01+00:00,2026-04-17T00:40:18+00:00,2026-04-17T00:41:18+00:00,down,0.5270380946,0,True,6.546613527,6.546613527,13.36043577,13.36043577,0.49,0.49,0.552,0.232,0.23371,0,6.780323527,13.36043577,6.580112243,130.9322705,124.151947,0
free_cash_5pct_cap20,20,current_gamma_schedule_0p07_counterfactual,1,60,full_ladder_snapshot_upper_bound,0xe261a47a6d122e53ff6797c826bc5555b3d40ca75bed40e777ec146bd7108875,btc-updown-5m-1776388800,2026-04-17T01:20:00+00:00,2026-04-17T01:19:01+00:00,2026-04-17T01:25:18+00:00,2026-04-17T01:26:18+00:00,up,0.5125775804,0,False,6.875619139,6.875619139,15.27915364,15.27915364,0.45,0.45,0.189,0.113,0.26471,0,7.140329139,0,-7.140329139,137.5123828,130.3720536,0
free_cash_5pct_cap20,20,current_gamma_schedule_0p07_counterfactual,1,60,full_ladder_snapshot_upper_bound,0x52790547e0044828100124da1c9ac11c794d781f2e72bacdbf3ca037df022991,btc-updown-5m-1776391200,2026-04-17T02:00:00+00:00,2026-04-17T01:59:01+00:00,2026-04-17T02:05:18+00:00,2026-04-17T02:06:18+00:00,up,0.5254277844,1,True,6.518602682,6.518602682,13.30327078,13.30327078,0.49,0.49,0.955,0.764,0.23271,0,6.751312682,13.30327078,6.551958098,130.3720536,123.620741,0
free_cash_5pct_cap20,20,current_gamma_schedule_0p07_counterfactual,1,60,full_ladder_snapshot_upper_bound,0x40e4e3c747de8b8a57d08ae45590d2563af769f7407e889ba48ac0fc4d969d94,btc-updown-5m-1776393000,2026-04-17T02:30:00+00:00,2026-04-17T02:29:01+00:00,2026-04-17T02:35:22+00:00,2026-04-17T02:36:22+00:00,down,0.5107565273,1,False,6.846200587,6.846200587,13.97183793,13.97183793,0.49,0.49,0.537,0.5,0.24441,0,7.090610587,0,-7.090610587,136.9240117,129.8334012,0
free_cash_5pct_cap20,20,current_gamma_schedule_0p07_counterfactual,1,60,full_ladder_snapshot_upper_bound,0x93bfb89bc99e5913e4c62c62c71c91416c4463e89d6cde692b96b52dc974891e,btc-updown-5m-1776395100,2026-04-17T03:05:00+00:00,2026-04-17T03:04:01+00:00,2026-04-17T03:10:36+00:00,2026-04-17T03:11:36+00:00,down,0.5155807789,0,True,6.491670058,6.491670058,13.24830624,13.24830624,0.49,0.49,0.964,0.842,0.23175,0,6.723420058,13.24830624,6.524886183,129.8334012,123.1099811,0
free_cash_5pct_cap20,20,current_gamma_schedule_0p07_counterfactual,1,60,full_ladder_snapshot_upper_bound,0x037ed73ac96f9dea86c257398a539dd4aa0033b11ef5054b9f8ed590b6d2d9bb,btc-updown-5m-1776395700,2026-04-17T03:15:00+00:00,2026-04-17T03:14:01+00:00,2026-04-17T03:20:18+00:00,2026-04-17T03:21:18+00:00,down,0.5154629506,1,False,6.817914367,6.817914367,13.91411095,13.91411095,0.49,0.49,0.227,0.131,0.2434,0,7.061314367,0,-7.061314367,136.3582873,129.296973,0
free_cash_5pct_cap20,20,current_gamma_schedule_0p07_counterfactual,1,60,full_ladder_snapshot_upper_bound,0xcc038e132702db3bd2e2b22d80b25f81d1502d550d58703abb4d249d2dfd59de,btc-updown-5m-1776396900,2026-04-17T03:35:00+00:00,2026-04-17T03:34:01+00:00,2026-04-17T03:40:18+00:00,2026-04-17T03:41:18+00:00,down,0.5072866649,1,False,6.464848649,6.464848649,16.16212162,16.16212162,0.4,0.4,0.412,0.354,0.27152,0,6.736368649,0,-6.736368649,129.296973,122.5606043,0
free_cash_5pct_cap20,20,current_gamma_schedule_0p07_counterfactual,1,60,full_ladder_snapshot_upper_bound,0x3a20ace774ba8e8dab8021e29e54175fe243a8bea83ee2662c7cee34c9b166df,btc-updown-5m-1776400500,2026-04-17T04:35:00+00:00,2026-04-17T04:34:01+00:00,2026-04-17T04:40:18+00:00,2026-04-17T04:41:18+00:00,down,0.5359410082,0,True,6.128030216,6.128030216,12.25606043,12.25606043,0.5,0.5,0.65,0.413,0.21448,0,6.342510216,12.25606043,5.913550216,122.5606043,116.2180941,0
free_cash_5pct_cap20,20,current_gamma_schedule_0p07_counterfactual,1,60,full_ladder_snapshot_upper_bound,0x6003254904838765cb06087da2851ac9c2b06d9ecd5c4e723b22ab124d058081,btc-updown-5m-1776400800,2026-04-17T04:40:00+00:00,2026-04-17T04:39:01+00:00,2026-04-17T04:45:18+00:00,2026-04-17T04:46:18+00:00,down,0.5363155784,1,False,5.810904706,5.810904706,11.3939308,11.3939308,0.51,0.51,0.948,0.832,0.19931,0,6.010214706,0,-6.010214706,116.2180941,110.2078794,0
free_cash_5pct_cap20,20,current_gamma_schedule_0p07_counterfactual,1,60,full_ladder_snapshot_upper_bound,0xcb88dabdcb087575af20026732a1643978c516551821b97e344e0e94a30e193b,btc-updown-5m-1776407700,2026-04-17T06:35:00+00:00,2026-04-17T06:34:01+00:00,2026-04-17T06:40:36+00:00,2026-04-17T06:41:36+00:00,down,0.5250686099,1,False,6.123196992,6.123196992,12.24639398,12.24639398,0.5,0.5,0.219,0.181,0.21431,0,6.337506992,0,-6.337506992,122.4639398,116.1264328,0
free_cash_5pct_cap20,20,current_gamma_schedule_0p07_counterfactual,1,60,full_ladder_snapshot_upper_bound,0x343fac6c575af4400f9286a041a49cb0d3429cda25b9b6f6922dfa010d833f2c,btc-updown-5m-1776408300,2026-04-17T06:45:00+00:00,2026-04-17T06:44:01+00:00,2026-04-17T06:50:26+00:00,2026-04-17T06:51:26+00:00,down,0.5320653621,1,False,5.806321642,5.806321642,12.35387583,12.35387583,0.47,0.47,0.118,0.065,0.21541,0,6.021731642,0,-6.021731642,116.1264328,110.1047012,5.551115123e-17
free_cash_5pct_cap20,20,current_gamma_schedule_0p07_counterfactual,1,60,full_ladder_snapshot_upper_bound,0xbd4ea6c5d0267ad4e0a30b36ffd924a364936b77343b7e4350d7ced9253d3d9c,btc-updown-5m-1776408900,2026-04-17T06:55:00+00:00,2026-04-17T06:54:01+00:00,2026-04-17T07:00:54+00:00,2026-04-17T07:01:54+00:00,down,0.5357972577,1,False,5.50523506,5.50523506,11.23517359,11.23517359,0.49,0.49,0.152,0.096,0.19654,0,5.70177506,0,-5.70177506,110.1047012,104.4029261,0
free_cash_5pct_cap20,20,current_gamma_schedule_0p07_counterfactual,1,60,full_ladder_snapshot_upper_bound,0x1145d4a2032a238ecdee25007635ca627500f0e3561125627417b9768737932e,btc-updown-5m-1776409800,2026-04-17T07:10:00+00:00,2026-04-17T07:09:01+00:00,2026-04-17T07:15:20+00:00,2026-04-17T07:16:20+00:00,up,0.4424139428,0,False,5.220146307,5.220146307,12.73206416,12.73206416,0.41,0.41,0.251,0.156,0.21559,0,5.435736307,0,-5.435736307,104.4029261,98.96718984,0
free_cash_5pct_cap20,20,current_gamma_schedule_0p07_counterfactual,1,60,full_ladder_snapshot_upper_bound,0x92aca25e6877df4ca4a5b8cf6a9a7767de576eb435e2011e729953118f9c69da,btc-updown-5m-1776412200,2026-04-17T07:50:00+00:00,2026-04-17T07:49:01+00:00,2026-04-17T07:55:18+00:00,2026-04-17T07:56:18+00:00,down,0.5287715654,1,False,4.948359492,4.948359492,9.896718984,9.896718984,0.5,0.5,0.656,0.358,0.17319,0,5.121549492,0,-5.121549492,98.96718984,93.84564034,0
free_cash_5pct_cap20,20,current_gamma_schedule_0p07_counterfactual,1,60,full_ladder_snapshot_upper_bound,0x9c89d993af389764217a7300cae58914390e4e3bc3d35db605f6c32174e2232e,btc-updown-5m-1776412800,2026-04-17T08:00:00+00:00,2026-04-17T07:59:01+00:00,2026-04-17T08:05:36+00:00,2026-04-17T08:06:36+00:00,down,0.5356231296,1,False,4.692282017,4.692282017,9.384564034,9.384564034,0.5,0.5,0.903,0.834,0.16423,0,4.856512017,0,-4.856512017,93.84564034,88.98912833,0
free_cash_5pct_cap20,20,current_gamma_schedule_0p07_counterfactual,1,60,full_ladder_snapshot_upper_bound,0x7f9b1aa170bc8f2ebe14677eff13daf040acd93a99fb612cb501e2eb6c43b666,btc-updown-5m-1776417900,2026-04-17T09:25:00+00:00,2026-04-17T09:24:01+00:00,2026-04-17T09:31:30+00:00,2026-04-17T09:32:30+00:00,down,0.5488803043,1,False,4.449456416,4.449456416,8.724424346,8.724424346,0.51,0.51,0.197,0.109,0.15262,0,4.602076416,0,-4.602076416,88.98912833,84.38705191,0
free_cash_5pct_cap20,20,current_gamma_schedule_0p07_counterfactual,1,60,full_ladder_snapshot_upper_bound,0x128b6e434e3813ec29a2fd12340dd561d45b5ee4530470ca7d335ff9c08da881,btc-updown-5m-1776419100,2026-04-17T09:45:00+00:00,2026-04-17T09:44:01+00:00,2026-04-17T09:50:22+00:00,2026-04-17T09:51:22+00:00,down,0.5256112397,1,False,4.219352596,4.219352596,8.438705191,8.438705191,0.5,0.5,0.935,0.744,0.14768,0,4.367032596,0,-4.367032596,84.38705191,80.02001932,0
free_cash_5pct_cap20,20,current_gamma_schedule_0p07_counterfactual,1,60,full_ladder_snapshot_upper_bound,0xf7d3c629c74e20c6babd822a201c8e19a77cfc941435f64f9e79a06fbca950a4,btc-updown-5m-1776419700,2026-04-17T09:55:00+00:00,2026-04-17T09:54:01+00:00,2026-04-17T10:00:20+00:00,2026-04-17T10:01:20+00:00,down,0.515674695,0,True,4.001000966,4.001000966,8.165308093,8.165308093,0.49,0.49,0.173,0.068,0.14284,0,4.143840966,8.165308093,4.021467128,80.02001932,75.87617835,5.551115123e-17
free_cash_5pct_cap20,20,current_gamma_schedule_0p07_counterfactual,1,60,full_ladder_snapshot_upper_bound,0xcc5cd299efb5bada57ce7608fc5ab4ea1ab4d6838570f4a00b87bdc5a1bb1845,btc-updown-5m-1776420900,2026-04-17T10:15:00+00:00,2026-04-17T10:14:01+00:00,2026-04-17T10:20:22+00:00,2026-04-17T10:21:22+00:00,up,0.5233650901,1,True,4.202074322,4.202074322,8.451148644,8.451148644,0.4972193129,0.49,0.589,0.497,0.14788,0,4.349954322,8.451148644,4.101194322,84.04148644,79.69153212,0.007219312902
free_cash_5pct_cap20,20,current_gamma_schedule_0p07_counterfactual,1,60,full_ladder_snapshot_upper_bound,0x12f901a8f69c5a099192c2f6e6cdb23f4aa21dc201fdd62d719481607ebfa052,btc-updown-5m-1776425400,2026-04-17T11:30:00+00:00,2026-04-17T11:29:01+00:00,2026-04-17T11:35:20+00:00,2026-04-17T11:36:20+00:00,down,0.5117578892,1,False,4.407134038,4.407134038,8.994151099,8.994151099,0.49,0.49,0.155,0.105,0.15733,0,4.564464038,0,-4.564464038,88.14268077,83.57821673,0
free_cash_5pct_cap20,20,current_gamma_schedule_0p07_counterfactual,1,60,full_ladder_snapshot_upper_bound,0x2c5eb4515359591e4930f89598ee3830139de79cabb19e9bbf132b877e44a020,btc-updown-5m-1776426000,2026-04-17T11:40:00+00:00,2026-04-17T11:39:01+00:00,2026-04-17T11:45:20+00:00,2026-04-17T11:46:20+00:00,down,0.5295496495,0,True,4.178910836,4.178910836,8.357821673,8.357821673,0.5,0.5,0.134,0.034,0.14626,0,4.325170836,8.357821673,4.032650836,83.57821673,79.25304589,0
free_cash_5pct_cap20,20,current_gamma_schedule_0p07_counterfactual,1,60,full_ladder_snapshot_upper_bound,0xc009a249cd8756fd95b216234bb9d01efaa45049f7c1702dbd5ebe8e0cd9db46,btc-updown-5m-1776426300,2026-04-17T11:45:00+00:00,2026-04-17T11:44:01+00:00,2026-04-17T11:50:18+00:00,2026-04-17T11:51:18+00:00,down,0.5235734515,1,False,3.962652295,3.962652295,7.925304589,7.925304589,0.5,0.5,0.122,0.036,0.13869,0,4.101342295,0,-4.101342295,79.25304589,75.1517036,0
free_cash_5pct_cap20,20,current_gamma_schedule_0p07_counterfactual,1,60,full_ladder_snapshot_upper_bound,0xfa552d20bb1ae20f4a40ddfec3094c8408a573b44b8c810b3e03ddc255c1cffe,btc-updown-5m-1776432300,2026-04-17T13:25:00+00:00,2026-04-17T13:24:01+00:00,2026-04-17T13:30:36+00:00,2026-04-17T13:31:36+00:00,down,0.5324656509,0,True,4.175476263,4.175476263,8.88399205,8.88399205,0.47,0.47,0.293,0.233,0.15491,0,4.330386263,8.88399205,4.553605786,83.50952527,79.17913901,-5.551115123e-17
free_cash_5pct_cap20,20,current_gamma_schedule_0p07_counterfactual,1,60,full_ladder_snapshot_upper_bound,0x5f2941b1685255718fcf17fc18af438a9ef99ea37abb21a4712d5c73f1cf15bd,btc-updown-5m-1776434700,2026-04-17T14:05:00+00:00,2026-04-17T14:04:01+00:00,2026-04-17T14:10:18+00:00,2026-04-17T14:11:18+00:00,down,0.5222906114,0,True,4.403156553,4.403156553,11.00789138,11.00789138,0.4,0.4,0.107,0.048,0.18493,0,4.588086553,11.00789138,6.419804829,88.06313106,83.4750445,0
free_cash_5pct_cap20,20,current_gamma_schedule_0p07_counterfactual,1,60,full_ladder_snapshot_upper_bound,0x35762165295b39729d212a0d4314bd58262edf1569686d37f13350681862af29,btc-updown-5m-1776436200,2026-04-17T14:30:00+00:00,2026-04-17T14:29:01+00:00,2026-04-17T14:35:18+00:00,2026-04-17T14:36:18+00:00,up,0.4985907679,1,True,4.724146794,4.724146794,9.841972488,9.841972488,0.48,0.48,0.315,0.147,0.17196,0,4.896106794,9.841972488,4.945865694,94.48293588,89.58682909,0
free_cash_5pct_cap20,20,current_gamma_schedule_0p07_counterfactual,1,60,full_ladder_snapshot_upper_bound,0x62ca71beaeea86a84b8b7d95a1bc7bbbba1574ffb0d2649b714e0eb905f8dcef,btc-updown-5m-1776448800,2026-04-17T18:00:00+00:00,2026-04-17T17:59:01+00:00,2026-04-17T18:05:18+00:00,2026-04-17T18:06:18+00:00,up,0.529261437,0,False,4.971440079,4.971440079,9.747921723,9.747921723,0.51,0.51,0.164,0.041,0.17052,0,5.141960079,0,-5.141960079,99.42880158,94.2868415,0
free_cash_5pct_cap20,20,current_gamma_schedule_0p07_counterfactual,1,60,full_ladder_snapshot_upper_bound,0x5b0b59b001fcddf388cd8a0c83f1cd2ad9b4c989a9f7ae1ca8be5c799c7871be,btc-updown-5m-1776455400,2026-04-17T19:50:00+00:00,2026-04-17T19:49:01+00:00,2026-04-17T19:55:18+00:00,2026-04-17T19:56:18+00:00,up,0.5120992336,0,False,4.714342075,4.714342075,9.621106275,9.621106275,0.49,0.49,0.373,0.253,0.1683,0,4.882642075,0,-4.882642075,94.2868415,89.40419942,5.551115123e-17
free_cash_5pct_cap20,20,current_gamma_schedule_0p07_counterfactual,1,60,full_ladder_snapshot_upper_bound,0xe03448fc474b1d9e2a16b580c059907c3ae56d8de48872b183a97020c56aea69,btc-updown-5m-1776460200,2026-04-17T21:10:00+00:00,2026-04-17T21:09:01+00:00,2026-04-17T21:15:54+00:00,2026-04-17T21:16:54+00:00,up,0.5040644682,1,True,4.470209971,4.470209971,9.31293744,9.31293744,0.48,0.48,0.088,0,0.16272,0,4.632929971,9.31293744,4.680007469,89.40419942,84.77126945,0
free_cash_5pct_cap20,20,current_gamma_schedule_0p07_counterfactual,1,60,full_ladder_snapshot_upper_bound,0x1f3b3b8b52cc669d3b2b0091bc6bc9ce65435932f45943499b60d1843ca268cb,btc-updown-5m-1776462300,2026-04-17T21:45:00+00:00,2026-04-17T21:44:01+00:00,2026-04-17T21:50:22+00:00,2026-04-17T21:51:22+00:00,down,0.5276196851,0,True,4.704210345,4.704210345,9.408420689,9.408420689,0.5,0.5,0.951,0.825,0.16465,0,4.868860345,9.408420689,4.539560345,94.08420689,89.21534655,0
free_cash_5pct_cap20,20,current_gamma_schedule_0p07_counterfactual,1,60,full_ladder_snapshot_upper_bound,0xdb0cd77eda34a1d63ee1da42758559891e17a480079600660e504cc61993b488,btc-updown-5m-1776466200,2026-04-17T22:50:00+00:00,2026-04-17T22:49:01+00:00,2026-04-17T22:55:26+00:00,2026-04-17T22:56:26+00:00,down,0.4989408834,1,False,4.931188362,4.931188362,10.27330909,10.27330909,0.48,0.48,0.289,0.089,0.1795,0,5.110688362,0,-5.110688362,98.62376724,93.51307888,-5.551115123e-17
free_cash_5pct_cap20,20,current_gamma_schedule_0p07_counterfactual,1,60,full_ladder_snapshot_upper_bound,0xb8b5a04fb98e22455ab2ea55b0179ac527cd750432577d68cf9a2fbc79d079b0,btc-updown-5m-1776469200,2026-04-17T23:40:00+00:00,2026-04-17T23:39:01+00:00,2026-04-17T23:45:52+00:00,2026-04-17T23:46:52+00:00,down,0.4849614848,1,False,4.675653944,4.675653944,10.3903421,10.3903421,0.45,0.45,0.968,0.751,0.18001,0,4.855663944,0,-4.855663944,93.51307888,88.65741493,-5.551115123e-17
free_cash_5pct_cap20,20,current_gamma_schedule_0p07_counterfactual,1,60,full_ladder_snapshot_upper_bound,0x68dd436cf7c28657f05d1f392449dec59c3e147a9949d987cec1014b1af53b8c,btc-updown-5m-1776470700,2026-04-18T00:05:00+00:00,2026-04-18T00:04:01+00:00,2026-04-18T00:10:18+00:00,2026-04-18T00:11:18+00:00,down,0.5022756291,0,True,4.432870747,4.432870747,9.235147389,9.235147389,0.48,0.48,0.034,0.006,0.16136,0,4.594230747,9.235147389,4.640916642,88.65741493,84.06318419,0
free_cash_5pct_cap20,20,current_gamma_schedule_0p07_counterfactual,1,60,full_ladder_snapshot_upper_bound,0x13b7a65a2a8cba03b597b0130e73f51815c7c9e7dca396f75ba370260b4abb4a,btc-updown-5m-1776472500,2026-04-18T00:35:00+00:00,2026-04-18T00:34:01+00:00,2026-04-18T00:40:22+00:00,2026-04-18T00:41:22+00:00,down,0.5209416411,0,True,4.664916579,4.664916579,9.520237916,9.520237916,0.49,0.49,0.947,0.898,0.16654,0,4.831456579,9.520237916,4.688781337,93.29833157,88.466875,-5.551115123e-17
free_cash_5pct_cap20,20,current_gamma_schedule_0p07_counterfactual,1,60,full_ladder_snapshot_upper_bound,0x0c4fd2d3ea1173c8ea4d671c2b900ded621484b7d0d83bd8acf254b29de1cfcb,btc-updown-5m-1776474900,2026-04-18T01:15:00+00:00,2026-04-18T01:14:01+00:00,2026-04-18T01:20:36+00:00,2026-04-18T01:21:36+00:00,down,0.5186588698,1,False,4.899355646,4.899355646,9.998684991,9.998684991,0.49,0.49,0.186,0.096,0.17491,0,5.074265646,0,-5.074265646,97.98711291,92.91284727,0
free_cash_5pct_cap20,20,current_gamma_schedule_0p07_counterfactual,1,60,full_ladder_snapshot_upper_bound,0x6f89384511c3d226106b882570bbbf8cc3ef6e9a8013c78c3bf6b21598ef1b0d,btc-updown-5m-1776476400,2026-04-18T01:40:00+00:00,2026-04-18T01:39:01+00:00,2026-04-18T01:45:26+00:00,2026-04-18T01:46:26+00:00,down,0.5088066884,0,True,4.645642363,4.645642363,9.480902782,9.480902782,0.49,0.49,0.665,0.626,0.16585,0,4.811492363,9.480902782,4.669410419,92.91284727,88.1013549,0
free_cash_5pct_cap20,20,current_gamma_schedule_0p07_counterfactual,1,60,full_ladder_snapshot_upper_bound,0x1ef26f1ab5c9632b1731542d8e4f50b4f1b5a198f0d9268dbd7fc75783f3870d,btc-updown-5m-1776478200,2026-04-18T02:10:00+00:00,2026-04-18T02:09:01+00:00,2026-04-18T02:15:18+00:00,2026-04-18T02:16:18+00:00,up,0.508850476,1,True,4.879112884,4.879112884,9.957373233,9.957373233,0.49,0.49,0.413,0.327,0.17418,0,5.053292884,9.957373233,4.904080349,97.58225768,92.5289648,0
free_cash_5pct_cap20,20,current_gamma_schedule_0p07_counterfactual,1,60,full_ladder_snapshot_upper_bound,0x9a62f152ec0b6b7912c48bb20c9d8f0ba5cc07ac79baeebe8291132ef45cf194,btc-updown-5m-1776479100,2026-04-18T02:25:00+00:00,2026-04-18T02:24:01+00:00,2026-04-18T02:30:54+00:00,2026-04-18T02:31:54+00:00,down,0.5292221362,0,True,5.124316902,5.124316902,10.2486338,10.2486338,0.5,0.5,0.257,0.172,0.17935,0,5.303666902,10.2486338,4.944966902,102.486338,97.18267113,0
free_cash_5pct_cap20,20,current_gamma_schedule_0p07_counterfactual,1,60,full_ladder_snapshot_upper_bound,0x2f265556ba38c3354451d828cbb4bb458fe4725e99e4cce3031c774122c9df04,btc-updown-5m-1776479400,2026-04-18T02:30:00+00:00,2026-04-18T02:29:01+00:00,2026-04-18T02:35:18+00:00,2026-04-18T02:36:18+00:00,down,0.5230436584,0,True,4.859133557,4.859133557,9.718267113,9.718267113,0.5,0.5,0.941,0.88,0.17007,0,5.029203557,9.718267113,4.689063557,97.18267113,92.15346758,0
free_cash_5pct_cap20,20,current_gamma_schedule_0p07_counterfactual,1,60,full_ladder_snapshot_upper_bound,0xafb75f80ed73e135443fc23d3022752d5fa9909d55e43d139aca8d75e8e9fa52,btc-updown-5m-1776483300,2026-04-18T03:35:00+00:00,2026-04-18T03:34:01+00:00,2026-04-18T03:40:18+00:00,2026-04-18T03:41:18+00:00,down,0.4826231151,0,True,5.606018425,5.606018425,12.18699658,12.18699658,0.46,0.46,0.514,0.389,0.21191,0,5.817928425,12.18699658,6.369068151,112.1203685,106.3024401,0
free_cash_5pct_cap20,20,current_gamma_schedule_0p07_counterfactual,1,60,full_ladder_snapshot_upper_bound,0xf92874ef6a8d2d70e3665303ffa840eba3c1caa69f5241df80843197755c0aed,btc-updown-5m-1776485100,2026-04-18T04:05:00+00:00,2026-04-18T04:04:01+00:00,2026-04-18T04:10:28+00:00,2026-04-18T04:11:28+00:00,down,0.4943163996,1,False,5.924471832,5.924471832,12.60525922,12.60525922,0.47,0.47,0.955,0.919,0.2198,0,6.144271832,0,-6.144271832,118.4894366,112.3451648,0
free_cash_5pct_cap20,20,current_gamma_schedule_0p07_counterfactual,1,60,full_ladder_snapshot_upper_bound,0x898de450d30900507ee8039c54f42806979b2562ef41b30827325a5154535dbe,btc-updown-5m-1776486000,2026-04-18T04:20:00+00:00,2026-04-18T04:19:01+00:00,2026-04-18T04:25:18+00:00,2026-04-18T04:26:18+00:00,down,0.5241224575,0,True,5.617258241,5.617258241,11.23451648,11.23451648,0.5,0.5,0.713,0.622,0.1966,0,5.813858241,11.23451648,5.420658241,112.3451648,106.5313066,0
free_cash_5pct_cap20,20,current_gamma_schedule_0p07_counterfactual,1,60,full_ladder_snapshot_upper_bound,0x4f3e2e7703cb96ceedbd85bf60e3a4ee7564c4283fd5c7dfac5f57601a6db88e,btc-updown-5m-1776486600,2026-04-18T04:30:00+00:00,2026-04-18T04:29:01+00:00,2026-04-18T04:35:22+00:00,2026-04-18T04:36:22+00:00,down,0.5161845913,0,True,5.888291153,5.888291153,12.01692072,12.01692072,0.49,0.49,0.265,0.162,0.21021,0,6.098501153,12.01692072,5.918419567,117.7658231,111.6673219,5.551115123e-17
free_cash_5pct_cap20,20,current_gamma_schedule_0p07_counterfactual,1,60,full_ladder_snapshot_upper_bound,0xd0147798781a2f442640d824855c9d5a55faf0463f99ffdeaacd51e35b37ffc1,btc-updown-5m-1776488700,2026-04-18T05:05:00+00:00,2026-04-18T05:04:01+00:00,2026-04-18T05:10:26+00:00,2026-04-18T05:11:26+00:00,down,0.5246300438,1,False,6.184212131,6.184212131,12.36842426,12.36842426,0.5,0.5,0.607,0.44,0.21645,0,6.400662131,0,-6.400662131,123.6842426,117.2835805,0
free_cash_5pct_cap20,20,current_gamma_schedule_0p07_counterfactual,1,60,full_ladder_snapshot_upper_bound,0x89e6e923887c14d3ebb8b66ee95e07c7d9466de95d406b7c04f554bc4f4a669e,btc-updown-5m-1776490800,2026-04-18T05:40:00+00:00,2026-04-18T05:39:01+00:00,2026-04-18T05:45:22+00:00,2026-04-18T05:46:22+00:00,down,0.5250576547,0,True,5.864179024,5.864179024,11.72835805,11.72835805,0.5,0.5,0.95,0.601,0.20525,0,6.069429024,11.72835805,5.658929024,117.2835805,111.2141515,0
free_cash_5pct_cap20,20,current_gamma_schedule_0p07_counterfactual,1,60,full_ladder_snapshot_upper_bound,0x1fbf94a13c787b3d90727d5b473d276f090fc4f1b3884eae5aa84cd5f18150bd,btc-updown-5m-1776492900,2026-04-18T06:15:00+00:00,2026-04-18T06:14:01+00:00,2026-04-18T06:20:18+00:00,2026-04-18T06:21:18+00:00,down,0.5079238711,0,True,6.147125476,6.147125476,12.54515403,12.54515403,0.49,0.49,0.947,0.708,0.21945,0,6.366575476,12.54515403,6.178578556,122.9425095,116.575934,0
free_cash_5pct_cap20,20,current_gamma_schedule_0p07_counterfactual,1,60,full_ladder_snapshot_upper_bound,0x40c034bdcde8444ab86c3750658b5c036779f49e5f5de5c1b00fe96a7a8d8055,btc-updown-5m-1776493500,2026-04-18T06:25:00+00:00,2026-04-18T06:24:01+00:00,2026-04-18T06:30:22+00:00,2026-04-18T06:31:22+00:00,down,0.5261511685,0,True,6.456054403,6.456054403,13.45011334,13.45011334,0.48,0.48,0.065,0.007,0.235,0,6.691054403,13.45011334,6.759058937,129.1210881,122.4300337,0
free_cash_5pct_cap20,20,current_gamma_schedule_0p07_counterfactual,1,60,full_ladder_snapshot_upper_bound,0xd90e9c6f2f943bc977c91ca4a58e23bc67d2ef81500ec318abd486af151a6d10,btc-updown-5m-1776493800,2026-04-18T06:30:00+00:00,2026-04-18T06:29:01+00:00,2026-04-18T06:35:22+00:00,2026-04-18T06:36:22+00:00,down,0.5234137345,1,False,6.121501683,6.121501683,12.24300337,12.24300337,0.5,0.5,0.414,0.347,0.21425,0,6.335751683,0,-6.335751683,122.4300337,116.094282,0
free_cash_5pct_cap20,20,current_gamma_schedule_0p07_counterfactual,1,60,full_ladder_snapshot_upper_bound,0x76bfea20d11435787847df7faaf53d6f801fe7d795dfb47af3b60869df2f67fe,btc-updown-5m-1776494100,2026-04-18T06:35:00+00:00,2026-04-18T06:34:01+00:00,2026-04-18T06:40:22+00:00,2026-04-18T06:41:22+00:00,down,0.5269829484,0,True,6.477219766,6.477219766,13.49420785,13.49420785,0.48,0.48,0.95,0.735,0.23577,0,6.712989766,13.49420785,6.78121808,129.5443953,122.8314056,0
free_cash_5pct_cap20,20,current_gamma_schedule_0p07_counterfactual,1,60,full_ladder_snapshot_upper_bound,0x5377883bc001e0d5085067054a3c3ed03f4e2c40ebe06da55672a7ef393f4316,btc-updown-5m-1776494400,2026-04-18T06:40:00+00:00,2026-04-18T06:39:01+00:00,2026-04-18T06:45:22+00:00,2026-04-18T06:46:22+00:00,down,0.5271614483,1,False,6.141570278,6.141570278,12.28314056,12.28314056,0.5,0.5,0.253,0.083,0.21495,0,6.356520278,0,-6.356520278,122.8314056,116.4748853,0
free_cash_5pct_cap20,20,current_gamma_schedule_0p07_counterfactual,1,60,full_ladder_snapshot_upper_bound,0x60c5fe6521e809330191bed0f2c3ad97926a67670bce2ce5f84a77c1ea3ae35e,btc-updown-5m-1776494700,2026-04-18T06:45:00+00:00,2026-04-18T06:44:01+00:00,2026-04-18T06:50:20+00:00,2026-04-18T06:51:20+00:00,down,0.5274303095,0,True,6.498454656,6.498454656,14.76921513,14.76921513,0.44,0.44,0.091,0.016,0.25474,0,6.753194656,14.76921513,8.016020471,129.9690931,123.2158985,0
free_cash_5pct_cap20,20,current_gamma_schedule_0p07_counterfactual,1,60,full_ladder_snapshot_upper_bound,0x2580e3a9db27c3ad9d24fb06ad296b152ca67fb3ea1da42d9e84811c80e27823,btc-updown-5m-1776495000,2026-04-18T06:50:00+00:00,2026-04-18T06:49:01+00:00,2026-04-18T06:55:22+00:00,2026-04-18T06:56:22+00:00,down,0.524918308,1,False,6.160794923,6.160794923,12.32158985,12.32158985,0.5,0.5,0.164,0.098,0.21563,0,6.376424923,0,-6.376424923,123.2158985,116.8394735,0
free_cash_5pct_cap20,20,current_gamma_schedule_0p07_counterfactual,1,60,full_ladder_snapshot_upper_bound,0x7b8d9bd1097183f1307ec4b811177033daeba1ec3e21525946c42a35718d38fb,btc-updown-5m-1776498900,2026-04-18T07:55:00+00:00,2026-04-18T07:54:01+00:00,2026-04-18T08:00:22+00:00,2026-04-18T08:01:22+00:00,down,0.5065618644,1,False,6.580434434,6.580434434,14.00092433,14.00092433,0.47,0.47,0.296,0.256,0.24413,0,6.824564434,0,-6.824564434,131.6086887,124.7841242,0
free_cash_5pct_cap20,20,current_gamma_schedule_0p07_counterfactual,1,60,full_ladder_snapshot_upper_bound,0xac6b4561d5f7b8f9117c4662f0d80ed0b46c0e63846274edfc90aa20521d9805,btc-updown-5m-1776499200,2026-04-18T08:00:00+00:00,2026-04-18T07:59:01+00:00,2026-04-18T08:05:22+00:00,2026-04-18T08:06:22+00:00,down,0.5192250795,1,False,6.239206212,6.239206212,12.99834627,12.99834627,0.48,0.48,0.327,0.259,0.22711,0,6.466316212,0,-6.466316212,124.7841242,118.317808,0
free_cash_5pct_cap20,20,current_gamma_schedule_0p07_counterfactual,1,60,full_ladder_snapshot_upper_bound,0x6b57113a4c3a10cae1511936fd73622dc0bc7cf768c077beaf045fd832951dbb,btc-updown-5m-1776501900,2026-04-18T08:45:00+00:00,2026-04-18T08:44:01+00:00,2026-04-18T08:50:22+00:00,2026-04-18T08:51:22+00:00,up,0.5038039991,1,True,5.915890401,5.915890401,12.58700085,12.58700085,0.47,0.47,0.23,0.125,0.21948,0,6.135370401,12.58700085,6.451630453,118.317808,112.1824376,0
free_cash_5pct_cap20,20,current_gamma_schedule_0p07_counterfactual,1,60,full_ladder_snapshot_upper_bound,0x85b5a7eac5446fd998a5a678182fc06a678fd9491ee15a39f8f8c2d278217ed1,btc-updown-5m-1776506100,2026-04-18T09:55:00+00:00,2026-04-18T09:54:01+00:00,2026-04-18T10:00:18+00:00,2026-04-18T10:01:18+00:00,up,0.4983861612,1,True,6.238471924,6.238471924,13.86327094,13.86327094,0.45,0.45,0.304,0.106,0.24018,0,6.478651924,13.86327094,7.384619018,124.7694385,118.2907866,0
free_cash_5pct_cap20,20,current_gamma_schedule_0p07_counterfactual,1,60,full_ladder_snapshot_upper_bound,0x352f096ed2742e6783262e0fb03a6dbf9b2cdbf34010fc882499cd616e01596f,btc-updown-5m-1776506700,2026-04-18T10:05:00+00:00,2026-04-18T10:04:01+00:00,2026-04-18T10:10:22+00:00,2026-04-18T10:11:22+00:00,down,0.484018077,0,True,6.607702875,6.607702875,14.36457147,14.36457147,0.46,0.46,0.321,0.074,0.24977,0,6.857472875,14.36457147,7.507098592,132.1540575,125.2965846,0
free_cash_5pct_cap20,20,current_gamma_schedule_0p07_counterfactual,1,60,full_ladder_snapshot_upper_bound,0xfb345e13d8bd8736eb89656da4396a2435ff2bb4cba615048e7d9ea0f26d2cc3,btc-updown-5m-1776519000,2026-04-18T13:30:00+00:00,2026-04-18T13:29:01+00:00,2026-04-18T13:35:22+00:00,2026-04-18T13:36:22+00:00,down,0.4996972586,0,True,6.983057804,6.983057804,14.54803709,14.54803709,0.48,0.48,0.443,0.386,0.25418,0,7.237237804,14.54803709,7.310799288,139.6611561,132.4239183,0
free_cash_5pct_cap20,20,current_gamma_schedule_0p07_counterfactual,1,60,full_ladder_snapshot_upper_bound,0x250f0d6d6bb4dc016826920f5eb5ae293fab2ad59ea67b269316ab301f1d7ff1,btc-updown-5m-1776522600,2026-04-18T14:30:00+00:00,2026-04-18T14:29:01+00:00,2026-04-18T14:35:22+00:00,2026-04-18T14:36:22+00:00,down,0.5150576307,1,False,7.348597769,7.348597769,14.9971383,14.9971383,0.49,0.49,0.768,0.676,0.26234,0,7.610937769,0,-7.610937769,146.9719554,139.3610176,0
free_cash_5pct_cap20,20,current_gamma_schedule_0p07_counterfactual,1,60,full_ladder_snapshot_upper_bound,0x5ca8505e6bdbb3fba64e439b3b828c4fbc685c259d7f3e31a6efa540e906b0cd,btc-updown-5m-1776523200,2026-04-18T14:40:00+00:00,2026-04-18T14:39:01+00:00,2026-04-18T14:45:22+00:00,2026-04-18T14:46:22+00:00,down,0.5291473942,0,True,6.96805088,6.96805088,13.93610176,13.93610176,0.5,0.5,0.211,0.069,0.24388,0,7.21193088,13.93610176,6.72417088,139.3610176,132.1490867,0
free_cash_5pct_cap20,20,current_gamma_schedule_0p07_counterfactual,1,60,full_ladder_snapshot_upper_bound,0x09b2aca131882129139a0a5f569cd737428ac3534ffcbab3430aab5c7f7243fc,btc-updown-5m-1776525000,2026-04-18T15:10:00+00:00,2026-04-18T15:09:01+00:00,2026-04-18T15:15:18+00:00,2026-04-18T15:16:18+00:00,down,0.5411112801,1,False,7.304259424,7.304259424,14.60851885,14.60851885,0.5,0.5,0.949,0.901,0.25565,0,7.559909424,0,-7.559909424,146.0851885,138.5252791,0
free_cash_5pct_cap20,20,current_gamma_schedule_0p07_counterfactual,1,60,full_ladder_snapshot_upper_bound,0x4a6b795eaf001f58e14937a801910c570c108edf9afb4aa6a6d7d10802e0f0ba,btc-updown-5m-1776525300,2026-04-18T15:15:00+00:00,2026-04-18T15:14:01+00:00,2026-04-18T15:20:22+00:00,2026-04-18T15:21:22+00:00,down,0.5093211516,0,True,6.926263953,6.926263953,14.13523256,14.13523256,0.49,0.49,0.951,0.899,0.24727,0,7.173533953,14.13523256,6.961698604,138.5252791,131.3517451,0
free_cash_5pct_cap20,20,current_gamma_schedule_0p07_counterfactual,1,60,full_ladder_snapshot_upper_bound,0x9e8247328c986ecbacaa169f25ec49e27b841b12ae0b9056f468f9592d2cf56e,btc-updown-5m-1776528000,2026-04-18T16:00:00+00:00,2026-04-18T15:59:01+00:00,2026-04-18T16:05:18+00:00,2026-04-18T16:06:18+00:00,down,0.488578701,0,True,7.274348883,7.274348883,15.47733805,15.47733805,0.47,0.47,0.208,0.102,0.26988,0,7.544228883,15.47733805,7.933109166,145.4869777,137.9427488,0
free_cash_5pct_cap20,20,current_gamma_schedule_0p07_counterfactual,1,60,full_ladder_snapshot_upper_bound,0x3e2c4cddda60a3bfc03e108188c7fde05fee3d46f12754999c911dd1faa4be4f,btc-updown-5m-1776531600,2026-04-18T17:00:00+00:00,2026-04-18T16:59:01+00:00,2026-04-18T17:05:18+00:00,2026-04-18T17:06:18+00:00,up,0.5288321569,0,False,7.671004342,7.671004342,15.04118498,15.04118498,0.51,0.51,0.946,0.778,0.26312,0,7.934124342,0,-7.934124342,153.4200868,145.4859625,0
free_cash_5pct_cap20,20,current_gamma_schedule_0p07_counterfactual,1,60,full_ladder_snapshot_upper_bound,0x6784046def4264d62454a2cc4998038232c48d6e3ee57f65cdd82b9b5df880e5,btc-updown-5m-1776531900,2026-04-18T17:05:00+00:00,2026-04-18T17:04:01+00:00,2026-04-18T17:10:22+00:00,2026-04-18T17:11:22+00:00,up,0.5222480976,0,False,7.274298125,7.274298125,16.53249574,16.53249574,0.44,0.44,0.249,0.173,0.28515,0,7.559448125,0,-7.559448125,145.4859625,137.9265144,0
free_cash_5pct_cap20,20,current_gamma_schedule_0p07_counterfactual,1,60,full_ladder_snapshot_upper_bound,0x3aa283e9d0ade5585f95d01b16c8f85925396e3730f4c568359b3ce9a6840b4e,btc-updown-5m-1776537000,2026-04-18T18:30:00+00:00,2026-04-18T18:29:01+00:00,2026-04-18T18:35:18+00:00,2026-04-18T18:36:18+00:00,down,0.5052994005,0,True,6.896325718,6.896325718,14.36734525,14.36734525,0.48,0.48,0.194,0.148,0.25103,0,7.147355718,14.36734525,7.219989528,137.9265144,130.7791587,0
free_cash_5pct_cap20,20,current_gamma_schedule_0p07_counterfactual,1,60,full_ladder_snapshot_upper_bound,0xbc7df2fcb853bcb018a11255dab5eac640e26e3b44da8b81a3c5dfc7636c68df,btc-updown-5m-1776540600,2026-04-18T19:30:00+00:00,2026-04-18T19:29:01+00:00,2026-04-18T19:35:20+00:00,2026-04-18T19:36:20+00:00,down,0.5081080363,0,True,7.257325195,7.257325195,15.11942749,15.11942749,0.48,0.48,0.089,0,0.26417,0,7.521495195,15.11942749,7.597932294,145.1465039,137.6250087,0
free_cash_5pct_cap20,20,current_gamma_schedule_0p07_counterfactual,1,60,full_ladder_snapshot_upper_bound,0x11f52e907e493896b8a72bfa1346c3e1e0e5de12af89a83be87b8d20a2eefc51,btc-updown-5m-1776542400,2026-04-18T20:00:00+00:00,2026-04-18T19:59:01+00:00,2026-04-18T20:05:18+00:00,2026-04-18T20:06:18+00:00,down,0.5008691972,0,True,7.63722181,7.63722181,15.91087877,15.91087877,0.48,0.48,0.118,0.036,0.27799,0,7.91521181,15.91087877,7.99566696,152.7444362,144.8292244,0
free_cash_5pct_cap20,20,current_gamma_schedule_0p07_counterfactual,1,60,full_ladder_snapshot_upper_bound,0x4f38b369c0ab23d776ef344c84a29843717dfe3286506b4ddcbe75870f5bde83,btc-updown-5m-1776545700,2026-04-18T20:55:00+00:00,2026-04-18T20:54:01+00:00,2026-04-18T21:00:26+00:00,2026-04-18T21:01:26+00:00,down,0.5318714828,0,True,8.037005158,8.037005158,15.75883364,15.75883364,0.51,0.51,0.433,0.368,0.27567,0,8.312675158,15.75883364,7.446158485,160.7401032,152.427428,0
free_cash_5pct_cap20,20,current_gamma_schedule_0p07_counterfactual,1,60,full_ladder_snapshot_upper_bound,0x62687d15c4101c9462cc84a4af50c07d707c9fbd1986a1c63332bdac9f3e978c,btc-updown-5m-1776549900,2026-04-18T22:05:00+00:00,2026-04-18T22:04:01+00:00,2026-04-18T22:10:22+00:00,2026-04-18T22:11:22+00:00,down,0.4997657015,0,True,8.409313082,8.409313082,17.51940225,17.51940225,0.48,0.48,0.308,0.154,0.3061,0,8.715413082,17.51940225,8.803989172,168.1862616,159.4708486,0
free_cash_5pct_cap20,20,current_gamma_schedule_0p07_counterfactual,1,60,full_ladder_snapshot_upper_bound,0xcf58cf14041f92eb5d7a3bc0e38812eceffeeca676f4119c185fe1ad28e65097,btc-updown-5m-1776550500,2026-04-18T22:15:00+00:00,2026-04-18T22:14:01+00:00,2026-04-18T22:20:20+00:00,2026-04-18T22:21:20+00:00,down,0.5151724745,1,False,8.84951254,8.84951254,18.43648446,18.43648446,0.48,0.48,0.353,0.313,0.32212,0,9.17163254,0,-9.17163254,176.9902508,167.8186183,5.551115123e-17
free_cash_5pct_cap20,20,current_gamma_schedule_0p07_counterfactual,1,60,full_ladder_snapshot_upper_bound,0x72639e52848f75e29e154dcabb8079ba079b8f3f0f1e07e56379ab3d74bcb948,btc-updown-5m-1776552900,2026-04-18T22:55:00+00:00,2026-04-18T22:54:01+00:00,2026-04-18T23:00:28+00:00,2026-04-18T23:01:28+00:00,down,0.5065257479,1,False,8.390930913,8.390930913,19.51379282,19.51379282,0.43,0.43,0.249,0.134,0.3348,0,8.725730913,0,-8.725730913,167.8186183,159.0928874,0
free_cash_5pct_cap20,20,current_gamma_schedule_0p07_counterfactual,1,60,full_ladder_snapshot_upper_bound,0x594bace5cd9a2b65cc9c0718dba8bf6fd52730211aadaf61ac02d9afc0debe78,btc-updown-5m-1776553800,2026-04-18T23:10:00+00:00,2026-04-18T23:09:01+00:00,2026-04-18T23:15:18+00:00,2026-04-18T23:16:18+00:00,down,0.5193085041,0,True,7.954644368,7.954644368,15.90928874,15.90928874,0.5,0.5,0.099,0.062,0.27841,0,8.233054368,15.90928874,7.676234368,159.0928874,150.859833,0
free_cash_5pct_cap20,20,current_gamma_schedule_0p07_counterfactual,1,60,full_ladder_snapshot_upper_bound,0x8331818669dedc7ffca0646dd132f70859e9b0adcdef1a353dd6f02419d3acaf,btc-updown-5m-1776554100,2026-04-18T23:15:00+00:00,2026-04-18T23:14:01+00:00,2026-04-18T23:20:18+00:00,2026-04-18T23:21:18+00:00,down,0.5187994589,0,True,7.542991649,7.542991649,15.0859833,15.0859833,0.5,0.5,0.531,0.448,0.264,0,7.806991649,15.0859833,7.278991649,150.859833,143.0528413,0
free_cash_5pct_cap20,20,current_gamma_schedule_0p07_counterfactual,1,60,full_ladder_snapshot_upper_bound,0x2307383b2e45d451eaaad2a45cce214c0e3a6d2a80240be7155618bb28fb4fd9,btc-updown-5m-1776554400,2026-04-18T23:20:00+00:00,2026-04-18T23:19:01+00:00,2026-04-18T23:25:24+00:00,2026-04-18T23:26:24+00:00,down,0.5119859973,1,False,7.948106504,7.948106504,16.22062552,16.22062552,0.49,0.49,0.163,0.087,0.28375,0,8.231856504,0,-8.231856504,158.9621301,150.7302736,0
free_cash_5pct_cap20,20,current_gamma_schedule_0p07_counterfactual,1,60,full_ladder_snapshot_upper_bound,0xd4ad3b9aa134656c5ad5a8169109f72f32719b8df4c20889700cf47b80a35408,btc-updown-5m-1776555300,2026-04-18T23:35:00+00:00,2026-04-18T23:34:01+00:00,2026-04-18T23:40:52+00:00,2026-04-18T23:41:52+00:00,up,0.5126771467,0,False,8.290812843,8.290812843,16.92002621,16.92002621,0.49,0.49,0.327,0.104,0.29598,0,8.586792843,0,-8.586792843,165.8162569,157.229464,0
free_cash_5pct_cap20,20,current_gamma_schedule_0p07_counterfactual,1,60,full_ladder_snapshot_upper_bound,0x7313862637a1ecf7c9c9bb29d9f094ff47cfd81a0aad37b086eb244344fb9bbe,btc-updown-5m-1776557700,2026-04-19T00:15:00+00:00,2026-04-19T00:14:01+00:00,2026-04-19T00:20:22+00:00,2026-04-19T00:21:22+00:00,up,0.5239613089,0,False,7.861473201,7.861473201,16.04382286,16.04382286,0.49,0.49,0.574,0.266,0.28065,0,8.142123201,0,-8.142123201,157.229464,149.0873408,0
free_cash_5pct_cap20,20,current_gamma_schedule_0p07_counterfactual,1,60,full_ladder_snapshot_upper_bound,0x2eb6cfc270297175ca8dc5ff6df1f1560a0ae993b79ea16788a6ba0396d0c3a8,btc-updown-5m-1776559500,2026-04-19T00:45:00+00:00,2026-04-19T00:44:01+00:00,2026-04-19T00:50:20+00:00,2026-04-19T00:51:20+00:00,down,0.4908461699,1,False,7.454367041,7.454367041,15.86035541,15.86035541,0.47,0.47,0.153,0.105,0.27656,0,7.730927041,0,-7.730927041,149.0873408,141.3564138,0
free_cash_5pct_cap20,20,current_gamma_schedule_0p07_counterfactual,1,60,full_ladder_snapshot_upper_bound,0xd265bf0dae5e01d4af0b34a7e64f1656d5456b242b28ca4bf804502397815b0b,btc-updown-5m-1776560700,2026-04-19T01:05:00+00:00,2026-04-19T01:04:01+00:00,2026-04-19T01:10:18+00:00,2026-04-19T01:11:18+00:00,up,0.4849394289,0,False,7.067820689,7.067820689,19.10221808,19.10221808,0.37,0.37,0.677,0.507,0.31169,0,7.379510689,0,-7.379510689,141.3564138,133.9769031,0
free_cash_5pct_cap20,20,current_gamma_schedule_0p07_counterfactual,1,60,full_ladder_snapshot_upper_bound,0xf5bbd6b3b31dbbfa549ee96e032cd44dadcea76015b30895524791c0f40a4566,btc-updown-5m-1776564900,2026-04-19T02:15:00+00:00,2026-04-19T02:14:01+00:00,2026-04-19T02:20:18+00:00,2026-04-19T02:21:18+00:00,down,0.5199976103,1,False,6.698845155,6.698845155,13.39769031,13.39769031,0.5,0.5,0.252,0.112,0.23446,0,6.933305155,0,-6.933305155,133.9769031,127.0435979,0
free_cash_5pct_cap20,20,current_gamma_schedule_0p07_counterfactual,1,60,full_ladder_snapshot_upper_bound,0xc6a60b7d0d553a551b69e091ebbcfd6eccc6eae367ada949a412712bba362bc7,btc-updown-5m-1776565500,2026-04-19T02:25:00+00:00,2026-04-19T02:24:01+00:00,2026-04-19T02:30:22+00:00,2026-04-19T02:31:22+00:00,down,0.5226977034,1,False,6.352179897,6.352179897,12.70435979,12.70435979,0.5,0.5,0.485,0.404,0.22233,0,6.574509897,0,-6.574509897,127.0435979,120.469088,0
free_cash_5pct_cap20,20,current_gamma_schedule_0p07_counterfactual,1,60,full_ladder_snapshot_upper_bound,0x5272e39e19b787e9a70258638f51bc4a1cb51bf03fe7bef844a020ada5b47a4e,btc-updown-5m-1776568800,2026-04-19T03:20:00+00:00,2026-04-19T03:19:01+00:00,2026-04-19T03:25:52+00:00,2026-04-19T03:26:52+00:00,down,0.5073213452,0,True,6.023454402,6.023454402,12.54886334,12.54886334,0.48,0.48,0.962,0.709,0.21925,0,6.242704402,12.54886334,6.306158936,120.469088,114.2263836,0
free_cash_5pct_cap20,20,current_gamma_schedule_0p07_counterfactual,1,60,full_ladder_snapshot_upper_bound,0x1ac43cfc73b720f4a50027beb6a3666deadebb66c2d7fb2a85a0d9cd2d685404,btc-updown-5m-1776576900,2026-04-19T05:35:00+00:00,2026-04-19T05:34:01+00:00,2026-04-19T05:40:18+00:00,2026-04-19T05:41:18+00:00,down,0.5204279615,0,True,6.338762349,6.338762349,12.93624969,12.93624969,0.49,0.49,0.194,0.111,0.22629,0,6.565052349,12.93624969,6.371197343,126.775247,120.2101946,0
free_cash_5pct_cap20,20,current_gamma_schedule_0p07_counterfactual,1,60,full_ladder_snapshot_upper_bound,0x695c85f4429445c694072c2922f2b21204e8dddebd9abedf00dbe5ced86017e9,btc-updown-5m-1776578700,2026-04-19T06:05:00+00:00,2026-04-19T06:04:01+00:00,2026-04-19T06:10:18+00:00,2026-04-19T06:11:18+00:00,down,0.4774339562,0,True,6.657322216,6.657322216,14.79404937,14.79404937,0.45,0.45,0.233,0.13,0.25631,0,6.913632216,14.79404937,7.880417153,133.1464443,126.2328121,0
free_cash_5pct_cap20,20,current_gamma_schedule_0p07_counterfactual,1,60,full_ladder_snapshot_upper_bound,0x2ee7a5c721931685b96f97e742aecb74e3ba14f2f4aa1453f269d047015c6268,btc-updown-5m-1776579900,2026-04-19T06:25:00+00:00,2026-04-19T06:24:01+00:00,2026-04-19T06:30:18+00:00,2026-04-19T06:31:18+00:00,down,0.459958026,0,True,7.051343074,7.051343074,16.78891208,16.78891208,0.42,0.42,0.069,0.012,0.28628,0,7.337623074,16.78891208,9.451289006,141.0268615,133.6892384,0
free_cash_5pct_cap20,20,current_gamma_schedule_0p07_counterfactual,1,60,full_ladder_snapshot_upper_bound,0x2d8ce79f3d12401a1da599577fdd651d548234c9c3ee4078df75f5ecd4aba369,btc-updown-5m-1776580500,2026-04-19T06:35:00+00:00,2026-04-19T06:34:01+00:00,2026-04-19T06:40:18+00:00,2026-04-19T06:41:18+00:00,down,0.4936548119,0,True,7.523907524,7.523907524,15.85959901,15.85959901,0.4744071726,0.47,0.373,0.232,0.27679,0,7.800697524,15.85959901,8.058901484,150.4781505,142.677453,0.004407172593
free_cash_5pct_cap20,20,current_gamma_schedule_0p07_counterfactual,1,60,full_ladder_snapshot_upper_bound,0x6636de6376b5eb0e27cb45e4e3405ba57de407a4842f2dad8bef9f4a59d798ce,btc-updown-5m-1776583500,2026-04-19T07:25:00+00:00,2026-04-19T07:24:01+00:00,2026-04-19T07:30:18+00:00,2026-04-19T07:31:18+00:00,down,0.4918706482,0,True,7.926852598,7.926852598,18.43454093,18.43454093,0.43,0.43,0.477,0.369,0.31628,0,8.243132598,18.43454093,10.19140833,158.537052,150.2939194,0
free_cash_5pct_cap20,20,current_gamma_schedule_0p07_counterfactual,1,60,full_ladder_snapshot_upper_bound,0xe2d5fe5eaeede4e0af6997d3eb45915994e7f2b1748d59bd62edfac4eb1151ea,btc-updown-5m-1776591300,2026-04-19T09:35:00+00:00,2026-04-19T09:34:01+00:00,2026-04-19T09:40:18+00:00,2026-04-19T09:41:18+00:00,up,0.4988404856,0,False,8.436423015,8.436423015,17.57588128,17.57588128,0.48,0.48,0.034,0.006,0.30709,0,8.743513015,0,-8.743513015,168.7284603,159.9849473,0
free_cash_5pct_cap20,20,current_gamma_schedule_0p07_counterfactual,1,60,full_ladder_snapshot_upper_bound,0xea9ac37f52c9025af9cad8e7717945932fcb4169e7d9344be3a93218308dbaca,btc-updown-5m-1776593100,2026-04-19T10:05:00+00:00,2026-04-19T10:04:01+00:00,2026-04-19T10:10:18+00:00,2026-04-19T10:11:18+00:00,down,0.4937824546,0,True,7.999247364,7.999247364,17.01967524,17.01967524,0.47,0.47,0.136,0.079,0.29677,0,8.296017364,17.01967524,8.723657878,159.9849473,151.6889299,0
free_cash_5pct_cap20,20,current_gamma_schedule_0p07_counterfactual,1,60,full_ladder_snapshot_upper_bound,0x8f489e85eedb76dd59b308f273ce032496dc47cadc7fcb05974925f0c7e0e8ea,btc-updown-5m-1776593400,2026-04-19T10:10:00+00:00,2026-04-19T10:09:01+00:00,2026-04-19T10:15:18+00:00,2026-04-19T10:16:18+00:00,up,0.5020878403,1,True,7.584446496,7.584446496,15.7233602,15.7233602,0.4823680436,0.47,0.274,0.226,0.27471,0,7.859156496,15.7233602,7.8642037,151.6889299,143.8297734,0.01236804357
free_cash_5pct_cap20,20,current_gamma_schedule_0p07_counterfactual,1,60,full_ladder_snapshot_upper_bound,0xf69f889e9f1fa6a919ea77f1de1073e0e041d69c6053e4a8b0cbd31ce307b562,btc-updown-5m-1776595800,2026-04-19T10:50:00+00:00,2026-04-19T10:49:01+00:00,2026-04-19T10:55:18+00:00,2026-04-19T10:56:18+00:00,down,0.5144085661,1,False,8.828640443,8.828640443,18.01763356,18.01763356,0.49,0.49,0.205,0.158,0.31518,0,9.143820443,0,-9.143820443,176.5728089,167.4289884,5.551115123e-17
free_cash_5pct_cap20,20,current_gamma_schedule_0p07_counterfactual,1,60,full_ladder_snapshot_upper_bound,0xd8c44a63b7a19cd43f645f459421f921e831ee2d5ea9b5422182553c4d874e32,btc-updown-5m-1776606300,2026-04-19T13:45:00+00:00,2026-04-19T13:44:01+00:00,2026-04-19T13:50:26+00:00,2026-04-19T13:51:26+00:00,down,0.5206205445,0,True,8.371449421,8.371449421,16.74289884,16.74289884,0.5,0.5,0.143,0.093,0.293,0,8.664449421,16.74289884,8.078449421,167.4289884,158.764539,0
free_cash_5pct_cap20,20,current_gamma_schedule_0p07_counterfactual,1,60,full_ladder_snapshot_upper_bound,0xb80b5a5ac6f273ab8ce0dbd4b42ab5f00b824bdaf135c5d00ce1b340822c4cf4,btc-updown-5m-1776610800,2026-04-19T15:00:00+00:00,2026-04-19T14:59:01+00:00,2026-04-19T15:05:52+00:00,2026-04-19T15:06:52+00:00,down,0.5210468277,0,True,8.775371892,8.775371892,17.55074378,17.55074378,0.5,0.5,0.301,0.231,0.30714,0,9.082511892,17.55074378,8.468231892,175.5074378,166.4249259,0
free_cash_5pct_cap20,20,current_gamma_schedule_0p07_counterfactual,1,60,full_ladder_snapshot_upper_bound,0x052035afa02d6ee065676aae4028791cf46612b96c9d4734de22b3a44970725b,btc-updown-5m-1776611700,2026-04-19T15:15:00+00:00,2026-04-19T15:14:01+00:00,2026-04-19T15:20:18+00:00,2026-04-19T15:21:18+00:00,down,0.5253406706,1,False,9.198783486,9.198783486,19.57187976,19.57187976,0.47,0.47,0.176,0.102,0.34127,0,9.540053486,0,-9.540053486,183.9756697,174.4356162,0
free_cash_5pct_cap20,20,current_gamma_schedule_0p07_counterfactual,1,60,full_ladder_snapshot_upper_bound,0x6aabfca4b358d9a56500a0fb48f44c1d2d729fe8bcda93c861a1046ce364cc03,btc-updown-5m-1776615000,2026-04-19T16:10:00+00:00,2026-04-19T16:09:01+00:00,2026-04-19T16:15:22+00:00,2026-04-19T16:16:22+00:00,up,0.5100803178,0,False,8.721780812,8.721780812,19.82222912,19.82222912,0.44,0.44,0.183,0.086,0.34189,0,9.063670812,0,-9.063670812,174.4356162,165.3719454,0
free_cash_5pct_cap20,20,current_gamma_schedule_0p07_counterfactual,1,60,full_ladder_snapshot_upper_bound,0x6d57d1ff973cd53167f5584264b08a6717acdf04bd229d5094d0084114226aa0,btc-updown-5m-1776621300,2026-04-19T17:55:00+00:00,2026-04-19T17:54:01+00:00,2026-04-19T18:00:36+00:00,2026-04-19T18:01:36+00:00,down,0.472726795,0,True,8.268597271,8.268597271,19.22929598,19.22929598,0.43,0.43,0.264,0.054,0.32992,0,8.598517271,19.22929598,10.63077871,165.3719454,156.7734282,0
free_cash_5pct_cap20,20,current_gamma_schedule_0p07_counterfactual,1,60,full_ladder_snapshot_upper_bound,0x597a9ec8e6022a120a76b7fbeae14a228e3201d37516df29d8e6b48f9aa90adc,btc-updown-5m-1776624600,2026-04-19T18:50:00+00:00,2026-04-19T18:49:01+00:00,2026-04-19T18:55:18+00:00,2026-04-19T18:56:18+00:00,up,0.5159404499,1,True,8.800136207,8.800136207,17.95946165,17.95946165,0.49,0.49,0.139,0.094,0.31416,0,9.114296207,17.95946165,8.84516544,176.0027241,166.8884279,0
free_cash_5pct_cap20,20,current_gamma_schedule_0p07_counterfactual,1,60,full_ladder_snapshot_upper_bound,0xc0000b326e5eed957b15ec85d91dd1f00410a36162f10b4d71870532aa4b24a1,btc-updown-5m-1776627000,2026-04-19T19:30:00+00:00,2026-04-19T19:29:01+00:00,2026-04-19T19:35:18+00:00,2026-04-19T19:36:18+00:00,down,0.5178919525,1,False,9.242394479,9.242394479,18.48478896,18.48478896,0.5,0.5,0.984,0.885,0.32348,0,9.565874479,0,-9.565874479,184.8478896,175.2820151,0
free_cash_5pct_cap20,20,current_gamma_schedule_0p07_counterfactual,1,60,full_ladder_snapshot_upper_bound,0x13b471afbdb3ac6f74aa40f8ad8aef187f0f193e187f53ffc649d799dd52d862,btc-updown-5m-1776627300,2026-04-19T19:35:00+00:00,2026-04-19T19:34:01+00:00,2026-04-19T19:40:52+00:00,2026-04-19T19:41:52+00:00,down,0.5190257672,1,False,8.764100755,8.764100755,17.52820151,17.52820151,0.5,0.5,0.269,0.113,0.30674,0,9.070840755,0,-9.070840755,175.2820151,166.2111743,0
free_cash_5pct_cap20,20,current_gamma_schedule_0p07_counterfactual,1,60,full_ladder_snapshot_upper_bound,0x12f8c24f0b76dbca279cdfd48b521472ed04d8d2000543de3b9e82653bb8a9c4,btc-updown-5m-1776633600,2026-04-19T21:20:00+00:00,2026-04-19T21:19:01+00:00,2026-04-19T21:25:18+00:00,2026-04-19T21:26:18+00:00,down,0.513619999,1,False,8.310558717,8.310558717,16.96032391,16.96032391,0.49,0.49,0.494,0.431,0.29669,0,8.607248717,0,-8.607248717,166.2111743,157.6039256,0
free_cash_5pct_cap20,20,current_gamma_schedule_0p07_counterfactual,1,60,full_ladder_snapshot_upper_bound,0x8026166af9703ad3bd6df1c3f08f0c7e280d63cebadc98993747b859a1e99f87,btc-updown-5m-1776637200,2026-04-19T22:20:00+00:00,2026-04-19T22:19:01+00:00,2026-04-19T22:25:52+00:00,2026-04-19T22:26:52+00:00,up,0.5379714632,0,False,7.880196281,7.880196281,15.45136526,15.45136526,0.51,0.51,0.571,0.364,0.27029,0,8.150486281,0,-8.150486281,157.6039256,149.4534393,0
free_cash_5pct_cap20,20,current_gamma_schedule_0p07_counterfactual,1,60,full_ladder_snapshot_upper_bound,0x9cb06ae4d35b6d030d7f3a6dfd00356312b0ee42df218597b54fa663564513ae,btc-updown-5m-1776642300,2026-04-19T23:45:00+00:00,2026-04-19T23:44:01+00:00,2026-04-19T23:50:20+00:00,2026-04-19T23:51:20+00:00,up,0.5278699986,1,True,7.472671967,7.472671967,14.65229797,14.65229797,0.51,0.51,0.492,0.438,0.25631,0,7.728981967,14.65229797,6.923316008,149.4534393,141.7244574,0
free_cash_5pct_cap20,20,current_gamma_schedule_0p07_counterfactual,1,60,full_ladder_snapshot_upper_bound,0xac2f7d55d786bd00342225822fe6aa55999806f532bdfbab753b950fdbdc06de,btc-updown-5m-1776643500,2026-04-20T00:05:00+00:00,2026-04-20T00:04:01+00:00,2026-04-20T00:10:22+00:00,2026-04-20T00:11:22+00:00,up,0.5286472643,0,False,7.818837767,7.818837767,15.33105445,15.33105445,0.51,0.51,0.802,0.721,0.26819,0,8.087027767,0,-8.087027767,156.3767553,148.2897276,0
free_cash_5pct_cap20,20,current_gamma_schedule_0p07_counterfactual,1,60,full_ladder_snapshot_upper_bound,0x6e85f549d9a5fd352b4e4111773d1b9884bd75f25c8bf1cc3bb4276ebfceac87,btc-updown-5m-1776644700,2026-04-20T00:25:00+00:00,2026-04-20T00:24:01+00:00,2026-04-20T00:30:22+00:00,2026-04-20T00:31:22+00:00,down,0.5266171664,0,True,7.414486379,7.414486379,14.82897276,14.82897276,0.5,0.5,0.237,0.205,0.25951,0,7.673996379,14.82897276,7.154976379,148.2897276,140.6157312,0
free_cash_5pct_cap20,20,current_gamma_schedule_0p07_counterfactual,1,60,full_ladder_snapshot_upper_bound,0xa059b693c6a9bab2f5128b91501e233e6bb13aa8d0436d538cf292fed36149fb,btc-updown-5m-1776645000,2026-04-20T00:30:00+00:00,2026-04-20T00:29:01+00:00,2026-04-20T00:35:52+00:00,2026-04-20T00:36:52+00:00,down,0.5221286553,0,True,7.03078656,7.03078656,14.06157312,14.06157312,0.5,0.5,0.984,0.92,0.24608,0,7.27686656,14.06157312,6.78470656,140.6157312,133.3388646,0
free_cash_5pct_cap20,20,current_gamma_schedule_0p07_counterfactual,1,60,full_ladder_snapshot_upper_bound,0x325a819bdce846610239a473876a560d4a5f8c9197cd6337673702f520b99a02,btc-updown-5m-1776647400,2026-04-20T01:10:00+00:00,2026-04-20T01:09:01+00:00,2026-04-20T01:15:18+00:00,2026-04-20T01:16:18+00:00,down,0.5050161389,1,False,8.111470526,8.111470526,23.17563007,23.17563007,0.35,0.35,0.237,0.065,0.36907,0,8.480540526,0,-8.480540526,162.2294105,153.74887,0
free_cash_5pct_cap20,20,current_gamma_schedule_0p07_counterfactual,1,60,full_ladder_snapshot_upper_bound,0x5e203109705bff6e0bafbb9432686329a547d4b30034b7ab9e190fcb43415890,btc-updown-5m-1776647700,2026-04-20T01:15:00+00:00,2026-04-20T01:14:01+00:00,2026-04-20T01:20:20+00:00,2026-04-20T01:21:20+00:00,down,0.4997410573,0,True,7.6874435,7.6874435,16.7118337,16.7118337,0.46,0.46,0.37,0.254,0.29059,0,7.9780335,16.7118337,8.733800195,153.74887,145.7708365,0
free_cash_5pct_cap20,20,current_gamma_schedule_0p07_counterfactual,1,60,full_ladder_snapshot_upper_bound,0xe375fe60c5e4ba71dcbf451457b1cb1de8241f0307f1dd3af01e21c719763ecc,btc-updown-5m-1776653400,2026-04-20T02:50:00+00:00,2026-04-20T02:49:01+00:00,2026-04-20T02:55:28+00:00,2026-04-20T02:56:28+00:00,down,0.5302449017,0,True,8.12413351,8.12413351,16.57986431,16.57986431,0.49,0.49,0.307,0.174,0.29003,0,8.41416351,16.57986431,8.165700796,162.4826702,154.0685067,5.551115123e-17
free_cash_5pct_cap20,20,current_gamma_schedule_0p07_counterfactual,1,60,full_ladder_snapshot_upper_bound,0x94ff72ed2b3eb5de85682be9429c822d6942d7a23bf58aadbcd2ae5b9f0ebbbd,btc-updown-5m-1776666600,2026-04-20T06:30:00+00:00,2026-04-20T06:29:01+00:00,2026-04-20T06:35:24+00:00,2026-04-20T06:36:24+00:00,up,0.511327034,1,True,8.532418549,8.532418549,17.77587198,17.77587198,0.48,0.48,0.407,0.193,0.31058,0,8.842998549,17.77587198,8.932873428,170.648371,161.8053724,0
free_cash_5pct_cap20,20,current_gamma_schedule_0p07_counterfactual,1,60,full_ladder_snapshot_upper_bound,0x1d6e4988d9369458aadd395a350282418d64ad166e966495b470386682a3f435,btc-updown-5m-1776668400,2026-04-20T07:00:00+00:00,2026-04-20T06:59:01+00:00,2026-04-20T07:05:52+00:00,2026-04-20T07:06:52+00:00,down,0.5343999809,0,True,8.979062221,8.979062221,17.95812444,17.95812444,0.5,0.5,0.205,0.132,0.31427,0,9.293332221,17.95812444,8.664792221,179.5812444,170.2879122,0
free_cash_5pct_cap20,20,current_gamma_schedule_0p07_counterfactual,1,60,full_ladder_snapshot_upper_bound,0x60e2e2c1230639d98aafdd57004127e09869702b6ee154e050dcc3488e46f69a,btc-updown-5m-1776669000,2026-04-20T07:10:00+00:00,2026-04-20T07:09:01+00:00,2026-04-20T07:15:22+00:00,2026-04-20T07:16:22+00:00,down,0.5382608813,1,False,9.412301832,9.412301832,18.82460366,18.82460366,0.5,0.5,0.344,0.145,0.32943,0,9.741731832,0,-9.741731832,188.2460366,178.5043048,0
free_cash_5pct_cap20,20,current_gamma_schedule_0p07_counterfactual,1,60,full_ladder_snapshot_upper_bound,0x144baacee4745c8947e9731d622e41ac0d223f809392be6e8156df27d6b474e9,btc-updown-5m-1776669600,2026-04-20T07:20:00+00:00,2026-04-20T07:19:01+00:00,2026-04-20T07:30:18+00:00,2026-04-20T07:31:18+00:00,down,0.5246002846,1,False,8.92521524,8.92521524,17.85043048,17.85043048,0.5,0.5,0.937,0.898,0.31238,0,9.23759524,0,-9.23759524,178.5043048,169.2667096,0
free_cash_5pct_cap20,20,current_gamma_schedule_0p07_counterfactual,1,60,full_ladder_snapshot_upper_bound,0x1eac7f7049d79794915030138f15444dbcdb6b43b343fb8c9e0514a479796696,btc-updown-5m-1776672900,2026-04-20T08:15:00+00:00,2026-04-20T08:14:01+00:00,2026-04-20T08:20:24+00:00,2026-04-20T08:21:24+00:00,up,0.5278822931,1,True,8.463335478,8.463335478,16.92667096,16.92667096,0.5,0.5,0.366,0.231,0.29622,0,8.759555478,16.92667096,8.167115478,169.2667096,160.5071541,0
free_cash_5pct_cap20,20,current_gamma_schedule_0p07_counterfactual,1,60,full_ladder_snapshot_upper_bound,0xeee7e49dcd565a3f15eec13f43b1d5af77d66cbf87bb7f0a36b5a108b4380842,btc-updown-5m-1776683100,2026-04-20T11:05:00+00:00,2026-04-20T11:04:01+00:00,2026-04-20T11:10:18+00:00,2026-04-20T11:11:18+00:00,up,0.5312641342,1,True,8.871691252,8.871691252,17.7433825,17.7433825,0.5,0.5,0.143,0.112,0.31051,0,9.182201252,17.7433825,8.561181252,177.433825,168.2516238,0
free_cash_5pct_cap20,20,current_gamma_schedule_0p07_counterfactual,1,60,full_ladder_snapshot_upper_bound,0xb47923e8b007a239d9b27f02506867c553029f578ed1d6cdee827dd6caec5586,btc-updown-5m-1776684000,2026-04-20T11:20:00+00:00,2026-04-20T11:19:01+00:00,2026-04-20T11:25:22+00:00,2026-04-20T11:26:22+00:00,down,0.5183436983,1,False,9.299750315,9.299750315,18.97908227,18.97908227,0.49,0.49,0.183,0.05,0.332,0,9.631750315,0,-9.631750315,185.9950063,176.363256,0
free_cash_5pct_cap20,20,current_gamma_schedule_0p07_counterfactual,1,60,full_ladder_snapshot_upper_bound,0xcb9498404482b38262db7355b886b20af0367ed7962793c91b0f9b3a8680d44f,btc-updown-5m-1776684600,2026-04-20T11:30:00+00:00,2026-04-20T11:29:01+00:00,2026-04-20T11:35:20+00:00,2026-04-20T11:36:20+00:00,down,0.5193861959,1,False,8.818162799,8.818162799,17.6363256,17.6363256,0.5,0.5,0.251,0.15,0.30864,0,9.126802799,0,-9.126802799,176.363256,167.2364532,0
free_cash_5pct_cap20,20,current_gamma_schedule_0p07_counterfactual,1,60,full_ladder_snapshot_upper_bound,0xfbca71dbc1b20ef7a83aee3031fc80b43716fb1e35057a746139b5cad8eceba5,btc-updown-5m-1776685200,2026-04-20T11:40:00+00:00,2026-04-20T11:39:01+00:00,2026-04-20T11:45:18+00:00,2026-04-20T11:46:18+00:00,down,0.5237002362,0,True,8.361822659,8.361822659,16.72364532,16.72364532,0.5,0.5,0.07,0.023,0.29266,0,8.654482659,16.72364532,8.069162659,167.2364532,158.5819705,0
free_cash_5pct_cap20,20,current_gamma_schedule_0p07_counterfactual,1,60,full_ladder_snapshot_upper_bound,0xf5260b34b7df1c78cf5e0b9af3974e3e6edfe5aaea5256030d0c0fd79f110b4a,btc-updown-5m-1776687000,2026-04-20T12:10:00+00:00,2026-04-20T12:09:01+00:00,2026-04-20T12:15:54+00:00,2026-04-20T12:16:54+00:00,down,0.5098574193,1,False,8.765280792,8.765280792,18.26100165,18.26100165,0.48,0.48,0.202,0.107,0.31906,0,9.084340792,0,-9.084340792,175.3056158,166.221275,-5.551115123e-17
free_cash_5pct_cap20,20,current_gamma_schedule_0p07_counterfactual,1,60,full_ladder_snapshot_upper_bound,0x3df039cf1555dec03694730fccc436daeaf7105dca0c7c94958b1a8f36e1fbfb,btc-updown-5m-1776688800,2026-04-20T12:40:00+00:00,2026-04-20T12:39:01+00:00,2026-04-20T12:45:22+00:00,2026-04-20T12:46:22+00:00,down,0.5076137039,0,True,8.311063752,8.311063752,16.9613546,16.9613546,0.49,0.49,0.272,0.015,0.2967,0,8.607763752,16.9613546,8.353590844,166.221275,157.6135113,0
free_cash_5pct_cap20,20,current_gamma_schedule_0p07_counterfactual,1,60,full_ladder_snapshot_upper_bound,0x15ff0a8cdd985736635b199ac4390c8d24504055a2c818950b1b86202f745e2e,btc-updown-5m-1776695400,2026-04-20T14:30:00+00:00,2026-04-20T14:29:01+00:00,2026-04-20T14:35:20+00:00,2026-04-20T14:36:20+00:00,down,0.5119315396,0,True,8.728743295,8.728743295,18.18488186,18.18488186,0.48,0.48,0.243,0.112,0.31773,0,9.046473295,18.18488186,9.138408569,174.5748659,165.5283926,0
free_cash_5pct_cap20,20,current_gamma_schedule_0p07_counterfactual,1,60,full_ladder_snapshot_upper_bound,0xb52672ee8145c39086b6fb587c56701922f3bea988e803c2057d573d5e0c5fa6,btc-updown-5m-1776696300,2026-04-20T14:45:00+00:00,2026-04-20T14:44:01+00:00,2026-04-20T14:50:20+00:00,2026-04-20T14:51:20+00:00,down,0.5117903673,1,False,9.185663723,9.185663723,18.7462525,18.7462525,0.49,0.49,0.299,0.216,0.32793,0,9.513593723,0,-9.513593723,183.7132745,174.1996807,5.551115123e-17
free_cash_5pct_cap20,20,current_gamma_schedule_0p07_counterfactual,1,60,full_ladder_snapshot_upper_bound,0x2e4648ddd2aa49d50013c044db74dbe13ee851227bbe92aee72da0509ecb527d,btc-updown-5m-1776699000,2026-04-20T15:30:00+00:00,2026-04-20T15:29:01+00:00,2026-04-20T15:35:18+00:00,2026-04-20T15:36:18+00:00,down,0.5189359097,0,True,8.709984037,8.709984037,17.41996807,17.41996807,0.5,0.5,0.977,0.519,0.30485,0,9.014834037,17.41996807,8.405134037,174.1996807,165.1848467,0
free_cash_5pct_cap20,20,current_gamma_schedule_0p07_counterfactual,1,60,full_ladder_snapshot_upper_bound,0x1939f005bda03160298af0663d6b062cc06dedfb8daf34b8d7c252443a740671,btc-updown-5m-1776699900,2026-04-20T15:45:00+00:00,2026-04-20T15:44:01+00:00,2026-04-20T15:50:18+00:00,2026-04-20T15:51:18+00:00,down,0.5237567159,0,True,9.130240739,9.130240739,18.26048148,18.26048148,0.5,0.5,0.982,0.519,0.31956,0,9.449800739,18.26048148,8.810680739,182.6048148,173.155014,0
free_cash_5pct_cap20,20,current_gamma_schedule_0p07_counterfactual,1,60,full_ladder_snapshot_upper_bound,0x29c685ea08036f3f0162168a8569d41a104c565e21021fca25e31c6191ca2d4b,btc-updown-5m-1776701100,2026-04-20T16:05:00+00:00,2026-04-20T16:04:01+00:00,2026-04-20T16:10:18+00:00,2026-04-20T16:11:18+00:00,down,0.5214289938,0,True,9.570774776,9.570774776,19.14154955,19.14154955,0.5,0.5,0.924,0.522,0.33498,0,9.905754776,19.14154955,9.235794776,191.4154955,181.5097407,0
free_cash_5pct_cap20,20,current_gamma_schedule_0p07_counterfactual,1,60,full_ladder_snapshot_upper_bound,0x41538825bb8545dd906a70c8f85ffa6f7a505b8ff1f3c7d02c46616e98db14c3,btc-updown-5m-1776701700,2026-04-20T16:15:00+00:00,2026-04-20T16:14:01+00:00,2026-04-20T16:20:18+00:00,2026-04-20T16:21:18+00:00,down,0.5202938834,1,False,10.03256451,10.03256451,20.06512903,20.06512903,0.5,0.5,0.997,0.522,0.35114,0,10.38370451,0,-10.38370451,200.6512903,190.2675858,0
free_cash_5pct_cap20,20,current_gamma_schedule_0p07_counterfactual,1,60,full_ladder_snapshot_upper_bound,0x8adb5a2c809e7ecb8b2ed471b5c5cc5f0e553b343c268ed1d76ac86c1ad96505,btc-updown-5m-1776705300,2026-04-20T17:15:00+00:00,2026-04-20T17:14:01+00:00,2026-04-20T17:20:54+00:00,2026-04-20T17:21:54+00:00,up,0.5141143314,1,True,9.513379289,9.513379289,19.81954018,19.81954018,0.48,0.48,0.275,0.225,0.34629,0,9.859669289,19.81954018,9.959870896,190.2675858,180.4079165,5.551115123e-17
free_cash_5pct_cap20,20,current_gamma_schedule_0p07_counterfactual,1,60,full_ladder_snapshot_upper_bound,0x0b16504bdc77f6e90dfe8afe408eb1196d2f11c8873e367f797199308aa097e7,btc-updown-5m-1776705900,2026-04-20T17:25:00+00:00,2026-04-20T17:24:01+00:00,2026-04-20T17:30:28+00:00,2026-04-20T17:31:28+00:00,up,0.5016318492,0,False,10.01137283,10.01137283,20.85702674,20.85702674,0.48,0.48,0.253,0.09,0.36441,0,10.37578283,0,-10.37578283,200.2274567,189.8516738,0
free_cash_5pct_cap20,20,current_gamma_schedule_0p07_counterfactual,1,60,full_ladder_snapshot_upper_bound,0x7bd97b893d769d191619ce6f26268aeb6e920aff8d0738c36e19326337d5fa34,btc-updown-5m-1776706200,2026-04-20T17:30:00+00:00,2026-04-20T17:29:01+00:00,2026-04-20T17:35:18+00:00,2026-04-20T17:36:18+00:00,up,0.5202774932,0,False,9.492583692,9.492583692,19.37261978,19.37261978,0.49,0.49,0.095,0.065,0.33889,0,9.831473692,0,-9.831473692,189.8516738,180.0202001,0
free_cash_5pct_cap20,20,current_gamma_schedule_0p07_counterfactual,1,60,full_ladder_snapshot_upper_bound,0x33af5383f66a03b7a8a29233e17cea19cbece19625bd3e77528e1656f208de12,btc-updown-5m-1776706800,2026-04-20T17:40:00+00:00,2026-04-20T17:39:01+00:00,2026-04-20T17:45:18+00:00,2026-04-20T17:46:18+00:00,up,0.514609213,0,False,9.001010007,9.001010007,18.36940818,18.36940818,0.49,0.49,0.353,0.179,0.32134,0,9.322350007,0,-9.322350007,180.0202001,170.6978501,0
free_cash_5pct_cap20,20,current_gamma_schedule_0p07_counterfactual,1,60,full_ladder_snapshot_upper_bound,0x38b7ab0e7800349c5687eab948c5de5d0c2c11627ed1200485d393e9cad9c14f,btc-updown-5m-1776715200,2026-04-20T20:00:00+00:00,2026-04-20T19:59:01+00:00,2026-04-20T20:05:18+00:00,2026-04-20T20:06:18+00:00,down,0.5034844448,0,True,8.534892507,8.534892507,17.78102606,17.78102606,0.48,0.48,0.984,0.908,0.31067,0,8.845562507,17.78102606,8.935463549,170.6978501,161.8522876,0
free_cash_5pct_cap20,20,current_gamma_schedule_0p07_counterfactual,1,60,full_ladder_snapshot_upper_bound,0x2f7f38f52c92d713291b5b3987034ecb247b929c877612466d449ef0ba6bffc8,btc-updown-5m-1776717000,2026-04-20T20:30:00+00:00,2026-04-20T20:29:01+00:00,2026-04-20T20:35:22+00:00,2026-04-20T20:36:22+00:00,up,0.5045632743,0,False,8.981665684,8.981665684,18.71180351,18.71180351,0.48,0.48,0.308,0.209,0.32693,0,9.308595684,0,-9.308595684,179.6333137,170.324718,0
free_cash_5pct_cap20,20,current_gamma_schedule_0p07_counterfactual,1,60,full_ladder_snapshot_upper_bound,0xfc32dc6983fd732acb024bd510ba8a72119021063c895f2339a12f7a0809af71,btc-updown-5m-1776726900,2026-04-20T23:15:00+00:00,2026-04-20T23:14:01+00:00,2026-04-20T23:20:20+00:00,2026-04-20T23:21:20+00:00,down,0.5119118136,0,True,8.5162359,8.5162359,17.74215813,17.74215813,0.48,0.48,0.914,0.734,0.30999,0,8.8262259,17.74215813,8.915932225,170.324718,161.4984921,0
free_cash_5pct_cap20,20,current_gamma_schedule_0p07_counterfactual,1,60,full_ladder_snapshot_upper_bound,0x361a125443279bdb8f29389ff45ed61c749c4334e4b095757c0cb8e1162dea42,btc-updown-5m-1776729300,2026-04-20T23:55:00+00:00,2026-04-20T23:54:01+00:00,2026-04-21T00:00:26+00:00,2026-04-21T00:01:26+00:00,down,0.5186819025,0,True,8.962032511,8.962032511,17.92406502,17.92406502,0.5,0.5,0.288,0.223,0.31367,0,9.275702511,17.92406502,8.648362511,179.2406502,169.9649477,0
free_cash_5pct_cap20,20,current_gamma_schedule_0p07_counterfactual,1,60,full_ladder_snapshot_upper_bound,0x3fd6a831004fc6a8d9e587f5e61e2a2d8e0496ff22ee4290932736db8aaaab83,btc-updown-5m-1776733500,2026-04-21T01:05:00+00:00,2026-04-21T01:04:01+00:00,2026-04-21T01:10:18+00:00,2026-04-21T01:11:18+00:00,down,0.5430484388,1,False,9.394450637,9.394450637,18.0650012,18.0650012,0.5200359818,0.52,0.109,0.06,0.31563,0,9.710080637,0,-9.710080637,187.8890127,178.1789321,3.598184197e-05
free_cash_5pct_cap20,20,current_gamma_schedule_0p07_counterfactual,1,60,full_ladder_snapshot_upper_bound,0x609655edb19d88115b0e3808fe1ca61da0792cd8cde57efc551f0919ac67b09e,btc-updown-5m-1776735900,2026-04-21T01:45:00+00:00,2026-04-21T01:44:01+00:00,2026-04-21T01:50:52+00:00,2026-04-21T01:51:52+00:00,down,0.5281028469,0,True,8.908946605,8.908946605,17.81789321,17.81789321,0.5,0.5,0.053,0.016,0.31181,0,9.220756605,17.81789321,8.597136605,178.1789321,168.9581755,0
free_cash_5pct_cap20,20,current_gamma_schedule_0p07_counterfactual,1,60,full_ladder_snapshot_upper_bound,0xd6938f104017eea4ee2f9aedecafe14e14cc01bb7439964c52287cf29d21b4dc,btc-updown-5m-1776743100,2026-04-21T03:45:00+00:00,2026-04-21T03:44:01+00:00,2026-04-21T03:50:26+00:00,2026-04-21T03:51:26+00:00,down,0.5055214424,1,False,9.338803435,9.338803435,19.45584049,19.45584049,0.48,0.48,0.052,0.017,0.33993,0,9.678733435,0,-9.678733435,186.7760687,177.0973353,0
free_cash_5pct_cap20,20,current_gamma_schedule_0p07_counterfactual,1,60,full_ladder_snapshot_upper_bound,0x73b6dd05e5d4531925f4b71e9832edfea79fb09049295123d3bd2f3f7df7e6bd,btc-updown-5m-1776749400,2026-04-21T05:30:00+00:00,2026-04-21T05:29:01+00:00,2026-04-21T05:35:52+00:00,2026-04-21T05:36:52+00:00,down,0.5231459001,0,True,8.854866764,8.854866764,17.94973353,17.94973353,0.493314664,0.49,0.248,0.103,0.31404,0,9.168906764,17.94973353,8.780826764,177.0973353,167.9284285,0.003314663986
free_cash_5pct_cap20,20,current_gamma_schedule_0p07_counterfactual,1,60,full_ladder_snapshot_upper_bound,0x623fe275f06ad726fdbf24fd146f190a11a6b955571a139095ffc89256c182b2,btc-updown-5m-1776750600,2026-04-21T05:50:00+00:00,2026-04-21T05:49:01+00:00,2026-04-21T05:55:16+00:00,2026-04-21T05:56:16+00:00,up,0.5063376138,1,True,9.293908102,9.293908102,19.36230855,19.36230855,0.48,0.48,0.245,0.159,0.3383,0,9.632208102,19.36230855,9.730100444,185.878162,176.2459539,5.551115123e-17
free_cash_5pct_cap20,20,current_gamma_schedule_0p07_counterfactual,1,60,full_ladder_snapshot_upper_bound,0x00039cead3a346ec82e50412ca6fdd2353e65ee5c425fb7309e99f6d15b57553,btc-updown-5m-1776751800,2026-04-21T06:10:00+00:00,2026-04-21T06:09:01+00:00,2026-04-21T06:15:26+00:00,2026-04-21T06:16:26+00:00,up,0.531791549,1,True,9.780413124,9.780413124,19.17728064,19.17728064,0.51,0.51,0.355,0.159,0.33547,0,10.11588312,19.17728064,9.061397511,195.6082625,185.4923794,0
free_cash_5pct_cap20,20,current_gamma_schedule_0p07_counterfactual,1,60,full_ladder_snapshot_upper_bound,0x3483898cc3ee52830491b909f6914443b3a543fd21aad23cb875530fed36ec88,btc-updown-5m-1776762900,2026-04-21T09:15:00+00:00,2026-04-21T09:14:01+00:00,2026-04-21T09:20:26+00:00,2026-04-21T09:21:26+00:00,down,0.5205481194,1,False,10.233483,10.233483,20.466966,20.466966,0.5,0.5,0.368,0.181,0.35817,0,10.591653,0,-10.591653,204.66966,194.078007,0
free_cash_5pct_cap20,20,current_gamma_schedule_0p07_counterfactual,1,60,full_ladder_snapshot_upper_bound,0x3a919a31600e950c2bcb7474b4cd0cef4b14d723071a4a9530baade66f7013d3,btc-updown-5m-1776765000,2026-04-21T09:50:00+00:00,2026-04-21T09:49:01+00:00,2026-04-21T09:55:24+00:00,2026-04-21T09:56:24+00:00,down,0.5208749501,1,False,9.70390035,9.70390035,19.4078007,19.4078007,0.5,0.5,0.127,0.1,0.33964,0,10.04354035,0,-10.04354035,194.078007,184.0344666,0
free_cash_5pct_cap20,20,current_gamma_schedule_0p07_counterfactual,1,60,full_ladder_snapshot_upper_bound,0x10f6c97be7c29c2daa2c3a22c4e874359b291fb5504aeffa4955d9388ea7152a,btc-updown-5m-1776766500,2026-04-21T10:15:00+00:00,2026-04-21T10:14:01+00:00,2026-04-21T10:20:18+00:00,2026-04-21T10:21:18+00:00,down,0.5367534662,1,False,9.201723332,9.201723332,18.40344666,18.40344666,0.5,0.5,0.896,0.844,0.32206,0,9.523783332,0,-9.523783332,184.0344666,174.5106833,0
free_cash_5pct_cap20,20,current_gamma_schedule_0p07_counterfactual,1,60,full_ladder_snapshot_upper_bound,0xabe99cc27bc11ea52486eda30a871330a323e62fab0005b216162e903e1fbbf3,btc-updown-5m-1776767400,2026-04-21T10:30:00+00:00,2026-04-21T10:29:01+00:00,2026-04-21T10:35:22+00:00,2026-04-21T10:36:22+00:00,down,0.5278447718,1,False,8.725534165,8.725534165,17.10889052,17.10889052,0.51,0.51,0.976,0.859,0.29929,0,9.024824165,0,-9.024824165,174.5106833,165.4858591,0
free_cash_5pct_cap20,20,current_gamma_schedule_0p07_counterfactual,1,60,full_ladder_snapshot_upper_bound,0xa5d305246f893e41d4273876d30e207a7ad30f5cf7913e0e79d9642bbceb22f8,btc-updown-5m-1776768000,2026-04-21T10:40:00+00:00,2026-04-21T10:39:01+00:00,2026-04-21T10:45:18+00:00,2026-04-21T10:46:18+00:00,down,0.5460773201,1,False,8.274292957,8.274292957,16.54858591,16.54858591,0.5,0.5,0.763,0.654,0.2896,0,8.563892957,0,-8.563892957,165.4858591,156.9219662,0
free_cash_5pct_cap20,20,current_gamma_schedule_0p07_counterfactual,1,60,full_ladder_snapshot_upper_bound,0x909a1f4feef9c4eed58fb006c885445473b64fda7b0cfbe49c6ceb20150283cf,btc-updown-5m-1776771300,2026-04-21T11:35:00+00:00,2026-04-21T11:34:01+00:00,2026-04-21T11:40:26+00:00,2026-04-21T11:41:26+00:00,down,0.5183511683,1,False,7.846098309,7.846098309,15.69219662,15.69219662,0.5,0.5,0.925,0.728,0.27461,0,8.120708309,0,-8.120708309,156.9219662,148.8012579,0
free_cash_5pct_cap20,20,current_gamma_schedule_0p07_counterfactual,1,60,full_ladder_snapshot_upper_bound,0x5d3c25102b91556ebf4b35fd5a9f289894a73ae84f95d2ce4fc9e6835972e614,btc-updown-5m-1776773100,2026-04-21T12:05:00+00:00,2026-04-21T12:04:01+00:00,2026-04-21T12:10:22+00:00,2026-04-21T12:11:22+00:00,up,0.5278998221,1,True,7.440062894,7.440062894,14.58835862,14.58835862,0.51,0.51,0.435,0.307,0.25519,0,7.695252894,14.58835862,6.893105722,148.8012579,141.106005,0
free_cash_5pct_cap20,20,current_gamma_schedule_0p07_counterfactual,1,60,full_ladder_snapshot_upper_bound,0x0d99caffe99308d2273cf48aa129220fd3864e189953e429bb99815645906cab,btc-updown-5m-1776774600,2026-04-21T12:30:00+00:00,2026-04-21T12:29:01+00:00,2026-04-21T12:35:18+00:00,2026-04-21T12:36:18+00:00,up,0.5313423532,1,True,7.78471818,7.78471818,15.43552584,15.43552584,0.5043377374,0.5,0.055,0.025,0.27007,0,8.05478818,15.43552584,7.380737663,155.6943636,147.6395754,0.004337737445
free_cash_5pct_cap20,20,current_gamma_schedule_0p07_counterfactual,1,60,full_ladder_snapshot_upper_bound,0x842fad4e5ae34cb7b3603be1b1f819f6c9f7d110caa4fb87748d2e5ab2b37da6,btc-updown-5m-1776777000,2026-04-21T13:10:00+00:00,2026-04-21T13:09:01+00:00,2026-04-21T13:15:52+00:00,2026-04-21T13:16:52+00:00,down,0.5007487048,0,True,8.153755063,8.153755063,16.98698971,16.98698971,0.48,0.48,0.131,0.021,0.2968,0,8.450555063,16.98698971,8.536434652,163.0751013,154.6245462,0
free_cash_5pct_cap20,20,current_gamma_schedule_0p07_counterfactual,1,60,full_ladder_snapshot_upper_bound,0x70bdc4133467682445c277aaa57a3988eb70d025d1b0b33d4e5a1650dfe414c5,btc-updown-5m-1776778800,2026-04-21T13:40:00+00:00,2026-04-21T13:39:01+00:00,2026-04-21T13:45:20+00:00,2026-04-21T13:46:20+00:00,down,0.499516665,1,False,8.580576796,8.580576796,17.87620166,17.87620166,0.48,0.48,0.299,0.163,0.31233,0,8.892906796,0,-8.892906796,171.6115359,162.7186291,0
free_cash_5pct_cap20,20,current_gamma_schedule_0p07_counterfactual,1,60,full_ladder_snapshot_upper_bound,0xc9fe21a87e3f920749e01c9c99e24b52b5541e036bd14240840d9a2a05fe27e4,btc-updown-5m-1776782400,2026-04-21T14:40:00+00:00,2026-04-21T14:39:01+00:00,2026-04-21T14:45:54+00:00,2026-04-21T14:46:54+00:00,down,0.518057736,1,False,8.135931456,8.135931456,16.27186291,16.27186291,0.5,0.5,0.205,0.112,0.28476,0,8.420691456,0,-8.420691456,162.7186291,154.2979377,0
free_cash_5pct_cap20,20,current_gamma_schedule_0p07_counterfactual,1,60,full_ladder_snapshot_upper_bound,0x0f56c253740bd9d4a7aa952e8e1f9f1b02dea62a467ade2a84e2add729bf898b,btc-updown-5m-1776783600,2026-04-21T15:00:00+00:00,2026-04-21T14:59:01+00:00,2026-04-21T15:05:20+00:00,2026-04-21T15:06:20+00:00,down,0.5139429,0,True,7.714896883,7.714896883,16.41467422,16.41467422,0.47,0.47,0.17,0.02,0.28622,0,8.001116883,16.41467422,8.413557336,154.2979377,146.2968208,0
free_cash_5pct_cap20,20,current_gamma_schedule_0p07_counterfactual,1,60,full_ladder_snapshot_upper_bound,0x07e81b117ccbcd7354c13b7db7f9e0491a92ea5a59ebba91ffea05265d4c8e8c,btc-updown-5m-1776791400,2026-04-21T17:10:00+00:00,2026-04-21T17:09:01+00:00,2026-04-21T17:15:54+00:00,2026-04-21T17:16:54+00:00,down,0.4774381047,0,True,8.13557475,8.13557475,18.079055,18.079055,0.45,0.45,0.095,0.035,0.31322,0,8.44879475,18.079055,9.63026025,162.711495,154.2627002,0
free_cash_5pct_cap20,20,current_gamma_schedule_0p07_counterfactual,1,60,full_ladder_snapshot_upper_bound,0xc50d2230dbb967ba7c525d33062f823f151ec3266378c1ba7ae5abff6787f3c5,btc-updown-5m-1776792000,2026-04-21T17:20:00+00:00,2026-04-21T17:19:01+00:00,2026-04-21T17:25:22+00:00,2026-04-21T17:26:22+00:00,down,0.4635678214,1,False,8.617087762,8.617087762,21.01728723,21.01728723,0.41,0.41,0.282,0.233,0.35589,0,8.972977762,0,-8.972977762,172.3417552,163.3687775,0
free_cash_5pct_cap20,20,current_gamma_schedule_0p07_counterfactual,1,60,full_ladder_snapshot_upper_bound,0x318a097ea722fceadcc606a4ce654e92cc22a476ec36eb84e512da769a2800e4,btc-updown-5m-1776793500,2026-04-21T17:45:00+00:00,2026-04-21T17:44:01+00:00,2026-04-21T17:50:28+00:00,2026-04-21T17:51:28+00:00,up,0.5098151192,0,False,8.168438874,8.168438874,17.37965718,17.37965718,0.47,0.47,0.099,0.005,0.30305,0,8.471488874,0,-8.471488874,163.3687775,154.8972886,0
free_cash_5pct_cap20,20,current_gamma_schedule_0p07_counterfactual,1,60,full_ladder_snapshot_upper_bound,0x730d83a39bb2f5b4f8f365b6c6720c1952b87e7eb8c8f57a85c84f39f1726434,btc-updown-5m-1776800400,2026-04-21T19:40:00+00:00,2026-04-21T19:39:01+00:00,2026-04-21T19:45:20+00:00,2026-04-21T19:46:20+00:00,down,0.4919217949,0,True,7.744864431,7.744864431,16.83666181,16.83666181,0.46,0.46,0.121,0.056,0.29276,0,8.037624431,16.83666181,8.799037375,154.8972886,146.8596642,0
free_cash_5pct_cap20,20,current_gamma_schedule_0p07_counterfactual,1,60,full_ladder_snapshot_upper_bound,0xeec853a149cafccd6b6439285d569c91cfea0af2f5e4229c38a8314644d65ea1,btc-updown-5m-1776805500,2026-04-21T21:05:00+00:00,2026-04-21T21:04:01+00:00,2026-04-21T21:10:18+00:00,2026-04-21T21:11:18+00:00,down,0.5188591699,0,True,8.184816299,8.184816299,16.3696326,16.3696326,0.5,0.5,0.106,0.043,0.28647,0,8.471286299,16.3696326,7.898346299,163.696326,155.2250397,0
free_cash_5pct_cap20,20,current_gamma_schedule_0p07_counterfactual,1,60,full_ladder_snapshot_upper_bound,0x856373d5baf5849549e3b61af3a0e09aa08badb0013acf6e0e19dfd882eb9c7b,btc-updown-5m-1776806400,2026-04-21T21:20:00+00:00,2026-04-21T21:19:01+00:00,2026-04-21T21:25:18+00:00,2026-04-21T21:26:18+00:00,up,0.5224048628,1,True,8.579733614,8.579733614,17.15946723,17.15946723,0.5,0.5,0.534,0.471,0.30029,0,8.880023614,17.15946723,8.279443614,171.5946723,162.7146487,0
free_cash_5pct_cap20,20,current_gamma_schedule_0p07_counterfactual,1,60,full_ladder_snapshot_upper_bound,0xa96aef77f1b3ee82ddd611168813978d4a14e990b59ae1204549d3c4e4c43333,btc-updown-5m-1776807300,2026-04-21T21:35:00+00:00,2026-04-21T21:34:01+00:00,2026-04-21T21:40:18+00:00,2026-04-21T21:41:18+00:00,up,0.5240136057,1,True,8.993705795,8.993705795,17.98741159,17.98741159,0.5,0.5,0.296,0.115,0.31478,0,9.308485795,17.98741159,8.678925795,179.8741159,170.5656301,0
free_cash_5pct_cap20,20,current_gamma_schedule_0p07_counterfactual,1,60,full_ladder_snapshot_upper_bound,0x766f018fa6c2b498789df33c7d7d27f7f93075f8f4f395fef5ff8586a5243c11,btc-updown-5m-1776812400,2026-04-21T23:00:00+00:00,2026-04-21T22:59:01+00:00,2026-04-21T23:05:20+00:00,2026-04-21T23:06:20+00:00,down,0.517700396,1,False,9.427652085,9.427652085,18.85530417,18.85530417,0.5,0.5,0.965,0.941,0.32997,0,9.757622085,0,-9.757622085,188.5530417,178.7954196,0
free_cash_5pct_cap20,20,current_gamma_schedule_0p07_counterfactual,1,60,full_ladder_snapshot_upper_bound,0x564c2ea6f0c07cd0dcaf7fff7b4ff6f1237fd75df0197227f7da755c44228b0e,btc-updown-5m-1776816900,2026-04-22T00:15:00+00:00,2026-04-22T00:14:01+00:00,2026-04-22T00:20:20+00:00,2026-04-22T00:21:20+00:00,down,0.5440578816,0,True,8.939770981,8.939770981,17.021266,17.021266,0.525211872,0.52,0.255,0.194,0.29709,0,9.236860981,17.021266,7.78440502,178.7954196,169.5585586,0.00521187202
free_cash_5pct_cap20,20,current_gamma_schedule_0p07_counterfactual,1,60,full_ladder_snapshot_upper_bound,0x84b600d2417c3015cbd0f50f13afe6e6328e8d9f361fb7e95c6f994cd73bcb51,btc-updown-5m-1776818400,2026-04-22T00:40:00+00:00,2026-04-22T00:39:01+00:00,2026-04-22T00:45:36+00:00,2026-04-22T00:46:36+00:00,down,0.5012242128,1,False,9.328991232,9.328991232,19.4353984,19.4353984,0.48,0.48,0.466,0.294,0.33958,0,9.668571232,0,-9.668571232,186.5798246,176.9112534,0
free_cash_5pct_cap20,20,current_gamma_schedule_0p07_counterfactual,1,60,full_ladder_snapshot_upper_bound,0x92b95ccb1cbabd86edc4a6d56bd5b8ad322454291e1fb9aba5c474c6ccf10667,btc-updown-5m-1776819000,2026-04-22T00:50:00+00:00,2026-04-22T00:49:01+00:00,2026-04-22T00:55:28+00:00,2026-04-22T00:56:28+00:00,down,0.523362049,0,True,8.84556267,8.84556267,17.69112534,17.69112534,0.5,0.5,0.401,0.304,0.30959,0,9.15515267,17.69112534,8.53597267,176.9112534,167.7561007,0
free_cash_5pct_cap20,20,current_gamma_schedule_0p07_counterfactual,1,60,full_ladder_snapshot_upper_bound,0x816601a8bb25d00264e867cffb4637d0af67f912efe06eead6afbdac1a73cbf2,btc-updown-5m-1776819600,2026-04-22T01:00:00+00:00,2026-04-22T00:59:01+00:00,2026-04-22T01:05:22+00:00,2026-04-22T01:06:22+00:00,down,0.5183425004,0,True,9.272361303,9.272361303,18.54472261,18.54472261,0.5,0.5,0.393,0.215,0.32453,0,9.596891303,18.54472261,8.947831303,185.4472261,175.8503348,0
free_cash_5pct_cap20,20,current_gamma_schedule_0p07_counterfactual,1,60,full_ladder_snapshot_upper_bound,0x99eb1f525e62cffb70c5354c5c1190ac3abf1b5e56b844c29a7e43821d353036,btc-updown-5m-1776819900,2026-04-22T01:05:00+00:00,2026-04-22T01:04:01+00:00,2026-04-22T01:10:22+00:00,2026-04-22T01:11:22+00:00,down,0.5416627711,0,True,8.792516738,8.792516738,17.58503348,17.58503348,0.5,0.5,0.673,0.593,0.30774,0,9.100256738,17.58503348,8.484776738,175.8503348,166.750078,0
free_cash_5pct_cap20,20,current_gamma_schedule_0p07_counterfactual,1,60,full_ladder_snapshot_upper_bound,0x8d3b285d6982bce84fe5f3de14bb523c3aa91bb61e807787aeaa772af42b57fb,btc-updown-5m-1776821400,2026-04-22T01:30:00+00:00,2026-04-22T01:29:01+00:00,2026-04-22T01:35:18+00:00,2026-04-22T01:36:18+00:00,down,0.5046642716,1,False,10.14399171,10.14399171,21.13331605,21.13331605,0.48,0.48,0.362,0.208,0.36924,0,10.51323171,0,-10.51323171,202.8798341,192.3666024,5.551115123e-17
free_cash_5pct_cap20,20,current_gamma_schedule_0p07_counterfactual,1,60,full_ladder_snapshot_upper_bound,0x56fe5e01260681ad1f76be1b19351b3aa0ea3d6d15c038b2ab1600be9caabf2e,btc-updown-5m-1776833100,2026-04-22T04:45:00+00:00,2026-04-22T04:44:01+00:00,2026-04-22T04:50:26+00:00,2026-04-22T04:51:26+00:00,down,0.5229208184,0,True,9.61833012,9.61833012,19.23666024,19.23666024,0.5,0.5,0.272,0.208,0.33664,0,9.95497012,19.23666024,9.28169012,192.3666024,182.4116323,0
free_cash_5pct_cap20,20,current_gamma_schedule_0p07_counterfactual,1,60,full_ladder_snapshot_upper_bound,0x43de574499b356d10b1337480a96a4e0828a56ebdb0ffa399788722c4d24cdd8,btc-updown-5m-1776835200,2026-04-22T05:20:00+00:00,2026-04-22T05:19:01+00:00,2026-04-22T05:25:36+00:00,2026-04-22T05:26:36+00:00,up,0.4834376172,1,True,10.08241463,10.08241463,21.91829267,21.91829267,0.46,0.46,0.275,0.155,0.38112,0,10.46353463,21.91829267,11.45475804,201.6482925,191.1847579,-5.551115123e-17
free_cash_5pct_cap20,20,current_gamma_schedule_0p07_counterfactual,1,60,full_ladder_snapshot_upper_bound,0xe399b9d63e7ac825b51a021de29e4cb8acf212d9211ed3e21634e852e9cd5b54,btc-updown-5m-1776835800,2026-04-22T05:30:00+00:00,2026-04-22T05:29:01+00:00,2026-04-22T05:35:22+00:00,2026-04-22T05:36:22+00:00,up,0.4896919323,0,False,10.65515253,10.65515253,23.16337506,23.16337506,0.46,0.46,0.357,0.217,0.40276,0,11.05791253,0,-11.05791253,213.1030506,202.045138,5.551115123e-17
free_cash_5pct_cap20,20,current_gamma_schedule_0p07_counterfactual,1,60,full_ladder_snapshot_upper_bound,0x2aa42c690136c607f8c1ad101c5364c3e02d2a504c54aede43fe180c34e07268,btc-updown-5m-1776838800,2026-04-22T06:20:00+00:00,2026-04-22T06:19:01+00:00,2026-04-22T06:25:22+00:00,2026-04-22T06:26:22+00:00,down,0.4941285021,0,True,10.1022569,10.1022569,30.6128997,30.6128997,0.33,0.33,0.199,0.147,0.4738,0,10.5760569,30.6128997,20.0368428,202.045138,191.4690811,0
free_cash_5pct_cap20,20,current_gamma_schedule_0p07_counterfactual,1,60,full_ladder_snapshot_upper_bound,0x3740ff297ccccfc5b9fd37615c7d3dd987dc837d0e2802e2a143cf7a966df570,btc-updown-5m-1776841500,2026-04-22T07:05:00+00:00,2026-04-22T07:04:01+00:00,2026-04-22T07:10:18+00:00,2026-04-22T07:11:18+00:00,down,0.5191732591,1,False,11.10409904,11.10409904,22.20819808,22.20819808,0.5,0.5,0.224,0.159,0.38864,0,11.49273904,0,-11.49273904,222.0819808,210.5892418,0
free_cash_5pct_cap20,20,current_gamma_schedule_0p07_counterfactual,1,60,full_ladder_snapshot_upper_bound,0xa20a1e418fde0f8c4cbfd3485005351ea48f7956b3433e3afae5b35871cc881a,btc-updown-5m-1776841800,2026-04-22T07:10:00+00:00,2026-04-22T07:09:01+00:00,2026-04-22T07:15:22+00:00,2026-04-22T07:16:22+00:00,down,0.5181987285,1,False,10.52946209,10.52946209,21.05892418,21.05892418,0.5,0.5,0.286,0.146,0.36853,0,10.89799209,0,-10.89799209,210.5892418,199.6912497,0
free_cash_5pct_cap20,20,current_gamma_schedule_0p07_counterfactual,1,60,full_ladder_snapshot_upper_bound,0x26af6d49248497a43120bf373e91059343a072ab97d5103b65cb1c126aa50a05,btc-updown-5m-1776842100,2026-04-22T07:15:00+00:00,2026-04-22T07:14:01+00:00,2026-04-22T07:20:22+00:00,2026-04-22T07:21:22+00:00,down,0.5213775308,0,True,9.984562485,9.984562485,19.96912497,19.96912497,0.5,0.5,0.126,0.031,0.34946,0,10.33402249,19.96912497,9.635102485,199.6912497,189.3572272,0
free_cash_5pct_cap20,20,current_gamma_schedule_0p07_counterfactual,1,60,full_ladder_snapshot_upper_bound,0xb1b45936795e9aeaee74840d0247035a79f26e549c9accc2a29782ad3ebe9bc3,btc-updown-5m-1776843000,2026-04-22T07:30:00+00:00,2026-04-22T07:29:01+00:00,2026-04-22T07:35:54+00:00,2026-04-22T07:36:54+00:00,down,0.5286884838,1,False,10.46631761,10.46631761,29.07310447,29.07310447,0.36,0.36,0.164,0.077,0.46889,0,10.93520761,0,-10.93520761,209.3263522,198.3911446,0
free_cash_5pct_cap20,20,current_gamma_schedule_0p07_counterfactual,1,60,full_ladder_snapshot_upper_bound,0x5757c9791d972c4f9f107561013d61a280051b5a0abe9fe1f60cd437c623c974,btc-updown-5m-1776844200,2026-04-22T07:50:00+00:00,2026-04-22T07:49:01+00:00,2026-04-22T07:55:22+00:00,2026-04-22T07:56:22+00:00,down,0.5215206152,0,True,9.919557229,9.919557229,26.30646639,26.30646639,0.3770767644,0.37,0.329,0.279,0.4325,0,10.35205723,26.30646639,15.95440916,198.3911446,188.0390874,0.007076764365
free_cash_5pct_cap20,20,current_gamma_schedule_0p07_counterfactual,1,60,full_ladder_snapshot_upper_bound,0x696811dc02298b5bfb5268b7ece1c27d8e82286facd089ec4c462798a889a1d9,btc-updown-5m-1776844500,2026-04-22T07:55:00+00:00,2026-04-22T07:54:01+00:00,2026-04-22T08:00:54+00:00,2026-04-22T08:01:54+00:00,down,0.5130856561,1,False,9.401954368,9.401954368,19.18766197,19.18766197,0.49,0.49,0.401,0.294,0.33565,0,9.737604368,0,-9.737604368,188.0390874,178.301483,0
free_cash_5pct_cap20,20,current_gamma_schedule_0p07_counterfactual,1,60,full_ladder_snapshot_upper_bound,0x64bc1ff492233df16f9fc400b8d29501a8616a6769216ffebd4f48ec80649963,btc-updown-5m-1776845700,2026-04-22T08:15:00+00:00,2026-04-22T08:14:01+00:00,2026-04-22T08:20:22+00:00,2026-04-22T08:21:22+00:00,up,0.5030834508,0,False,10.23039747,10.23039747,22.2399945,22.2399945,0.46,0.46,0.526,0.485,0.38671,0,10.61710747,0,-10.61710747,204.6079494,193.9908419,0
free_cash_5pct_cap20,20,current_gamma_schedule_0p07_counterfactual,1,60,full_ladder_snapshot_upper_bound,0x873d8806c13287fd723b61f245ff0f4e63cebde44cd2ebf9b1cf7ca5ae1158e3,btc-updown-5m-1776850200,2026-04-22T09:30:00+00:00,2026-04-22T09:29:01+00:00,2026-04-22T09:35:18+00:00,2026-04-22T09:36:18+00:00,down,0.5298622764,0,True,9.699542095,9.699542095,19.39908419,19.39908419,0.5,0.5,0.252,0.049,0.33948,0,10.0390221,19.39908419,9.360062095,193.9908419,183.9518198,0
free_cash_5pct_cap20,20,current_gamma_schedule_0p07_counterfactual,1,60,full_ladder_snapshot_upper_bound,0xe24a833074ef01c6b347955395a3a37224afb85118330c6858d11c17ee0707e0,btc-updown-5m-1776851400,2026-04-22T09:50:00+00:00,2026-04-22T09:49:01+00:00,2026-04-22T09:55:26+00:00,2026-04-22T09:56:26+00:00,down,0.5201087152,0,True,10.1675452,10.1675452,21.18238583,21.18238583,0.48,0.48,0.433,0.282,0.3701,0,10.5376452,21.18238583,10.64474063,203.350904,192.8132588,0
free_cash_5pct_cap20,20,current_gamma_schedule_0p07_counterfactual,1,60,full_ladder_snapshot_upper_bound,0xb96c204a86e715653df10b268b5f8929f0c9d1ed574af262ba38a1244dcf651a,btc-updown-5m-1776856500,2026-04-22T11:15:00+00:00,2026-04-22T11:14:01+00:00,2026-04-22T11:20:26+00:00,2026-04-22T11:21:26+00:00,down,0.5335262038,1,False,10.69978223,10.69978223,20.97996516,20.97996516,0.51,0.51,0.12,0.075,0.367,0,11.06678223,0,-11.06678223,213.9956446,202.9288624,0
free_cash_5pct_cap20,20,current_gamma_schedule_0p07_counterfactual,1,60,full_ladder_snapshot_upper_bound,0x42b7a09ef2a13682f9be22500303f8312e1810b1e3454610cf9518586767d8eb,btc-updown-5m-1776858300,2026-04-22T11:45:00+00:00,2026-04-22T11:44:01+00:00,2026-04-22T11:50:54+00:00,2026-04-22T11:51:54+00:00,down,0.5218554524,1,False,10.14644312,10.14644312,20.29288624,20.29288624,0.5,0.5,0.229,0.045,0.35513,0,10.50157312,0,-10.50157312,202.9288624,192.4272893,0
free_cash_5pct_cap20,20,current_gamma_schedule_0p07_counterfactual,1,60,full_ladder_snapshot_upper_bound,0xde03bbec4f350712a63c6691619c690ca8cbec2f198f0c0939b1e3a3321b690a,btc-updown-5m-1776859500,2026-04-22T12:05:00+00:00,2026-04-22T12:04:01+00:00,2026-04-22T12:10:36+00:00,2026-04-22T12:11:36+00:00,down,0.525872357,1,False,9.621364464,9.621364464,19.24272893,19.24272893,0.5,0.5,0.437,0.4,0.33675,0,9.958114464,0,-9.958114464,192.4272893,182.4691748,0
free_cash_5pct_cap20,20,current_gamma_schedule_0p07_counterfactual,1,60,full_ladder_snapshot_upper_bound,0xf5b93d5349564e86cf048d960f1027156634b0a4e5bb76b6fffd1f121aa7a619,btc-updown-5m-1776861000,2026-04-22T12:30:00+00:00,2026-04-22T12:29:01+00:00,2026-04-22T12:35:26+00:00,2026-04-22T12:36:26+00:00,down,0.5153628584,1,False,9.123458741,9.123458741,19.00720571,19.00720571,0.48,0.48,0.288,0.177,0.33209,0,9.455548741,0,-9.455548741,182.4691748,173.0136261,5.551115123e-17
free_cash_5pct_cap20,20,current_gamma_schedule_0p07_counterfactual,1,60,full_ladder_snapshot_upper_bound,0x4ccf2d1ec6c8a6973a61aa2c25177dd136b454094aea15fbd23d26b815b50f2e,btc-updown-5m-1776874500,2026-04-22T16:15:00+00:00,2026-04-22T16:14:01+00:00,2026-04-22T16:20:54+00:00,2026-04-22T16:21:54+00:00,down,0.5199654789,0,True,8.650681304,8.650681304,17.30136261,17.30136261,0.5,0.5,0.313,0.089,0.30277,0,8.953451304,17.30136261,8.347911304,173.0136261,164.0601748,0
free_cash_5pct_cap20,20,current_gamma_schedule_0p07_counterfactual,1,60,full_ladder_snapshot_upper_bound,0x511eb985a8d96997b30cf6184013697300bc5f7cfe8264a60c1dda979734fa31,btc-updown-5m-1776878100,2026-04-22T17:15:00+00:00,2026-04-22T17:14:01+00:00,2026-04-22T17:20:22+00:00,2026-04-22T17:21:22+00:00,up,0.5084237633,0,False,9.068076869,9.068076869,18.50627932,18.50627932,0.49,0.49,0.496,0.41,0.32373,0,9.391806869,0,-9.391806869,181.3615374,171.9697305,5.551115123e-17
free_cash_5pct_cap20,20,current_gamma_schedule_0p07_counterfactual,1,60,full_ladder_snapshot_upper_bound,0x7bb979d76b53240e3d43a6e61cb524223e400aafe4466413a19cde2713cfc791,btc-updown-5m-1776885000,2026-04-22T19:10:00+00:00,2026-04-22T19:09:01+00:00,2026-04-22T19:15:52+00:00,2026-04-22T19:16:52+00:00,down,0.492483846,1,False,8.598486526,8.598486526,18.29465218,18.29465218,0.47,0.47,0.237,0.158,0.319,0,8.917486526,0,-8.917486526,171.9697305,163.052244,0
free_cash_5pct_cap20,20,current_gamma_schedule_0p07_counterfactual,1,60,full_ladder_snapshot_upper_bound,0xb4cc1f2be455aeb7e53355155f37ddffbacf3d56587c8872866e214f27a57e1f,btc-updown-5m-1776887400,2026-04-22T19:50:00+00:00,2026-04-22T19:49:01+00:00,2026-04-22T19:55:20+00:00,2026-04-22T19:56:20+00:00,down,0.4976911924,1,False,8.152612199,8.152612199,16.98460875,16.98460875,0.48,0.48,0.23,0.136,0.29676,0,8.449372199,0,-8.449372199,163.052244,154.6028718,0
free_cash_5pct_cap20,20,current_gamma_schedule_0p07_counterfactual,1,60,full_ladder_snapshot_upper_bound,0x57813c96d077e722a63846abfec415a01fa68f2aa802595a070f0b3738e76ab5,btc-updown-5m-1776888000,2026-04-22T20:00:00+00:00,2026-04-22T19:59:01+00:00,2026-04-22T20:05:22+00:00,2026-04-22T20:06:22+00:00,down,0.5217289192,1,False,7.730143589,7.730143589,15.77580324,15.77580324,0.49,0.49,0.421,0.162,0.27597,0,8.006113589,0,-8.006113589,154.6028718,146.5967582,0
free_cash_5pct_cap20,20,current_gamma_schedule_0p07_counterfactual,1,60,full_ladder_snapshot_upper_bound,0x8bfcded6fb100310a6421fab9bd3a0294198ea8c39b89bf11baaf32ed4fe5c85,btc-updown-5m-1776890100,2026-04-22T20:35:00+00:00,2026-04-22T20:34:01+00:00,2026-04-22T20:40:18+00:00,2026-04-22T20:41:18+00:00,down,0.5009921961,0,True,7.32983791,7.32983791,15.27049565,15.27049565,0.48,0.48,0.121,0.08,0.26681,0,7.59664791,15.27049565,7.673847736,146.5967582,139.0001103,0
free_cash_5pct_cap20,20,current_gamma_schedule_0p07_counterfactual,1,60,full_ladder_snapshot_upper_bound,0x00de7af0965e6e53ee3dc7c200930581164ee9ea13147534928c03ebcaf33ddb,btc-updown-5m-1776894000,2026-04-22T21:40:00+00:00,2026-04-22T21:39:01+00:00,2026-04-22T21:45:28+00:00,2026-04-22T21:46:28+00:00,down,0.5280183926,1,False,7.713530297,7.713530297,15.42706059,15.42706059,0.5,0.5,0.106,0.077,0.26997,0,7.983500297,0,-7.983500297,154.2706059,146.2871056,0
free_cash_5pct_cap20,20,current_gamma_schedule_0p07_counterfactual,1,60,full_ladder_snapshot_upper_bound,0x8be2ebedf887c1bcc57c7e093a97fd7696a8e8f3e981b84e1f7d03e63fdfcedc,btc-updown-5m-1776896400,2026-04-22T22:20:00+00:00,2026-04-22T22:19:01+00:00,2026-04-22T22:25:22+00:00,2026-04-22T22:26:22+00:00,down,0.5066310959,0,True,7.314355282,7.314355282,15.90077235,15.90077235,0.46,0.46,0.094,0.002,0.27648,0,7.590835282,15.90077235,8.30993707,146.2871056,138.6962704,0
free_cash_5pct_cap20,20,current_gamma_schedule_0p07_counterfactual,1,60,full_ladder_snapshot_upper_bound,0x2345fe6929a02fb196df23bcfcefa959be93664418ff36599a182d9ba1f01e28,btc-updown-5m-1776897900,2026-04-22T22:45:00+00:00,2026-04-22T22:44:01+00:00,2026-04-22T22:50:38+00:00,2026-04-22T22:51:38+00:00,down,0.5015052739,0,True,7.729852135,7.729852135,16.10385862,16.10385862,0.48,0.48,0.463,0.295,0.28137,0,8.011222135,16.10385862,8.09263648,154.5970427,146.5858206,0
free_cash_5pct_cap20,20,current_gamma_schedule_0p07_counterfactual,1,60,full_ladder_snapshot_upper_bound,0x282a593d0bee3211297382921660c8de45346a8c292fbb10d6add40a68919562,btc-updown-5m-1776901500,2026-04-22T23:45:00+00:00,2026-04-22T23:44:01+00:00,2026-04-22T23:50:18+00:00,2026-04-22T23:51:18+00:00,down,0.498014074,1,False,8.134483959,8.134483959,17.30741268,17.30741268,0.47,0.47,0.323,0.207,0.30179,0,8.436273959,0,-8.436273959,162.6896792,154.2534052,5.551115123e-17
free_cash_5pct_cap20,20,current_gamma_schedule_0p07_counterfactual,1,60,full_ladder_snapshot_upper_bound,0xd16128e83c79add415bf76a8cb31622192b4268f1fe20a0013e37651a6133599,btc-updown-5m-1776902700,2026-04-23T00:05:00+00:00,2026-04-23T00:04:01+00:00,2026-04-23T00:10:22+00:00,2026-04-23T00:11:22+00:00,up,0.5390477938,0,False,7.712670262,7.712670262,15.12288287,15.12288287,0.51,0.51,0.503,0.351,0.26454,0,7.977210262,0,-7.977210262,154.2534052,146.276195,0
free_cash_5pct_cap20,20,current_gamma_schedule_0p07_counterfactual,1,60,full_ladder_snapshot_upper_bound,0xb8a6b86c600d178d68142e3562c4eb828e5b61c225a5ce121d1dcf6d46306e0f,btc-updown-5m-1776903900,2026-04-23T00:25:00+00:00,2026-04-23T00:24:01+00:00,2026-04-23T00:30:26+00:00,2026-04-23T00:31:26+00:00,up,0.533704175,1,True,7.313809748,7.313809748,14.34080343,14.34080343,0.51,0.51,0.04,0.006,0.25086,0,7.564669748,14.34080343,6.77613368,146.276195,138.7115252,0
free_cash_5pct_cap20,20,current_gamma_schedule_0p07_counterfactual,1,60,full_ladder_snapshot_upper_bound,0x894caf31eced41c32e2eb5eb8c64c43093da19b6e78879a4a97c3213a5eabb58,btc-updown-5m-1776905400,2026-04-23T00:50:00+00:00,2026-04-23T00:49:01+00:00,2026-04-23T00:55:20+00:00,2026-04-23T00:56:20+00:00,up,0.5418223054,0,False,7.652616432,7.652616432,15.30523286,15.30523286,0.5,0.5,0.488,0.326,0.26784,0,7.920456432,0,-7.920456432,153.0523286,145.1318722,0
free_cash_5pct_cap20,20,current_gamma_schedule_0p07_counterfactual,1,60,full_ladder_snapshot_upper_bound,0xc75935dc39e8c952baada40609ac695fb3eaeeb01ec7119aa0173b8c68fc649a,btc-updown-5m-1776905700,2026-04-23T00:55:00+00:00,2026-04-23T00:54:01+00:00,2026-04-23T01:00:22+00:00,2026-04-23T01:01:22+00:00,up,0.5276040032,1,True,7.256593611,7.256593611,14.51318722,14.51318722,0.5,0.5,0.498,0.394,0.25398,0,7.510573611,14.51318722,7.002613611,145.1318722,137.6212986,0
free_cash_5pct_cap20,20,current_gamma_schedule_0p07_counterfactual,1,60,full_ladder_snapshot_upper_bound,0xb1218d00f0d762eae6299ec6165f0a029b321c0c78e0c959837c3ab3a8120e00,btc-updown-5m-1776908700,2026-04-23T01:45:00+00:00,2026-04-23T01:44:01+00:00,2026-04-23T01:50:18+00:00,2026-04-23T01:51:18+00:00,up,0.4942166092,1,True,7.606724291,7.606724291,16.18451977,16.18451977,0.47,0.47,0.33,0.16,0.28221,0,7.888934291,16.18451977,8.295585477,152.1344858,144.2455515,0
free_cash_5pct_cap20,20,current_gamma_schedule_0p07_counterfactual,1,60,full_ladder_snapshot_upper_bound,0x7632de342d71a9eec0e98ab5370e880c4095ca63376fd0163c92d3cdd7450fcf,btc-updown-5m-1776909600,2026-04-23T02:00:00+00:00,2026-04-23T01:59:01+00:00,2026-04-23T02:05:16+00:00,2026-04-23T02:06:16+00:00,up,0.5051154512,0,False,8.021503565,8.021503565,16.71146576,16.71146576,0.48,0.48,0.477,0.397,0.29198,0,8.313483565,0,-8.313483565,160.4300713,152.1165877,0
free_cash_5pct_cap20,20,current_gamma_schedule_0p07_counterfactual,1,60,full_ladder_snapshot_upper_bound,0xa504383b84025b673da2be4b2133542c68d9051229d65f602e1a40eeab516f0f,btc-updown-5m-1776912900,2026-04-23T02:55:00+00:00,2026-04-23T02:54:01+00:00,2026-04-23T03:00:20+00:00,2026-04-23T03:01:20+00:00,up,0.5193812709,0,False,7.605829387,7.605829387,15.21165877,15.21165877,0.5,0.5,0.304,0.271,0.2662,0,7.872029387,0,-7.872029387,152.1165877,144.2445584,0
free_cash_5pct_cap20,20,current_gamma_schedule_0p07_counterfactual,1,60,full_ladder_snapshot_upper_bound,0xcd6bd51cb6e7295471ff614a78d74566d913eeff82230ab3dd26776ac7112833,btc-updown-5m-1776918300,2026-04-23T04:25:00+00:00,2026-04-23T04:24:01+00:00,2026-04-23T04:30:28+00:00,2026-04-23T04:31:28+00:00,up,0.5012682511,1,True,7.212227918,7.212227918,15.02547483,15.02547483,0.48,0.48,0.147,0.111,0.26253,0,7.474757918,15.02547483,7.550716911,144.2445584,136.7698004,0
free_cash_5pct_cap20,20,current_gamma_schedule_0p07_counterfactual,1,60,full_ladder_snapshot_upper_bound,0x6a9c494c11fbb2ba0d831b6fa91b028345707c7df265673d5c6ef8c2e437546b,btc-updown-5m-1776921600,2026-04-23T05:20:00+00:00,2026-04-23T05:19:01+00:00,2026-04-23T05:25:18+00:00,2026-04-23T05:26:18+00:00,down,0.5384821847,0,True,7.589763763,7.589763763,15.4893138,15.4893138,0.49,0.49,0.319,0.18,0.27095,0,7.860713763,15.4893138,7.628600039,151.7952753,143.9345615,0
free_cash_5pct_cap20,20,current_gamma_schedule_0p07_counterfactual,1,60,full_ladder_snapshot_upper_bound,0xd071667e066acbff8a0f7545c376717aece027c0d5686327873d2f4437e2a968,btc-updown-5m-1776923100,2026-04-23T05:45:00+00:00,2026-04-23T05:44:01+00:00,2026-04-23T05:50:26+00:00,2026-04-23T05:51:26+00:00,down,0.4876802076,1,False,7.971193765,7.971193765,16.95998673,16.95998673,0.47,0.47,0.263,0.175,0.29573,0,8.266923765,0,-8.266923765,159.4238753,151.1569515,0
free_cash_5pct_cap20,20,current_gamma_schedule_0p07_counterfactual,1,60,full_ladder_snapshot_upper_bound,0x6c900ce899889202c54c108f6560ebd18de3d569f520d85dea26ce87ea125c8c,btc-updown-5m-1776925800,2026-04-23T06:30:00+00:00,2026-04-23T06:29:01+00:00,2026-04-23T06:35:22+00:00,2026-04-23T06:36:22+00:00,up,0.4731340445,0,False,7.557847577,7.557847577,18.89461894,18.89461894,0.4,0.4,0.478,0.407,0.31743,0,7.875277577,0,-7.875277577,151.1569515,143.281674,0
free_cash_5pct_cap20,20,current_gamma_schedule_0p07_counterfactual,1,60,full_ladder_snapshot_upper_bound,0x5fecbede3affd45f5f1a1b4b2390dd16bca85b3d7912cfd0dfd8a96341c72eaf,btc-updown-5m-1776926400,2026-04-23T06:40:00+00:00,2026-04-23T06:39:01+00:00,2026-04-23T06:45:54+00:00,2026-04-23T06:46:54+00:00,down,0.5379761242,0,True,7.164083698,7.164083698,14.3281674,14.3281674,0.5,0.5,0.112,0.011,0.25074,0,7.414823698,14.3281674,6.913343698,143.281674,135.8668503,0
free_cash_5pct_cap20,20,current_gamma_schedule_0p07_counterfactual,1,60,full_ladder_snapshot_upper_bound,0x8ffddfb24a1548bf0999a476e78c455b3f8d359228aa6f6f25b50b608ed04b97,btc-updown-5m-1776927900,2026-04-23T07:05:00+00:00,2026-04-23T07:04:01+00:00,2026-04-23T07:10:52+00:00,2026-04-23T07:11:52+00:00,down,0.5189965016,0,True,7.509750883,7.509750883,15.01950177,15.01950177,0.5,0.5,0.843,0.769,0.26284,0,7.772590883,15.01950177,7.246910883,150.1950177,142.4224268,0
free_cash_5pct_cap20,20,current_gamma_schedule_0p07_counterfactual,1,60,full_ladder_snapshot_upper_bound,0x88e80b94712413bbcf885eed4babb9eb70309a5c5df56b3e69f985adad0deb64,btc-updown-5m-1776933000,2026-04-23T08:30:00+00:00,2026-04-23T08:29:01+00:00,2026-04-23T08:35:20+00:00,2026-04-23T08:36:20+00:00,down,0.5097500374,0,True,7.872096427,7.872096427,16.06550291,16.06550291,0.49,0.49,0.204,0.063,0.28103,0,8.153126427,16.06550291,7.912376485,157.4419285,149.2888021,0
free_cash_5pct_cap20,20,current_gamma_schedule_0p07_counterfactual,1,60,full_ladder_snapshot_upper_bound,0x253d3a188810c9fcdc8ac545c60f21df1e1df0a66d446e7df2f84be26e46102e,btc-updown-5m-1776935700,2026-04-23T09:15:00+00:00,2026-04-23T09:14:01+00:00,2026-04-23T09:20:20+00:00,2026-04-23T09:21:20+00:00,down,0.5002760244,1,False,8.267715251,8.267715251,17.22440677,17.22440677,0.48,0.48,0.507,0.264,0.30094,0,8.568655251,0,-8.568655251,165.354305,156.7856498,-5.551115123e-17
free_cash_5pct_cap20,20,current_gamma_schedule_0p07_counterfactual,1,60,full_ladder_snapshot_upper_bound,0x41812ebd6b4563d8fb3eeede80d6e71f7b364852fa3234f9fd6bb7221511a842,btc-updown-5m-1776939900,2026-04-23T10:25:00+00:00,2026-04-23T10:24:01+00:00,2026-04-23T10:30:20+00:00,2026-04-23T10:31:20+00:00,down,0.4933256305,1,False,7.839282489,7.839282489,16.67932444,16.67932444,0.47,0.47,0.482,0.291,0.29084,0,8.130122489,0,-8.130122489,156.7856498,148.6555273,0
free_cash_5pct_cap20,20,current_gamma_schedule_0p07_counterfactual,1,60,full_ladder_snapshot_upper_bound,0x4e40242b128337537e6dab3a2fbc8b6b0b696c2975b541789e0fb6fa4654c7d2,btc-updown-5m-1776940200,2026-04-23T10:30:00+00:00,2026-04-23T10:29:01+00:00,2026-04-23T10:35:18+00:00,2026-04-23T10:36:18+00:00,down,0.4980461781,1,False,7.432776364,7.432776364,15.48495076,15.48495076,0.48,0.48,0.12,0.025,0.27055,0,7.703326364,0,-7.703326364,148.6555273,140.9522009,0
free_cash_5pct_cap20,20,current_gamma_schedule_0p07_counterfactual,1,60,full_ladder_snapshot_upper_bound,0x1d915c78efbcc3a2ec27f8220fc97d421e62ead220f7b4bc241730e383cb32a2,btc-updown-5m-1776941700,2026-04-23T10:55:00+00:00,2026-04-23T10:54:01+00:00,2026-04-23T11:00:20+00:00,2026-04-23T11:01:20+00:00,up,0.5291188805,1,True,7.047610046,7.047610046,13.81884323,13.81884323,0.51,0.51,0.191,0.152,0.24173,0,7.289340046,13.81884323,6.529503182,140.9522009,133.6628609,0
free_cash_5pct_cap20,20,current_gamma_schedule_0p07_counterfactual,1,60,full_ladder_snapshot_upper_bound,0x36bfbc622aff3855f592613ecd61ce11afd2e0eb57a1dc3d67bface4ef4e9ce7,btc-updown-5m-1776944700,2026-04-23T11:45:00+00:00,2026-04-23T11:44:01+00:00,2026-04-23T11:50:26+00:00,2026-04-23T11:51:26+00:00,down,0.5201531554,1,False,7.374085205,7.374085205,14.74817041,14.74817041,0.5,0.5,0.06,0.006,0.25809,0,7.632175205,0,-7.632175205,147.4817041,139.8495289,0
free_cash_5pct_cap20,20,current_gamma_schedule_0p07_counterfactual,1,60,full_ladder_snapshot_upper_bound,0xb7f31b6ac373eed7872ddb9e753536dc078de19fbdabfeda0ae2184ae5e1acad,btc-updown-5m-1776945000,2026-04-23T11:50:00+00:00,2026-04-23T11:49:01+00:00,2026-04-23T11:55:22+00:00,2026-04-23T11:56:22+00:00,down,0.543359535,1,False,6.992476445,6.992476445,13.44707009,13.44707009,0.52,0.52,0.453,0.382,0.23495,0,7.227426445,0,-7.227426445,139.8495289,132.6221025,0
free_cash_5pct_cap20,20,current_gamma_schedule_0p07_counterfactual,1,60,full_ladder_snapshot_upper_bound,0x1457566a0f7eb9869486e2487eeadb9d30c6ee5ce5f790f84f4d35b488373980,btc-updown-5m-1776947700,2026-04-23T12:35:00+00:00,2026-04-23T12:34:01+00:00,2026-04-23T12:40:36+00:00,2026-04-23T12:41:36+00:00,down,0.5325926168,1,False,6.631105123,6.631105123,13.26221025,13.26221025,0.5,0.5,0.27,0.09,0.23209,0,6.863195123,0,-6.863195123,132.6221025,125.7589073,0
free_cash_5pct_cap20,20,current_gamma_schedule_0p07_counterfactual,1,60,full_ladder_snapshot_upper_bound,0x45bcbc1c312fc853bf2d30176ca2c7e0becef3b2977b5ee3520cf48e1b8f2af6,btc-updown-5m-1776949200,2026-04-23T13:00:00+00:00,2026-04-23T12:59:01+00:00,2026-04-23T13:05:20+00:00,2026-04-23T13:06:20+00:00,down,0.5192181391,0,True,6.287945367,6.287945367,12.83254156,12.83254156,0.49,0.49,0.134,0.03,0.22448,0,6.512425367,12.83254156,6.320116198,125.7589073,119.246482,-5.551115123e-17
free_cash_5pct_cap20,20,current_gamma_schedule_0p07_counterfactual,1,60,full_ladder_snapshot_upper_bound,0x36e0b552509b14a12f0e82c13a09bfc5b09d92616bad7bd042f56563adc6eb4c,btc-updown-5m-1776950100,2026-04-23T13:15:00+00:00,2026-04-23T13:14:01+00:00,2026-04-23T13:20:36+00:00,2026-04-23T13:21:36+00:00,down,0.5399727715,1,False,6.603951176,6.603951176,13.47745138,13.47745138,0.49,0.49,0.106,0.006,0.23576,0,6.839711176,0,-6.839711176,132.0790235,125.2393124,0
free_cash_5pct_cap20,20,current_gamma_schedule_0p07_counterfactual,1,60,full_ladder_snapshot_upper_bound,0xe2e1d41445af8b011f0132ca3a6c92587041b3b5ad2781ce43c821cf85321ad3,btc-updown-5m-1776953400,2026-04-23T14:10:00+00:00,2026-04-23T14:09:01+00:00,2026-04-23T14:15:20+00:00,2026-04-23T14:16:20+00:00,up,0.5270033497,0,False,6.261965618,6.261965618,12.52393124,12.52393124,0.5,0.5,0.395,0.269,0.21917,0,6.481135618,0,-6.481135618,125.2393124,118.7581767,0
free_cash_5pct_cap20,20,current_gamma_schedule_0p07_counterfactual,1,60,full_ladder_snapshot_upper_bound,0x96d523863ccc5be5d33d9df96b2b59b5a296685311b2061fae4fcf69e1d01c3d,btc-updown-5m-1776953700,2026-04-23T14:15:00+00:00,2026-04-23T14:14:01+00:00,2026-04-23T14:20:36+00:00,2026-04-23T14:21:36+00:00,up,0.5367914114,0,False,5.937908837,5.937908837,11.6429585,11.6429585,0.51,0.51,0.336,0.264,0.20367,0,6.141578837,0,-6.141578837,118.7581767,112.6165979,0
free_cash_5pct_cap20,20,current_gamma_schedule_0p07_counterfactual,1,60,full_ladder_snapshot_upper_bound,0xe7ac790db2d5acd6e4dc94cc8c0e149b8e033c9cfc568410c548fe10772092e6,btc-updown-5m-1776957900,2026-04-23T15:25:00+00:00,2026-04-23T15:24:01+00:00,2026-04-23T15:30:28+00:00,2026-04-23T15:31:28+00:00,up,0.4844561185,0,False,5.630829895,5.630829895,13.73373145,13.73373145,0.41,0.41,0.173,0.128,0.23255,0,5.863379895,0,-5.863379895,112.6165979,106.753218,0
free_cash_5pct_cap20,20,current_gamma_schedule_0p07_counterfactual,1,60,full_ladder_snapshot_upper_bound,0x04b5a96a1cf8be1077f96ed243453106e10c38df7ca89494ed0400b50d4fdbdc,btc-updown-5m-1776960000,2026-04-23T16:00:00+00:00,2026-04-23T15:59:01+00:00,2026-04-23T16:05:20+00:00,2026-04-23T16:06:20+00:00,down,0.5243376478,0,True,5.3376609,5.3376609,10.89318551,10.89318551,0.49,0.49,0.506,0.364,0.19055,0,5.5282109,10.89318551,5.36497461,106.753218,101.2250071,0
free_cash_5pct_cap20,20,current_gamma_schedule_0p07_counterfactual,1,60,full_ladder_snapshot_upper_bound,0xb8d139ec12106c23b93ad09a563ee420647cf8c07f18aada4662c5db938a09ef,btc-updown-5m-1776966900,2026-04-23T17:55:00+00:00,2026-04-23T17:54:01+00:00,2026-04-23T18:00:54+00:00,2026-04-23T18:01:54+00:00,up,0.5465479101,1,True,5.605909631,5.605909631,10.99197967,10.99197967,0.51,0.51,0.306,0.108,0.19228,0,5.798189631,10.99197967,5.193790037,112.1181926,106.320003,0
free_cash_5pct_cap20,20,current_gamma_schedule_0p07_counterfactual,1,60,full_ladder_snapshot_upper_bound,0x8b999e486b8348adb843e4e00333b9a0a1778a01deaa58cc7fad1dad33cbac2f,btc-updown-5m-1776967200,2026-04-23T18:00:00+00:00,2026-04-23T17:59:01+00:00,2026-04-23T18:05:28+00:00,2026-04-23T18:06:28+00:00,up,0.525688421,1,True,5.316000149,5.316000149,10.8489799,10.8489799,0.49,0.49,0.296,0.039,0.18978,0,5.505780149,10.8489799,5.343199747,106.320003,100.8142228,0
free_cash_5pct_cap20,20,current_gamma_schedule_0p07_counterfactual,1,60,full_ladder_snapshot_upper_bound,0x77511ee61d645dd139e12ac964e0c7ccb4f9b837e47bc375e3e0dce6993e7b5e,btc-updown-5m-1776967500,2026-04-23T18:05:00+00:00,2026-04-23T18:04:01+00:00,2026-04-23T18:10:54+00:00,2026-04-23T18:11:54+00:00,up,0.5051443369,1,True,5.590310125,5.590310125,11.64647943,11.64647943,0.48,0.48,0.166,0.098,0.20349,0,5.793800125,11.64647943,5.852679302,111.8062025,106.0124024,5.551115123e-17
free_cash_5pct_cap20,20,current_gamma_schedule_0p07_counterfactual,1,60,full_ladder_snapshot_upper_bound,0xd1b2c257ad52b033664c3e4d94e9027300763b306d70d5edd8d0c8e021a7f8e1,btc-updown-5m-1776968400,2026-04-23T18:20:00+00:00,2026-04-23T18:19:01+00:00,2026-04-23T18:25:18+00:00,2026-04-23T18:26:18+00:00,up,0.5175465503,1,True,6.425393085,6.425393085,13.38623559,13.38623559,0.48,0.48,0.293,0.145,0.23388,0,6.659273085,13.38623559,6.726962509,128.5078617,121.8485886,0
free_cash_5pct_cap20,20,current_gamma_schedule_0p07_counterfactual,1,60,full_ladder_snapshot_upper_bound,0xdad0473f5112d67ba72cde82563255577268d0b5243b576a23875678b034773e,btc-updown-5m-1776971700,2026-04-23T19:15:00+00:00,2026-04-23T19:14:01+00:00,2026-04-23T19:20:20+00:00,2026-04-23T19:21:20+00:00,up,0.5352593479,1,True,6.76174121,6.76174121,13.2583161,13.2583161,0.51,0.51,0.274,0.208,0.23193,0,6.99367121,13.2583161,6.264644888,135.2348242,128.241153,0
free_cash_5pct_cap20,20,current_gamma_schedule_0p07_counterfactual,1,60,full_ladder_snapshot_upper_bound,0x6005f126102ae8af1b1f1b40fab577c2cc559ce8c96ec4518fb38790dd30a417,btc-updown-5m-1776976500,2026-04-23T20:35:00+00:00,2026-04-23T20:34:01+00:00,2026-04-23T20:40:22+00:00,2026-04-23T20:41:22+00:00,down,0.4975887382,1,False,7.074973455,7.074973455,14.73952803,14.73952803,0.48,0.48,0.186,0.02,0.25753,0,7.332503455,0,-7.332503455,141.4994691,134.1669656,0
free_cash_5pct_cap20,20,current_gamma_schedule_0p07_counterfactual,1,60,full_ladder_snapshot_upper_bound,0xcb04eabc74b5956aa7f2db41ceb6a0fd718668fd2b81e2c211126eef33163832,btc-updown-5m-1776978900,2026-04-23T21:15:00+00:00,2026-04-23T21:14:01+00:00,2026-04-23T21:20:36+00:00,2026-04-23T21:21:36+00:00,down,0.4887444924,0,True,6.708348282,6.708348282,14.27308145,14.27308145,0.47,0.47,0.405,0.213,0.24888,0,6.957228282,14.27308145,7.315853169,134.1669656,127.2097374,0
free_cash_5pct_cap20,20,current_gamma_schedule_0p07_counterfactual,1,60,full_ladder_snapshot_upper_bound,0x754dc7ceb2c1b2a71031a5cbafae4d2182c8d35ddadb7f9c3292c864187dc9b7,btc-updown-5m-1776979800,2026-04-23T21:30:00+00:00,2026-04-23T21:29:01+00:00,2026-04-23T21:35:20+00:00,2026-04-23T21:36:20+00:00,down,0.4922846093,1,False,7.074140941,7.074140941,15.37856726,15.37856726,0.46,0.46,0.329,0.198,0.2674,0,7.341540941,0,-7.341540941,141.4828188,134.1412779,0
free_cash_5pct_cap20,20,current_gamma_schedule_0p07_counterfactual,1,60,full_ladder_snapshot_upper_bound,0x6318dbaa105e98a508adb98c41e9c10e470e17d8270dfac836de04db44595121,btc-updown-5m-1776980100,2026-04-23T21:35:00+00:00,2026-04-23T21:34:01+00:00,2026-04-23T21:40:20+00:00,2026-04-23T21:41:20+00:00,down,0.5346538515,1,False,6.707063894,6.707063894,13.41412779,13.41412779,0.5,0.5,0.341,0.175,0.23475,0,6.941813894,0,-6.941813894,134.1412779,127.199464,0
free_cash_5pct_cap20,20,current_gamma_schedule_0p07_counterfactual,1,60,full_ladder_snapshot_upper_bound,0x8f5a6e1c2f6453867d4aeb919be96c2a9c6c98c099b9af0269551048f6c36d7c,btc-updown-5m-1776981900,2026-04-23T22:05:00+00:00,2026-04-23T22:04:01+00:00,2026-04-23T22:10:54+00:00,2026-04-23T22:11:54+00:00,down,0.4908840277,1,False,6.359973199,6.359973199,13.82602869,13.82602869,0.46,0.46,0.381,0.169,0.24041,0,6.600383199,0,-6.600383199,127.199464,120.5990808,0
free_cash_5pct_cap20,20,current_gamma_schedule_0p07_counterfactual,1,60,full_ladder_snapshot_upper_bound,0x5ff8ad616c208771171f2a2f4a4fb12193272e88f393c9c111b657f7eb55140f,btc-updown-5m-1776986400,2026-04-23T23:20:00+00:00,2026-04-23T23:19:01+00:00,2026-04-23T23:25:22+00:00,2026-04-23T23:26:22+00:00,down,0.4795464198,1,False,6.029954039,6.029954039,14.35703343,14.35703343,0.42,0.42,0.221,0.082,0.24482,0,6.274774039,0,-6.274774039,120.5990808,114.3243067,0
free_cash_5pct_cap20,20,current_gamma_schedule_0p07_counterfactual,1,60,full_ladder_snapshot_upper_bound,0x5576979fa3c69f5f5139ea72b19ba3e73eddef5973ec0a75f2cb0a009721aaab,btc-updown-5m-1776987300,2026-04-23T23:35:00+00:00,2026-04-23T23:34:01+00:00,2026-04-23T23:40:22+00:00,2026-04-23T23:41:22+00:00,down,0.5195586765,1,False,5.716215337,5.716215337,11.43243067,11.43243067,0.5,0.5,0.432,0.237,0.20007,0,5.916285337,0,-5.916285337,114.3243067,108.4080214,0
free_cash_5pct_cap20,20,current_gamma_schedule_0p07_counterfactual,1,60,full_ladder_snapshot_upper_bound,0xc7b051ce17785ef26152bab6d0cb7924b8c1b1aee45f3eac656b9256df361dfe,btc-updown-5m-1776987600,2026-04-23T23:40:00+00:00,2026-04-23T23:39:01+00:00,2026-04-23T23:45:20+00:00,2026-04-23T23:46:20+00:00,down,0.5210206953,1,False,5.42040107,5.42040107,10.84080214,10.84080214,0.5,0.5,0.444,0.22,0.18971,0,5.61011107,0,-5.61011107,108.4080214,102.7979103,0
free_cash_5pct_cap20,20,current_gamma_schedule_0p07_counterfactual,1,60,full_ladder_snapshot_upper_bound,0x888f4b22c0575def7e194e7b16b5c53aa151d31977f33bcf66c71bd9c686fbfa,btc-updown-5m-1776991800,2026-04-24T00:50:00+00:00,2026-04-24T00:49:01+00:00,2026-04-24T00:55:18+00:00,2026-04-24T00:56:18+00:00,up,0.4893221607,0,False,5.139895517,5.139895517,10.93594791,10.93594791,0.47,0.47,0.902,0.841,0.19069,0,5.330585517,0,-5.330585517,102.7979103,97.46732482,-5.551115123e-17
free_cash_5pct_cap20,20,current_gamma_schedule_0p07_counterfactual,1,60,full_ladder_snapshot_upper_bound,0x361e0434f24f4fdd085e6eac20d8dbf1d9ea1932e633a23e2d1fd2f008185086,btc-updown-5m-1776992400,2026-04-24T01:00:00+00:00,2026-04-24T00:59:01+00:00,2026-04-24T01:05:22+00:00,2026-04-24T01:06:22+00:00,up,0.4943201716,0,False,4.873366241,4.873366241,11.60325295,11.60325295,0.42,0.42,0.892,0.741,0.19786,0,5.071226241,0,-5.071226241,97.46732482,92.39609858,0
free_cash_5pct_cap20,20,current_gamma_schedule_0p07_counterfactual,1,60,full_ladder_snapshot_upper_bound,0xf7cc6f2bd55e94a3fb3b33f3f06174a231f3c5c369dd1824947bed51b400942d,btc-updown-5m-1776992700,2026-04-24T01:05:00+00:00,2026-04-24T01:04:01+00:00,2026-04-24T01:10:52+00:00,2026-04-24T01:11:52+00:00,down,0.5178221769,0,True,4.619804929,4.619804929,9.428173324,9.428173324,0.49,0.49,0.197,0.136,0.16493,0,4.784734929,9.428173324,4.643438395,92.39609858,87.61136365,0
free_cash_5pct_cap20,20,current_gamma_schedule_0p07_counterfactual,1,60,full_ladder_snapshot_upper_bound,0x2fd1f603a2fb785ff212786a1b70e4eaff6f40e2bb15d8114e78151760ceccb4,btc-updown-5m-1776993300,2026-04-24T01:15:00+00:00,2026-04-24T01:14:01+00:00,2026-04-24T01:20:20+00:00,2026-04-24T01:21:20+00:00,down,0.5102804851,0,True,4.851976849,4.851976849,9.901993568,9.901993568,0.49,0.49,0.495,0.33,0.17322,0,5.025196849,9.901993568,4.87679672,97.03953697,92.01434012,0
free_cash_5pct_cap20,20,current_gamma_schedule_0p07_counterfactual,1,60,full_ladder_snapshot_upper_bound,0x805ea55a989714ea5839152b250fa4d4c4820777c7f16276a2533e168223b8c9,btc-updown-5m-1776995400,2026-04-24T01:50:00+00:00,2026-04-24T01:49:01+00:00,2026-04-24T01:55:16+00:00,2026-04-24T01:56:16+00:00,down,0.518635581,1,False,5.095816685,5.095816685,10.39962589,10.39962589,0.49,0.49,0.213,0.181,0.18192,0,5.277736685,0,-5.277736685,101.9163337,96.63859701,0
free_cash_5pct_cap20,20,current_gamma_schedule_0p07_counterfactual,1,60,full_ladder_snapshot_upper_bound,0x8dfead2aa89a5c350a5dd9236abc2b0441d62a443f07b7629b7a1b48733bccc8,btc-updown-5m-1777001700,2026-04-24T03:35:00+00:00,2026-04-24T03:34:01+00:00,2026-04-24T03:40:22+00:00,2026-04-24T03:41:22+00:00,down,0.4935898929,1,False,4.83192985,4.83192985,10.28070181,10.28070181,0.47,0.47,0.404,0.219,0.17926,0,5.01118985,0,-5.01118985,96.63859701,91.62740716,0
free_cash_5pct_cap20,20,current_gamma_schedule_0p07_counterfactual,1,60,full_ladder_snapshot_upper_bound,0x4cf2569a5da890ee0bfe336f25e71a279f6ea7bd33d7165d7cae194af724c577,btc-updown-5m-1777002000,2026-04-24T03:40:00+00:00,2026-04-24T03:39:01+00:00,2026-04-24T03:45:18+00:00,2026-04-24T03:46:18+00:00,down,0.4917181462,0,True,4.581370358,4.581370358,9.747596506,9.747596506,0.47,0.47,0.159,0.119,0.16997,0,4.751340358,9.747596506,4.996256148,91.62740716,86.8760668,0
free_cash_5pct_cap20,20,current_gamma_schedule_0p07_counterfactual,1,60,full_ladder_snapshot_upper_bound,0x3f2e23591a1b7fd2a9e81b4d227fd5a8b844d59b12967377b722cccb4cca33ca,btc-updown-5m-1777006200,2026-04-24T04:50:00+00:00,2026-04-24T04:49:01+00:00,2026-04-24T04:55:22+00:00,2026-04-24T04:56:22+00:00,down,0.5106949252,0,True,4.831183165,4.831183165,10.27911312,10.27911312,0.47,0.47,0.251,0.118,0.17924,0,5.010423165,10.27911312,5.268689952,96.6236633,91.61324014,0
free_cash_5pct_cap20,20,current_gamma_schedule_0p07_counterfactual,1,60,full_ladder_snapshot_upper_bound,0x7be8dbd906195cc49f34b29a93aee3204235956c3572829d7361a45b2b989eb2,btc-updown-5m-1777007700,2026-04-24T05:15:00+00:00,2026-04-24T05:14:01+00:00,2026-04-24T05:20:22+00:00,2026-04-24T05:21:22+00:00,down,0.4974221761,0,True,5.094617663,5.094617663,10.83961205,10.83961205,0.47,0.47,0.128,0.061,0.18901,0,5.283627663,10.83961205,5.555984386,101.8923533,96.60872559,0
free_cash_5pct_cap20,20,current_gamma_schedule_0p07_counterfactual,1,60,full_ladder_snapshot_upper_bound,0xcc10a17d1a1e72b9a5a5d3706ecb620e82a75878e7e63b31e0a7c0938f31e5fd,btc-updown-5m-1777008000,2026-04-24T05:20:00+00:00,2026-04-24T05:19:01+00:00,2026-04-24T05:25:18+00:00,2026-04-24T05:26:18+00:00,down,0.4873674877,1,False,4.83043628,4.83043628,11.23357274,11.23357274,0.43,0.43,0.186,0.097,0.19273,0,5.02316628,0,-5.02316628,96.60872559,91.58555931,0
free_cash_5pct_cap20,20,current_gamma_schedule_0p07_counterfactual,1,60,full_ladder_snapshot_upper_bound,0xe4a9cca9265781f936eef80287867976bcfdf9390e03f468d3ea810b215486df,btc-updown-5m-1777008600,2026-04-24T05:30:00+00:00,2026-04-24T05:29:01+00:00,2026-04-24T05:35:22+00:00,2026-04-24T05:36:22+00:00,down,0.504206304,1,False,5.121258568,5.121258568,10.66928868,10.66928868,0.48,0.48,0.335,0.135,0.18641,0,5.307668568,0,-5.307668568,102.4251714,97.11750279,0
free_cash_5pct_cap20,20,current_gamma_schedule_0p07_counterfactual,1,60,full_ladder_snapshot_upper_bound,0x4d0640d304eb6909428b2b3b861a838f3728b14399c019e386ecea56ac5ecc2b,btc-updown-5m-1777008900,2026-04-24T05:35:00+00:00,2026-04-24T05:34:01+00:00,2026-04-24T05:40:18+00:00,2026-04-24T05:41:18+00:00,down,0.526591758,1,False,4.85587514,4.85587514,9.711750279,9.711750279,0.5,0.5,0.317,0.247,0.16996,0,5.02583514,0,-5.02583514,97.11750279,92.09166765,0
free_cash_5pct_cap20,20,current_gamma_schedule_0p07_counterfactual,1,60,full_ladder_snapshot_upper_bound,0x6fe8c1670e221c92e3e791310cf031706b3d580c205bb79c2a4f04691418d065,btc-updown-5m-1777009200,2026-04-24T05:40:00+00:00,2026-04-24T05:39:01+00:00,2026-04-24T05:45:22+00:00,2026-04-24T05:46:22+00:00,down,0.5264245991,0,True,4.604583383,4.604583383,9.209166765,9.209166765,0.5,0.5,0.265,0.205,0.16116,0,4.765743383,9.209166765,4.443423383,92.09166765,87.32592427,0
free_cash_5pct_cap20,20,current_gamma_schedule_0p07_counterfactual,1,60,full_ladder_snapshot_upper_bound,0x36ff7f99bce790f6e1c4d5dfc45224787032d556f595175b98d98c77bc4c7568,btc-updown-5m-1777024200,2026-04-24T09:50:00+00:00,2026-04-24T09:49:01+00:00,2026-04-24T09:55:20+00:00,2026-04-24T09:56:20+00:00,down,0.5088640785,1,False,4.826754552,4.826754552,9.850519494,9.850519494,0.49,0.49,0.447,0.408,0.17232,0,4.999074552,0,-4.999074552,96.53509104,91.53601648,0
free_cash_5pct_cap20,20,current_gamma_schedule_0p07_counterfactual,1,60,full_ladder_snapshot_upper_bound,0x88902cc524fa49ee2cca35d4e59fb0d07a51b3fb5257ae75beb9095c4f0d5962,btc-updown-5m-1777026300,2026-04-24T10:25:00+00:00,2026-04-24T10:24:01+00:00,2026-04-24T10:30:54+00:00,2026-04-24T10:31:54+00:00,down,0.518803689,1,False,4.576800824,4.576800824,9.153601648,9.153601648,0.5,0.5,0.812,0.777,0.16019,0,4.736990824,0,-4.736990824,91.53601648,86.79902566,0
free_cash_5pct_cap20,20,current_gamma_schedule_0p07_counterfactual,1,60,full_ladder_snapshot_upper_bound,0xf41d8de682e3dbc2590d33a783e50a14d87f2e8931bb74782d7c905837dd512f,btc-updown-5m-1777031400,2026-04-24T11:50:00+00:00,2026-04-24T11:49:01+00:00,2026-04-24T11:55:22+00:00,2026-04-24T11:56:22+00:00,down,0.5089153496,0,True,4.339951283,4.339951283,9.434676702,9.434676702,0.46,0.46,0.416,0.386,0.16405,0,4.504001283,9.434676702,4.930675419,86.79902566,82.29502438,0
free_cash_5pct_cap20,20,current_gamma_schedule_0p07_counterfactual,1,60,full_ladder_snapshot_upper_bound,0x86d0cf2a357bab166a804fabaa55d3230fe10ddf5b4e1f9a6f14e979fde45407,btc-updown-5m-1777032300,2026-04-24T12:05:00+00:00,2026-04-24T12:04:01+00:00,2026-04-24T12:10:18+00:00,2026-04-24T12:11:18+00:00,up,0.4989266193,0,False,4.586485054,4.586485054,9.555177196,9.555177196,0.48,0.48,0.145,0.095,0.16695,0,4.753435054,0,-4.753435054,91.72970108,86.97626603,-5.551115123e-17
free_cash_5pct_cap20,20,current_gamma_schedule_0p07_counterfactual,1,60,full_ladder_snapshot_upper_bound,0x388483a23ec49cc129d2a5cd8d5a242041af7b6cf1a2810e41323fe135d51c11,btc-updown-5m-1777034700,2026-04-24T12:45:00+00:00,2026-04-24T12:44:01+00:00,2026-04-24T12:50:20+00:00,2026-04-24T12:51:20+00:00,down,0.5093601221,0,True,4.348813301,4.348813301,8.875129186,8.875129186,0.49,0.49,0.25,0.084,0.15525,0,4.504063301,8.875129186,4.371065885,86.97626603,82.47220272,0
free_cash_5pct_cap20,20,current_gamma_schedule_0p07_counterfactual,1,60,full_ladder_snapshot_upper_bound,0x776a76c2a5e219f24eacd9f34d805b2b899a639e92dcd8e422e4434a772f6119,btc-updown-5m-1777038900,2026-04-24T13:55:00+00:00,2026-04-24T13:54:01+00:00,2026-04-24T14:00:20+00:00,2026-04-24T14:01:20+00:00,down,0.5106052519,1,False,4.567366596,4.567366596,9.717801267,9.717801267,0.47,0.47,0.077,0.042,0.16945,0,4.736816596,0,-4.736816596,91.34733191,86.61051532,0
free_cash_5pct_cap20,20,current_gamma_schedule_0p07_counterfactual,1,60,full_ladder_snapshot_upper_bound,0xbccc0098f148c6c3cbc31397d39fb4e9c32ee588cc7b338e14d2815ecb98b47c,btc-updown-5m-1777039200,2026-04-24T14:00:00+00:00,2026-04-24T13:59:01+00:00,2026-04-24T14:05:22+00:00,2026-04-24T14:06:22+00:00,down,0.5057911223,0,True,4.330525766,4.330525766,9.021928679,9.021928679,0.48,0.48,0.315,0.113,0.15763,0,4.488155766,9.021928679,4.533772913,86.61051532,82.12235955,0
free_cash_5pct_cap20,20,current_gamma_schedule_0p07_counterfactual,1,60,full_ladder_snapshot_upper_bound,0xb764ec61ae5c1da3ee18d3e5143ed102b82edc71d176f805edad622a4d9c1003,btc-updown-5m-1777043400,2026-04-24T15:10:00+00:00,2026-04-24T15:09:01+00:00,2026-04-24T15:15:20+00:00,2026-04-24T15:16:20+00:00,down,0.5121200851,1,False,4.557214411,4.557214411,10.12714314,10.12714314,0.45,0.45,0.117,0.074,0.17545,0,4.732664411,0,-4.732664411,91.14428823,86.41162382,0
free_cash_5pct_cap20,20,current_gamma_schedule_0p07_counterfactual,1,60,full_ladder_snapshot_upper_bound,0x6f7cd9aedab5310f571fd5f08fbc9a1fc6ad0f59b478eee0ce4bc25e4927f552,btc-updown-5m-1777043700,2026-04-24T15:15:00+00:00,2026-04-24T15:14:01+00:00,2026-04-24T15:20:16+00:00,2026-04-24T15:21:16+00:00,down,0.5232842102,0,True,4.320581191,4.320581191,9.001210814,9.001210814,0.48,0.48,0.36,0.281,0.15727,0,4.477851191,9.001210814,4.523359623,86.41162382,81.93377263,0
free_cash_5pct_cap20,20,current_gamma_schedule_0p07_counterfactual,1,60,full_ladder_snapshot_upper_bound,0x7ef3dbcaabab7f1d364b5306c77f0d6d8eefb7580a92bb249024b546fdbdb82f,btc-updown-5m-1777044900,2026-04-24T15:35:00+00:00,2026-04-24T15:34:01+00:00,2026-04-24T15:40:20+00:00,2026-04-24T15:41:20+00:00,down,0.5201898238,0,True,4.546749172,4.546749172,9.093498344,9.093498344,0.5,0.5,0.589,0.476,0.15914,0,4.705889172,9.093498344,4.387609172,90.93498344,86.22909427,0
free_cash_5pct_cap20,20,current_gamma_schedule_0p07_counterfactual,1,60,full_ladder_snapshot_upper_bound,0x4cb8e4368d08981191bfad3d7f020abc92bf6ea0d5293f37c8d7850353e688b3,btc-updown-5m-1777045200,2026-04-24T15:40:00+00:00,2026-04-24T15:39:01+00:00,2026-04-24T15:45:46+00:00,2026-04-24T15:46:46+00:00,down,0.5191604219,1,False,4.311454713,4.311454713,8.622909427,8.622909427,0.5,0.5,0.141,0.097,0.1509,0,4.462354713,0,-4.462354713,86.22909427,81.76673955,0
free_cash_5pct_cap20,20,current_gamma_schedule_0p07_counterfactual,1,60,full_ladder_snapshot_upper_bound,0xe475e53bbeba1cb874482f71629948e7db1be4fce5d3b3a2334217f05bc32fd6,btc-updown-5m-1777045500,2026-04-24T15:45:00+00:00,2026-04-24T15:44:01+00:00,2026-04-24T15:50:22+00:00,2026-04-24T15:51:22+00:00,down,0.5195413713,0,True,4.543011895,4.543011895,9.08602379,9.08602379,0.5,0.5,0.087,0.044,0.15901,0,4.702021895,9.08602379,4.384001895,90.8602379,86.158216,0
free_cash_5pct_cap20,20,current_gamma_schedule_0p07_counterfactual,1,60,full_ladder_snapshot_upper_bound,0xa202ddda582e31866ec72f54be4b8551082a87646d3312389df35f764e51c17b,btc-updown-5m-1777045800,2026-04-24T15:50:00+00:00,2026-04-24T15:49:01+00:00,2026-04-24T15:55:20+00:00,2026-04-24T15:56:20+00:00,down,0.5232460813,1,False,4.3079108,4.3079108,8.6158216,8.6158216,0.5,0.5,0.328,0.288,0.15078,0,4.4586908,0,-4.4586908,86.158216,81.6995252,0
free_cash_5pct_cap20,20,current_gamma_schedule_0p07_counterfactual,1,60,full_ladder_snapshot_upper_bound,0x8e224f8e33e5020064fcac7c65c46d2c6fce0ffa3e1a07eee9331698e8c3d903,btc-updown-5m-1777046100,2026-04-24T15:55:00+00:00,2026-04-24T15:54:01+00:00,2026-04-24T16:00:54+00:00,2026-04-24T16:01:54+00:00,down,0.5137645639,1,False,4.53927745,4.53927745,9.26383153,9.26383153,0.49,0.49,0.293,0.157,0.16205,0,4.70132745,0,-4.70132745,90.78554899,86.08422154,0
free_cash_5pct_cap20,20,current_gamma_schedule_0p07_counterfactual,1,60,full_ladder_snapshot_upper_bound,0x13ac91fa0a698ae69f4bea47a3bfd5cd13132076425dbbdd7d2301370a1c89fd,btc-updown-5m-1777049400,2026-04-24T16:50:00+00:00,2026-04-24T16:49:01+00:00,2026-04-24T16:55:20+00:00,2026-04-24T16:56:20+00:00,up,0.5335148452,1,True,4.304211077,4.304211077,8.439629563,8.439629563,0.51,0.51,0.354,0.174,0.14763,0,4.451841077,8.439629563,3.987788486,86.08422154,81.63238047,0
free_cash_5pct_cap20,20,current_gamma_schedule_0p07_counterfactual,1,60,full_ladder_snapshot_upper_bound,0x6602e099f3bcd8220878daec65e1352ac22833a47fd232968ea7577b68c7f3ed,btc-updown-5m-1777051200,2026-04-24T17:20:00+00:00,2026-04-24T17:19:01+00:00,2026-04-24T17:25:18+00:00,2026-04-24T17:26:18+00:00,down,0.5022120042,0,True,4.503600501,4.503600501,9.382501045,9.382501045,0.48,0.48,0.288,0.031,0.16393,0,4.667530501,9.382501045,4.714970543,90.07201003,85.40447953,0
free_cash_5pct_cap20,20,current_gamma_schedule_0p07_counterfactual,1,60,full_ladder_snapshot_upper_bound,0x2eb86a8299a69c0cee703f9027490abe7947c4ebd718b7f89002440f38c1ba73,btc-updown-5m-1777052400,2026-04-24T17:40:00+00:00,2026-04-24T17:39:01+00:00,2026-04-24T17:45:26+00:00,2026-04-24T17:46:26+00:00,up,0.528749292,1,True,4.739349029,4.739349029,9.292841233,9.292841233,0.51,0.51,0.207,0.137,0.16256,0,4.901909029,9.292841233,4.390932204,94.78698057,89.88507154,0
free_cash_5pct_cap20,20,current_gamma_schedule_0p07_counterfactual,1,60,full_ladder_snapshot_upper_bound,0x71528176451a4789733cba6982b8e2956fd863bdb05cf21ba5aff50dea64238c,btc-updown-5m-1777053300,2026-04-24T17:55:00+00:00,2026-04-24T17:54:01+00:00,2026-04-24T18:00:20+00:00,2026-04-24T18:01:20+00:00,up,0.5110848768,0,False,4.958895639,4.958895639,10.33103258,10.33103258,0.48,0.48,0.078,0.043,0.1805,0,5.139395639,0,-5.139395639,99.17791278,94.03851714,0
free_cash_5pct_cap20,20,current_gamma_schedule_0p07_counterfactual,1,60,full_ladder_snapshot_upper_bound,0x40d9b65852c44dffa8b9cf36aae51f1458dfe8deb2e53a9b9ed71a3634b16142,btc-updown-5m-1777057500,2026-04-24T19:05:00+00:00,2026-04-24T19:04:01+00:00,2026-04-24T19:10:36+00:00,2026-04-24T19:11:36+00:00,up,0.4944536305,0,False,4.701925857,4.701925857,10.00409757,10.00409757,0.47,0.47,0.135,0.073,0.17444,0,4.876365857,0,-4.876365857,94.03851714,89.16215128,5.551115123e-17
free_cash_5pct_cap20,20,current_gamma_schedule_0p07_counterfactual,1,60,full_ladder_snapshot_upper_bound,0x2cb452b5de8e0e9832d866831ea28e3c2b384c53b819d6d06ac32956efa6c4f6,btc-updown-5m-1777059300,2026-04-24T19:35:00+00:00,2026-04-24T19:34:01+00:00,2026-04-24T19:40:20+00:00,2026-04-24T19:41:20+00:00,down,0.5012360211,1,False,4.458107564,4.458107564,9.287724092,9.287724092,0.48,0.48,0.28,0.213,0.16228,0,4.620387564,0,-4.620387564,89.16215128,84.54176372,5.551115123e-17
free_cash_5pct_cap20,20,current_gamma_schedule_0p07_counterfactual,1,60,full_ladder_snapshot_upper_bound,0xe8f11d6257d3040a74fdf7d55a56da79657080ceba716242db0187d3276bb24a,btc-updown-5m-1777059900,2026-04-24T19:45:00+00:00,2026-04-24T19:44:01+00:00,2026-04-24T19:50:22+00:00,2026-04-24T19:51:22+00:00,up,0.4878783057,0,False,4.227088186,4.227088186,8.993804651,8.993804651,0.47,0.47,0.162,0.119,0.15682,0,4.383908186,0,-4.383908186,84.54176372,80.15785553,0
free_cash_5pct_cap20,20,current_gamma_schedule_0p07_counterfactual,1,60,full_ladder_snapshot_upper_bound,0x947672af0db2decbf6637cecd5b2b89874431eaeca37eb8f5af604eb01f35c38,btc-updown-5m-1777066200,2026-04-24T21:30:00+00:00,2026-04-24T21:29:01+00:00,2026-04-24T21:35:16+00:00,2026-04-24T21:36:16+00:00,up,0.5026709206,0,False,4.007892777,4.007892777,9.542601849,9.542601849,0.42,0.42,0.263,0.216,0.16272,0,4.170612777,0,-4.170612777,80.15785553,75.98724275,0
free_cash_5pct_cap20,20,current_gamma_schedule_0p07_counterfactual,1,60,full_ladder_snapshot_upper_bound,0x9e7423dc73d483fd02ff141cfe7bf9f1f1b341d8d9d6b4a7f954c1bc5c2dc84a,btc-updown-5m-1777066800,2026-04-24T21:40:00+00:00,2026-04-24T21:39:01+00:00,2026-04-24T21:45:52+00:00,2026-04-24T21:46:52+00:00,down,0.501704817,0,True,3.799362138,3.799362138,8.083749229,8.083749229,0.47,0.47,0.246,0.205,0.14096,0,3.940322138,8.083749229,4.143427091,75.98724275,72.04692062,0
free_cash_5pct_cap20,20,current_gamma_schedule_0p07_counterfactual,1,60,full_ladder_snapshot_upper_bound,0x58a5d2bfe957a7c3e50d8136cef0a30b6c9839c38b27fe625b546e25b387cca4,btc-updown-5m-1777067400,2026-04-24T21:50:00+00:00,2026-04-24T21:49:01+00:00,2026-04-24T21:55:18+00:00,2026-04-24T21:56:18+00:00,down,0.4912397593,0,True,4.006533492,4.006533492,8.524539345,8.524539345,0.47,0.47,0.461,0.299,0.14864,0,4.155173492,8.524539345,4.369365853,80.13066985,75.97549635,-5.551115123e-17
free_cash_5pct_cap20,20,current_gamma_schedule_0p07_counterfactual,1,60,full_ladder_snapshot_upper_bound,0xaef8fd81c2c414d024c94ba394be9472db1d1700920713bcc5008385dc572ebf,btc-updown-5m-1777068300,2026-04-24T22:05:00+00:00,2026-04-24T22:04:01+00:00,2026-04-24T22:10:18+00:00,2026-04-24T22:11:18+00:00,up,0.531079216,0,False,4.225001785,4.225001785,8.284317225,8.284317225,0.51,0.51,0.79,0.706,0.14492,0,4.369921785,0,-4.369921785,84.5000357,80.13011391,0
free_cash_5pct_cap20,20,current_gamma_schedule_0p07_counterfactual,1,60,full_ladder_snapshot_upper_bound,0x6bb0be0c30e41a67c8e1b7cf767b78c56ea48e4b2a8c1629eb8f3f56fa76a18d,btc-updown-5m-1777068900,2026-04-24T22:15:00+00:00,2026-04-24T22:14:01+00:00,2026-04-24T22:20:52+00:00,2026-04-24T22:21:52+00:00,down,0.4723061193,0,True,4.006505696,4.006505696,10.82839377,10.82839377,0.37,0.37,0.236,0.157,0.17669,0,4.183195696,10.82839377,6.645198076,80.13011391,75.94691822,0
free_cash_5pct_cap20,20,current_gamma_schedule_0p07_counterfactual,1,60,full_ladder_snapshot_upper_bound,0xf6f74802db8eedae5df48fc1ef1c2049da930e17e7fa96d720be1bd8c4ca2f52,btc-updown-5m-1777070700,2026-04-24T22:45:00+00:00,2026-04-24T22:44:01+00:00,2026-04-24T22:50:52+00:00,2026-04-24T22:51:52+00:00,down,0.4632869734,1,False,4.3387656,4.3387656,10.33039428,10.33039428,0.42,0.42,0.053,0.024,0.17615,0,4.5149156,0,-4.5149156,86.77531199,82.26039639,0
free_cash_5pct_cap20,20,current_gamma_schedule_0p07_counterfactual,1,60,full_ladder_snapshot_upper_bound,0x5060a90abc8f5bba59f9762fe2c8662775d57f58eedac247cfab1585e47bc720,btc-updown-5m-1777071900,2026-04-24T23:05:00+00:00,2026-04-24T23:04:01+00:00,2026-04-24T23:10:54+00:00,2026-04-24T23:11:54+00:00,down,0.5137622326,1,False,4.11301982,4.11301982,8.393917999,8.393917999,0.49,0.49,0.545,0.483,0.14683,0,4.25984982,0,-4.25984982,82.26039639,78.00054657,0
free_cash_5pct_cap20,20,current_gamma_schedule_0p07_counterfactual,1,60,full_ladder_snapshot_upper_bound,0xcd00a8ccfff0ab3ceddfb126c075f70ce63d9b7cbc10b2995428469a69e51429,btc-updown-5m-1777072800,2026-04-24T23:20:00+00:00,2026-04-24T23:19:01+00:00,2026-04-24T23:25:16+00:00,2026-04-24T23:26:16+00:00,down,0.5199711072,0,True,3.900027329,3.900027329,7.800054657,7.800054657,0.5,0.5,0.849,0.677,0.1365,0,4.036527329,7.800054657,3.763527329,78.00054657,73.96401924,0
free_cash_5pct_cap20,20,current_gamma_schedule_0p07_counterfactual,1,60,full_ladder_snapshot_upper_bound,0x030a7e380211e8ccfb47392d0e6bdede79e3a682593e489ba7783c73b13e941a,btc-updown-5m-1777073400,2026-04-24T23:30:00+00:00,2026-04-24T23:29:01+00:00,2026-04-24T23:35:16+00:00,2026-04-24T23:36:16+00:00,down,0.5210820424,1,False,4.088203695,4.088203695,8.517091031,8.517091031,0.48,0.48,0.049,0.017,0.14881,0,4.237013695,0,-4.237013695,81.7640739,77.52706021,-5.551115123e-17
free_cash_5pct_cap20,20,current_gamma_schedule_0p07_counterfactual,1,60,full_ladder_snapshot_upper_bound,0x3c1370dfbb55476612f6aba8a7032f831aead4266c519042b5816117daeba1be,btc-updown-5m-1777073700,2026-04-24T23:35:00+00:00,2026-04-24T23:34:01+00:00,2026-04-24T23:40:52+00:00,2026-04-24T23:41:52+00:00,down,0.5347214682,0,True,3.87635301,3.87635301,7.752706021,7.752706021,0.5,0.5,0.708,0.429,0.13567,0,4.01202301,7.752706021,3.74068301,77.52706021,73.5150372,0
free_cash_5pct_cap20,20,current_gamma_schedule_0p07_counterfactual,1,60,full_ladder_snapshot_upper_bound,0xbb3a35d5bffb0922d034dbcfbc7944ef5ee832634b100c2f54c832b4c9294d8c,btc-updown-5m-1777074000,2026-04-24T23:40:00+00:00,2026-04-24T23:39:01+00:00,2026-04-24T23:45:18+00:00,2026-04-24T23:46:18+00:00,down,0.5405472449,1,False,3.67575186,3.67575186,7.35150372,7.35150372,0.5,0.5,0.89,0.856,0.12865,0,3.80440186,0,-3.80440186,73.5150372,69.71063534,0
free_cash_5pct_cap20,20,current_gamma_schedule_0p07_counterfactual,1,60,full_ladder_snapshot_upper_bound,0xd239dccc4c2b7b8953d52db384453938fcd74fe3b90572e052701c3109d4bc3a,btc-updown-5m-1777074600,2026-04-24T23:50:00+00:00,2026-04-24T23:49:01+00:00,2026-04-24T23:55:18+00:00,2026-04-24T23:56:18+00:00,down,0.5330668269,1,False,3.873167068,3.873167068,7.904422587,7.904422587,0.49,0.49,0.514,0.389,0.13827,0,4.011437068,0,-4.011437068,77.46334136,73.45190429,0
free_cash_5pct_cap20,20,current_gamma_schedule_0p07_counterfactual,1,60,full_ladder_snapshot_upper_bound,0xcd1d603205448f182fb8dfb944aebc1b7295694d485a2dfa5742bbc9c369a0da,btc-updown-5m-1777074900,2026-04-24T23:55:00+00:00,2026-04-24T23:54:01+00:00,2026-04-25T00:00:24+00:00,2026-04-25T00:01:24+00:00,down,0.5362402784,0,True,3.672595214,3.672595214,7.345190429,7.345190429,0.5,0.5,0.504,0.424,0.12854,0,3.801135214,7.345190429,3.544055214,73.45190429,69.65076907,0
free_cash_5pct_cap20,20,current_gamma_schedule_0p07_counterfactual,1,60,full_ladder_snapshot_upper_bound,0x66b190a42b9a02ec6a7c16d0dcf4a515c283a3b8d184d144b100a4399131efec,btc-updown-5m-1777075200,2026-04-25T00:00:00+00:00,2026-04-24T23:59:01+00:00,2026-04-25T00:05:26+00:00,2026-04-25T00:06:26+00:00,down,0.5390006898,0,True,3.482538454,3.482538454,6.965076907,6.965076907,0.5,0.5,0.125,0.078,0.12189,0,3.604428454,6.965076907,3.360648454,69.65076907,66.04634062,0
free_cash_5pct_cap20,20,current_gamma_schedule_0p07_counterfactual,1,60,full_ladder_snapshot_upper_bound,0x53d8eeaba58d46f55fd762f311c3716360482294286e51ff96e96defc2e429e6,btc-updown-5m-1777076100,2026-04-25T00:15:00+00:00,2026-04-25T00:14:01+00:00,2026-04-25T00:20:18+00:00,2026-04-25T00:21:18+00:00,down,0.5085965185,0,True,4.017830398,4.017830398,8.370479995,8.370479995,0.48,0.48,0.497,0.311,0.14625,0,4.164080398,8.370479995,4.206399598,80.35660796,76.19252756,-5.551115123e-17
free_cash_5pct_cap20,20,current_gamma_schedule_0p07_counterfactual,1,60,full_ladder_snapshot_upper_bound,0xd78070580b8c01677349317a59231fff57c5217ff3e11614a102ea3ac370bb79,btc-updown-5m-1777078200,2026-04-25T00:50:00+00:00,2026-04-25T00:49:01+00:00,2026-04-25T00:55:16+00:00,2026-04-25T00:56:16+00:00,down,0.4895747363,1,False,4.228150378,4.228150378,12.08042965,12.08042965,0.35,0.35,0.369,0.305,0.19238,0,4.420530378,0,-4.420530378,84.56300755,80.14247718,0
free_cash_5pct_cap20,20,current_gamma_schedule_0p07_counterfactual,1,60,full_ladder_snapshot_upper_bound,0x9a783d9f804039c3c5532a10627d1e52dfb13ce773eb120d206af8e1594298b7,btc-updown-5m-1777078500,2026-04-25T00:55:00+00:00,2026-04-25T00:54:01+00:00,2026-04-25T01:00:52+00:00,2026-04-25T01:01:52+00:00,down,0.4889904075,1,False,4.007123859,4.007123859,11.13089961,11.13089961,0.36,0.36,0.145,0.104,0.17952,0,4.186643859,0,-4.186643859,80.14247718,75.95583332,0
free_cash_5pct_cap20,20,current_gamma_schedule_0p07_counterfactual,1,60,full_ladder_snapshot_upper_bound,0xe776dff90db2738528e12ff2aa2ee275f9e9f00055303008a9180515eb237da7,btc-updown-5m-1777079400,2026-04-25T01:10:00+00:00,2026-04-25T01:09:01+00:00,2026-04-25T01:15:16+00:00,2026-04-25T01:16:16+00:00,down,0.5327475005,1,False,3.797791666,3.797791666,7.595583332,7.595583332,0.5,0.5,0.088,0.011,0.13292,0,3.930711666,0,-3.930711666,75.95583332,72.02512165,0
free_cash_5pct_cap20,20,current_gamma_schedule_0p07_counterfactual,1,60,full_ladder_snapshot_upper_bound,0xa022df80685aa3901de95f04011540183a5950f33b3a3ebf7277c90e98fe7c7f,btc-updown-5m-1777080900,2026-04-25T01:35:00+00:00,2026-04-25T01:34:01+00:00,2026-04-25T01:40:20+00:00,2026-04-25T01:41:20+00:00,up,0.4926276927,1,True,3.601256083,3.601256083,7.662246984,7.662246984,0.47,0.47,0.677,0.413,0.13361,0,3.734866083,7.662246984,3.927380902,72.02512165,68.29025557,0
free_cash_5pct_cap20,20,current_gamma_schedule_0p07_counterfactual,1,60,full_ladder_snapshot_upper_bound,0xb8cab1be4ba42c963f1231f2ee73cff064a2cb74a936692c8a55a56a70d04618,btc-updown-5m-1777081200,2026-04-25T01:40:00+00:00,2026-04-25T01:39:01+00:00,2026-04-25T01:45:18+00:00,2026-04-25T01:46:18+00:00,up,0.4928285331,1,True,3.414512778,3.414512778,7.264920805,7.264920805,0.47,0.47,0.073,0.029,0.12668,0,3.541192778,7.264920805,3.723728027,68.29025557,64.74906279,0
free_cash_5pct_cap20,20,current_gamma_schedule_0p07_counterfactual,1,60,full_ladder_snapshot_upper_bound,0xa90bf30529f6b8c7a7ace8969191153c492e14302c189a10144c630221f667ac,btc-updown-5m-1777082700,2026-04-25T02:05:00+00:00,2026-04-25T02:04:01+00:00,2026-04-25T02:10:18+00:00,2026-04-25T02:11:18+00:00,up,0.517720262,1,True,3.983811529,3.983811529,7.967623058,7.967623058,0.5,0.5,0.856,0.747,0.13943,0,4.123241529,7.967623058,3.844381529,79.67623058,75.55298905,0
free_cash_5pct_cap20,20,current_gamma_schedule_0p07_counterfactual,1,60,full_ladder_snapshot_upper_bound,0xd0c0e1b494a47d868b9f1e58375afae2b3856533fa6c71a20db9d3d4fdfb3b81,btc-updown-5m-1777083900,2026-04-25T02:25:00+00:00,2026-04-25T02:24:01+00:00,2026-04-25T02:30:20+00:00,2026-04-25T02:31:20+00:00,down,0.4934996317,1,False,4.176030605,4.176030605,8.885171501,8.885171501,0.47,0.47,0.533,0.315,0.15493,0,4.330960605,0,-4.330960605,83.52061211,79.1896515,-5.551115123e-17
free_cash_5pct_cap20,20,current_gamma_schedule_0p07_counterfactual,1,60,full_ladder_snapshot_upper_bound,0xce9544e93a511b4c91115be14a0d62ee4c7c07a14f24e8265b52d3633946b919,btc-updown-5m-1777089000,2026-04-25T03:50:00+00:00,2026-04-25T03:49:01+00:00,2026-04-25T03:55:22+00:00,2026-04-25T03:56:22+00:00,up,0.4876856393,0,False,3.959482575,3.959482575,8.424431011,8.424431011,0.47,0.47,0.594,0.562,0.1469,0,4.106382575,0,-4.106382575,79.1896515,75.08326893,0
free_cash_5pct_cap20,20,current_gamma_schedule_0p07_counterfactual,1,60,full_ladder_snapshot_upper_bound,0x5880feb8d9344fbcb99a5a7b4232abbbbfa4e605bd79594ccfc9af15e3f4d7f5,btc-updown-5m-1777090200,2026-04-25T04:10:00+00:00,2026-04-25T04:09:01+00:00,2026-04-25T04:15:18+00:00,2026-04-25T04:16:18+00:00,down,0.5206754003,1,False,3.754163446,3.754163446,7.508326893,7.508326893,0.5,0.5,0.106,0.047,0.1314,0,3.885563446,0,-3.885563446,75.08326893,71.19770548,0
free_cash_5pct_cap20,20,current_gamma_schedule_0p07_counterfactual,1,60,full_ladder_snapshot_upper_bound,0x6045de61439f8ed2d85598d63cc60ece017defcda677702e66ecefc308df787a,btc-updown-5m-1777090500,2026-04-25T04:15:00+00:00,2026-04-25T04:14:01+00:00,2026-04-25T04:20:54+00:00,2026-04-25T04:21:54+00:00,down,0.5191053449,0,True,3.559885274,3.559885274,7.119770548,7.119770548,0.5,0.5,0.74,0.687,0.1246,0,3.684485274,7.119770548,3.435285274,71.19770548,67.51322021,0
free_cash_5pct_cap20,20,current_gamma_schedule_0p07_counterfactual,1,60,full_ladder_snapshot_upper_bound,0xb08baed8ddc0651b35ac26c91f7d31f0fed974116bc026ca3ebddb3fd66ab037,btc-updown-5m-1777090800,2026-04-25T04:20:00+00:00,2026-04-25T04:19:01+00:00,2026-04-25T04:25:20+00:00,2026-04-25T04:26:20+00:00,down,0.5233501782,0,True,3.37566101,3.37566101,6.751322021,6.751322021,0.5,0.5,0.8,0.742,0.11815,0,3.49381101,6.751322021,3.25751101,67.51322021,64.0194092,0
free_cash_5pct_cap20,20,current_gamma_schedule_0p07_counterfactual,1,60,full_ladder_snapshot_upper_bound,0x9000b656187c4ba9543ea1ccf4f04d46dd640088e5b174606b8eea0b0ae4f218,btc-updown-5m-1777091100,2026-04-25T04:25:00+00:00,2026-04-25T04:24:01+00:00,2026-04-25T04:30:22+00:00,2026-04-25T04:31:22+00:00,up,0.4770554965,0,False,3.556958987,3.556958987,8.968192652,8.968192652,0.3966193775,0.39,0.617,0.348,0.15018,0,3.707138987,0,-3.707138987,71.13917975,67.43204076,0.006619377543
free_cash_5pct_cap20,20,current_gamma_schedule_0p07_counterfactual,1,60,full_ladder_snapshot_upper_bound,0xe0cc6d53a784ad7b3e2d179ec95aeb96dc9fab50fd5c166b384659987ef60c50,btc-updown-5m-1777091400,2026-04-25T04:30:00+00:00,2026-04-25T04:29:01+00:00,2026-04-25T04:35:26+00:00,2026-04-25T04:36:26+00:00,down,0.5257539136,0,True,3.709168139,3.709168139,7.569730896,7.569730896,0.49,0.49,0.287,0.261,0.13242,0,3.841588139,7.569730896,3.728142757,74.18336278,70.34177464,-5.551115123e-17
free_cash_5pct_cap20,20,current_gamma_schedule_0p07_counterfactual,1,60,full_ladder_snapshot_upper_bound,0x3457991b10b6018276a293bec5f931bc7a5cb9d767c63bd61618ef8cb5b29c3d,btc-updown-5m-1777091700,2026-04-25T04:35:00+00:00,2026-04-25T04:34:01+00:00,2026-04-25T04:40:18+00:00,2026-04-25T04:41:18+00:00,down,0.5112542881,0,True,3.517088732,3.517088732,7.177732106,7.177732106,0.49,0.49,0.255,0.19,0.12556,0,3.642648732,7.177732106,3.535083374,70.34177464,66.69912591,0
free_cash_5pct_cap20,20,current_gamma_schedule_0p07_counterfactual,1,60,full_ladder_snapshot_upper_bound,0x3e41dd4dde15eaa0ea3a889f15e50ca269a33c38aa71c14799113c121f16f1ee,btc-updown-5m-1777092300,2026-04-25T04:45:00+00:00,2026-04-25T04:44:01+00:00,2026-04-25T04:50:22+00:00,2026-04-25T04:51:22+00:00,down,0.5106308657,0,True,4.072329445,4.072329445,8.664530735,8.664530735,0.47,0.47,0.356,0.168,0.15108,0,4.223409445,8.664530735,4.44112129,81.44658891,77.22317946,0
free_cash_5pct_cap20,20,current_gamma_schedule_0p07_counterfactual,1,60,full_ladder_snapshot_upper_bound,0xe4655d26e40bdb84060b9741e9591f8ec33275f4c722d762b2f2d7e9ea5c0220,btc-updown-5m-1777092900,2026-04-25T04:55:00+00:00,2026-04-25T04:54:01+00:00,2026-04-25T05:00:18+00:00,2026-04-25T05:01:18+00:00,down,0.5113132151,1,False,4.29438551,4.29438551,8.764052061,8.764052061,0.49,0.49,0.398,0.322,0.15331,0,4.44769551,0,-4.44769551,85.8877102,81.44001469,0
free_cash_5pct_cap20,20,current_gamma_schedule_0p07_counterfactual,1,60,full_ladder_snapshot_upper_bound,0xfbad9701037161aea484f778194e8fa22b4b275b6ca83a2b07b6feae9c1cd748,btc-updown-5m-1777093200,2026-04-25T05:00:00+00:00,2026-04-25T04:59:01+00:00,2026-04-25T05:05:20+00:00,2026-04-25T05:06:20+00:00,down,0.5136618734,0,True,4.072000734,4.072000734,8.66383135,8.66383135,0.47,0.47,0.376,0.225,0.15107,0,4.223070734,8.66383135,4.440760615,81.44001469,77.21694396,0
free_cash_5pct_cap20,20,current_gamma_schedule_0p07_counterfactual,1,60,full_ladder_snapshot_upper_bound,0xf3410428f199ad3305f8ac78bc686eff1a3b2d053e19f28413e6bbffc0c105af,btc-updown-5m-1777093500,2026-04-25T05:05:00+00:00,2026-04-25T05:04:01+00:00,2026-04-25T05:10:18+00:00,2026-04-25T05:11:18+00:00,down,0.504396447,1,False,3.860847198,3.860847198,8.214568506,8.214568506,0.47,0.47,0.667,0.499,0.14324,0,4.004087198,0,-4.004087198,77.21694396,73.21285676,0
free_cash_5pct_cap20,20,current_gamma_schedule_0p07_counterfactual,1,60,full_ladder_snapshot_upper_bound,0xb8fe48c1de17b275e77af936eabc8ead40f234d3de1e3ed36c34e9c1d306d908,btc-updown-5m-1777093800,2026-04-25T05:10:00+00:00,2026-04-25T05:09:01+00:00,2026-04-25T05:15:52+00:00,2026-04-25T05:16:52+00:00,down,0.5025802248,0,True,4.093834405,4.093834405,8.899640012,8.899640012,0.46,0.46,0.172,0.109,0.15475,0,4.248584405,8.899640012,4.651055606,81.87668811,77.6281037,5.551115123e-17
free_cash_5pct_cap20,20,current_gamma_schedule_0p07_counterfactual,1,60,full_ladder_snapshot_upper_bound,0x2666c3200eeeb7ca5f7b50eceb38d99caed4c69655b84bf57013323b7019f3c6,btc-updown-5m-1777096500,2026-04-25T05:55:00+00:00,2026-04-25T05:54:01+00:00,2026-04-25T06:00:18+00:00,2026-04-25T06:01:18+00:00,down,0.512220315,0,True,4.326387186,4.326387186,8.829361603,8.829361603,0.49,0.49,0.17,0.064,0.15445,0,4.480837186,8.829361603,4.348524418,86.52774371,82.04690653,0
free_cash_5pct_cap20,20,current_gamma_schedule_0p07_counterfactual,1,60,full_ladder_snapshot_upper_bound,0xaa4585c4ba5033c77f8c63d342cddc9322675d26900572db013d1ff8b115e6fe,btc-updown-5m-1777096800,2026-04-25T06:00:00+00:00,2026-04-25T05:59:01+00:00,2026-04-25T06:05:18+00:00,2026-04-25T06:06:18+00:00,down,0.5140860691,1,False,4.102345326,4.102345326,8.546552763,8.546552763,0.48,0.48,0.18,0.026,0.14933,0,4.251675326,0,-4.251675326,82.04690653,77.7952312,0
free_cash_5pct_cap20,20,current_gamma_schedule_0p07_counterfactual,1,60,full_ladder_snapshot_upper_bound,0x00d075baf95d92b9d1de3e717bdf36f8b3cbfb8a6ee6413b9cef1c3cf7892d5a,btc-updown-5m-1777100400,2026-04-25T07:00:00+00:00,2026-04-25T06:59:01+00:00,2026-04-25T07:05:18+00:00,2026-04-25T07:06:18+00:00,down,0.5009755092,0,True,4.33122964,4.33122964,9.215382213,9.215382213,0.47,0.47,0.425,0.387,0.16069,0,4.49191964,9.215382213,4.723462573,86.6245928,82.13267316,0
free_cash_5pct_cap20,20,current_gamma_schedule_0p07_counterfactual,1,60,full_ladder_snapshot_upper_bound,0x51c8a401be1d1507522df7863e271802f4cb18e8971920eee4ba1f151f36fe82,btc-updown-5m-1777101000,2026-04-25T07:10:00+00:00,2026-04-25T07:09:01+00:00,2026-04-25T07:15:52+00:00,2026-04-25T07:16:52+00:00,down,0.4903341191,1,False,4.567402769,4.567402769,9.717878232,9.717878232,0.47,0.47,0.877,0.823,0.16945,0,4.736852769,0,-4.736852769,91.34805538,86.61120261,-5.551115123e-17
free_cash_5pct_cap20,20,current_gamma_schedule_0p07_counterfactual,1,60,full_ladder_snapshot_upper_bound,0x991cae95f0f7931edbe7f3104a1ea7feddabe7a6c8d098aad704264bce095d56,btc-updown-5m-1777101600,2026-04-25T07:20:00+00:00,2026-04-25T07:19:01+00:00,2026-04-25T07:25:18+00:00,2026-04-25T07:26:18+00:00,down,0.49342878,1,False,4.33056013,4.33056013,9.213957724,9.213957724,0.47,0.47,0.866,0.804,0.16066,0,4.49122013,0,-4.49122013,86.61120261,82.11998248,-5.551115123e-17
free_cash_5pct_cap20,20,current_gamma_schedule_0p07_counterfactual,1,60,full_ladder_snapshot_upper_bound,0xd653b47f4469614e8b3e131499d5f75b1cbbe227e829db1f851a51dd32e47f65,btc-updown-5m-1777101900,2026-04-25T07:25:00+00:00,2026-04-25T07:24:01+00:00,2026-04-25T07:30:26+00:00,2026-04-25T07:31:26+00:00,down,0.4901951641,1,False,4.105999124,4.105999124,8.736168349,8.736168349,0.47,0.47,0.887,0.811,0.15233,0,4.258329124,0,-4.258329124,82.11998248,77.86165335,5.551115123e-17
free_cash_5pct_cap20,20,current_gamma_schedule_0p07_counterfactual,1,60,full_ladder_snapshot_upper_bound,0x5b10fd5cfc6e84354d18af3d0dad9df708317fc93a3838be4e60c75cfed25c5a,btc-updown-5m-1777102200,2026-04-25T07:30:00+00:00,2026-04-25T07:29:01+00:00,2026-04-25T07:35:18+00:00,2026-04-25T07:36:18+00:00,down,0.4968680923,1,False,3.893082668,3.893082668,9.269244447,9.269244447,0.42,0.42,0.855,0.634,0.15806,0,4.051142668,0,-4.051142668,77.86165335,73.81051069,0
free_cash_5pct_cap20,20,current_gamma_schedule_0p07_counterfactual,1,60,full_ladder_snapshot_upper_bound,0xbfb4ed70f7c2942431979037d71452fdcf43334f840004853ad219b936dc0bd7,btc-updown-5m-1777102800,2026-04-25T07:40:00+00:00,2026-04-25T07:39:01+00:00,2026-04-25T07:45:18+00:00,2026-04-25T07:46:18+00:00,up,0.4783156304,0,False,3.690525534,3.690525534,8.582617522,8.582617522,0.43,0.43,0.321,0.144,0.14725,0,3.837775534,0,-3.837775534,73.81051069,69.97273515,0
free_cash_5pct_cap20,20,current_gamma_schedule_0p07_counterfactual,1,60,full_ladder_snapshot_upper_bound,0xd675e6a750e0cb9f581926f649cb506b4c7ab504814fdab11dc43b43906e26f6,btc-updown-5m-1777104000,2026-04-25T08:00:00+00:00,2026-04-25T07:59:01+00:00,2026-04-25T08:05:22+00:00,2026-04-25T08:06:22+00:00,down,0.499545641,1,False,3.498636758,3.498636758,7.288826578,7.288826578,0.48,0.48,0.72,0.684,0.12735,0,3.625986758,0,-3.625986758,69.97273515,66.3467484,0
free_cash_5pct_cap20,20,current_gamma_schedule_0p07_counterfactual,1,60,full_ladder_snapshot_upper_bound,0x70bc421a06b89e22760f30e5d3e497212759385c657ea25a337dedae6961e661,btc-updown-5m-1777107900,2026-04-25T09:05:00+00:00,2026-04-25T09:04:01+00:00,2026-04-25T09:10:18+00:00,2026-04-25T09:11:18+00:00,down,0.553766504,1,False,3.31733742,3.31733742,6.63467484,6.63467484,0.5,0.5,0.848,0.815,0.11611,0,3.43344742,0,-3.43344742,66.3467484,62.91330098,0
free_cash_5pct_cap20,20,current_gamma_schedule_0p07_counterfactual,1,60,full_ladder_snapshot_upper_bound,0xcffbf64a6d450ecb5df720a448efc2266afccea5f8b0ff264010ec3ccc0ed9c1,btc-updown-5m-1777108200,2026-04-25T09:10:00+00:00,2026-04-25T09:09:01+00:00,2026-04-25T09:15:52+00:00,2026-04-25T09:16:52+00:00,down,0.5513646046,1,False,3.145665049,3.145665049,6.291330098,6.291330098,0.5,0.5,0.401,0.313,0.1101,0,3.255765049,0,-3.255765049,62.91330098,59.65753593,0
free_cash_5pct_cap20,20,current_gamma_schedule_0p07_counterfactual,1,60,full_ladder_snapshot_upper_bound,0xab034b0eb6d280cd31c1f9bbca4333951910452203b075471ef496bfe0d4c5c4,btc-updown-5m-1777109400,2026-04-25T09:30:00+00:00,2026-04-25T09:29:01+00:00,2026-04-25T09:35:52+00:00,2026-04-25T09:36:52+00:00,down,0.5090999674,1,False,2.982876796,2.982876796,6.346546375,6.346546375,0.47,0.47,0.113,0.045,0.11066,0,3.093536796,0,-3.093536796,59.65753593,56.56399913,0
free_cash_5pct_cap20,20,current_gamma_schedule_0p07_counterfactual,1,60,full_ladder_snapshot_upper_bound,0x13e865959a85f264e450b8296b28c5f2fa3a2f96d458290a59c0e37f17bfed2e,btc-updown-5m-1777110900,2026-04-25T09:55:00+00:00,2026-04-25T09:54:01+00:00,2026-04-25T10:00:22+00:00,2026-04-25T10:01:22+00:00,up,0.4662722218,0,False,2.828199957,2.828199957,6.577209201,6.577209201,0.43,0.43,0.061,0.017,0.11285,0,2.941049957,0,-2.941049957,56.56399913,53.62294917,0
free_cash_5pct_cap20,20,current_gamma_schedule_0p07_counterfactual,1,60,full_ladder_snapshot_upper_bound,0xb4b0da6f7f096a45b19c4322483cb060b50fc2973b7a2675d61a490c75e44e52,btc-updown-5m-1777112400,2026-04-25T10:20:00+00:00,2026-04-25T10:19:01+00:00,2026-04-25T10:25:18+00:00,2026-04-25T10:26:18+00:00,up,0.4846129233,1,True,2.681147459,2.681147459,5.828581432,5.828581432,0.46,0.46,0.871,0.829,0.10135,0,2.782497459,5.828581432,3.046083973,53.62294917,50.84045171,0
free_cash_5pct_cap20,20,current_gamma_schedule_0p07_counterfactual,1,60,full_ladder_snapshot_upper_bound,0xb3d2c798398e4112ab4d498d8a2b3ac1eeb380c954170a8ba73368541a0e960a,btc-updown-5m-1777113300,2026-04-25T10:35:00+00:00,2026-04-25T10:34:01+00:00,2026-04-25T10:40:22+00:00,2026-04-25T10:41:22+00:00,up,0.4551981642,0,False,2.833451657,2.833451657,6.589422459,6.589422459,0.43,0.43,0.311,0.234,0.11305,0,2.946501657,0,-2.946501657,56.66903315,53.72253149,0
free_cash_5pct_cap20,20,current_gamma_schedule_0p07_counterfactual,1,60,full_ladder_snapshot_upper_bound,0xe629c36653ca6c05512f316794cdaeb6a015a3f3f4bb5ed28b498a5023434d61,btc-updown-5m-1777113600,2026-04-25T10:40:00+00:00,2026-04-25T10:39:01+00:00,2026-04-25T10:45:26+00:00,2026-04-25T10:46:26+00:00,up,0.4545285512,0,False,2.686126574,2.686126574,6.246805987,6.246805987,0.43,0.43,0.094,0.059,0.10718,0,2.793306574,0,-2.793306574,53.72253149,50.92922492,0
free_cash_5pct_cap20,20,current_gamma_schedule_0p07_counterfactual,1,60,full_ladder_snapshot_upper_bound,0x7a504a9eb70eefae2258e4e4251c6e0f0cf2758985e4a2d9d26c05548ee394e6,btc-updown-5m-1777115400,2026-04-25T11:10:00+00:00,2026-04-25T11:09:01+00:00,2026-04-25T11:15:20+00:00,2026-04-25T11:16:20+00:00,down,0.488701026,0,True,2.546461246,2.546461246,5.418002651,5.418002651,0.47,0.47,0.913,0.862,0.09447,0,2.640931246,5.418002651,2.777071405,50.92922492,48.28829367,0
free_cash_5pct_cap20,20,current_gamma_schedule_0p07_counterfactual,1,60,full_ladder_snapshot_upper_bound,0xccedda9e6f89ddb9654d8274e68e9688a3b8107f406c0026cc9f718032c743ed,btc-updown-5m-1777116000,2026-04-25T11:20:00+00:00,2026-04-25T11:19:01+00:00,2026-04-25T11:25:18+00:00,2026-04-25T11:26:18+00:00,down,0.4896660745,0,True,2.685314816,2.685314816,5.837640904,5.837640904,0.46,0.46,0.272,0.204,0.1015,0,2.786814816,5.837640904,3.050826088,53.70629632,50.9194815,-5.551115123e-17
free_cash_5pct_cap20,20,current_gamma_schedule_0p07_counterfactual,1,60,full_ladder_snapshot_upper_bound,0xbced553ba08eec32289836afc16bbe5481313a4b349160e12593655e16f62831,btc-updown-5m-1777117200,2026-04-25T11:40:00+00:00,2026-04-25T11:39:01+00:00,2026-04-25T11:45:52+00:00,2026-04-25T11:46:52+00:00,down,0.4634031938,0,True,2.83785612,2.83785612,8.108160344,8.108160344,0.35,0.35,0.127,0.053,0.12912,0,2.96697612,8.108160344,5.141184224,56.75712241,53.79014629,0
free_cash_5pct_cap20,20,current_gamma_schedule_0p07_counterfactual,1,60,full_ladder_snapshot_upper_bound,0xf6f0c911794182ddb9806bf42a49ee1ca191ef3c8ebaca6eaf96dedb7c066bd4,btc-updown-5m-1777117800,2026-04-25T11:50:00+00:00,2026-04-25T11:49:01+00:00,2026-04-25T11:55:36+00:00,2026-04-25T11:56:36+00:00,down,0.4696413827,0,True,3.094915332,3.094915332,7.737288329,7.737288329,0.4,0.4,0.097,0.032,0.12999,0,3.224905332,7.737288329,4.512382997,61.89830663,58.6734013,0
free_cash_5pct_cap20,20,current_gamma_schedule_0p07_counterfactual,1,60,full_ladder_snapshot_upper_bound,0x217c8b06e38c3aadec3e95a8e62f8c28ec5577626b4bcfb6a424a0de552d703b,btc-updown-5m-1777121400,2026-04-25T12:50:00+00:00,2026-04-25T12:49:01+00:00,2026-04-25T12:55:22+00:00,2026-04-25T12:56:22+00:00,down,0.4545546335,1,False,3.320534481,3.320534481,7.90603448,7.90603448,0.42,0.42,0.077,0,0.13481,0,3.455344481,0,-3.455344481,66.41068963,62.95534515,0
free_cash_5pct_cap20,20,current_gamma_schedule_0p07_counterfactual,1,60,full_ladder_snapshot_upper_bound,0xa9b8f880a8779a6391ba7bacbeda58f07b6ed0ec24885ba7363373b457eaa53b,btc-updown-5m-1777122600,2026-04-25T13:10:00+00:00,2026-04-25T13:09:01+00:00,2026-04-25T13:15:22+00:00,2026-04-25T13:16:22+00:00,up,0.5265977907,1,True,3.147767257,3.147767257,6.424014811,6.424014811,0.49,0.49,0.829,0.685,0.11238,0,3.260147257,6.424014811,3.163867554,62.95534515,59.69519789,0
free_cash_5pct_cap20,20,current_gamma_schedule_0p07_counterfactual,1,60,full_ladder_snapshot_upper_bound,0x1afd117c23f67fcdb555c6470ad515eca0c32d3354763a187082ee47fe147c8d,btc-updown-5m-1777126200,2026-04-25T14:10:00+00:00,2026-04-25T14:09:01+00:00,2026-04-25T14:15:36+00:00,2026-04-25T14:16:36+00:00,down,0.5242977867,1,False,3.305960635,3.305960635,6.61192127,6.61192127,0.5,0.5,0.197,0.159,0.11571,0,3.421670635,0,-3.421670635,66.1192127,62.69754207,0
free_cash_5pct_cap20,20,current_gamma_schedule_0p07_counterfactual,1,60,full_ladder_snapshot_upper_bound,0x5eb7836f3005bbcb18007ea25a8666d3a8abc7ba43076c49728286d519a6e01f,btc-updown-5m-1777126500,2026-04-25T14:15:00+00:00,2026-04-25T14:14:01+00:00,2026-04-25T14:20:22+00:00,2026-04-25T14:21:22+00:00,down,0.5263741348,0,True,3.134877103,3.134877103,6.397708374,6.397708374,0.49,0.49,0.553,0.468,0.11192,0,3.246797103,6.397708374,3.150911271,62.69754207,59.45074496,0
free_cash_5pct_cap20,20,current_gamma_schedule_0p07_counterfactual,1,60,full_ladder_snapshot_upper_bound,0x208a67fe64dcb1384973061d41833d2f1b40e1ac7f0421d42c1a16696c9f1d20,btc-updown-5m-1777129200,2026-04-25T15:00:00+00:00,2026-04-25T14:59:01+00:00,2026-04-25T15:05:22+00:00,2026-04-25T15:06:22+00:00,down,0.5086789121,1,False,3.292422667,3.292422667,6.719229932,6.719229932,0.49,0.49,0.243,0.025,0.11754,0,3.409962667,0,-3.409962667,65.84845334,62.43849067,0
free_cash_5pct_cap20,20,current_gamma_schedule_0p07_counterfactual,1,60,full_ladder_snapshot_upper_bound,0x54c8a96baeabb967d705454f1d8c141397ffc737066166e4065463e24bec14d4,btc-updown-5m-1777132800,2026-04-25T16:00:00+00:00,2026-04-25T15:59:01+00:00,2026-04-25T16:05:22+00:00,2026-04-25T16:06:22+00:00,down,0.4569664091,1,False,3.121924534,3.121924534,7.260289613,7.260289613,0.43,0.43,0.908,0.722,0.12456,0,3.246484534,0,-3.246484534,62.43849067,59.19200614,0
free_cash_5pct_cap20,20,current_gamma_schedule_0p07_counterfactual,1,60,full_ladder_snapshot_upper_bound,0xa0c185c85990698f5f342f3bc7a84c5b88512d440825e4fd11e6e892b32b0b27,btc-updown-5m-1777133100,2026-04-25T16:05:00+00:00,2026-04-25T16:04:01+00:00,2026-04-25T16:10:26+00:00,2026-04-25T16:11:26+00:00,down,0.4644963826,1,False,2.959600307,2.959600307,7.046667397,7.046667397,0.42,0.42,0.329,0.256,0.12016,0,3.079760307,0,-3.079760307,59.19200614,56.11224583,0
free_cash_5pct_cap20,20,current_gamma_schedule_0p07_counterfactual,1,60,full_ladder_snapshot_upper_bound,0x400c5fccec86e9b95e5c10bfaec1fabebf99042a1fb7021e4474447e04ff6ce9,btc-updown-5m-1777133700,2026-04-25T16:15:00+00:00,2026-04-25T16:14:01+00:00,2026-04-25T16:20:18+00:00,2026-04-25T16:21:18+00:00,up,0.5276136995,0,False,2.805612291,2.805612291,5.72573937,5.72573937,0.49,0.49,0.201,0.118,0.10016,0,2.905772291,0,-2.905772291,56.11224583,53.20647354,0
free_cash_5pct_cap20,20,current_gamma_schedule_0p07_counterfactual,1,60,full_ladder_snapshot_upper_bound,0x648af3952d0b45e6ee8181522e3c91a73345c9eb1b565d223e183e1314b66c5f,btc-updown-5m-1777134600,2026-04-25T16:30:00+00:00,2026-04-25T16:29:01+00:00,2026-04-25T16:35:22+00:00,2026-04-25T16:36:22+00:00,down,0.4994847265,0,True,2.660323677,2.660323677,5.542340994,5.542340994,0.48,0.48,0.896,0.697,0.09684,0,2.757163677,5.542340994,2.785177317,53.20647354,50.44930986,0
free_cash_5pct_cap20,20,current_gamma_schedule_0p07_counterfactual,1,60,full_ladder_snapshot_upper_bound,0x09834dde1cc26bf909a9d6131676abd7fb25957200396672cc7d77469160b6e2,btc-updown-5m-1777137300,2026-04-25T17:15:00+00:00,2026-04-25T17:14:01+00:00,2026-04-25T17:20:24+00:00,2026-04-25T17:21:24+00:00,down,0.5142687703,0,True,2.799582543,2.799582543,6.086049006,6.086049006,0.46,0.46,0.86,0.627,0.10582,0,2.905402543,6.086049006,3.180646463,55.99165086,53.08624831,0
free_cash_5pct_cap20,20,current_gamma_schedule_0p07_counterfactual,1,60,full_ladder_snapshot_upper_bound,0x1a90ce38b916b1f5d533c7408c0c612d45502e228c7de5b52c781ed18b2551df,btc-updown-5m-1777142700,2026-04-25T18:45:00+00:00,2026-04-25T18:44:01+00:00,2026-04-25T18:50:26+00:00,2026-04-25T18:51:26+00:00,down,0.5264905992,1,False,2.958614866,2.958614866,5.917229732,5.917229732,0.5,0.5,0.489,0.416,0.10355,0,3.062164866,0,-3.062164866,59.17229732,56.11013245,0
free_cash_5pct_cap20,20,current_gamma_schedule_0p07_counterfactual,1,60,full_ladder_snapshot_upper_bound,0x36c1e47f3489d84130785aa3b675325795eaa720543db23db68c12e0799bf134,btc-updown-5m-1777147500,2026-04-25T20:05:00+00:00,2026-04-25T20:04:01+00:00,2026-04-25T20:10:18+00:00,2026-04-25T20:11:18+00:00,down,0.5209349064,1,False,2.805506623,2.805506623,5.611013245,5.611013245,0.5,0.5,0.572,0.112,0.09819,0,2.903696623,0,-2.903696623,56.11013245,53.20643583,0
free_cash_5pct_cap20,20,current_gamma_schedule_0p07_counterfactual,1,60,full_ladder_snapshot_upper_bound,0xc60edfc2d5ae6a31fc6f0f6bd5210228fe27ca9ad0ed377c7dd03becc31a265c,btc-updown-5m-1777151100,2026-04-25T21:05:00+00:00,2026-04-25T21:04:01+00:00,2026-04-25T21:10:20+00:00,2026-04-25T21:11:20+00:00,up,0.4824336491,1,True,2.660321791,2.660321791,5.783308242,5.783308242,0.46,0.46,0.49,0.373,0.10056,0,2.760881791,5.783308242,3.022426451,53.20643583,50.44555404,5.551115123e-17
free_cash_5pct_cap20,20,current_gamma_schedule_0p07_counterfactual,1,60,full_ladder_snapshot_upper_bound,0x6190ea11afde1a5ace1f277a84a83b2d3512d0e45a6ab1e53fb51055d98932f8,btc-updown-5m-1777153500,2026-04-25T21:45:00+00:00,2026-04-25T21:44:01+00:00,2026-04-25T21:50:22+00:00,2026-04-25T21:51:22+00:00,down,0.5679956086,1,False,2.811443114,2.811443114,5.622886228,5.622886228,0.5,0.5,0.931,0.771,0.0984,0,2.909843114,0,-2.909843114,56.22886228,53.31901917,0
free_cash_5pct_cap20,20,current_gamma_schedule_0p07_counterfactual,1,60,full_ladder_snapshot_upper_bound,0xe353d2e586e55e19ee7c130ae13dff32b6b8e6e0822e68279040290e98ae0004,btc-updown-5m-1777153800,2026-04-25T21:50:00+00:00,2026-04-25T21:49:01+00:00,2026-04-25T21:55:18+00:00,2026-04-25T21:56:18+00:00,down,0.5203803911,1,False,2.665950958,2.665950958,5.331901917,5.331901917,0.5,0.5,0.134,0.088,0.09331,0,2.759260958,0,-2.759260958,53.31901917,50.55975821,0
free_cash_5pct_cap20,20,current_gamma_schedule_0p07_counterfactual,1,60,full_ladder_snapshot_upper_bound,0x86583b216c0278166a8895f923e1ba4f63a27af7402ba5ff3a2fa43edc50abc5,btc-updown-5m-1777161900,2026-04-26T00:05:00+00:00,2026-04-26T00:04:01+00:00,2026-04-26T00:10:28+00:00,2026-04-26T00:11:28+00:00,down,0.5487569716,0,True,2.52798791,2.52798791,5.378697682,5.378697682,0.47,0.47,0.578,0.53,0.09379,0,2.62177791,5.378697682,2.756919771,50.55975821,47.9379803,0
free_cash_5pct_cap20,20,current_gamma_schedule_0p07_counterfactual,1,60,full_ladder_snapshot_upper_bound,0xc597f0d959ab24b6cc9ac993d28ab0bebf32ecb09a6aed7e6ef46d52a477a1ac,btc-updown-5m-1777162500,2026-04-26T00:15:00+00:00,2026-04-26T00:14:01+00:00,2026-04-26T00:20:22+00:00,2026-04-26T00:21:22+00:00,up,0.4541713434,0,False,2.665833899,2.665833899,6.334075331,6.334075331,0.4208718336,0.42,0.283,0.124,0.10806,0,2.773893899,0,-2.773893899,53.31667798,50.54278408,0.0008718336368
free_cash_5pct_cap20,20,current_gamma_schedule_0p07_counterfactual,1,60,full_ladder_snapshot_upper_bound,0xc729eacf177ccb12b0b103f7990305c420a5d3f2e327ec324277a80496fcd780,btc-updown-5m-1777163100,2026-04-26T00:25:00+00:00,2026-04-26T00:24:01+00:00,2026-04-26T00:30:36+00:00,2026-04-26T00:31:36+00:00,down,0.5087450038,0,True,2.527139204,2.527139204,5.264873342,5.264873342,0.48,0.48,0.215,0.141,0.09199,0,2.619129204,5.264873342,2.645744138,50.54278408,47.92365488,0
free_cash_5pct_cap20,20,current_gamma_schedule_0p07_counterfactual,1,60,full_ladder_snapshot_upper_bound,0x25b2c17de318e338d813b1e090b596403a4fbde9bc493cfc0886016a26b90870,btc-updown-5m-1777163400,2026-04-26T00:30:00+00:00,2026-04-26T00:29:01+00:00,2026-04-26T00:35:18+00:00,2026-04-26T00:36:18+00:00,down,0.5108200192,1,False,2.396182744,2.396182744,5.098261157,5.098261157,0.47,0.47,0.316,0.106,0.0889,0,2.485082744,0,-2.485082744,47.92365488,45.43857213,0
free_cash_5pct_cap20,20,current_gamma_schedule_0p07_counterfactual,1,60,full_ladder_snapshot_upper_bound,0x79200f68ba450567110277d9da4d27d2c1eaf7084758445b568efea5e3e54bf7,btc-updown-5m-1777164600,2026-04-26T00:50:00+00:00,2026-04-26T00:49:01+00:00,2026-04-26T00:55:28+00:00,2026-04-26T00:56:28+00:00,down,0.5289592545,0,True,2.535172274,2.535172274,5.173820967,5.173820967,0.49,0.49,0.139,0.085,0.09051,0,2.625682274,5.173820967,2.548138693,50.70344547,48.0777632,0
free_cash_5pct_cap20,20,current_gamma_schedule_0p07_counterfactual,1,60,full_ladder_snapshot_upper_bound,0xdeb92ad6a4a60815344e0a1705c0de6d121a6aa57e5331ebddcc51d3d1fc5934,btc-updown-5m-1777165200,2026-04-26T01:00:00+00:00,2026-04-26T00:59:01+00:00,2026-04-26T01:05:36+00:00,2026-04-26T01:06:36+00:00,down,0.5274657551,1,False,2.662579208,2.662579208,5.78821567,5.78821567,0.46,0.46,0.36,0.168,0.10065,0,2.763229208,0,-2.763229208,53.25158417,50.48835496,0
free_cash_5pct_cap20,20,current_gamma_schedule_0p07_counterfactual,1,60,full_ladder_snapshot_upper_bound,0x5db99e0dd536550c79d6ae35833bcb50fee217697c530618a5b4bd471f000d72,btc-updown-5m-1777165500,2026-04-26T01:05:00+00:00,2026-04-26T01:04:01+00:00,2026-04-26T01:10:26+00:00,2026-04-26T01:11:26+00:00,down,0.4959345335,0,True,2.524417748,2.524417748,5.737313064,5.737313064,0.44,0.44,0.166,0.025,0.09896,0,2.623377748,5.737313064,3.113935316,50.48835496,47.86497721,0
free_cash_5pct_cap20,20,current_gamma_schedule_0p07_counterfactual,1,60,full_ladder_snapshot_upper_bound,0x7b3b55e3d641d47384cb9bace4f7aa86a1dd37bb0dd5a3c746e5e3835965c515,btc-updown-5m-1777166400,2026-04-26T01:20:00+00:00,2026-04-26T01:19:01+00:00,2026-04-26T01:25:54+00:00,2026-04-26T01:26:54+00:00,down,0.5054348563,1,False,2.680114514,2.680114514,6.536864668,6.536864668,0.41,0.41,0.228,0.166,0.11069,0,2.790804514,0,-2.790804514,53.60229027,50.81148576,0
free_cash_5pct_cap20,20,current_gamma_schedule_0p07_counterfactual,1,60,full_ladder_snapshot_upper_bound,0xdfb5b42fb3aecf2d8965c42a90a1cb4cd1a8bef1ebd7013ee8e726c977321c3b,btc-updown-5m-1777167600,2026-04-26T01:40:00+00:00,2026-04-26T01:39:01+00:00,2026-04-26T01:45:36+00:00,2026-04-26T01:46:36+00:00,down,0.5016912727,1,False,2.540574288,2.540574288,6.069700686,6.069700686,0.4185666509,0.41,0.226,0.166,0.1034,0,2.643974288,0,-2.643974288,50.81148576,48.16751147,0.008566650903
free_cash_5pct_cap20,20,current_gamma_schedule_0p07_counterfactual,1,60,full_ladder_snapshot_upper_bound,0xfee96ee3062767090a4f2118f2dc44a567afb788acee8bbda607de298514b6b6,btc-updown-5m-1777168500,2026-04-26T01:55:00+00:00,2026-04-26T01:54:01+00:00,2026-04-26T02:01:26+00:00,2026-04-26T02:02:26+00:00,up,0.4799777017,0,False,2.408375574,2.408375574,6.689932149,6.689932149,0.36,0.36,0.937,0.87,0.1079,0,2.516275574,0,-2.516275574,48.16751147,45.6512359,0
free_cash_5pct_cap20,20,current_gamma_schedule_0p07_counterfactual,1,60,full_ladder_snapshot_upper_bound,0x9884b50af866dd78cba49885caacb717d18edac074ef2e3fbfb88bc01a385281,btc-updown-5m-1777173600,2026-04-26T03:20:00+00:00,2026-04-26T03:19:01+00:00,2026-04-26T03:25:26+00:00,2026-04-26T03:26:26+00:00,down,0.5001298208,0,True,2.282561795,2.282561795,5.187640443,5.187640443,0.44,0.44,0.959,0.814,0.08948,0,2.372041795,5.187640443,2.815598648,45.6512359,43.2791941,0
free_cash_5pct_cap20,20,current_gamma_schedule_0p07_counterfactual,1,60,full_ladder_snapshot_upper_bound,0x0897fdc52a3c3ee5a3fe13ac2c39328c7daa2c6112401225bce634d16da37a22,btc-updown-5m-1777175100,2026-04-26T03:45:00+00:00,2026-04-26T03:44:01+00:00,2026-04-26T03:50:26+00:00,2026-04-26T03:51:26+00:00,down,0.4794901478,0,True,2.423341727,2.423341727,5.910589579,5.910589579,0.41,0.41,0.737,0.682,0.10008,0,2.523421727,5.910589579,3.387167852,48.46683455,45.94341282,-5.551115123e-17
free_cash_5pct_cap20,20,current_gamma_schedule_0p07_counterfactual,1,60,full_ladder_snapshot_upper_bound,0xa7ae8a4119fe00f231e693ed717339dd1e13da4617c79f3b1522ab1aee3965b6,btc-updown-5m-1777179000,2026-04-26T04:50:00+00:00,2026-04-26T04:49:01+00:00,2026-04-26T04:55:26+00:00,2026-04-26T04:56:26+00:00,up,0.4740926923,1,True,2.59270012,2.59270012,6.034418884,6.034418884,0.4296519963,0.42,0.429,0.224,0.10351,0,2.69621012,6.034418884,3.338208764,51.8540024,49.15779228,0.009651996316
free_cash_5pct_cap20,20,current_gamma_schedule_0p07_counterfactual,1,60,full_ladder_snapshot_upper_bound,0x1f0bf6af9e8e9960525b9f93c04bb79a4ec68e91c91f0503fb11a1c8bc421bda,btc-updown-5m-1777179300,2026-04-26T04:55:00+00:00,2026-04-26T04:54:01+00:00,2026-04-26T05:00:28+00:00,2026-04-26T05:01:28+00:00,up,0.4718047538,0,False,2.457889614,2.457889614,5.852118128,5.852118128,0.42,0.42,0.95,0.478,0.09979,0,2.557679614,0,-2.557679614,49.15779228,46.60011267,0
free_cash_5pct_cap20,20,current_gamma_schedule_0p07_counterfactual,1,60,full_ladder_snapshot_upper_bound,0xbbd0ae7802f92e7347bbe6b4b8a7b4c811ed0578c65dfd2af92254de1c63d0a1,btc-updown-5m-1777180800,2026-04-26T05:20:00+00:00,2026-04-26T05:19:01+00:00,2026-04-26T05:25:54+00:00,2026-04-26T05:26:54+00:00,up,0.4642697166,0,False,2.631726577,2.631726577,5.981196767,5.981196767,0.44,0.44,0.248,0.146,0.10316,0,2.734886577,0,-2.734886577,52.63453155,49.89964497,0
free_cash_5pct_cap20,20,current_gamma_schedule_0p07_counterfactual,1,60,full_ladder_snapshot_upper_bound,0x23697c18c062a5295d726c7fb9433feac19341108b5b7401034ee19efee2df73,btc-updown-5m-1777182900,2026-04-26T05:55:00+00:00,2026-04-26T05:54:01+00:00,2026-04-26T06:00:36+00:00,2026-04-26T06:01:36+00:00,up,0.4993015007,0,False,2.494982249,2.494982249,5.197879685,5.197879685,0.48,0.48,0.163,0.102,0.09082,0,2.585802249,0,-2.585802249,49.89964497,47.31384272,0
free_cash_5pct_cap20,20,current_gamma_schedule_0p07_counterfactual,1,60,full_ladder_snapshot_upper_bound,0xabbf72613e65f31e4b66fcfbcd5a5b9c6eecb13015542a39450dbc96964cab9b,btc-updown-5m-1777189500,2026-04-26T07:45:00+00:00,2026-04-26T07:44:01+00:00,2026-04-26T07:50:22+00:00,2026-04-26T07:51:22+00:00,down,0.492502401,1,False,2.365692136,2.365692136,5.257093636,5.257093636,0.45,0.45,0.081,0.048,0.09108,0,2.456772136,0,-2.456772136,47.31384272,44.85707059,0
free_cash_5pct_cap20,20,current_gamma_schedule_0p07_counterfactual,1,60,full_ladder_snapshot_upper_bound,0x7a89804e55091ccbdf63b741f59ba662e7728891f548447de29fcfcb85bca6d2,btc-updown-5m-1777195200,2026-04-26T09:20:00+00:00,2026-04-26T09:19:01+00:00,2026-04-26T09:25:18+00:00,2026-04-26T09:26:18+00:00,up,0.5023725421,1,True,2.242853529,2.242853529,5.21593844,5.21593844,0.43,0.43,0.948,0.694,0.08949,0,2.332343529,5.21593844,2.883594911,44.85707059,42.52472706,0
free_cash_5pct_cap20,20,current_gamma_schedule_0p07_counterfactual,1,60,full_ladder_snapshot_upper_bound,0xa1f4f6378ce49837725c22ed416e05c4945bf2832028ba919aae8aadf2794e5a,btc-updown-5m-1777203000,2026-04-26T11:30:00+00:00,2026-04-26T11:29:01+00:00,2026-04-26T11:35:36+00:00,2026-04-26T11:36:36+00:00,up,0.4889851199,0,False,2.387033275,2.387033275,5.078794202,5.078794202,0.47,0.47,0.331,0.113,0.08856,0,2.475593275,0,-2.475593275,47.7406655,45.26507222,0
free_cash_5pct_cap20,20,current_gamma_schedule_0p07_counterfactual,1,60,full_ladder_snapshot_upper_bound,0x67ef1d8db923535d142e3e2e897f2a7831e247a3eb62cff141c9faa017711b0c,btc-updown-5m-1777240200,2026-04-26T21:50:00+00:00,2026-04-26T21:49:01+00:00,2026-04-26T21:57:42+00:00,2026-04-26T21:58:42+00:00,down,0.4802506895,1,False,2.263253611,2.263253611,5.029452469,5.029452469,0.45,0.45,0.148,0.117,0.08714,0,2.350393611,0,-2.350393611,45.26507222,42.91467861,-5.551115123e-17
free_cash_5pct_cap20,20,current_gamma_schedule_0p07_counterfactual,1,60,full_ladder_snapshot_upper_bound,0xb149f9d88b7df0b3352ae2e0d526db16208b5613916b85a57b77c7ff41965d20,btc-updown-5m-1777442700,2026-04-29T06:05:00+00:00,2026-04-29T06:04:01+00:00,2026-04-29T06:10:22+00:00,2026-04-29T06:11:22+00:00,up,0.4702155456,0,False,2.145733931,2.145733931,5.233497392,5.233497392,0.41,0.41,0.999,0.848,0.08862,0,2.234353931,0,-2.234353931,42.91467861,40.68032468,0
free_cash_5pct_cap20,20,current_gamma_schedule_0p07_counterfactual,1,60,full_ladder_snapshot_upper_bound,0x2a12b5af7afd37a25f71d0c04b444166d5e766e8eae6031a5bf674c29fa1442e,btc-updown-5m-1777657500,2026-05-01T17:45:00+00:00,2026-05-01T17:44:01+00:00,2026-05-01T17:50:36+00:00,2026-05-01T17:51:36+00:00,down,0.4955184519,1,False,2.034016234,2.034016234,5.085040585,5.085040585,0.4,0.4,0.134,0.082,0.08543,0,2.119446234,0,-2.119446234,40.68032468,38.56087845,5.551115123e-17
free_cash_5pct_cap20,20,current_gamma_schedule_0p07_counterfactual,1,60,full_ladder_snapshot_upper_bound,0x070211d233a1cac50e819d2c8d7e1f010f6739bb77a0c68a9d0e6f7b0b891761,btc-updown-5m-1777668900,2026-05-01T20:55:00+00:00,2026-05-01T20:54:01+00:00,2026-05-01T21:00:20+00:00,2026-05-01T21:01:20+00:00,down,0.4660471605,1,False,1.928043922,1.928043922,5.073799796,5.073799796,0.38,0.38,0.474,0.428,0.08368,0,2.011723922,0,-2.011723922,38.56087845,36.54915452,0
free_cash_5pct_cap20,20,current_gamma_schedule_0p07_counterfactual,1,60,full_ladder_snapshot_upper_bound,0x9e24f94dcbe125c9469ad452f859ad98f70b46869a5f57dae035ed3a7563bbc7,btc-updown-5m-1777701300,2026-05-02T05:55:00+00:00,2026-05-02T05:54:01+00:00,2026-05-02T06:00:54+00:00,2026-05-02T06:01:54+00:00,up,0.4843302377,0,False,1.827457726,1.827457726,5.710805394,5.710805394,0.32,0.32,0.22,0.118,0.08699,0,1.914447726,0,-1.914447726,36.54915452,34.6347068,0
free_cash_5pct_cap20,20,current_gamma_schedule_0p07_counterfactual,1,60,full_ladder_snapshot_upper_bound,0x787ae7ebbd059a1ffc041bf9e499879b965d06931eb02032d7f6f64ac04d16d6,btc-updown-5m-1777817700,2026-05-03T14:15:00+00:00,2026-05-03T14:14:01+00:00,2026-05-03T14:20:52+00:00,2026-05-03T14:21:52+00:00,up,0.5054066751,0,False,1.73173534,1.73173534,6.184769071,6.184769071,0.28,0.28,0.403,0.224,0.08728,0,1.81901534,0,-1.81901534,34.6347068,32.81569146,0
free_cash_5pct_cap20,20,current_gamma_schedule_0p07_counterfactual,1,60,full_ladder_snapshot_upper_bound,0x58fe63891a0dd7dde49321ccf3a0feb4bb7e9c25eeeada99230febd523e18dbf,btc-updown-5m-1778421000,2026-05-10T13:50:00+00:00,2026-05-10T13:49:01+00:00,2026-05-10T13:55:17+00:00,2026-05-10T13:56:17+00:00,up,0.4658167369,0,False,1.640784573,1.640784573,5.12745179,5.12745179,0.32,0.32,0.327,0.264,0.0781,0,1.718884573,0,-1.718884573,32.81569146,31.09680689,0
free_cash_5pct_cap20,20,current_gamma_schedule_0p07_counterfactual,1,60,full_ladder_snapshot_upper_bound,0xfe222a6466b7df754d8783fcb4ba304fccc75bff582ec6ee3a1931a82dadb1c5,btc-updown-5m-1779009000,2026-05-17T09:10:00+00:00,2026-05-17T09:09:01+00:00,2026-05-17T09:15:15+00:00,2026-05-17T09:16:15+00:00,down,0.5048520494,1,False,1.554840344,1.554840344,5.015614014,5.015614014,0.31,0.31,0.277,0.072,0.0751,0,1.629940344,0,-1.629940344,31.09680689,29.46686654,0
free_cash_5pct_cap20,20,current_gamma_schedule_0p07_counterfactual,1,60,full_ladder_snapshot_upper_bound,0x319c1359657e12ee8714c9e71e3f1b90309de36902a495f8ba3c931fb5048a94,btc-updown-5m-1784391600,2026-07-18T16:20:00+00:00,2026-07-18T16:19:01+00:00,2026-07-18T16:25:21+00:00,2026-07-18T16:26:21+00:00,down,0.5494303183,1,False,1.473343327,1.473343327,7.366716635,7.366716635,0.2,0.2,0.157,0.047,0.08251,0,1.555853327,0,-1.555853327,29.46686654,27.91101321,0
free_cash_5pct_cap20,20,current_gamma_schedule_0p07_counterfactual,1,60,full_ladder_snapshot_upper_bound,0x3ed92986319277f77f78702e3141b981f80b9c1aee1a2c3e8ccb7dddd86725d8,btc-updown-5m-1786209900,2026-08-08T17:25:00+00:00,2026-08-08T17:24:01+00:00,2026-08-08T17:31:25+00:00,2026-08-08T17:32:25+00:00,up,0.4875398275,1,True,1.395550661,1.395550661,7.753059226,7.753059226,0.18,0.18,0.476,0.432,0.0801,0,1.475650661,7.753059226,6.277408565,27.91101321,26.43536255,0
free_cash_5pct_cap20,20,current_gamma_schedule_0p07_counterfactual,1,60,full_ladder_snapshot_upper_bound,0x52dbbcfe9f893c04421c20d9463bdde6adcc3a04867de1221b4bcd6e506263b1,btc-updown-5m-1786213200,2026-08-08T18:20:00+00:00,2026-08-08T18:19:01+00:00,2026-08-08T18:26:25+00:00,2026-08-08T18:27:25+00:00,up,0.4949187263,0,False,1.709421089,1.709421089,5.027709085,5.027709085,0.34,0.34,0.545,0.32,0.07898,0,1.788401089,0,-1.788401089,34.18842178,32.40002069,0
free_cash_5pct_cap20,20,current_gamma_schedule_0p07_counterfactual,1,60,full_ladder_snapshot_upper_bound,0x7eecce7d0454649e59a67d473c3d394a7abf160059c21ed91b1cf38802620203,btc-updown-5m-1786214100,2026-08-08T18:35:00+00:00,2026-08-08T18:34:01+00:00,2026-08-08T18:41:25+00:00,2026-08-08T18:42:25+00:00,up,0.5014945375,0,False,1.620001035,1.620001035,5.062503233,5.062503233,0.32,0.32,0.177,0.126,0.07711,0,1.697111035,0,-1.697111035,32.40002069,30.70290966,0
free_cash_5pct_cap20,20,current_gamma_schedule_0p07_counterfactual,1,60,full_ladder_snapshot_upper_bound,0x3987fc7cc8f932187e1ee26eb2b7c38a048d07b9cb985265554d16ca53b20364,btc-updown-5m-1786217700,2026-08-08T19:35:00+00:00,2026-08-08T19:34:01+00:00,2026-08-08T19:41:25+00:00,2026-08-08T19:42:25+00:00,down,0.4562672188,1,False,1.535145483,1.535145483,5.117151609,5.117151609,0.3,0.3,0.107,0.01,0.07522,0,1.610365483,0,-1.610365483,30.70290966,29.09254417,0
free_cash_5pct_cap20,20,current_gamma_schedule_0p07_counterfactual,1,60,full_ladder_snapshot_upper_bound,0xc749c263e28b5a43466f7bda0ade3ee77d801914f5e939349a53ba4b6009d5cb,btc-updown-5m-1786218900,2026-08-08T19:55:00+00:00,2026-08-08T19:54:01+00:00,2026-08-08T20:01:28+00:00,2026-08-08T20:02:28+00:00,down,0.5041456371,1,False,1.454627209,1.454627209,6.611941858,6.611941858,0.22,0.22,0.191,0.117,0.07942,0,1.534047209,0,-1.534047209,29.09254417,27.55849696,0
free_cash_5pct_cap20,20,current_gamma_schedule_0p07_counterfactual,1,60,full_ladder_snapshot_upper_bound,0x90a1c6632cd78258c7eab714f4375d2b03da915d24da4197f1fac00f9da741fe,btc-updown-5m-1786224300,2026-08-08T21:25:00+00:00,2026-08-08T21:24:01+00:00,2026-08-08T21:31:25+00:00,2026-08-08T21:32:25+00:00,up,0.4958082995,0,False,1.377924848,1.377924848,8.612030301,8.612030301,0.16,0.16,0.23,0.044,0.08102,0,1.458944848,0,-1.458944848,27.55849696,26.09955212,0
free_cash_5pct_cap20,20,current_gamma_schedule_0p07_counterfactual,1,60,full_ladder_snapshot_upper_bound,0x76bf9b57e363e2977fe6e9aa9f3771f15ddb9ccf915f5ed62d8558278a673c04,btc-updown-5m-1788012300,2026-08-29T14:05:00+00:00,2026-08-29T14:04:01+00:00,2026-08-29T14:10:54+00:00,2026-08-29T14:11:54+00:00,down,0.5269066412,1,False,1.304977606,1.304977606,5.019144638,5.019144638,0.26,0.26,0.08,0.033835,0.0676,0,1.372577606,0,-1.372577606,26.09955212,24.72697451,0
