month_utc,opening_cost_basis_equity_usd,closing_cost_basis_equity_usd,opening_free_cash_usd,closing_free_cash_usd,closing_locked_cost_basis_usd,net_pnl_usd,entry_count,gross_turnover_usd,fees_paid_estimated_usd,monthly_max_drawdown_cost_basis_equity,minimum_free_cash_usd,maximum_cost_basis_exposure_usd,maximum_concurrent_positions,skip_reasons,segment_id,scenario_id,policy,cap_usd,fee_scenario,ask_age_limit_seconds,release_delay_seconds,execution_assumption
2026-04,100,72.80070751,100,72.80070751,0,-27.19929249,541,2705,99.10322753,0.8341070648,30.02300249,10,2,"{""ambiguous_equal_source_timestamp_order"": 587, ""ask_source_age_over_1s"": 5, ""exchange_maintenance_pause"": 1, ""native_ask_bbo_reconciliation_mismatch"": 234, ""no_positive_net_expected_value"": 2056, ""no_priceable_native_ask_side"": 977}",continuous_mixed_regime_estimate,fee=market_schedule_with_historical_collection_unit|ask_age<=1s|release=60s|exec=full_ladder_snapshot_upper_bound,fixed_5_usd,,market_schedule_with_historical_collection_unit,1,60,full_ladder_snapshot_upper_bound
2026-05,72.80070751,2.745127464,72.80070751,2.745127464,0,-70.05558004,116,580,21.66367,0.9673775958,2.745127464,10,2,"{""ambiguous_equal_source_timestamp_order"": 1184, ""ask_source_age_over_1s"": 339, ""insufficient_free_cash_for_cash_debit"": 1134, ""missing_official_outcome_or_resolution_time"": 10, ""native_ask_bbo_reconciliation_mismatch"": 410, ""no_native_book_snapshot"": 316, ""no_positive_net_expected_value"": 4036, ""no_priceable_native_ask_side"": 1382}",continuous_mixed_regime_estimate,fee=market_schedule_with_historical_collection_unit|ask_age<=1s|release=60s|exec=full_ladder_snapshot_upper_bound,fixed_5_usd,,market_schedule_with_historical_collection_unit,1,60,full_ladder_snapshot_upper_bound
2026-06,2.745127464,2.745127464,2.745127464,2.745127464,0,0,0,0,0,0,2.745127464,0,0,"{""ambiguous_equal_source_timestamp_order"": 375, ""archive_gap_after_book_initialization"": 8, ""archive_hour_missing_at_entry"": 36, ""ask_source_age_over_1s"": 1034, ""insufficient_free_cash_for_cash_debit"": 535, ""no_native_book_snapshot"": 5046, ""no_positive_net_expected_value"": 1505, ""no_priceable_native_ask_side"": 95}",continuous_mixed_regime_estimate,fee=market_schedule_with_historical_collection_unit|ask_age<=1s|release=60s|exec=full_ladder_snapshot_upper_bound,fixed_5_usd,,market_schedule_with_historical_collection_unit,1,60,full_ladder_snapshot_upper_bound
2026-07,2.745127464,2.745127464,2.745127464,2.745127464,0,0,0,0,0,0,2.745127464,0,0,"{""ambiguous_equal_source_timestamp_order"": 343, ""ask_source_age_over_1s"": 490, ""insufficient_free_cash_for_cash_debit"": 1827, ""no_native_book_snapshot"": 2101, ""no_positive_net_expected_value"": 4074, ""no_priceable_native_ask_side"": 92}",continuous_mixed_regime_estimate,fee=market_schedule_with_historical_collection_unit|ask_age<=1s|release=60s|exec=full_ladder_snapshot_upper_bound,fixed_5_usd,,market_schedule_with_historical_collection_unit,1,60,full_ladder_snapshot_upper_bound
2026-08,2.745127464,2.745127464,2.745127464,2.745127464,0,0,0,0,0,0,2.745127464,0,0,"{""ambiguous_equal_source_timestamp_order"": 1511, ""ask_source_age_over_1s"": 81, ""future_source_timestamp_at_entry"": 1, ""insufficient_free_cash_for_cash_debit"": 1592, ""missing_official_outcome_or_resolution_time"": 1, ""no_native_book_snapshot"": 916, ""no_positive_net_expected_value"": 4717, ""no_priceable_native_ask_side"": 109}",continuous_mixed_regime_estimate,fee=market_schedule_with_historical_collection_unit|ask_age<=1s|release=60s|exec=full_ladder_snapshot_upper_bound,fixed_5_usd,,market_schedule_with_historical_collection_unit,1,60,full_ladder_snapshot_upper_bound
2026-09,2.745127464,2.745127464,2.745127464,2.745127464,0,0,0,0,0,0,2.745127464,0,0,"{""ambiguous_equal_source_timestamp_order"": 28, ""ask_source_age_over_1s"": 30, ""insufficient_free_cash_for_cash_debit"": 1601, ""native_ask_bbo_reconciliation_mismatch"": 6, ""no_positive_net_expected_value"": 6949, ""no_priceable_native_ask_side"": 25}",continuous_mixed_regime_estimate,fee=market_schedule_with_historical_collection_unit|ask_age<=1s|release=60s|exec=full_ladder_snapshot_upper_bound,fixed_5_usd,,market_schedule_with_historical_collection_unit,1,60,full_ladder_snapshot_upper_bound
2026-10,2.745127464,2.745127464,2.745127464,2.745127464,0,0,0,0,0,0,2.745127464,0,0,"{""ambiguous_equal_source_timestamp_order"": 1, ""ask_source_age_over_1s"": 3, ""future_source_timestamp_at_entry"": 2, ""insufficient_free_cash_for_cash_debit"": 467, ""no_positive_net_expected_value"": 1255}",continuous_mixed_regime_estimate,fee=market_schedule_with_historical_collection_unit|ask_age<=1s|release=60s|exec=full_ladder_snapshot_upper_bound,fixed_5_usd,,market_schedule_with_historical_collection_unit,1,60,full_ladder_snapshot_upper_bound
2026-04,100,40.78565635,100,40.78565635,8.881784197e-16,-59.21434365,442,2134.062066,78.13064448,0.8021376717,40.78565635,10,2,"{""ambiguous_equal_source_timestamp_order"": 587, ""ask_source_age_over_1s"": 5, ""below_minimum_order_shares"": 60, ""exchange_maintenance_pause"": 1, ""native_ask_bbo_reconciliation_mismatch"": 234, ""no_positive_net_expected_value"": 1724, ""no_priceable_native_ask_side"": 1348}",continuous_mixed_regime_estimate,fee=market_schedule_with_historical_collection_unit|ask_age<=1s|release=60s|exec=full_ladder_snapshot_upper_bound,free_cash_5pct_cap5,5,market_schedule_with_historical_collection_unit,1,60,full_ladder_snapshot_upper_bound
2026-05,40.78565635,29.54317752,40.78565635,29.54317752,8.881784197e-16,-11.24247883,6,10.74462883,0.49785,0.2741235157,29.54317752,2.039282817,1,"{""ambiguous_equal_source_timestamp_order"": 1184, ""ask_source_age_over_1s"": 339, ""below_minimum_order_shares"": 2210, ""missing_official_outcome_or_resolution_time"": 10, ""native_ask_bbo_reconciliation_mismatch"": 410, ""no_native_book_snapshot"": 316, ""no_priceable_native_ask_side"": 4452}",continuous_mixed_regime_estimate,fee=market_schedule_with_historical_collection_unit|ask_age<=1s|release=60s|exec=full_ladder_snapshot_upper_bound,free_cash_5pct_cap5,5,market_schedule_with_historical_collection_unit,1,60,full_ladder_snapshot_upper_bound
2026-06,29.54317752,29.54317752,29.54317752,29.54317752,8.881784197e-16,0,0,0,0,0,29.54317752,0,0,"{""ambiguous_equal_source_timestamp_order"": 375, ""archive_gap_after_book_initialization"": 8, ""archive_hour_missing_at_entry"": 36, ""ask_source_age_over_1s"": 1034, ""below_minimum_order_shares"": 1886, ""no_native_book_snapshot"": 5046, ""no_priceable_native_ask_side"": 249}",continuous_mixed_regime_estimate,fee=market_schedule_with_historical_collection_unit|ask_age<=1s|release=60s|exec=full_ladder_snapshot_upper_bound,free_cash_5pct_cap5,5,market_schedule_with_historical_collection_unit,1,60,full_ladder_snapshot_upper_bound
2026-07,29.54317752,27.98329864,29.54317752,27.98329864,8.881784197e-16,-1.559878876,1,1.477158876,0.08272,0.05014039157,27.98329864,1.477158876,1,"{""ambiguous_equal_source_timestamp_order"": 343, ""ask_source_age_over_1s"": 490, ""below_minimum_order_shares"": 5179, ""no_native_book_snapshot"": 2101, ""no_priceable_native_ask_side"": 813}",continuous_mixed_regime_estimate,fee=market_schedule_with_historical_collection_unit|ask_age<=1s|release=60s|exec=full_ladder_snapshot_upper_bound,free_cash_5pct_cap5,5,market_schedule_with_historical_collection_unit,1,60,full_ladder_snapshot_upper_bound
2026-08,27.98329864,24.79101171,27.98329864,24.79101171,8.881784197e-16,-3.192286928,7,10.42457544,0.54085,0.2767442006,24.79101171,1.713848111,1,"{""ambiguous_equal_source_timestamp_order"": 1511, ""ask_source_age_over_1s"": 81, ""below_minimum_order_shares"": 4875, ""future_source_timestamp_at_entry"": 1, ""missing_official_outcome_or_resolution_time"": 1, ""no_native_book_snapshot"": 916, ""no_priceable_native_ask_side"": 1536}",continuous_mixed_regime_estimate,fee=market_schedule_with_historical_collection_unit|ask_age<=1s|release=60s|exec=full_ladder_snapshot_upper_bound,free_cash_5pct_cap5,5,market_schedule_with_historical_collection_unit,1,60,full_ladder_snapshot_upper_bound
2026-09,24.79101171,24.79101171,24.79101171,24.79101171,8.881784197e-16,0,0,0,0,0,24.79101171,0,0,"{""ambiguous_equal_source_timestamp_order"": 28, ""ask_source_age_over_1s"": 30, ""below_minimum_order_shares"": 5348, ""native_ask_bbo_reconciliation_mismatch"": 6, ""no_priceable_native_ask_side"": 3227}",continuous_mixed_regime_estimate,fee=market_schedule_with_historical_collection_unit|ask_age<=1s|release=60s|exec=full_ladder_snapshot_upper_bound,free_cash_5pct_cap5,5,market_schedule_with_historical_collection_unit,1,60,full_ladder_snapshot_upper_bound
2026-10,24.79101171,24.79101171,24.79101171,24.79101171,8.881784197e-16,0,0,0,0,0,24.79101171,8.881784197e-16,0,"{""ambiguous_equal_source_timestamp_order"": 1, ""ask_source_age_over_1s"": 3, ""below_minimum_order_shares"": 1717, ""future_source_timestamp_at_entry"": 2, ""no_priceable_native_ask_side"": 5}",continuous_mixed_regime_estimate,fee=market_schedule_with_historical_collection_unit|ask_age<=1s|release=60s|exec=full_ladder_snapshot_upper_bound,free_cash_5pct_cap5,5,market_schedule_with_historical_collection_unit,1,60,full_ladder_snapshot_upper_bound
2026-04,100,40.138257,100,40.138257,1.154631946e-14,-59.861743,426,2662.658677,97.25307303,0.8264726571,40.138257,20,2,"{""ambiguous_equal_source_timestamp_order"": 587, ""ask_source_age_over_1s"": 5, ""below_minimum_order_shares"": 72, ""exchange_maintenance_pause"": 1, ""native_ask_bbo_reconciliation_mismatch"": 234, ""no_positive_net_expected_value"": 1652, ""no_priceable_native_ask_side"": 1424}",continuous_mixed_regime_estimate,fee=market_schedule_with_historical_collection_unit|ask_age<=1s|release=60s|exec=full_ladder_snapshot_upper_bound,free_cash_5pct_cap10,10,market_schedule_with_historical_collection_unit,1,60,full_ladder_snapshot_upper_bound
2026-05,40.138257,30.68244294,40.138257,30.68244294,1.154631946e-14,-9.455814056,5,9.039954056,0.41586,0.2339724316,30.68244294,2.00691285,1,"{""ambiguous_equal_source_timestamp_order"": 1184, ""ask_source_age_over_1s"": 339, ""below_minimum_order_shares"": 2210, ""missing_official_outcome_or_resolution_time"": 10, ""native_ask_bbo_reconciliation_mismatch"": 410, ""no_native_book_snapshot"": 316, ""no_priceable_native_ask_side"": 4453}",continuous_mixed_regime_estimate,fee=market_schedule_with_historical_collection_unit|ask_age<=1s|release=60s|exec=full_ladder_snapshot_upper_bound,free_cash_5pct_cap10,10,market_schedule_with_historical_collection_unit,1,60,full_ladder_snapshot_upper_bound
2026-06,30.68244294,30.68244294,30.68244294,30.68244294,1.154631946e-14,0,0,0,0,0,30.68244294,0,0,"{""ambiguous_equal_source_timestamp_order"": 375, ""archive_gap_after_book_initialization"": 8, ""archive_hour_missing_at_entry"": 36, ""ask_source_age_over_1s"": 1034, ""below_minimum_order_shares"": 1886, ""no_native_book_snapshot"": 5046, ""no_priceable_native_ask_side"": 249}",continuous_mixed_regime_estimate,fee=market_schedule_with_historical_collection_unit|ask_age<=1s|release=60s|exec=full_ladder_snapshot_upper_bound,free_cash_5pct_cap10,10,market_schedule_with_historical_collection_unit,1,60,full_ladder_snapshot_upper_bound
2026-07,30.68244294,29.0624108,30.68244294,29.0624108,1.154631946e-14,-1.620032147,1,1.534122147,0.08591,0.05014039172,29.0624108,1.534122147,1,"{""ambiguous_equal_source_timestamp_order"": 343, ""ask_source_age_over_1s"": 490, ""below_minimum_order_shares"": 5179, ""no_native_book_snapshot"": 2101, ""no_priceable_native_ask_side"": 813}",continuous_mixed_regime_estimate,fee=market_schedule_with_historical_collection_unit|ask_age<=1s|release=60s|exec=full_ladder_snapshot_upper_bound,free_cash_5pct_cap10,10,market_schedule_with_historical_collection_unit,1,60,full_ladder_snapshot_upper_bound
2026-08,29.0624108,25.74701322,29.0624108,25.74701322,1.154631946e-14,-3.315397574,7,10.42337376,0.54121,0.2366816318,25.74701322,1.686518646,1,"{""ambiguous_equal_source_timestamp_order"": 1511, ""ask_source_age_over_1s"": 81, ""below_minimum_order_shares"": 4875, ""future_source_timestamp_at_entry"": 1, ""missing_official_outcome_or_resolution_time"": 1, ""no_native_book_snapshot"": 916, ""no_priceable_native_ask_side"": 1536}",continuous_mixed_regime_estimate,fee=market_schedule_with_historical_collection_unit|ask_age<=1s|release=60s|exec=full_ladder_snapshot_upper_bound,free_cash_5pct_cap10,10,market_schedule_with_historical_collection_unit,1,60,full_ladder_snapshot_upper_bound
2026-09,25.74701322,25.74701322,25.74701322,25.74701322,1.154631946e-14,0,0,0,0,0,25.74701322,0,0,"{""ambiguous_equal_source_timestamp_order"": 28, ""ask_source_age_over_1s"": 30, ""below_minimum_order_shares"": 5348, ""native_ask_bbo_reconciliation_mismatch"": 6, ""no_priceable_native_ask_side"": 3227}",continuous_mixed_regime_estimate,fee=market_schedule_with_historical_collection_unit|ask_age<=1s|release=60s|exec=full_ladder_snapshot_upper_bound,free_cash_5pct_cap10,10,market_schedule_with_historical_collection_unit,1,60,full_ladder_snapshot_upper_bound
2026-10,25.74701322,25.74701322,25.74701322,25.74701322,1.154631946e-14,0,0,0,0,0,25.74701322,1.154631946e-14,0,"{""ambiguous_equal_source_timestamp_order"": 1, ""ask_source_age_over_1s"": 3, ""below_minimum_order_shares"": 1717, ""future_source_timestamp_at_entry"": 2, ""no_priceable_native_ask_side"": 5}",continuous_mixed_regime_estimate,fee=market_schedule_with_historical_collection_unit|ask_age<=1s|release=60s|exec=full_ladder_snapshot_upper_bound,free_cash_5pct_cap10,10,market_schedule_with_historical_collection_unit,1,60,full_ladder_snapshot_upper_bound
2026-04,100,39.29963529,100,39.29963529,0,-60.70036471,426,2649.142227,96.76699253,0.8301065308,39.29963529,22.55362998,2,"{""ambiguous_equal_source_timestamp_order"": 587, ""ask_source_age_over_1s"": 5, ""below_minimum_order_shares"": 72, ""exchange_maintenance_pause"": 1, ""native_ask_bbo_reconciliation_mismatch"": 234, ""no_positive_net_expected_value"": 1646, ""no_priceable_native_ask_side"": 1430}",continuous_mixed_regime_estimate,fee=market_schedule_with_historical_collection_unit|ask_age<=1s|release=60s|exec=full_ladder_snapshot_upper_bound,free_cash_5pct_cap15,15,market_schedule_with_historical_collection_unit,1,60,full_ladder_snapshot_upper_bound
2026-05,39.29963529,30.03251538,39.29963529,30.03251538,0,-9.267119914,5,8.849269914,0.41785,0.2341448647,30.03251538,1.964981765,1,"{""ambiguous_equal_source_timestamp_order"": 1184, ""ask_source_age_over_1s"": 339, ""below_minimum_order_shares"": 2211, ""missing_official_outcome_or_resolution_time"": 10, ""native_ask_bbo_reconciliation_mismatch"": 410, ""no_native_book_snapshot"": 316, ""no_priceable_native_ask_side"": 4452}",continuous_mixed_regime_estimate,fee=market_schedule_with_historical_collection_unit|ask_age<=1s|release=60s|exec=full_ladder_snapshot_upper_bound,free_cash_5pct_cap15,15,market_schedule_with_historical_collection_unit,1,60,full_ladder_snapshot_upper_bound
2026-06,30.03251538,30.03251538,30.03251538,30.03251538,0,0,0,0,0,0,30.03251538,0,0,"{""ambiguous_equal_source_timestamp_order"": 375, ""archive_gap_after_book_initialization"": 8, ""archive_hour_missing_at_entry"": 36, ""ask_source_age_over_1s"": 1034, ""below_minimum_order_shares"": 1886, ""no_native_book_snapshot"": 5046, ""no_priceable_native_ask_side"": 249}",continuous_mixed_regime_estimate,fee=market_schedule_with_historical_collection_unit|ask_age<=1s|release=60s|exec=full_ladder_snapshot_upper_bound,free_cash_5pct_cap15,15,market_schedule_with_historical_collection_unit,1,60,full_ladder_snapshot_upper_bound
2026-07,30.03251538,28.44679961,30.03251538,28.44679961,0,-1.585715769,1,1.501625769,0.08409,0.05014039135,28.44679961,1.501625769,1,"{""ambiguous_equal_source_timestamp_order"": 343, ""ask_source_age_over_1s"": 490, ""below_minimum_order_shares"": 5179, ""no_native_book_snapshot"": 2101, ""no_priceable_native_ask_side"": 813}",continuous_mixed_regime_estimate,fee=market_schedule_with_historical_collection_unit|ask_age<=1s|release=60s|exec=full_ladder_snapshot_upper_bound,free_cash_5pct_cap15,15,market_schedule_with_historical_collection_unit,1,60,full_ladder_snapshot_upper_bound
2026-08,28.44679961,25.19699404,28.44679961,25.19699404,0,-3.249805568,7,10.20115602,0.53553,0.2367938116,25.19699404,1.65073308,1,"{""ambiguous_equal_source_timestamp_order"": 1511, ""ask_source_age_over_1s"": 81, ""below_minimum_order_shares"": 4875, ""future_source_timestamp_at_entry"": 1, ""missing_official_outcome_or_resolution_time"": 1, ""no_native_book_snapshot"": 916, ""no_priceable_native_ask_side"": 1536}",continuous_mixed_regime_estimate,fee=market_schedule_with_historical_collection_unit|ask_age<=1s|release=60s|exec=full_ladder_snapshot_upper_bound,free_cash_5pct_cap15,15,market_schedule_with_historical_collection_unit,1,60,full_ladder_snapshot_upper_bound
2026-09,25.19699404,25.19699404,25.19699404,25.19699404,0,0,0,0,0,0,25.19699404,0,0,"{""ambiguous_equal_source_timestamp_order"": 28, ""ask_source_age_over_1s"": 30, ""below_minimum_order_shares"": 5348, ""native_ask_bbo_reconciliation_mismatch"": 6, ""no_priceable_native_ask_side"": 3227}",continuous_mixed_regime_estimate,fee=market_schedule_with_historical_collection_unit|ask_age<=1s|release=60s|exec=full_ladder_snapshot_upper_bound,free_cash_5pct_cap15,15,market_schedule_with_historical_collection_unit,1,60,full_ladder_snapshot_upper_bound
2026-10,25.19699404,25.19699404,25.19699404,25.19699404,0,0,0,0,0,0,25.19699404,0,0,"{""ambiguous_equal_source_timestamp_order"": 1, ""ask_source_age_over_1s"": 3, ""below_minimum_order_shares"": 1717, ""future_source_timestamp_at_entry"": 2, ""no_priceable_native_ask_side"": 5}",continuous_mixed_regime_estimate,fee=market_schedule_with_historical_collection_unit|ask_age<=1s|release=60s|exec=full_ladder_snapshot_upper_bound,free_cash_5pct_cap15,15,market_schedule_with_historical_collection_unit,1,60,full_ladder_snapshot_upper_bound
2026-04,100,39.29963529,100,39.29963529,0,-60.70036471,426,2649.142227,96.76699253,0.8301065308,39.29963529,22.55362998,2,"{""ambiguous_equal_source_timestamp_order"": 587, ""ask_source_age_over_1s"": 5, ""below_minimum_order_shares"": 72, ""exchange_maintenance_pause"": 1, ""native_ask_bbo_reconciliation_mismatch"": 234, ""no_positive_net_expected_value"": 1646, ""no_priceable_native_ask_side"": 1430}",continuous_mixed_regime_estimate,fee=market_schedule_with_historical_collection_unit|ask_age<=1s|release=60s|exec=full_ladder_snapshot_upper_bound,free_cash_5pct_cap20,20,market_schedule_with_historical_collection_unit,1,60,full_ladder_snapshot_upper_bound
2026-05,39.29963529,30.03251538,39.29963529,30.03251538,0,-9.267119914,5,8.849269914,0.41785,0.2341448647,30.03251538,1.964981765,1,"{""ambiguous_equal_source_timestamp_order"": 1184, ""ask_source_age_over_1s"": 339, ""below_minimum_order_shares"": 2211, ""missing_official_outcome_or_resolution_time"": 10, ""native_ask_bbo_reconciliation_mismatch"": 410, ""no_native_book_snapshot"": 316, ""no_priceable_native_ask_side"": 4452}",continuous_mixed_regime_estimate,fee=market_schedule_with_historical_collection_unit|ask_age<=1s|release=60s|exec=full_ladder_snapshot_upper_bound,free_cash_5pct_cap20,20,market_schedule_with_historical_collection_unit,1,60,full_ladder_snapshot_upper_bound
2026-06,30.03251538,30.03251538,30.03251538,30.03251538,0,0,0,0,0,0,30.03251538,0,0,"{""ambiguous_equal_source_timestamp_order"": 375, ""archive_gap_after_book_initialization"": 8, ""archive_hour_missing_at_entry"": 36, ""ask_source_age_over_1s"": 1034, ""below_minimum_order_shares"": 1886, ""no_native_book_snapshot"": 5046, ""no_priceable_native_ask_side"": 249}",continuous_mixed_regime_estimate,fee=market_schedule_with_historical_collection_unit|ask_age<=1s|release=60s|exec=full_ladder_snapshot_upper_bound,free_cash_5pct_cap20,20,market_schedule_with_historical_collection_unit,1,60,full_ladder_snapshot_upper_bound
2026-07,30.03251538,28.44679961,30.03251538,28.44679961,0,-1.585715769,1,1.501625769,0.08409,0.05014039135,28.44679961,1.501625769,1,"{""ambiguous_equal_source_timestamp_order"": 343, ""ask_source_age_over_1s"": 490, ""below_minimum_order_shares"": 5179, ""no_native_book_snapshot"": 2101, ""no_priceable_native_ask_side"": 813}",continuous_mixed_regime_estimate,fee=market_schedule_with_historical_collection_unit|ask_age<=1s|release=60s|exec=full_ladder_snapshot_upper_bound,free_cash_5pct_cap20,20,market_schedule_with_historical_collection_unit,1,60,full_ladder_snapshot_upper_bound
2026-08,28.44679961,25.19699404,28.44679961,25.19699404,0,-3.249805568,7,10.20115602,0.53553,0.2367938116,25.19699404,1.65073308,1,"{""ambiguous_equal_source_timestamp_order"": 1511, ""ask_source_age_over_1s"": 81, ""below_minimum_order_shares"": 4875, ""future_source_timestamp_at_entry"": 1, ""missing_official_outcome_or_resolution_time"": 1, ""no_native_book_snapshot"": 916, ""no_priceable_native_ask_side"": 1536}",continuous_mixed_regime_estimate,fee=market_schedule_with_historical_collection_unit|ask_age<=1s|release=60s|exec=full_ladder_snapshot_upper_bound,free_cash_5pct_cap20,20,market_schedule_with_historical_collection_unit,1,60,full_ladder_snapshot_upper_bound
2026-09,25.19699404,25.19699404,25.19699404,25.19699404,0,0,0,0,0,0,25.19699404,0,0,"{""ambiguous_equal_source_timestamp_order"": 28, ""ask_source_age_over_1s"": 30, ""below_minimum_order_shares"": 5348, ""native_ask_bbo_reconciliation_mismatch"": 6, ""no_priceable_native_ask_side"": 3227}",continuous_mixed_regime_estimate,fee=market_schedule_with_historical_collection_unit|ask_age<=1s|release=60s|exec=full_ladder_snapshot_upper_bound,free_cash_5pct_cap20,20,market_schedule_with_historical_collection_unit,1,60,full_ladder_snapshot_upper_bound
2026-10,25.19699404,25.19699404,25.19699404,25.19699404,0,0,0,0,0,0,25.19699404,0,0,"{""ambiguous_equal_source_timestamp_order"": 1, ""ask_source_age_over_1s"": 3, ""below_minimum_order_shares"": 1717, ""future_source_timestamp_at_entry"": 2, ""no_priceable_native_ask_side"": 5}",continuous_mixed_regime_estimate,fee=market_schedule_with_historical_collection_unit|ask_age<=1s|release=60s|exec=full_ladder_snapshot_upper_bound,free_cash_5pct_cap20,20,market_schedule_with_historical_collection_unit,1,60,full_ladder_snapshot_upper_bound
2026-04,100,39.29963529,100,39.29963529,0,-60.70036471,426,2649.142227,96.76699253,0.8301065308,39.29963529,22.55362998,2,"{""ambiguous_equal_source_timestamp_order"": 587, ""ask_source_age_over_1s"": 5, ""below_minimum_order_shares"": 72, ""exchange_maintenance_pause"": 1, ""native_ask_bbo_reconciliation_mismatch"": 234, ""no_positive_net_expected_value"": 1646, ""no_priceable_native_ask_side"": 1430}",continuous_mixed_regime_estimate,fee=market_schedule_with_historical_collection_unit|ask_age<=1s|release=60s|exec=full_ladder_snapshot_upper_bound,free_cash_5pct_cap30,30,market_schedule_with_historical_collection_unit,1,60,full_ladder_snapshot_upper_bound
2026-05,39.29963529,30.03251538,39.29963529,30.03251538,0,-9.267119914,5,8.849269914,0.41785,0.2341448647,30.03251538,1.964981765,1,"{""ambiguous_equal_source_timestamp_order"": 1184, ""ask_source_age_over_1s"": 339, ""below_minimum_order_shares"": 2211, ""missing_official_outcome_or_resolution_time"": 10, ""native_ask_bbo_reconciliation_mismatch"": 410, ""no_native_book_snapshot"": 316, ""no_priceable_native_ask_side"": 4452}",continuous_mixed_regime_estimate,fee=market_schedule_with_historical_collection_unit|ask_age<=1s|release=60s|exec=full_ladder_snapshot_upper_bound,free_cash_5pct_cap30,30,market_schedule_with_historical_collection_unit,1,60,full_ladder_snapshot_upper_bound
2026-06,30.03251538,30.03251538,30.03251538,30.03251538,0,0,0,0,0,0,30.03251538,0,0,"{""ambiguous_equal_source_timestamp_order"": 375, ""archive_gap_after_book_initialization"": 8, ""archive_hour_missing_at_entry"": 36, ""ask_source_age_over_1s"": 1034, ""below_minimum_order_shares"": 1886, ""no_native_book_snapshot"": 5046, ""no_priceable_native_ask_side"": 249}",continuous_mixed_regime_estimate,fee=market_schedule_with_historical_collection_unit|ask_age<=1s|release=60s|exec=full_ladder_snapshot_upper_bound,free_cash_5pct_cap30,30,market_schedule_with_historical_collection_unit,1,60,full_ladder_snapshot_upper_bound
2026-07,30.03251538,28.44679961,30.03251538,28.44679961,0,-1.585715769,1,1.501625769,0.08409,0.05014039135,28.44679961,1.501625769,1,"{""ambiguous_equal_source_timestamp_order"": 343, ""ask_source_age_over_1s"": 490, ""below_minimum_order_shares"": 5179, ""no_native_book_snapshot"": 2101, ""no_priceable_native_ask_side"": 813}",continuous_mixed_regime_estimate,fee=market_schedule_with_historical_collection_unit|ask_age<=1s|release=60s|exec=full_ladder_snapshot_upper_bound,free_cash_5pct_cap30,30,market_schedule_with_historical_collection_unit,1,60,full_ladder_snapshot_upper_bound
2026-08,28.44679961,25.19699404,28.44679961,25.19699404,0,-3.249805568,7,10.20115602,0.53553,0.2367938116,25.19699404,1.65073308,1,"{""ambiguous_equal_source_timestamp_order"": 1511, ""ask_source_age_over_1s"": 81, ""below_minimum_order_shares"": 4875, ""future_source_timestamp_at_entry"": 1, ""missing_official_outcome_or_resolution_time"": 1, ""no_native_book_snapshot"": 916, ""no_priceable_native_ask_side"": 1536}",continuous_mixed_regime_estimate,fee=market_schedule_with_historical_collection_unit|ask_age<=1s|release=60s|exec=full_ladder_snapshot_upper_bound,free_cash_5pct_cap30,30,market_schedule_with_historical_collection_unit,1,60,full_ladder_snapshot_upper_bound
2026-09,25.19699404,25.19699404,25.19699404,25.19699404,0,0,0,0,0,0,25.19699404,0,0,"{""ambiguous_equal_source_timestamp_order"": 28, ""ask_source_age_over_1s"": 30, ""below_minimum_order_shares"": 5348, ""native_ask_bbo_reconciliation_mismatch"": 6, ""no_priceable_native_ask_side"": 3227}",continuous_mixed_regime_estimate,fee=market_schedule_with_historical_collection_unit|ask_age<=1s|release=60s|exec=full_ladder_snapshot_upper_bound,free_cash_5pct_cap30,30,market_schedule_with_historical_collection_unit,1,60,full_ladder_snapshot_upper_bound
2026-10,25.19699404,25.19699404,25.19699404,25.19699404,0,0,0,0,0,0,25.19699404,0,0,"{""ambiguous_equal_source_timestamp_order"": 1, ""ask_source_age_over_1s"": 3, ""below_minimum_order_shares"": 1717, ""future_source_timestamp_at_entry"": 2, ""no_priceable_native_ask_side"": 5}",continuous_mixed_regime_estimate,fee=market_schedule_with_historical_collection_unit|ask_age<=1s|release=60s|exec=full_ladder_snapshot_upper_bound,free_cash_5pct_cap30,30,market_schedule_with_historical_collection_unit,1,60,full_ladder_snapshot_upper_bound
2026-04,100,39.29963529,100,39.29963529,0,-60.70036471,426,2649.142227,96.76699253,0.8301065308,39.29963529,22.55362998,2,"{""ambiguous_equal_source_timestamp_order"": 587, ""ask_source_age_over_1s"": 5, ""below_minimum_order_shares"": 72, ""exchange_maintenance_pause"": 1, ""native_ask_bbo_reconciliation_mismatch"": 234, ""no_positive_net_expected_value"": 1646, ""no_priceable_native_ask_side"": 1430}",continuous_mixed_regime_estimate,fee=market_schedule_with_historical_collection_unit|ask_age<=1s|release=60s|exec=full_ladder_snapshot_upper_bound,free_cash_5pct_cap50,50,market_schedule_with_historical_collection_unit,1,60,full_ladder_snapshot_upper_bound
2026-05,39.29963529,30.03251538,39.29963529,30.03251538,0,-9.267119914,5,8.849269914,0.41785,0.2341448647,30.03251538,1.964981765,1,"{""ambiguous_equal_source_timestamp_order"": 1184, ""ask_source_age_over_1s"": 339, ""below_minimum_order_shares"": 2211, ""missing_official_outcome_or_resolution_time"": 10, ""native_ask_bbo_reconciliation_mismatch"": 410, ""no_native_book_snapshot"": 316, ""no_priceable_native_ask_side"": 4452}",continuous_mixed_regime_estimate,fee=market_schedule_with_historical_collection_unit|ask_age<=1s|release=60s|exec=full_ladder_snapshot_upper_bound,free_cash_5pct_cap50,50,market_schedule_with_historical_collection_unit,1,60,full_ladder_snapshot_upper_bound
2026-06,30.03251538,30.03251538,30.03251538,30.03251538,0,0,0,0,0,0,30.03251538,0,0,"{""ambiguous_equal_source_timestamp_order"": 375, ""archive_gap_after_book_initialization"": 8, ""archive_hour_missing_at_entry"": 36, ""ask_source_age_over_1s"": 1034, ""below_minimum_order_shares"": 1886, ""no_native_book_snapshot"": 5046, ""no_priceable_native_ask_side"": 249}",continuous_mixed_regime_estimate,fee=market_schedule_with_historical_collection_unit|ask_age<=1s|release=60s|exec=full_ladder_snapshot_upper_bound,free_cash_5pct_cap50,50,market_schedule_with_historical_collection_unit,1,60,full_ladder_snapshot_upper_bound
2026-07,30.03251538,28.44679961,30.03251538,28.44679961,0,-1.585715769,1,1.501625769,0.08409,0.05014039135,28.44679961,1.501625769,1,"{""ambiguous_equal_source_timestamp_order"": 343, ""ask_source_age_over_1s"": 490, ""below_minimum_order_shares"": 5179, ""no_native_book_snapshot"": 2101, ""no_priceable_native_ask_side"": 813}",continuous_mixed_regime_estimate,fee=market_schedule_with_historical_collection_unit|ask_age<=1s|release=60s|exec=full_ladder_snapshot_upper_bound,free_cash_5pct_cap50,50,market_schedule_with_historical_collection_unit,1,60,full_ladder_snapshot_upper_bound
2026-08,28.44679961,25.19699404,28.44679961,25.19699404,0,-3.249805568,7,10.20115602,0.53553,0.2367938116,25.19699404,1.65073308,1,"{""ambiguous_equal_source_timestamp_order"": 1511, ""ask_source_age_over_1s"": 81, ""below_minimum_order_shares"": 4875, ""future_source_timestamp_at_entry"": 1, ""missing_official_outcome_or_resolution_time"": 1, ""no_native_book_snapshot"": 916, ""no_priceable_native_ask_side"": 1536}",continuous_mixed_regime_estimate,fee=market_schedule_with_historical_collection_unit|ask_age<=1s|release=60s|exec=full_ladder_snapshot_upper_bound,free_cash_5pct_cap50,50,market_schedule_with_historical_collection_unit,1,60,full_ladder_snapshot_upper_bound
2026-09,25.19699404,25.19699404,25.19699404,25.19699404,0,0,0,0,0,0,25.19699404,0,0,"{""ambiguous_equal_source_timestamp_order"": 28, ""ask_source_age_over_1s"": 30, ""below_minimum_order_shares"": 5348, ""native_ask_bbo_reconciliation_mismatch"": 6, ""no_priceable_native_ask_side"": 3227}",continuous_mixed_regime_estimate,fee=market_schedule_with_historical_collection_unit|ask_age<=1s|release=60s|exec=full_ladder_snapshot_upper_bound,free_cash_5pct_cap50,50,market_schedule_with_historical_collection_unit,1,60,full_ladder_snapshot_upper_bound
2026-10,25.19699404,25.19699404,25.19699404,25.19699404,0,0,0,0,0,0,25.19699404,0,0,"{""ambiguous_equal_source_timestamp_order"": 1, ""ask_source_age_over_1s"": 3, ""below_minimum_order_shares"": 1717, ""future_source_timestamp_at_entry"": 2, ""no_priceable_native_ask_side"": 5}",continuous_mixed_regime_estimate,fee=market_schedule_with_historical_collection_unit|ask_age<=1s|release=60s|exec=full_ladder_snapshot_upper_bound,free_cash_5pct_cap50,50,market_schedule_with_historical_collection_unit,1,60,full_ladder_snapshot_upper_bound
2026-04,100,39.29963529,100,39.29963529,0,-60.70036471,426,2649.142227,96.76699253,0.8301065308,39.29963529,22.55362998,2,"{""ambiguous_equal_source_timestamp_order"": 587, ""ask_source_age_over_1s"": 5, ""below_minimum_order_shares"": 72, ""exchange_maintenance_pause"": 1, ""native_ask_bbo_reconciliation_mismatch"": 234, ""no_positive_net_expected_value"": 1646, ""no_priceable_native_ask_side"": 1430}",continuous_mixed_regime_estimate,fee=market_schedule_with_historical_collection_unit|ask_age<=1s|release=60s|exec=full_ladder_snapshot_upper_bound,free_cash_5pct_cap75,75,market_schedule_with_historical_collection_unit,1,60,full_ladder_snapshot_upper_bound
2026-05,39.29963529,30.03251538,39.29963529,30.03251538,0,-9.267119914,5,8.849269914,0.41785,0.2341448647,30.03251538,1.964981765,1,"{""ambiguous_equal_source_timestamp_order"": 1184, ""ask_source_age_over_1s"": 339, ""below_minimum_order_shares"": 2211, ""missing_official_outcome_or_resolution_time"": 10, ""native_ask_bbo_reconciliation_mismatch"": 410, ""no_native_book_snapshot"": 316, ""no_priceable_native_ask_side"": 4452}",continuous_mixed_regime_estimate,fee=market_schedule_with_historical_collection_unit|ask_age<=1s|release=60s|exec=full_ladder_snapshot_upper_bound,free_cash_5pct_cap75,75,market_schedule_with_historical_collection_unit,1,60,full_ladder_snapshot_upper_bound
2026-06,30.03251538,30.03251538,30.03251538,30.03251538,0,0,0,0,0,0,30.03251538,0,0,"{""ambiguous_equal_source_timestamp_order"": 375, ""archive_gap_after_book_initialization"": 8, ""archive_hour_missing_at_entry"": 36, ""ask_source_age_over_1s"": 1034, ""below_minimum_order_shares"": 1886, ""no_native_book_snapshot"": 5046, ""no_priceable_native_ask_side"": 249}",continuous_mixed_regime_estimate,fee=market_schedule_with_historical_collection_unit|ask_age<=1s|release=60s|exec=full_ladder_snapshot_upper_bound,free_cash_5pct_cap75,75,market_schedule_with_historical_collection_unit,1,60,full_ladder_snapshot_upper_bound
2026-07,30.03251538,28.44679961,30.03251538,28.44679961,0,-1.585715769,1,1.501625769,0.08409,0.05014039135,28.44679961,1.501625769,1,"{""ambiguous_equal_source_timestamp_order"": 343, ""ask_source_age_over_1s"": 490, ""below_minimum_order_shares"": 5179, ""no_native_book_snapshot"": 2101, ""no_priceable_native_ask_side"": 813}",continuous_mixed_regime_estimate,fee=market_schedule_with_historical_collection_unit|ask_age<=1s|release=60s|exec=full_ladder_snapshot_upper_bound,free_cash_5pct_cap75,75,market_schedule_with_historical_collection_unit,1,60,full_ladder_snapshot_upper_bound
2026-08,28.44679961,25.19699404,28.44679961,25.19699404,0,-3.249805568,7,10.20115602,0.53553,0.2367938116,25.19699404,1.65073308,1,"{""ambiguous_equal_source_timestamp_order"": 1511, ""ask_source_age_over_1s"": 81, ""below_minimum_order_shares"": 4875, ""future_source_timestamp_at_entry"": 1, ""missing_official_outcome_or_resolution_time"": 1, ""no_native_book_snapshot"": 916, ""no_priceable_native_ask_side"": 1536}",continuous_mixed_regime_estimate,fee=market_schedule_with_historical_collection_unit|ask_age<=1s|release=60s|exec=full_ladder_snapshot_upper_bound,free_cash_5pct_cap75,75,market_schedule_with_historical_collection_unit,1,60,full_ladder_snapshot_upper_bound
2026-09,25.19699404,25.19699404,25.19699404,25.19699404,0,0,0,0,0,0,25.19699404,0,0,"{""ambiguous_equal_source_timestamp_order"": 28, ""ask_source_age_over_1s"": 30, ""below_minimum_order_shares"": 5348, ""native_ask_bbo_reconciliation_mismatch"": 6, ""no_priceable_native_ask_side"": 3227}",continuous_mixed_regime_estimate,fee=market_schedule_with_historical_collection_unit|ask_age<=1s|release=60s|exec=full_ladder_snapshot_upper_bound,free_cash_5pct_cap75,75,market_schedule_with_historical_collection_unit,1,60,full_ladder_snapshot_upper_bound
2026-10,25.19699404,25.19699404,25.19699404,25.19699404,0,0,0,0,0,0,25.19699404,0,0,"{""ambiguous_equal_source_timestamp_order"": 1, ""ask_source_age_over_1s"": 3, ""below_minimum_order_shares"": 1717, ""future_source_timestamp_at_entry"": 2, ""no_priceable_native_ask_side"": 5}",continuous_mixed_regime_estimate,fee=market_schedule_with_historical_collection_unit|ask_age<=1s|release=60s|exec=full_ladder_snapshot_upper_bound,free_cash_5pct_cap75,75,market_schedule_with_historical_collection_unit,1,60,full_ladder_snapshot_upper_bound
2026-04,100,39.29963529,100,39.29963529,0,-60.70036471,426,2649.142227,96.76699253,0.8301065308,39.29963529,22.55362998,2,"{""ambiguous_equal_source_timestamp_order"": 587, ""ask_source_age_over_1s"": 5, ""below_minimum_order_shares"": 72, ""exchange_maintenance_pause"": 1, ""native_ask_bbo_reconciliation_mismatch"": 234, ""no_positive_net_expected_value"": 1646, ""no_priceable_native_ask_side"": 1430}",continuous_mixed_regime_estimate,fee=market_schedule_with_historical_collection_unit|ask_age<=1s|release=60s|exec=full_ladder_snapshot_upper_bound,free_cash_5pct_cap100,100,market_schedule_with_historical_collection_unit,1,60,full_ladder_snapshot_upper_bound
2026-05,39.29963529,30.03251538,39.29963529,30.03251538,0,-9.267119914,5,8.849269914,0.41785,0.2341448647,30.03251538,1.964981765,1,"{""ambiguous_equal_source_timestamp_order"": 1184, ""ask_source_age_over_1s"": 339, ""below_minimum_order_shares"": 2211, ""missing_official_outcome_or_resolution_time"": 10, ""native_ask_bbo_reconciliation_mismatch"": 410, ""no_native_book_snapshot"": 316, ""no_priceable_native_ask_side"": 4452}",continuous_mixed_regime_estimate,fee=market_schedule_with_historical_collection_unit|ask_age<=1s|release=60s|exec=full_ladder_snapshot_upper_bound,free_cash_5pct_cap100,100,market_schedule_with_historical_collection_unit,1,60,full_ladder_snapshot_upper_bound
2026-06,30.03251538,30.03251538,30.03251538,30.03251538,0,0,0,0,0,0,30.03251538,0,0,"{""ambiguous_equal_source_timestamp_order"": 375, ""archive_gap_after_book_initialization"": 8, ""archive_hour_missing_at_entry"": 36, ""ask_source_age_over_1s"": 1034, ""below_minimum_order_shares"": 1886, ""no_native_book_snapshot"": 5046, ""no_priceable_native_ask_side"": 249}",continuous_mixed_regime_estimate,fee=market_schedule_with_historical_collection_unit|ask_age<=1s|release=60s|exec=full_ladder_snapshot_upper_bound,free_cash_5pct_cap100,100,market_schedule_with_historical_collection_unit,1,60,full_ladder_snapshot_upper_bound
2026-07,30.03251538,28.44679961,30.03251538,28.44679961,0,-1.585715769,1,1.501625769,0.08409,0.05014039135,28.44679961,1.501625769,1,"{""ambiguous_equal_source_timestamp_order"": 343, ""ask_source_age_over_1s"": 490, ""below_minimum_order_shares"": 5179, ""no_native_book_snapshot"": 2101, ""no_priceable_native_ask_side"": 813}",continuous_mixed_regime_estimate,fee=market_schedule_with_historical_collection_unit|ask_age<=1s|release=60s|exec=full_ladder_snapshot_upper_bound,free_cash_5pct_cap100,100,market_schedule_with_historical_collection_unit,1,60,full_ladder_snapshot_upper_bound
2026-08,28.44679961,25.19699404,28.44679961,25.19699404,0,-3.249805568,7,10.20115602,0.53553,0.2367938116,25.19699404,1.65073308,1,"{""ambiguous_equal_source_timestamp_order"": 1511, ""ask_source_age_over_1s"": 81, ""below_minimum_order_shares"": 4875, ""future_source_timestamp_at_entry"": 1, ""missing_official_outcome_or_resolution_time"": 1, ""no_native_book_snapshot"": 916, ""no_priceable_native_ask_side"": 1536}",continuous_mixed_regime_estimate,fee=market_schedule_with_historical_collection_unit|ask_age<=1s|release=60s|exec=full_ladder_snapshot_upper_bound,free_cash_5pct_cap100,100,market_schedule_with_historical_collection_unit,1,60,full_ladder_snapshot_upper_bound
2026-09,25.19699404,25.19699404,25.19699404,25.19699404,0,0,0,0,0,0,25.19699404,0,0,"{""ambiguous_equal_source_timestamp_order"": 28, ""ask_source_age_over_1s"": 30, ""below_minimum_order_shares"": 5348, ""native_ask_bbo_reconciliation_mismatch"": 6, ""no_priceable_native_ask_side"": 3227}",continuous_mixed_regime_estimate,fee=market_schedule_with_historical_collection_unit|ask_age<=1s|release=60s|exec=full_ladder_snapshot_upper_bound,free_cash_5pct_cap100,100,market_schedule_with_historical_collection_unit,1,60,full_ladder_snapshot_upper_bound
2026-10,25.19699404,25.19699404,25.19699404,25.19699404,0,0,0,0,0,0,25.19699404,0,0,"{""ambiguous_equal_source_timestamp_order"": 1, ""ask_source_age_over_1s"": 3, ""below_minimum_order_shares"": 1717, ""future_source_timestamp_at_entry"": 2, ""no_priceable_native_ask_side"": 5}",continuous_mixed_regime_estimate,fee=market_schedule_with_historical_collection_unit|ask_age<=1s|release=60s|exec=full_ladder_snapshot_upper_bound,free_cash_5pct_cap100,100,market_schedule_with_historical_collection_unit,1,60,full_ladder_snapshot_upper_bound
2026-04,100,39.29963529,100,39.29963529,0,-60.70036471,426,2649.142227,96.76699253,0.8301065308,39.29963529,22.55362998,2,"{""ambiguous_equal_source_timestamp_order"": 587, ""ask_source_age_over_1s"": 5, ""below_minimum_order_shares"": 72, ""exchange_maintenance_pause"": 1, ""native_ask_bbo_reconciliation_mismatch"": 234, ""no_positive_net_expected_value"": 1646, ""no_priceable_native_ask_side"": 1430}",continuous_mixed_regime_estimate,fee=market_schedule_with_historical_collection_unit|ask_age<=1s|release=60s|exec=full_ladder_snapshot_upper_bound,free_cash_5pct_cap_none,,market_schedule_with_historical_collection_unit,1,60,full_ladder_snapshot_upper_bound
2026-05,39.29963529,30.03251538,39.29963529,30.03251538,0,-9.267119914,5,8.849269914,0.41785,0.2341448647,30.03251538,1.964981765,1,"{""ambiguous_equal_source_timestamp_order"": 1184, ""ask_source_age_over_1s"": 339, ""below_minimum_order_shares"": 2211, ""missing_official_outcome_or_resolution_time"": 10, ""native_ask_bbo_reconciliation_mismatch"": 410, ""no_native_book_snapshot"": 316, ""no_priceable_native_ask_side"": 4452}",continuous_mixed_regime_estimate,fee=market_schedule_with_historical_collection_unit|ask_age<=1s|release=60s|exec=full_ladder_snapshot_upper_bound,free_cash_5pct_cap_none,,market_schedule_with_historical_collection_unit,1,60,full_ladder_snapshot_upper_bound
2026-06,30.03251538,30.03251538,30.03251538,30.03251538,0,0,0,0,0,0,30.03251538,0,0,"{""ambiguous_equal_source_timestamp_order"": 375, ""archive_gap_after_book_initialization"": 8, ""archive_hour_missing_at_entry"": 36, ""ask_source_age_over_1s"": 1034, ""below_minimum_order_shares"": 1886, ""no_native_book_snapshot"": 5046, ""no_priceable_native_ask_side"": 249}",continuous_mixed_regime_estimate,fee=market_schedule_with_historical_collection_unit|ask_age<=1s|release=60s|exec=full_ladder_snapshot_upper_bound,free_cash_5pct_cap_none,,market_schedule_with_historical_collection_unit,1,60,full_ladder_snapshot_upper_bound
2026-07,30.03251538,28.44679961,30.03251538,28.44679961,0,-1.585715769,1,1.501625769,0.08409,0.05014039135,28.44679961,1.501625769,1,"{""ambiguous_equal_source_timestamp_order"": 343, ""ask_source_age_over_1s"": 490, ""below_minimum_order_shares"": 5179, ""no_native_book_snapshot"": 2101, ""no_priceable_native_ask_side"": 813}",continuous_mixed_regime_estimate,fee=market_schedule_with_historical_collection_unit|ask_age<=1s|release=60s|exec=full_ladder_snapshot_upper_bound,free_cash_5pct_cap_none,,market_schedule_with_historical_collection_unit,1,60,full_ladder_snapshot_upper_bound
2026-08,28.44679961,25.19699404,28.44679961,25.19699404,0,-3.249805568,7,10.20115602,0.53553,0.2367938116,25.19699404,1.65073308,1,"{""ambiguous_equal_source_timestamp_order"": 1511, ""ask_source_age_over_1s"": 81, ""below_minimum_order_shares"": 4875, ""future_source_timestamp_at_entry"": 1, ""missing_official_outcome_or_resolution_time"": 1, ""no_native_book_snapshot"": 916, ""no_priceable_native_ask_side"": 1536}",continuous_mixed_regime_estimate,fee=market_schedule_with_historical_collection_unit|ask_age<=1s|release=60s|exec=full_ladder_snapshot_upper_bound,free_cash_5pct_cap_none,,market_schedule_with_historical_collection_unit,1,60,full_ladder_snapshot_upper_bound
2026-09,25.19699404,25.19699404,25.19699404,25.19699404,0,0,0,0,0,0,25.19699404,0,0,"{""ambiguous_equal_source_timestamp_order"": 28, ""ask_source_age_over_1s"": 30, ""below_minimum_order_shares"": 5348, ""native_ask_bbo_reconciliation_mismatch"": 6, ""no_priceable_native_ask_side"": 3227}",continuous_mixed_regime_estimate,fee=market_schedule_with_historical_collection_unit|ask_age<=1s|release=60s|exec=full_ladder_snapshot_upper_bound,free_cash_5pct_cap_none,,market_schedule_with_historical_collection_unit,1,60,full_ladder_snapshot_upper_bound
2026-10,25.19699404,25.19699404,25.19699404,25.19699404,0,0,0,0,0,0,25.19699404,0,0,"{""ambiguous_equal_source_timestamp_order"": 1, ""ask_source_age_over_1s"": 3, ""below_minimum_order_shares"": 1717, ""future_source_timestamp_at_entry"": 2, ""no_priceable_native_ask_side"": 5}",continuous_mixed_regime_estimate,fee=market_schedule_with_historical_collection_unit|ask_age<=1s|release=60s|exec=full_ladder_snapshot_upper_bound,free_cash_5pct_cap_none,,market_schedule_with_historical_collection_unit,1,60,full_ladder_snapshot_upper_bound
2026-04,100,72.80070751,100,72.80070751,0,-27.19929249,541,2705,99.10322753,0.8341070648,30.02300249,10,2,"{""ambiguous_equal_source_timestamp_order"": 587, ""ask_source_age_over_5s"": 4, ""exchange_maintenance_pause"": 1, ""native_ask_bbo_reconciliation_mismatch"": 239, ""no_positive_net_expected_value"": 2057, ""no_priceable_native_ask_side"": 972}",continuous_mixed_regime_estimate,fee=market_schedule_with_historical_collection_unit|ask_age<=5s|release=60s|exec=full_ladder_snapshot_upper_bound,fixed_5_usd,,market_schedule_with_historical_collection_unit,5,60,full_ladder_snapshot_upper_bound
2026-05,72.80070751,4.471872359,72.80070751,4.471872359,0,-68.32883515,172,860,31.85818,0.9468573938,3.380927914,10,2,"{""ambiguous_equal_source_timestamp_order"": 1184, ""ask_source_age_over_5s"": 261, ""insufficient_free_cash_for_cash_debit"": 1096, ""missing_official_outcome_or_resolution_time"": 10, ""native_ask_bbo_reconciliation_mismatch"": 419, ""no_native_book_snapshot"": 316, ""no_positive_net_expected_value"": 4120, ""no_priceable_native_ask_side"": 1349}",continuous_mixed_regime_estimate,fee=market_schedule_with_historical_collection_unit|ask_age<=5s|release=60s|exec=full_ladder_snapshot_upper_bound,fixed_5_usd,,market_schedule_with_historical_collection_unit,5,60,full_ladder_snapshot_upper_bound
2026-06,4.471872359,4.471872359,4.471872359,4.471872359,0,0,0,0,0,0,4.471872359,0,0,"{""ambiguous_equal_source_timestamp_order"": 375, ""archive_gap_after_book_initialization"": 8, ""archive_hour_missing_at_entry"": 36, ""ask_source_age_over_5s"": 807, ""insufficient_free_cash_for_cash_debit"": 590, ""no_native_book_snapshot"": 5046, ""no_positive_net_expected_value"": 1694, ""no_priceable_native_ask_side"": 78}",continuous_mixed_regime_estimate,fee=market_schedule_with_historical_collection_unit|ask_age<=5s|release=60s|exec=full_ladder_snapshot_upper_bound,fixed_5_usd,,market_schedule_with_historical_collection_unit,5,60,full_ladder_snapshot_upper_bound
2026-07,4.471872359,4.471872359,4.471872359,4.471872359,0,0,0,0,0,0,4.471872359,0,0,"{""ambiguous_equal_source_timestamp_order"": 343, ""ask_source_age_over_5s"": 305, ""insufficient_free_cash_for_cash_debit"": 1891, ""no_native_book_snapshot"": 2101, ""no_positive_net_expected_value"": 4221, ""no_priceable_native_ask_side"": 66}",continuous_mixed_regime_estimate,fee=market_schedule_with_historical_collection_unit|ask_age<=5s|release=60s|exec=full_ladder_snapshot_upper_bound,fixed_5_usd,,market_schedule_with_historical_collection_unit,5,60,full_ladder_snapshot_upper_bound
2026-08,4.471872359,4.471872359,4.471872359,4.471872359,0,0,0,0,0,0,4.471872359,0,0,"{""ambiguous_equal_source_timestamp_order"": 1511, ""ask_source_age_over_5s"": 47, ""future_source_timestamp_at_entry"": 1, ""insufficient_free_cash_for_cash_debit"": 1605, ""missing_official_outcome_or_resolution_time"": 1, ""no_native_book_snapshot"": 916, ""no_positive_net_expected_value"": 4767, ""no_priceable_native_ask_side"": 80}",continuous_mixed_regime_estimate,fee=market_schedule_with_historical_collection_unit|ask_age<=5s|release=60s|exec=full_ladder_snapshot_upper_bound,fixed_5_usd,,market_schedule_with_historical_collection_unit,5,60,full_ladder_snapshot_upper_bound
2026-09,4.471872359,4.471872359,4.471872359,4.471872359,0,0,0,0,0,0,4.471872359,0,0,"{""ambiguous_equal_source_timestamp_order"": 28, ""ask_source_age_over_5s"": 25, ""insufficient_free_cash_for_cash_debit"": 1603, ""native_ask_bbo_reconciliation_mismatch"": 6, ""no_positive_net_expected_value"": 6962, ""no_priceable_native_ask_side"": 15}",continuous_mixed_regime_estimate,fee=market_schedule_with_historical_collection_unit|ask_age<=5s|release=60s|exec=full_ladder_snapshot_upper_bound,fixed_5_usd,,market_schedule_with_historical_collection_unit,5,60,full_ladder_snapshot_upper_bound
2026-10,4.471872359,4.471872359,4.471872359,4.471872359,0,0,0,0,0,0,4.471872359,0,0,"{""ambiguous_equal_source_timestamp_order"": 1, ""future_source_timestamp_at_entry"": 2, ""insufficient_free_cash_for_cash_debit"": 469, ""no_positive_net_expected_value"": 1256}",continuous_mixed_regime_estimate,fee=market_schedule_with_historical_collection_unit|ask_age<=5s|release=60s|exec=full_ladder_snapshot_upper_bound,fixed_5_usd,,market_schedule_with_historical_collection_unit,5,60,full_ladder_snapshot_upper_bound
2026-04,100,40.78565635,100,40.78565635,8.881784197e-16,-59.21434365,442,2134.062066,78.13064448,0.8021376717,40.78565635,10,2,"{""ambiguous_equal_source_timestamp_order"": 587, ""ask_source_age_over_5s"": 4, ""below_minimum_order_shares"": 62, ""exchange_maintenance_pause"": 1, ""native_ask_bbo_reconciliation_mismatch"": 239, ""no_positive_net_expected_value"": 1724, ""no_priceable_native_ask_side"": 1342}",continuous_mixed_regime_estimate,fee=market_schedule_with_historical_collection_unit|ask_age<=5s|release=60s|exec=full_ladder_snapshot_upper_bound,free_cash_5pct_cap5,5,market_schedule_with_historical_collection_unit,5,60,full_ladder_snapshot_upper_bound
2026-05,40.78565635,29.54317752,40.78565635,29.54317752,8.881784197e-16,-11.24247883,6,10.74462883,0.49785,0.2741235157,29.54317752,2.039282817,1,"{""ambiguous_equal_source_timestamp_order"": 1184, ""ask_source_age_over_5s"": 261, ""below_minimum_order_shares"": 2274, ""missing_official_outcome_or_resolution_time"": 10, ""native_ask_bbo_reconciliation_mismatch"": 419, ""no_native_book_snapshot"": 316, ""no_priceable_native_ask_side"": 4457}",continuous_mixed_regime_estimate,fee=market_schedule_with_historical_collection_unit|ask_age<=5s|release=60s|exec=full_ladder_snapshot_upper_bound,free_cash_5pct_cap5,5,market_schedule_with_historical_collection_unit,5,60,full_ladder_snapshot_upper_bound
2026-06,29.54317752,29.54317752,29.54317752,29.54317752,8.881784197e-16,0,0,0,0,0,29.54317752,0,0,"{""ambiguous_equal_source_timestamp_order"": 375, ""archive_gap_after_book_initialization"": 8, ""archive_hour_missing_at_entry"": 36, ""ask_source_age_over_5s"": 807, ""below_minimum_order_shares"": 2110, ""no_native_book_snapshot"": 5046, ""no_priceable_native_ask_side"": 252}",continuous_mixed_regime_estimate,fee=market_schedule_with_historical_collection_unit|ask_age<=5s|release=60s|exec=full_ladder_snapshot_upper_bound,free_cash_5pct_cap5,5,market_schedule_with_historical_collection_unit,5,60,full_ladder_snapshot_upper_bound
2026-07,29.54317752,27.98329864,29.54317752,27.98329864,8.881784197e-16,-1.559878876,1,1.477158876,0.08272,0.05014039157,27.98329864,1.477158876,1,"{""ambiguous_equal_source_timestamp_order"": 343, ""ask_source_age_over_5s"": 305, ""below_minimum_order_shares"": 5394, ""no_native_book_snapshot"": 2101, ""no_priceable_native_ask_side"": 783}",continuous_mixed_regime_estimate,fee=market_schedule_with_historical_collection_unit|ask_age<=5s|release=60s|exec=full_ladder_snapshot_upper_bound,free_cash_5pct_cap5,5,market_schedule_with_historical_collection_unit,5,60,full_ladder_snapshot_upper_bound
2026-08,27.98329864,24.79101171,27.98329864,24.79101171,8.881784197e-16,-3.192286928,7,10.42457544,0.54085,0.2767442006,24.79101171,1.713848111,1,"{""ambiguous_equal_source_timestamp_order"": 1511, ""ask_source_age_over_5s"": 47, ""below_minimum_order_shares"": 4920, ""future_source_timestamp_at_entry"": 1, ""missing_official_outcome_or_resolution_time"": 1, ""no_native_book_snapshot"": 916, ""no_priceable_native_ask_side"": 1525}",continuous_mixed_regime_estimate,fee=market_schedule_with_historical_collection_unit|ask_age<=5s|release=60s|exec=full_ladder_snapshot_upper_bound,free_cash_5pct_cap5,5,market_schedule_with_historical_collection_unit,5,60,full_ladder_snapshot_upper_bound
2026-09,24.79101171,24.79101171,24.79101171,24.79101171,8.881784197e-16,0,0,0,0,0,24.79101171,0,0,"{""ambiguous_equal_source_timestamp_order"": 28, ""ask_source_age_over_5s"": 25, ""below_minimum_order_shares"": 5360, ""native_ask_bbo_reconciliation_mismatch"": 6, ""no_priceable_native_ask_side"": 3220}",continuous_mixed_regime_estimate,fee=market_schedule_with_historical_collection_unit|ask_age<=5s|release=60s|exec=full_ladder_snapshot_upper_bound,free_cash_5pct_cap5,5,market_schedule_with_historical_collection_unit,5,60,full_ladder_snapshot_upper_bound
2026-10,24.79101171,24.79101171,24.79101171,24.79101171,8.881784197e-16,0,0,0,0,0,24.79101171,8.881784197e-16,0,"{""ambiguous_equal_source_timestamp_order"": 1, ""below_minimum_order_shares"": 1720, ""future_source_timestamp_at_entry"": 2, ""no_priceable_native_ask_side"": 5}",continuous_mixed_regime_estimate,fee=market_schedule_with_historical_collection_unit|ask_age<=5s|release=60s|exec=full_ladder_snapshot_upper_bound,free_cash_5pct_cap5,5,market_schedule_with_historical_collection_unit,5,60,full_ladder_snapshot_upper_bound
2026-04,100,40.138257,100,40.138257,1.154631946e-14,-59.861743,426,2662.658677,97.25307303,0.8264726571,40.138257,20,2,"{""ambiguous_equal_source_timestamp_order"": 587, ""ask_source_age_over_5s"": 4, ""below_minimum_order_shares"": 74, ""exchange_maintenance_pause"": 1, ""native_ask_bbo_reconciliation_mismatch"": 239, ""no_positive_net_expected_value"": 1652, ""no_priceable_native_ask_side"": 1418}",continuous_mixed_regime_estimate,fee=market_schedule_with_historical_collection_unit|ask_age<=5s|release=60s|exec=full_ladder_snapshot_upper_bound,free_cash_5pct_cap10,10,market_schedule_with_historical_collection_unit,5,60,full_ladder_snapshot_upper_bound
2026-05,40.138257,30.68244294,40.138257,30.68244294,1.154631946e-14,-9.455814056,5,9.039954056,0.41586,0.2339724316,30.68244294,2.00691285,1,"{""ambiguous_equal_source_timestamp_order"": 1184, ""ask_source_age_over_5s"": 261, ""below_minimum_order_shares"": 2274, ""missing_official_outcome_or_resolution_time"": 10, ""native_ask_bbo_reconciliation_mismatch"": 419, ""no_native_book_snapshot"": 316, ""no_priceable_native_ask_side"": 4458}",continuous_mixed_regime_estimate,fee=market_schedule_with_historical_collection_unit|ask_age<=5s|release=60s|exec=full_ladder_snapshot_upper_bound,free_cash_5pct_cap10,10,market_schedule_with_historical_collection_unit,5,60,full_ladder_snapshot_upper_bound
2026-06,30.68244294,30.68244294,30.68244294,30.68244294,1.154631946e-14,0,0,0,0,0,30.68244294,0,0,"{""ambiguous_equal_source_timestamp_order"": 375, ""archive_gap_after_book_initialization"": 8, ""archive_hour_missing_at_entry"": 36, ""ask_source_age_over_5s"": 807, ""below_minimum_order_shares"": 2110, ""no_native_book_snapshot"": 5046, ""no_priceable_native_ask_side"": 252}",continuous_mixed_regime_estimate,fee=market_schedule_with_historical_collection_unit|ask_age<=5s|release=60s|exec=full_ladder_snapshot_upper_bound,free_cash_5pct_cap10,10,market_schedule_with_historical_collection_unit,5,60,full_ladder_snapshot_upper_bound
2026-07,30.68244294,29.0624108,30.68244294,29.0624108,1.154631946e-14,-1.620032147,1,1.534122147,0.08591,0.05014039172,29.0624108,1.534122147,1,"{""ambiguous_equal_source_timestamp_order"": 343, ""ask_source_age_over_5s"": 305, ""below_minimum_order_shares"": 5394, ""no_native_book_snapshot"": 2101, ""no_priceable_native_ask_side"": 783}",continuous_mixed_regime_estimate,fee=market_schedule_with_historical_collection_unit|ask_age<=5s|release=60s|exec=full_ladder_snapshot_upper_bound,free_cash_5pct_cap10,10,market_schedule_with_historical_collection_unit,5,60,full_ladder_snapshot_upper_bound
2026-08,29.0624108,25.74701322,29.0624108,25.74701322,1.154631946e-14,-3.315397574,7,10.42337376,0.54121,0.2366816318,25.74701322,1.686518646,1,"{""ambiguous_equal_source_timestamp_order"": 1511, ""ask_source_age_over_5s"": 47, ""below_minimum_order_shares"": 4920, ""future_source_timestamp_at_entry"": 1, ""missing_official_outcome_or_resolution_time"": 1, ""no_native_book_snapshot"": 916, ""no_priceable_native_ask_side"": 1525}",continuous_mixed_regime_estimate,fee=market_schedule_with_historical_collection_unit|ask_age<=5s|release=60s|exec=full_ladder_snapshot_upper_bound,free_cash_5pct_cap10,10,market_schedule_with_historical_collection_unit,5,60,full_ladder_snapshot_upper_bound
2026-09,25.74701322,25.74701322,25.74701322,25.74701322,1.154631946e-14,0,0,0,0,0,25.74701322,0,0,"{""ambiguous_equal_source_timestamp_order"": 28, ""ask_source_age_over_5s"": 25, ""below_minimum_order_shares"": 5360, ""native_ask_bbo_reconciliation_mismatch"": 6, ""no_priceable_native_ask_side"": 3220}",continuous_mixed_regime_estimate,fee=market_schedule_with_historical_collection_unit|ask_age<=5s|release=60s|exec=full_ladder_snapshot_upper_bound,free_cash_5pct_cap10,10,market_schedule_with_historical_collection_unit,5,60,full_ladder_snapshot_upper_bound
2026-10,25.74701322,25.74701322,25.74701322,25.74701322,1.154631946e-14,0,0,0,0,0,25.74701322,1.154631946e-14,0,"{""ambiguous_equal_source_timestamp_order"": 1, ""below_minimum_order_shares"": 1720, ""future_source_timestamp_at_entry"": 2, ""no_priceable_native_ask_side"": 5}",continuous_mixed_regime_estimate,fee=market_schedule_with_historical_collection_unit|ask_age<=5s|release=60s|exec=full_ladder_snapshot_upper_bound,free_cash_5pct_cap10,10,market_schedule_with_historical_collection_unit,5,60,full_ladder_snapshot_upper_bound
2026-04,100,39.29963529,100,39.29963529,0,-60.70036471,426,2649.142227,96.76699253,0.8301065308,39.29963529,22.55362998,2,"{""ambiguous_equal_source_timestamp_order"": 587, ""ask_source_age_over_5s"": 4, ""below_minimum_order_shares"": 74, ""exchange_maintenance_pause"": 1, ""native_ask_bbo_reconciliation_mismatch"": 239, ""no_positive_net_expected_value"": 1646, ""no_priceable_native_ask_side"": 1424}",continuous_mixed_regime_estimate,fee=market_schedule_with_historical_collection_unit|ask_age<=5s|release=60s|exec=full_ladder_snapshot_upper_bound,free_cash_5pct_cap15,15,market_schedule_with_historical_collection_unit,5,60,full_ladder_snapshot_upper_bound
2026-05,39.29963529,30.03251538,39.29963529,30.03251538,0,-9.267119914,5,8.849269914,0.41785,0.2341448647,30.03251538,1.964981765,1,"{""ambiguous_equal_source_timestamp_order"": 1184, ""ask_source_age_over_5s"": 261, ""below_minimum_order_shares"": 2274, ""missing_official_outcome_or_resolution_time"": 10, ""native_ask_bbo_reconciliation_mismatch"": 419, ""no_native_book_snapshot"": 316, ""no_priceable_native_ask_side"": 4458}",continuous_mixed_regime_estimate,fee=market_schedule_with_historical_collection_unit|ask_age<=5s|release=60s|exec=full_ladder_snapshot_upper_bound,free_cash_5pct_cap15,15,market_schedule_with_historical_collection_unit,5,60,full_ladder_snapshot_upper_bound
2026-06,30.03251538,30.03251538,30.03251538,30.03251538,0,0,0,0,0,0,30.03251538,0,0,"{""ambiguous_equal_source_timestamp_order"": 375, ""archive_gap_after_book_initialization"": 8, ""archive_hour_missing_at_entry"": 36, ""ask_source_age_over_5s"": 807, ""below_minimum_order_shares"": 2110, ""no_native_book_snapshot"": 5046, ""no_priceable_native_ask_side"": 252}",continuous_mixed_regime_estimate,fee=market_schedule_with_historical_collection_unit|ask_age<=5s|release=60s|exec=full_ladder_snapshot_upper_bound,free_cash_5pct_cap15,15,market_schedule_with_historical_collection_unit,5,60,full_ladder_snapshot_upper_bound
2026-07,30.03251538,28.44679961,30.03251538,28.44679961,0,-1.585715769,1,1.501625769,0.08409,0.05014039135,28.44679961,1.501625769,1,"{""ambiguous_equal_source_timestamp_order"": 343, ""ask_source_age_over_5s"": 305, ""below_minimum_order_shares"": 5394, ""no_native_book_snapshot"": 2101, ""no_priceable_native_ask_side"": 783}",continuous_mixed_regime_estimate,fee=market_schedule_with_historical_collection_unit|ask_age<=5s|release=60s|exec=full_ladder_snapshot_upper_bound,free_cash_5pct_cap15,15,market_schedule_with_historical_collection_unit,5,60,full_ladder_snapshot_upper_bound
2026-08,28.44679961,25.19699404,28.44679961,25.19699404,0,-3.249805568,7,10.20115602,0.53553,0.2367938116,25.19699404,1.65073308,1,"{""ambiguous_equal_source_timestamp_order"": 1511, ""ask_source_age_over_5s"": 47, ""below_minimum_order_shares"": 4920, ""future_source_timestamp_at_entry"": 1, ""missing_official_outcome_or_resolution_time"": 1, ""no_native_book_snapshot"": 916, ""no_priceable_native_ask_side"": 1525}",continuous_mixed_regime_estimate,fee=market_schedule_with_historical_collection_unit|ask_age<=5s|release=60s|exec=full_ladder_snapshot_upper_bound,free_cash_5pct_cap15,15,market_schedule_with_historical_collection_unit,5,60,full_ladder_snapshot_upper_bound
2026-09,25.19699404,25.19699404,25.19699404,25.19699404,0,0,0,0,0,0,25.19699404,0,0,"{""ambiguous_equal_source_timestamp_order"": 28, ""ask_source_age_over_5s"": 25, ""below_minimum_order_shares"": 5360, ""native_ask_bbo_reconciliation_mismatch"": 6, ""no_priceable_native_ask_side"": 3220}",continuous_mixed_regime_estimate,fee=market_schedule_with_historical_collection_unit|ask_age<=5s|release=60s|exec=full_ladder_snapshot_upper_bound,free_cash_5pct_cap15,15,market_schedule_with_historical_collection_unit,5,60,full_ladder_snapshot_upper_bound
2026-10,25.19699404,25.19699404,25.19699404,25.19699404,0,0,0,0,0,0,25.19699404,0,0,"{""ambiguous_equal_source_timestamp_order"": 1, ""below_minimum_order_shares"": 1720, ""future_source_timestamp_at_entry"": 2, ""no_priceable_native_ask_side"": 5}",continuous_mixed_regime_estimate,fee=market_schedule_with_historical_collection_unit|ask_age<=5s|release=60s|exec=full_ladder_snapshot_upper_bound,free_cash_5pct_cap15,15,market_schedule_with_historical_collection_unit,5,60,full_ladder_snapshot_upper_bound
2026-04,100,39.29963529,100,39.29963529,0,-60.70036471,426,2649.142227,96.76699253,0.8301065308,39.29963529,22.55362998,2,"{""ambiguous_equal_source_timestamp_order"": 587, ""ask_source_age_over_5s"": 4, ""below_minimum_order_shares"": 74, ""exchange_maintenance_pause"": 1, ""native_ask_bbo_reconciliation_mismatch"": 239, ""no_positive_net_expected_value"": 1646, ""no_priceable_native_ask_side"": 1424}",continuous_mixed_regime_estimate,fee=market_schedule_with_historical_collection_unit|ask_age<=5s|release=60s|exec=full_ladder_snapshot_upper_bound,free_cash_5pct_cap20,20,market_schedule_with_historical_collection_unit,5,60,full_ladder_snapshot_upper_bound
2026-05,39.29963529,30.03251538,39.29963529,30.03251538,0,-9.267119914,5,8.849269914,0.41785,0.2341448647,30.03251538,1.964981765,1,"{""ambiguous_equal_source_timestamp_order"": 1184, ""ask_source_age_over_5s"": 261, ""below_minimum_order_shares"": 2274, ""missing_official_outcome_or_resolution_time"": 10, ""native_ask_bbo_reconciliation_mismatch"": 419, ""no_native_book_snapshot"": 316, ""no_priceable_native_ask_side"": 4458}",continuous_mixed_regime_estimate,fee=market_schedule_with_historical_collection_unit|ask_age<=5s|release=60s|exec=full_ladder_snapshot_upper_bound,free_cash_5pct_cap20,20,market_schedule_with_historical_collection_unit,5,60,full_ladder_snapshot_upper_bound
2026-06,30.03251538,30.03251538,30.03251538,30.03251538,0,0,0,0,0,0,30.03251538,0,0,"{""ambiguous_equal_source_timestamp_order"": 375, ""archive_gap_after_book_initialization"": 8, ""archive_hour_missing_at_entry"": 36, ""ask_source_age_over_5s"": 807, ""below_minimum_order_shares"": 2110, ""no_native_book_snapshot"": 5046, ""no_priceable_native_ask_side"": 252}",continuous_mixed_regime_estimate,fee=market_schedule_with_historical_collection_unit|ask_age<=5s|release=60s|exec=full_ladder_snapshot_upper_bound,free_cash_5pct_cap20,20,market_schedule_with_historical_collection_unit,5,60,full_ladder_snapshot_upper_bound
2026-07,30.03251538,28.44679961,30.03251538,28.44679961,0,-1.585715769,1,1.501625769,0.08409,0.05014039135,28.44679961,1.501625769,1,"{""ambiguous_equal_source_timestamp_order"": 343, ""ask_source_age_over_5s"": 305, ""below_minimum_order_shares"": 5394, ""no_native_book_snapshot"": 2101, ""no_priceable_native_ask_side"": 783}",continuous_mixed_regime_estimate,fee=market_schedule_with_historical_collection_unit|ask_age<=5s|release=60s|exec=full_ladder_snapshot_upper_bound,free_cash_5pct_cap20,20,market_schedule_with_historical_collection_unit,5,60,full_ladder_snapshot_upper_bound
2026-08,28.44679961,25.19699404,28.44679961,25.19699404,0,-3.249805568,7,10.20115602,0.53553,0.2367938116,25.19699404,1.65073308,1,"{""ambiguous_equal_source_timestamp_order"": 1511, ""ask_source_age_over_5s"": 47, ""below_minimum_order_shares"": 4920, ""future_source_timestamp_at_entry"": 1, ""missing_official_outcome_or_resolution_time"": 1, ""no_native_book_snapshot"": 916, ""no_priceable_native_ask_side"": 1525}",continuous_mixed_regime_estimate,fee=market_schedule_with_historical_collection_unit|ask_age<=5s|release=60s|exec=full_ladder_snapshot_upper_bound,free_cash_5pct_cap20,20,market_schedule_with_historical_collection_unit,5,60,full_ladder_snapshot_upper_bound
2026-09,25.19699404,25.19699404,25.19699404,25.19699404,0,0,0,0,0,0,25.19699404,0,0,"{""ambiguous_equal_source_timestamp_order"": 28, ""ask_source_age_over_5s"": 25, ""below_minimum_order_shares"": 5360, ""native_ask_bbo_reconciliation_mismatch"": 6, ""no_priceable_native_ask_side"": 3220}",continuous_mixed_regime_estimate,fee=market_schedule_with_historical_collection_unit|ask_age<=5s|release=60s|exec=full_ladder_snapshot_upper_bound,free_cash_5pct_cap20,20,market_schedule_with_historical_collection_unit,5,60,full_ladder_snapshot_upper_bound
2026-10,25.19699404,25.19699404,25.19699404,25.19699404,0,0,0,0,0,0,25.19699404,0,0,"{""ambiguous_equal_source_timestamp_order"": 1, ""below_minimum_order_shares"": 1720, ""future_source_timestamp_at_entry"": 2, ""no_priceable_native_ask_side"": 5}",continuous_mixed_regime_estimate,fee=market_schedule_with_historical_collection_unit|ask_age<=5s|release=60s|exec=full_ladder_snapshot_upper_bound,free_cash_5pct_cap20,20,market_schedule_with_historical_collection_unit,5,60,full_ladder_snapshot_upper_bound
2026-04,100,39.29963529,100,39.29963529,0,-60.70036471,426,2649.142227,96.76699253,0.8301065308,39.29963529,22.55362998,2,"{""ambiguous_equal_source_timestamp_order"": 587, ""ask_source_age_over_5s"": 4, ""below_minimum_order_shares"": 74, ""exchange_maintenance_pause"": 1, ""native_ask_bbo_reconciliation_mismatch"": 239, ""no_positive_net_expected_value"": 1646, ""no_priceable_native_ask_side"": 1424}",continuous_mixed_regime_estimate,fee=market_schedule_with_historical_collection_unit|ask_age<=5s|release=60s|exec=full_ladder_snapshot_upper_bound,free_cash_5pct_cap30,30,market_schedule_with_historical_collection_unit,5,60,full_ladder_snapshot_upper_bound
2026-05,39.29963529,30.03251538,39.29963529,30.03251538,0,-9.267119914,5,8.849269914,0.41785,0.2341448647,30.03251538,1.964981765,1,"{""ambiguous_equal_source_timestamp_order"": 1184, ""ask_source_age_over_5s"": 261, ""below_minimum_order_shares"": 2274, ""missing_official_outcome_or_resolution_time"": 10, ""native_ask_bbo_reconciliation_mismatch"": 419, ""no_native_book_snapshot"": 316, ""no_priceable_native_ask_side"": 4458}",continuous_mixed_regime_estimate,fee=market_schedule_with_historical_collection_unit|ask_age<=5s|release=60s|exec=full_ladder_snapshot_upper_bound,free_cash_5pct_cap30,30,market_schedule_with_historical_collection_unit,5,60,full_ladder_snapshot_upper_bound
2026-06,30.03251538,30.03251538,30.03251538,30.03251538,0,0,0,0,0,0,30.03251538,0,0,"{""ambiguous_equal_source_timestamp_order"": 375, ""archive_gap_after_book_initialization"": 8, ""archive_hour_missing_at_entry"": 36, ""ask_source_age_over_5s"": 807, ""below_minimum_order_shares"": 2110, ""no_native_book_snapshot"": 5046, ""no_priceable_native_ask_side"": 252}",continuous_mixed_regime_estimate,fee=market_schedule_with_historical_collection_unit|ask_age<=5s|release=60s|exec=full_ladder_snapshot_upper_bound,free_cash_5pct_cap30,30,market_schedule_with_historical_collection_unit,5,60,full_ladder_snapshot_upper_bound
2026-07,30.03251538,28.44679961,30.03251538,28.44679961,0,-1.585715769,1,1.501625769,0.08409,0.05014039135,28.44679961,1.501625769,1,"{""ambiguous_equal_source_timestamp_order"": 343, ""ask_source_age_over_5s"": 305, ""below_minimum_order_shares"": 5394, ""no_native_book_snapshot"": 2101, ""no_priceable_native_ask_side"": 783}",continuous_mixed_regime_estimate,fee=market_schedule_with_historical_collection_unit|ask_age<=5s|release=60s|exec=full_ladder_snapshot_upper_bound,free_cash_5pct_cap30,30,market_schedule_with_historical_collection_unit,5,60,full_ladder_snapshot_upper_bound
2026-08,28.44679961,25.19699404,28.44679961,25.19699404,0,-3.249805568,7,10.20115602,0.53553,0.2367938116,25.19699404,1.65073308,1,"{""ambiguous_equal_source_timestamp_order"": 1511, ""ask_source_age_over_5s"": 47, ""below_minimum_order_shares"": 4920, ""future_source_timestamp_at_entry"": 1, ""missing_official_outcome_or_resolution_time"": 1, ""no_native_book_snapshot"": 916, ""no_priceable_native_ask_side"": 1525}",continuous_mixed_regime_estimate,fee=market_schedule_with_historical_collection_unit|ask_age<=5s|release=60s|exec=full_ladder_snapshot_upper_bound,free_cash_5pct_cap30,30,market_schedule_with_historical_collection_unit,5,60,full_ladder_snapshot_upper_bound
2026-09,25.19699404,25.19699404,25.19699404,25.19699404,0,0,0,0,0,0,25.19699404,0,0,"{""ambiguous_equal_source_timestamp_order"": 28, ""ask_source_age_over_5s"": 25, ""below_minimum_order_shares"": 5360, ""native_ask_bbo_reconciliation_mismatch"": 6, ""no_priceable_native_ask_side"": 3220}",continuous_mixed_regime_estimate,fee=market_schedule_with_historical_collection_unit|ask_age<=5s|release=60s|exec=full_ladder_snapshot_upper_bound,free_cash_5pct_cap30,30,market_schedule_with_historical_collection_unit,5,60,full_ladder_snapshot_upper_bound
2026-10,25.19699404,25.19699404,25.19699404,25.19699404,0,0,0,0,0,0,25.19699404,0,0,"{""ambiguous_equal_source_timestamp_order"": 1, ""below_minimum_order_shares"": 1720, ""future_source_timestamp_at_entry"": 2, ""no_priceable_native_ask_side"": 5}",continuous_mixed_regime_estimate,fee=market_schedule_with_historical_collection_unit|ask_age<=5s|release=60s|exec=full_ladder_snapshot_upper_bound,free_cash_5pct_cap30,30,market_schedule_with_historical_collection_unit,5,60,full_ladder_snapshot_upper_bound
2026-04,100,39.29963529,100,39.29963529,0,-60.70036471,426,2649.142227,96.76699253,0.8301065308,39.29963529,22.55362998,2,"{""ambiguous_equal_source_timestamp_order"": 587, ""ask_source_age_over_5s"": 4, ""below_minimum_order_shares"": 74, ""exchange_maintenance_pause"": 1, ""native_ask_bbo_reconciliation_mismatch"": 239, ""no_positive_net_expected_value"": 1646, ""no_priceable_native_ask_side"": 1424}",continuous_mixed_regime_estimate,fee=market_schedule_with_historical_collection_unit|ask_age<=5s|release=60s|exec=full_ladder_snapshot_upper_bound,free_cash_5pct_cap50,50,market_schedule_with_historical_collection_unit,5,60,full_ladder_snapshot_upper_bound
2026-05,39.29963529,30.03251538,39.29963529,30.03251538,0,-9.267119914,5,8.849269914,0.41785,0.2341448647,30.03251538,1.964981765,1,"{""ambiguous_equal_source_timestamp_order"": 1184, ""ask_source_age_over_5s"": 261, ""below_minimum_order_shares"": 2274, ""missing_official_outcome_or_resolution_time"": 10, ""native_ask_bbo_reconciliation_mismatch"": 419, ""no_native_book_snapshot"": 316, ""no_priceable_native_ask_side"": 4458}",continuous_mixed_regime_estimate,fee=market_schedule_with_historical_collection_unit|ask_age<=5s|release=60s|exec=full_ladder_snapshot_upper_bound,free_cash_5pct_cap50,50,market_schedule_with_historical_collection_unit,5,60,full_ladder_snapshot_upper_bound
2026-06,30.03251538,30.03251538,30.03251538,30.03251538,0,0,0,0,0,0,30.03251538,0,0,"{""ambiguous_equal_source_timestamp_order"": 375, ""archive_gap_after_book_initialization"": 8, ""archive_hour_missing_at_entry"": 36, ""ask_source_age_over_5s"": 807, ""below_minimum_order_shares"": 2110, ""no_native_book_snapshot"": 5046, ""no_priceable_native_ask_side"": 252}",continuous_mixed_regime_estimate,fee=market_schedule_with_historical_collection_unit|ask_age<=5s|release=60s|exec=full_ladder_snapshot_upper_bound,free_cash_5pct_cap50,50,market_schedule_with_historical_collection_unit,5,60,full_ladder_snapshot_upper_bound
2026-07,30.03251538,28.44679961,30.03251538,28.44679961,0,-1.585715769,1,1.501625769,0.08409,0.05014039135,28.44679961,1.501625769,1,"{""ambiguous_equal_source_timestamp_order"": 343, ""ask_source_age_over_5s"": 305, ""below_minimum_order_shares"": 5394, ""no_native_book_snapshot"": 2101, ""no_priceable_native_ask_side"": 783}",continuous_mixed_regime_estimate,fee=market_schedule_with_historical_collection_unit|ask_age<=5s|release=60s|exec=full_ladder_snapshot_upper_bound,free_cash_5pct_cap50,50,market_schedule_with_historical_collection_unit,5,60,full_ladder_snapshot_upper_bound
2026-08,28.44679961,25.19699404,28.44679961,25.19699404,0,-3.249805568,7,10.20115602,0.53553,0.2367938116,25.19699404,1.65073308,1,"{""ambiguous_equal_source_timestamp_order"": 1511, ""ask_source_age_over_5s"": 47, ""below_minimum_order_shares"": 4920, ""future_source_timestamp_at_entry"": 1, ""missing_official_outcome_or_resolution_time"": 1, ""no_native_book_snapshot"": 916, ""no_priceable_native_ask_side"": 1525}",continuous_mixed_regime_estimate,fee=market_schedule_with_historical_collection_unit|ask_age<=5s|release=60s|exec=full_ladder_snapshot_upper_bound,free_cash_5pct_cap50,50,market_schedule_with_historical_collection_unit,5,60,full_ladder_snapshot_upper_bound
2026-09,25.19699404,25.19699404,25.19699404,25.19699404,0,0,0,0,0,0,25.19699404,0,0,"{""ambiguous_equal_source_timestamp_order"": 28, ""ask_source_age_over_5s"": 25, ""below_minimum_order_shares"": 5360, ""native_ask_bbo_reconciliation_mismatch"": 6, ""no_priceable_native_ask_side"": 3220}",continuous_mixed_regime_estimate,fee=market_schedule_with_historical_collection_unit|ask_age<=5s|release=60s|exec=full_ladder_snapshot_upper_bound,free_cash_5pct_cap50,50,market_schedule_with_historical_collection_unit,5,60,full_ladder_snapshot_upper_bound
2026-10,25.19699404,25.19699404,25.19699404,25.19699404,0,0,0,0,0,0,25.19699404,0,0,"{""ambiguous_equal_source_timestamp_order"": 1, ""below_minimum_order_shares"": 1720, ""future_source_timestamp_at_entry"": 2, ""no_priceable_native_ask_side"": 5}",continuous_mixed_regime_estimate,fee=market_schedule_with_historical_collection_unit|ask_age<=5s|release=60s|exec=full_ladder_snapshot_upper_bound,free_cash_5pct_cap50,50,market_schedule_with_historical_collection_unit,5,60,full_ladder_snapshot_upper_bound
2026-04,100,39.29963529,100,39.29963529,0,-60.70036471,426,2649.142227,96.76699253,0.8301065308,39.29963529,22.55362998,2,"{""ambiguous_equal_source_timestamp_order"": 587, ""ask_source_age_over_5s"": 4, ""below_minimum_order_shares"": 74, ""exchange_maintenance_pause"": 1, ""native_ask_bbo_reconciliation_mismatch"": 239, ""no_positive_net_expected_value"": 1646, ""no_priceable_native_ask_side"": 1424}",continuous_mixed_regime_estimate,fee=market_schedule_with_historical_collection_unit|ask_age<=5s|release=60s|exec=full_ladder_snapshot_upper_bound,free_cash_5pct_cap75,75,market_schedule_with_historical_collection_unit,5,60,full_ladder_snapshot_upper_bound
2026-05,39.29963529,30.03251538,39.29963529,30.03251538,0,-9.267119914,5,8.849269914,0.41785,0.2341448647,30.03251538,1.964981765,1,"{""ambiguous_equal_source_timestamp_order"": 1184, ""ask_source_age_over_5s"": 261, ""below_minimum_order_shares"": 2274, ""missing_official_outcome_or_resolution_time"": 10, ""native_ask_bbo_reconciliation_mismatch"": 419, ""no_native_book_snapshot"": 316, ""no_priceable_native_ask_side"": 4458}",continuous_mixed_regime_estimate,fee=market_schedule_with_historical_collection_unit|ask_age<=5s|release=60s|exec=full_ladder_snapshot_upper_bound,free_cash_5pct_cap75,75,market_schedule_with_historical_collection_unit,5,60,full_ladder_snapshot_upper_bound
2026-06,30.03251538,30.03251538,30.03251538,30.03251538,0,0,0,0,0,0,30.03251538,0,0,"{""ambiguous_equal_source_timestamp_order"": 375, ""archive_gap_after_book_initialization"": 8, ""archive_hour_missing_at_entry"": 36, ""ask_source_age_over_5s"": 807, ""below_minimum_order_shares"": 2110, ""no_native_book_snapshot"": 5046, ""no_priceable_native_ask_side"": 252}",continuous_mixed_regime_estimate,fee=market_schedule_with_historical_collection_unit|ask_age<=5s|release=60s|exec=full_ladder_snapshot_upper_bound,free_cash_5pct_cap75,75,market_schedule_with_historical_collection_unit,5,60,full_ladder_snapshot_upper_bound
2026-07,30.03251538,28.44679961,30.03251538,28.44679961,0,-1.585715769,1,1.501625769,0.08409,0.05014039135,28.44679961,1.501625769,1,"{""ambiguous_equal_source_timestamp_order"": 343, ""ask_source_age_over_5s"": 305, ""below_minimum_order_shares"": 5394, ""no_native_book_snapshot"": 2101, ""no_priceable_native_ask_side"": 783}",continuous_mixed_regime_estimate,fee=market_schedule_with_historical_collection_unit|ask_age<=5s|release=60s|exec=full_ladder_snapshot_upper_bound,free_cash_5pct_cap75,75,market_schedule_with_historical_collection_unit,5,60,full_ladder_snapshot_upper_bound
2026-08,28.44679961,25.19699404,28.44679961,25.19699404,0,-3.249805568,7,10.20115602,0.53553,0.2367938116,25.19699404,1.65073308,1,"{""ambiguous_equal_source_timestamp_order"": 1511, ""ask_source_age_over_5s"": 47, ""below_minimum_order_shares"": 4920, ""future_source_timestamp_at_entry"": 1, ""missing_official_outcome_or_resolution_time"": 1, ""no_native_book_snapshot"": 916, ""no_priceable_native_ask_side"": 1525}",continuous_mixed_regime_estimate,fee=market_schedule_with_historical_collection_unit|ask_age<=5s|release=60s|exec=full_ladder_snapshot_upper_bound,free_cash_5pct_cap75,75,market_schedule_with_historical_collection_unit,5,60,full_ladder_snapshot_upper_bound
2026-09,25.19699404,25.19699404,25.19699404,25.19699404,0,0,0,0,0,0,25.19699404,0,0,"{""ambiguous_equal_source_timestamp_order"": 28, ""ask_source_age_over_5s"": 25, ""below_minimum_order_shares"": 5360, ""native_ask_bbo_reconciliation_mismatch"": 6, ""no_priceable_native_ask_side"": 3220}",continuous_mixed_regime_estimate,fee=market_schedule_with_historical_collection_unit|ask_age<=5s|release=60s|exec=full_ladder_snapshot_upper_bound,free_cash_5pct_cap75,75,market_schedule_with_historical_collection_unit,5,60,full_ladder_snapshot_upper_bound
2026-10,25.19699404,25.19699404,25.19699404,25.19699404,0,0,0,0,0,0,25.19699404,0,0,"{""ambiguous_equal_source_timestamp_order"": 1, ""below_minimum_order_shares"": 1720, ""future_source_timestamp_at_entry"": 2, ""no_priceable_native_ask_side"": 5}",continuous_mixed_regime_estimate,fee=market_schedule_with_historical_collection_unit|ask_age<=5s|release=60s|exec=full_ladder_snapshot_upper_bound,free_cash_5pct_cap75,75,market_schedule_with_historical_collection_unit,5,60,full_ladder_snapshot_upper_bound
2026-04,100,39.29963529,100,39.29963529,0,-60.70036471,426,2649.142227,96.76699253,0.8301065308,39.29963529,22.55362998,2,"{""ambiguous_equal_source_timestamp_order"": 587, ""ask_source_age_over_5s"": 4, ""below_minimum_order_shares"": 74, ""exchange_maintenance_pause"": 1, ""native_ask_bbo_reconciliation_mismatch"": 239, ""no_positive_net_expected_value"": 1646, ""no_priceable_native_ask_side"": 1424}",continuous_mixed_regime_estimate,fee=market_schedule_with_historical_collection_unit|ask_age<=5s|release=60s|exec=full_ladder_snapshot_upper_bound,free_cash_5pct_cap100,100,market_schedule_with_historical_collection_unit,5,60,full_ladder_snapshot_upper_bound
2026-05,39.29963529,30.03251538,39.29963529,30.03251538,0,-9.267119914,5,8.849269914,0.41785,0.2341448647,30.03251538,1.964981765,1,"{""ambiguous_equal_source_timestamp_order"": 1184, ""ask_source_age_over_5s"": 261, ""below_minimum_order_shares"": 2274, ""missing_official_outcome_or_resolution_time"": 10, ""native_ask_bbo_reconciliation_mismatch"": 419, ""no_native_book_snapshot"": 316, ""no_priceable_native_ask_side"": 4458}",continuous_mixed_regime_estimate,fee=market_schedule_with_historical_collection_unit|ask_age<=5s|release=60s|exec=full_ladder_snapshot_upper_bound,free_cash_5pct_cap100,100,market_schedule_with_historical_collection_unit,5,60,full_ladder_snapshot_upper_bound
2026-06,30.03251538,30.03251538,30.03251538,30.03251538,0,0,0,0,0,0,30.03251538,0,0,"{""ambiguous_equal_source_timestamp_order"": 375, ""archive_gap_after_book_initialization"": 8, ""archive_hour_missing_at_entry"": 36, ""ask_source_age_over_5s"": 807, ""below_minimum_order_shares"": 2110, ""no_native_book_snapshot"": 5046, ""no_priceable_native_ask_side"": 252}",continuous_mixed_regime_estimate,fee=market_schedule_with_historical_collection_unit|ask_age<=5s|release=60s|exec=full_ladder_snapshot_upper_bound,free_cash_5pct_cap100,100,market_schedule_with_historical_collection_unit,5,60,full_ladder_snapshot_upper_bound
2026-07,30.03251538,28.44679961,30.03251538,28.44679961,0,-1.585715769,1,1.501625769,0.08409,0.05014039135,28.44679961,1.501625769,1,"{""ambiguous_equal_source_timestamp_order"": 343, ""ask_source_age_over_5s"": 305, ""below_minimum_order_shares"": 5394, ""no_native_book_snapshot"": 2101, ""no_priceable_native_ask_side"": 783}",continuous_mixed_regime_estimate,fee=market_schedule_with_historical_collection_unit|ask_age<=5s|release=60s|exec=full_ladder_snapshot_upper_bound,free_cash_5pct_cap100,100,market_schedule_with_historical_collection_unit,5,60,full_ladder_snapshot_upper_bound
2026-08,28.44679961,25.19699404,28.44679961,25.19699404,0,-3.249805568,7,10.20115602,0.53553,0.2367938116,25.19699404,1.65073308,1,"{""ambiguous_equal_source_timestamp_order"": 1511, ""ask_source_age_over_5s"": 47, ""below_minimum_order_shares"": 4920, ""future_source_timestamp_at_entry"": 1, ""missing_official_outcome_or_resolution_time"": 1, ""no_native_book_snapshot"": 916, ""no_priceable_native_ask_side"": 1525}",continuous_mixed_regime_estimate,fee=market_schedule_with_historical_collection_unit|ask_age<=5s|release=60s|exec=full_ladder_snapshot_upper_bound,free_cash_5pct_cap100,100,market_schedule_with_historical_collection_unit,5,60,full_ladder_snapshot_upper_bound
2026-09,25.19699404,25.19699404,25.19699404,25.19699404,0,0,0,0,0,0,25.19699404,0,0,"{""ambiguous_equal_source_timestamp_order"": 28, ""ask_source_age_over_5s"": 25, ""below_minimum_order_shares"": 5360, ""native_ask_bbo_reconciliation_mismatch"": 6, ""no_priceable_native_ask_side"": 3220}",continuous_mixed_regime_estimate,fee=market_schedule_with_historical_collection_unit|ask_age<=5s|release=60s|exec=full_ladder_snapshot_upper_bound,free_cash_5pct_cap100,100,market_schedule_with_historical_collection_unit,5,60,full_ladder_snapshot_upper_bound
2026-10,25.19699404,25.19699404,25.19699404,25.19699404,0,0,0,0,0,0,25.19699404,0,0,"{""ambiguous_equal_source_timestamp_order"": 1, ""below_minimum_order_shares"": 1720, ""future_source_timestamp_at_entry"": 2, ""no_priceable_native_ask_side"": 5}",continuous_mixed_regime_estimate,fee=market_schedule_with_historical_collection_unit|ask_age<=5s|release=60s|exec=full_ladder_snapshot_upper_bound,free_cash_5pct_cap100,100,market_schedule_with_historical_collection_unit,5,60,full_ladder_snapshot_upper_bound
2026-04,100,39.29963529,100,39.29963529,0,-60.70036471,426,2649.142227,96.76699253,0.8301065308,39.29963529,22.55362998,2,"{""ambiguous_equal_source_timestamp_order"": 587, ""ask_source_age_over_5s"": 4, ""below_minimum_order_shares"": 74, ""exchange_maintenance_pause"": 1, ""native_ask_bbo_reconciliation_mismatch"": 239, ""no_positive_net_expected_value"": 1646, ""no_priceable_native_ask_side"": 1424}",continuous_mixed_regime_estimate,fee=market_schedule_with_historical_collection_unit|ask_age<=5s|release=60s|exec=full_ladder_snapshot_upper_bound,free_cash_5pct_cap_none,,market_schedule_with_historical_collection_unit,5,60,full_ladder_snapshot_upper_bound
2026-05,39.29963529,30.03251538,39.29963529,30.03251538,0,-9.267119914,5,8.849269914,0.41785,0.2341448647,30.03251538,1.964981765,1,"{""ambiguous_equal_source_timestamp_order"": 1184, ""ask_source_age_over_5s"": 261, ""below_minimum_order_shares"": 2274, ""missing_official_outcome_or_resolution_time"": 10, ""native_ask_bbo_reconciliation_mismatch"": 419, ""no_native_book_snapshot"": 316, ""no_priceable_native_ask_side"": 4458}",continuous_mixed_regime_estimate,fee=market_schedule_with_historical_collection_unit|ask_age<=5s|release=60s|exec=full_ladder_snapshot_upper_bound,free_cash_5pct_cap_none,,market_schedule_with_historical_collection_unit,5,60,full_ladder_snapshot_upper_bound
2026-06,30.03251538,30.03251538,30.03251538,30.03251538,0,0,0,0,0,0,30.03251538,0,0,"{""ambiguous_equal_source_timestamp_order"": 375, ""archive_gap_after_book_initialization"": 8, ""archive_hour_missing_at_entry"": 36, ""ask_source_age_over_5s"": 807, ""below_minimum_order_shares"": 2110, ""no_native_book_snapshot"": 5046, ""no_priceable_native_ask_side"": 252}",continuous_mixed_regime_estimate,fee=market_schedule_with_historical_collection_unit|ask_age<=5s|release=60s|exec=full_ladder_snapshot_upper_bound,free_cash_5pct_cap_none,,market_schedule_with_historical_collection_unit,5,60,full_ladder_snapshot_upper_bound
2026-07,30.03251538,28.44679961,30.03251538,28.44679961,0,-1.585715769,1,1.501625769,0.08409,0.05014039135,28.44679961,1.501625769,1,"{""ambiguous_equal_source_timestamp_order"": 343, ""ask_source_age_over_5s"": 305, ""below_minimum_order_shares"": 5394, ""no_native_book_snapshot"": 2101, ""no_priceable_native_ask_side"": 783}",continuous_mixed_regime_estimate,fee=market_schedule_with_historical_collection_unit|ask_age<=5s|release=60s|exec=full_ladder_snapshot_upper_bound,free_cash_5pct_cap_none,,market_schedule_with_historical_collection_unit,5,60,full_ladder_snapshot_upper_bound
2026-08,28.44679961,25.19699404,28.44679961,25.19699404,0,-3.249805568,7,10.20115602,0.53553,0.2367938116,25.19699404,1.65073308,1,"{""ambiguous_equal_source_timestamp_order"": 1511, ""ask_source_age_over_5s"": 47, ""below_minimum_order_shares"": 4920, ""future_source_timestamp_at_entry"": 1, ""missing_official_outcome_or_resolution_time"": 1, ""no_native_book_snapshot"": 916, ""no_priceable_native_ask_side"": 1525}",continuous_mixed_regime_estimate,fee=market_schedule_with_historical_collection_unit|ask_age<=5s|release=60s|exec=full_ladder_snapshot_upper_bound,free_cash_5pct_cap_none,,market_schedule_with_historical_collection_unit,5,60,full_ladder_snapshot_upper_bound
2026-09,25.19699404,25.19699404,25.19699404,25.19699404,0,0,0,0,0,0,25.19699404,0,0,"{""ambiguous_equal_source_timestamp_order"": 28, ""ask_source_age_over_5s"": 25, ""below_minimum_order_shares"": 5360, ""native_ask_bbo_reconciliation_mismatch"": 6, ""no_priceable_native_ask_side"": 3220}",continuous_mixed_regime_estimate,fee=market_schedule_with_historical_collection_unit|ask_age<=5s|release=60s|exec=full_ladder_snapshot_upper_bound,free_cash_5pct_cap_none,,market_schedule_with_historical_collection_unit,5,60,full_ladder_snapshot_upper_bound
2026-10,25.19699404,25.19699404,25.19699404,25.19699404,0,0,0,0,0,0,25.19699404,0,0,"{""ambiguous_equal_source_timestamp_order"": 1, ""below_minimum_order_shares"": 1720, ""future_source_timestamp_at_entry"": 2, ""no_priceable_native_ask_side"": 5}",continuous_mixed_regime_estimate,fee=market_schedule_with_historical_collection_unit|ask_age<=5s|release=60s|exec=full_ladder_snapshot_upper_bound,free_cash_5pct_cap_none,,market_schedule_with_historical_collection_unit,5,60,full_ladder_snapshot_upper_bound
2026-04,100,72.80070751,100,72.80070751,0,-27.19929249,541,2705,99.10322753,0.8341070648,30.02300249,10,2,"{""ambiguous_equal_source_timestamp_order"": 587, ""ask_source_age_over_30s"": 4, ""exchange_maintenance_pause"": 1, ""native_ask_bbo_reconciliation_mismatch"": 239, ""no_positive_net_expected_value"": 2058, ""no_priceable_native_ask_side"": 971}",continuous_mixed_regime_estimate,fee=market_schedule_with_historical_collection_unit|ask_age<=30s|release=60s|exec=full_ladder_snapshot_upper_bound,fixed_5_usd,,market_schedule_with_historical_collection_unit,30,60,full_ladder_snapshot_upper_bound
2026-05,72.80070751,2.865233636,72.80070751,2.865233636,0,-69.93547387,126,630,23.42761,0.9659502843,0.8973069432,10,2,"{""ambiguous_equal_source_timestamp_order"": 1184, ""ask_source_age_over_30s"": 218, ""insufficient_free_cash_for_cash_debit"": 1156, ""missing_official_outcome_or_resolution_time"": 10, ""native_ask_bbo_reconciliation_mismatch"": 426, ""no_native_book_snapshot"": 316, ""no_positive_net_expected_value"": 4169, ""no_priceable_native_ask_side"": 1322}",continuous_mixed_regime_estimate,fee=market_schedule_with_historical_collection_unit|ask_age<=30s|release=60s|exec=full_ladder_snapshot_upper_bound,fixed_5_usd,,market_schedule_with_historical_collection_unit,30,60,full_ladder_snapshot_upper_bound
2026-06,2.865233636,2.865233636,2.865233636,2.865233636,0,0,0,0,0,0,2.865233636,0,0,"{""ambiguous_equal_source_timestamp_order"": 375, ""archive_gap_after_book_initialization"": 8, ""archive_hour_missing_at_entry"": 36, ""ask_source_age_over_30s"": 648, ""insufficient_free_cash_for_cash_debit"": 634, ""no_native_book_snapshot"": 5046, ""no_positive_net_expected_value"": 1818, ""no_priceable_native_ask_side"": 69}",continuous_mixed_regime_estimate,fee=market_schedule_with_historical_collection_unit|ask_age<=30s|release=60s|exec=full_ladder_snapshot_upper_bound,fixed_5_usd,,market_schedule_with_historical_collection_unit,30,60,full_ladder_snapshot_upper_bound
2026-07,2.865233636,2.865233636,2.865233636,2.865233636,0,0,0,0,0,0,2.865233636,0,0,"{""ambiguous_equal_source_timestamp_order"": 343, ""ask_source_age_over_30s"": 22, ""insufficient_free_cash_for_cash_debit"": 1990, ""no_native_book_snapshot"": 2101, ""no_positive_net_expected_value"": 4456, ""no_priceable_native_ask_side"": 15}",continuous_mixed_regime_estimate,fee=market_schedule_with_historical_collection_unit|ask_age<=30s|release=60s|exec=full_ladder_snapshot_upper_bound,fixed_5_usd,,market_schedule_with_historical_collection_unit,30,60,full_ladder_snapshot_upper_bound
2026-08,2.865233636,2.865233636,2.865233636,2.865233636,0,0,0,0,0,0,2.865233636,0,0,"{""ambiguous_equal_source_timestamp_order"": 1511, ""ask_source_age_over_30s"": 35, ""future_source_timestamp_at_entry"": 1, ""insufficient_free_cash_for_cash_debit"": 1609, ""missing_official_outcome_or_resolution_time"": 1, ""no_native_book_snapshot"": 916, ""no_positive_net_expected_value"": 4781, ""no_priceable_native_ask_side"": 74}",continuous_mixed_regime_estimate,fee=market_schedule_with_historical_collection_unit|ask_age<=30s|release=60s|exec=full_ladder_snapshot_upper_bound,fixed_5_usd,,market_schedule_with_historical_collection_unit,30,60,full_ladder_snapshot_upper_bound
2026-09,2.865233636,2.865233636,2.865233636,2.865233636,0,0,0,0,0,0,2.865233636,0,0,"{""ambiguous_equal_source_timestamp_order"": 28, ""ask_source_age_over_30s"": 20, ""insufficient_free_cash_for_cash_debit"": 1605, ""native_ask_bbo_reconciliation_mismatch"": 6, ""no_positive_net_expected_value"": 6969, ""no_priceable_native_ask_side"": 11}",continuous_mixed_regime_estimate,fee=market_schedule_with_historical_collection_unit|ask_age<=30s|release=60s|exec=full_ladder_snapshot_upper_bound,fixed_5_usd,,market_schedule_with_historical_collection_unit,30,60,full_ladder_snapshot_upper_bound
2026-10,2.865233636,2.865233636,2.865233636,2.865233636,0,0,0,0,0,0,2.865233636,0,0,"{""ambiguous_equal_source_timestamp_order"": 1, ""future_source_timestamp_at_entry"": 2, ""insufficient_free_cash_for_cash_debit"": 469, ""no_positive_net_expected_value"": 1256}",continuous_mixed_regime_estimate,fee=market_schedule_with_historical_collection_unit|ask_age<=30s|release=60s|exec=full_ladder_snapshot_upper_bound,fixed_5_usd,,market_schedule_with_historical_collection_unit,30,60,full_ladder_snapshot_upper_bound
2026-04,100,40.78565635,100,40.78565635,8.881784197e-16,-59.21434365,442,2134.062066,78.13064448,0.8021376717,40.78565635,10,2,"{""ambiguous_equal_source_timestamp_order"": 587, ""ask_source_age_over_30s"": 4, ""below_minimum_order_shares"": 62, ""exchange_maintenance_pause"": 1, ""native_ask_bbo_reconciliation_mismatch"": 239, ""no_positive_net_expected_value"": 1724, ""no_priceable_native_ask_side"": 1342}",continuous_mixed_regime_estimate,fee=market_schedule_with_historical_collection_unit|ask_age<=30s|release=60s|exec=full_ladder_snapshot_upper_bound,free_cash_5pct_cap5,5,market_schedule_with_historical_collection_unit,30,60,full_ladder_snapshot_upper_bound
2026-05,40.78565635,29.54317752,40.78565635,29.54317752,8.881784197e-16,-11.24247883,6,10.74462883,0.49785,0.2741235157,29.54317752,2.039282817,1,"{""ambiguous_equal_source_timestamp_order"": 1184, ""ask_source_age_over_30s"": 218, ""below_minimum_order_shares"": 2327, ""missing_official_outcome_or_resolution_time"": 10, ""native_ask_bbo_reconciliation_mismatch"": 426, ""no_native_book_snapshot"": 316, ""no_priceable_native_ask_side"": 4440}",continuous_mixed_regime_estimate,fee=market_schedule_with_historical_collection_unit|ask_age<=30s|release=60s|exec=full_ladder_snapshot_upper_bound,free_cash_5pct_cap5,5,market_schedule_with_historical_collection_unit,30,60,full_ladder_snapshot_upper_bound
2026-06,29.54317752,29.54317752,29.54317752,29.54317752,8.881784197e-16,0,0,0,0,0,29.54317752,0,0,"{""ambiguous_equal_source_timestamp_order"": 375, ""archive_gap_after_book_initialization"": 8, ""archive_hour_missing_at_entry"": 36, ""ask_source_age_over_30s"": 648, ""below_minimum_order_shares"": 2283, ""no_native_book_snapshot"": 5046, ""no_priceable_native_ask_side"": 238}",continuous_mixed_regime_estimate,fee=market_schedule_with_historical_collection_unit|ask_age<=30s|release=60s|exec=full_ladder_snapshot_upper_bound,free_cash_5pct_cap5,5,market_schedule_with_historical_collection_unit,30,60,full_ladder_snapshot_upper_bound
2026-07,29.54317752,27.98329864,29.54317752,27.98329864,8.881784197e-16,-1.559878876,1,1.477158876,0.08272,0.05014039157,27.98329864,1.477158876,1,"{""ambiguous_equal_source_timestamp_order"": 343, ""ask_source_age_over_30s"": 22, ""below_minimum_order_shares"": 5689, ""no_native_book_snapshot"": 2101, ""no_priceable_native_ask_side"": 771}",continuous_mixed_regime_estimate,fee=market_schedule_with_historical_collection_unit|ask_age<=30s|release=60s|exec=full_ladder_snapshot_upper_bound,free_cash_5pct_cap5,5,market_schedule_with_historical_collection_unit,30,60,full_ladder_snapshot_upper_bound
2026-08,27.98329864,24.79101171,27.98329864,24.79101171,8.881784197e-16,-3.192286928,7,10.42457544,0.54085,0.2767442006,24.79101171,1.713848111,1,"{""ambiguous_equal_source_timestamp_order"": 1511, ""ask_source_age_over_30s"": 35, ""below_minimum_order_shares"": 4932, ""future_source_timestamp_at_entry"": 1, ""missing_official_outcome_or_resolution_time"": 1, ""no_native_book_snapshot"": 916, ""no_priceable_native_ask_side"": 1525}",continuous_mixed_regime_estimate,fee=market_schedule_with_historical_collection_unit|ask_age<=30s|release=60s|exec=full_ladder_snapshot_upper_bound,free_cash_5pct_cap5,5,market_schedule_with_historical_collection_unit,30,60,full_ladder_snapshot_upper_bound
2026-09,24.79101171,24.79101171,24.79101171,24.79101171,8.881784197e-16,0,0,0,0,0,24.79101171,0,0,"{""ambiguous_equal_source_timestamp_order"": 28, ""ask_source_age_over_30s"": 20, ""below_minimum_order_shares"": 5365, ""native_ask_bbo_reconciliation_mismatch"": 6, ""no_priceable_native_ask_side"": 3220}",continuous_mixed_regime_estimate,fee=market_schedule_with_historical_collection_unit|ask_age<=30s|release=60s|exec=full_ladder_snapshot_upper_bound,free_cash_5pct_cap5,5,market_schedule_with_historical_collection_unit,30,60,full_ladder_snapshot_upper_bound
2026-10,24.79101171,24.79101171,24.79101171,24.79101171,8.881784197e-16,0,0,0,0,0,24.79101171,8.881784197e-16,0,"{""ambiguous_equal_source_timestamp_order"": 1, ""below_minimum_order_shares"": 1720, ""future_source_timestamp_at_entry"": 2, ""no_priceable_native_ask_side"": 5}",continuous_mixed_regime_estimate,fee=market_schedule_with_historical_collection_unit|ask_age<=30s|release=60s|exec=full_ladder_snapshot_upper_bound,free_cash_5pct_cap5,5,market_schedule_with_historical_collection_unit,30,60,full_ladder_snapshot_upper_bound
2026-04,100,40.138257,100,40.138257,1.154631946e-14,-59.861743,426,2662.658677,97.25307303,0.8264726571,40.138257,20,2,"{""ambiguous_equal_source_timestamp_order"": 587, ""ask_source_age_over_30s"": 4, ""below_minimum_order_shares"": 74, ""exchange_maintenance_pause"": 1, ""native_ask_bbo_reconciliation_mismatch"": 239, ""no_positive_net_expected_value"": 1652, ""no_priceable_native_ask_side"": 1418}",continuous_mixed_regime_estimate,fee=market_schedule_with_historical_collection_unit|ask_age<=30s|release=60s|exec=full_ladder_snapshot_upper_bound,free_cash_5pct_cap10,10,market_schedule_with_historical_collection_unit,30,60,full_ladder_snapshot_upper_bound
2026-05,40.138257,30.68244294,40.138257,30.68244294,1.154631946e-14,-9.455814056,5,9.039954056,0.41586,0.2339724316,30.68244294,2.00691285,1,"{""ambiguous_equal_source_timestamp_order"": 1184, ""ask_source_age_over_30s"": 218, ""below_minimum_order_shares"": 2327, ""missing_official_outcome_or_resolution_time"": 10, ""native_ask_bbo_reconciliation_mismatch"": 426, ""no_native_book_snapshot"": 316, ""no_priceable_native_ask_side"": 4441}",continuous_mixed_regime_estimate,fee=market_schedule_with_historical_collection_unit|ask_age<=30s|release=60s|exec=full_ladder_snapshot_upper_bound,free_cash_5pct_cap10,10,market_schedule_with_historical_collection_unit,30,60,full_ladder_snapshot_upper_bound
2026-06,30.68244294,30.68244294,30.68244294,30.68244294,1.154631946e-14,0,0,0,0,0,30.68244294,0,0,"{""ambiguous_equal_source_timestamp_order"": 375, ""archive_gap_after_book_initialization"": 8, ""archive_hour_missing_at_entry"": 36, ""ask_source_age_over_30s"": 648, ""below_minimum_order_shares"": 2283, ""no_native_book_snapshot"": 5046, ""no_priceable_native_ask_side"": 238}",continuous_mixed_regime_estimate,fee=market_schedule_with_historical_collection_unit|ask_age<=30s|release=60s|exec=full_ladder_snapshot_upper_bound,free_cash_5pct_cap10,10,market_schedule_with_historical_collection_unit,30,60,full_ladder_snapshot_upper_bound
2026-07,30.68244294,29.0624108,30.68244294,29.0624108,1.154631946e-14,-1.620032147,1,1.534122147,0.08591,0.05014039172,29.0624108,1.534122147,1,"{""ambiguous_equal_source_timestamp_order"": 343, ""ask_source_age_over_30s"": 22, ""below_minimum_order_shares"": 5689, ""no_native_book_snapshot"": 2101, ""no_priceable_native_ask_side"": 771}",continuous_mixed_regime_estimate,fee=market_schedule_with_historical_collection_unit|ask_age<=30s|release=60s|exec=full_ladder_snapshot_upper_bound,free_cash_5pct_cap10,10,market_schedule_with_historical_collection_unit,30,60,full_ladder_snapshot_upper_bound
2026-08,29.0624108,25.74701322,29.0624108,25.74701322,1.154631946e-14,-3.315397574,7,10.42337376,0.54121,0.2366816318,25.74701322,1.686518646,1,"{""ambiguous_equal_source_timestamp_order"": 1511, ""ask_source_age_over_30s"": 35, ""below_minimum_order_shares"": 4932, ""future_source_timestamp_at_entry"": 1, ""missing_official_outcome_or_resolution_time"": 1, ""no_native_book_snapshot"": 916, ""no_priceable_native_ask_side"": 1525}",continuous_mixed_regime_estimate,fee=market_schedule_with_historical_collection_unit|ask_age<=30s|release=60s|exec=full_ladder_snapshot_upper_bound,free_cash_5pct_cap10,10,market_schedule_with_historical_collection_unit,30,60,full_ladder_snapshot_upper_bound
2026-09,25.74701322,25.74701322,25.74701322,25.74701322,1.154631946e-14,0,0,0,0,0,25.74701322,0,0,"{""ambiguous_equal_source_timestamp_order"": 28, ""ask_source_age_over_30s"": 20, ""below_minimum_order_shares"": 5365, ""native_ask_bbo_reconciliation_mismatch"": 6, ""no_priceable_native_ask_side"": 3220}",continuous_mixed_regime_estimate,fee=market_schedule_with_historical_collection_unit|ask_age<=30s|release=60s|exec=full_ladder_snapshot_upper_bound,free_cash_5pct_cap10,10,market_schedule_with_historical_collection_unit,30,60,full_ladder_snapshot_upper_bound
2026-10,25.74701322,25.74701322,25.74701322,25.74701322,1.154631946e-14,0,0,0,0,0,25.74701322,1.154631946e-14,0,"{""ambiguous_equal_source_timestamp_order"": 1, ""below_minimum_order_shares"": 1720, ""future_source_timestamp_at_entry"": 2, ""no_priceable_native_ask_side"": 5}",continuous_mixed_regime_estimate,fee=market_schedule_with_historical_collection_unit|ask_age<=30s|release=60s|exec=full_ladder_snapshot_upper_bound,free_cash_5pct_cap10,10,market_schedule_with_historical_collection_unit,30,60,full_ladder_snapshot_upper_bound
2026-04,100,39.29963529,100,39.29963529,0,-60.70036471,426,2649.142227,96.76699253,0.8301065308,39.29963529,22.55362998,2,"{""ambiguous_equal_source_timestamp_order"": 587, ""ask_source_age_over_30s"": 4, ""below_minimum_order_shares"": 74, ""exchange_maintenance_pause"": 1, ""native_ask_bbo_reconciliation_mismatch"": 239, ""no_positive_net_expected_value"": 1646, ""no_priceable_native_ask_side"": 1424}",continuous_mixed_regime_estimate,fee=market_schedule_with_historical_collection_unit|ask_age<=30s|release=60s|exec=full_ladder_snapshot_upper_bound,free_cash_5pct_cap15,15,market_schedule_with_historical_collection_unit,30,60,full_ladder_snapshot_upper_bound
2026-05,39.29963529,30.03251538,39.29963529,30.03251538,0,-9.267119914,5,8.849269914,0.41785,0.2341448647,30.03251538,1.964981765,1,"{""ambiguous_equal_source_timestamp_order"": 1184, ""ask_source_age_over_30s"": 218, ""below_minimum_order_shares"": 2327, ""missing_official_outcome_or_resolution_time"": 10, ""native_ask_bbo_reconciliation_mismatch"": 426, ""no_native_book_snapshot"": 316, ""no_priceable_native_ask_side"": 4441}",continuous_mixed_regime_estimate,fee=market_schedule_with_historical_collection_unit|ask_age<=30s|release=60s|exec=full_ladder_snapshot_upper_bound,free_cash_5pct_cap15,15,market_schedule_with_historical_collection_unit,30,60,full_ladder_snapshot_upper_bound
2026-06,30.03251538,30.03251538,30.03251538,30.03251538,0,0,0,0,0,0,30.03251538,0,0,"{""ambiguous_equal_source_timestamp_order"": 375, ""archive_gap_after_book_initialization"": 8, ""archive_hour_missing_at_entry"": 36, ""ask_source_age_over_30s"": 648, ""below_minimum_order_shares"": 2283, ""no_native_book_snapshot"": 5046, ""no_priceable_native_ask_side"": 238}",continuous_mixed_regime_estimate,fee=market_schedule_with_historical_collection_unit|ask_age<=30s|release=60s|exec=full_ladder_snapshot_upper_bound,free_cash_5pct_cap15,15,market_schedule_with_historical_collection_unit,30,60,full_ladder_snapshot_upper_bound
2026-07,30.03251538,28.44679961,30.03251538,28.44679961,0,-1.585715769,1,1.501625769,0.08409,0.05014039135,28.44679961,1.501625769,1,"{""ambiguous_equal_source_timestamp_order"": 343, ""ask_source_age_over_30s"": 22, ""below_minimum_order_shares"": 5689, ""no_native_book_snapshot"": 2101, ""no_priceable_native_ask_side"": 771}",continuous_mixed_regime_estimate,fee=market_schedule_with_historical_collection_unit|ask_age<=30s|release=60s|exec=full_ladder_snapshot_upper_bound,free_cash_5pct_cap15,15,market_schedule_with_historical_collection_unit,30,60,full_ladder_snapshot_upper_bound
2026-08,28.44679961,25.19699404,28.44679961,25.19699404,0,-3.249805568,7,10.20115602,0.53553,0.2367938116,25.19699404,1.65073308,1,"{""ambiguous_equal_source_timestamp_order"": 1511, ""ask_source_age_over_30s"": 35, ""below_minimum_order_shares"": 4932, ""future_source_timestamp_at_entry"": 1, ""missing_official_outcome_or_resolution_time"": 1, ""no_native_book_snapshot"": 916, ""no_priceable_native_ask_side"": 1525}",continuous_mixed_regime_estimate,fee=market_schedule_with_historical_collection_unit|ask_age<=30s|release=60s|exec=full_ladder_snapshot_upper_bound,free_cash_5pct_cap15,15,market_schedule_with_historical_collection_unit,30,60,full_ladder_snapshot_upper_bound
2026-09,25.19699404,25.19699404,25.19699404,25.19699404,0,0,0,0,0,0,25.19699404,0,0,"{""ambiguous_equal_source_timestamp_order"": 28, ""ask_source_age_over_30s"": 20, ""below_minimum_order_shares"": 5365, ""native_ask_bbo_reconciliation_mismatch"": 6, ""no_priceable_native_ask_side"": 3220}",continuous_mixed_regime_estimate,fee=market_schedule_with_historical_collection_unit|ask_age<=30s|release=60s|exec=full_ladder_snapshot_upper_bound,free_cash_5pct_cap15,15,market_schedule_with_historical_collection_unit,30,60,full_ladder_snapshot_upper_bound
2026-10,25.19699404,25.19699404,25.19699404,25.19699404,0,0,0,0,0,0,25.19699404,0,0,"{""ambiguous_equal_source_timestamp_order"": 1, ""below_minimum_order_shares"": 1720, ""future_source_timestamp_at_entry"": 2, ""no_priceable_native_ask_side"": 5}",continuous_mixed_regime_estimate,fee=market_schedule_with_historical_collection_unit|ask_age<=30s|release=60s|exec=full_ladder_snapshot_upper_bound,free_cash_5pct_cap15,15,market_schedule_with_historical_collection_unit,30,60,full_ladder_snapshot_upper_bound
2026-04,100,39.29963529,100,39.29963529,0,-60.70036471,426,2649.142227,96.76699253,0.8301065308,39.29963529,22.55362998,2,"{""ambiguous_equal_source_timestamp_order"": 587, ""ask_source_age_over_30s"": 4, ""below_minimum_order_shares"": 74, ""exchange_maintenance_pause"": 1, ""native_ask_bbo_reconciliation_mismatch"": 239, ""no_positive_net_expected_value"": 1646, ""no_priceable_native_ask_side"": 1424}",continuous_mixed_regime_estimate,fee=market_schedule_with_historical_collection_unit|ask_age<=30s|release=60s|exec=full_ladder_snapshot_upper_bound,free_cash_5pct_cap20,20,market_schedule_with_historical_collection_unit,30,60,full_ladder_snapshot_upper_bound
2026-05,39.29963529,30.03251538,39.29963529,30.03251538,0,-9.267119914,5,8.849269914,0.41785,0.2341448647,30.03251538,1.964981765,1,"{""ambiguous_equal_source_timestamp_order"": 1184, ""ask_source_age_over_30s"": 218, ""below_minimum_order_shares"": 2327, ""missing_official_outcome_or_resolution_time"": 10, ""native_ask_bbo_reconciliation_mismatch"": 426, ""no_native_book_snapshot"": 316, ""no_priceable_native_ask_side"": 4441}",continuous_mixed_regime_estimate,fee=market_schedule_with_historical_collection_unit|ask_age<=30s|release=60s|exec=full_ladder_snapshot_upper_bound,free_cash_5pct_cap20,20,market_schedule_with_historical_collection_unit,30,60,full_ladder_snapshot_upper_bound
2026-06,30.03251538,30.03251538,30.03251538,30.03251538,0,0,0,0,0,0,30.03251538,0,0,"{""ambiguous_equal_source_timestamp_order"": 375, ""archive_gap_after_book_initialization"": 8, ""archive_hour_missing_at_entry"": 36, ""ask_source_age_over_30s"": 648, ""below_minimum_order_shares"": 2283, ""no_native_book_snapshot"": 5046, ""no_priceable_native_ask_side"": 238}",continuous_mixed_regime_estimate,fee=market_schedule_with_historical_collection_unit|ask_age<=30s|release=60s|exec=full_ladder_snapshot_upper_bound,free_cash_5pct_cap20,20,market_schedule_with_historical_collection_unit,30,60,full_ladder_snapshot_upper_bound
2026-07,30.03251538,28.44679961,30.03251538,28.44679961,0,-1.585715769,1,1.501625769,0.08409,0.05014039135,28.44679961,1.501625769,1,"{""ambiguous_equal_source_timestamp_order"": 343, ""ask_source_age_over_30s"": 22, ""below_minimum_order_shares"": 5689, ""no_native_book_snapshot"": 2101, ""no_priceable_native_ask_side"": 771}",continuous_mixed_regime_estimate,fee=market_schedule_with_historical_collection_unit|ask_age<=30s|release=60s|exec=full_ladder_snapshot_upper_bound,free_cash_5pct_cap20,20,market_schedule_with_historical_collection_unit,30,60,full_ladder_snapshot_upper_bound
2026-08,28.44679961,25.19699404,28.44679961,25.19699404,0,-3.249805568,7,10.20115602,0.53553,0.2367938116,25.19699404,1.65073308,1,"{""ambiguous_equal_source_timestamp_order"": 1511, ""ask_source_age_over_30s"": 35, ""below_minimum_order_shares"": 4932, ""future_source_timestamp_at_entry"": 1, ""missing_official_outcome_or_resolution_time"": 1, ""no_native_book_snapshot"": 916, ""no_priceable_native_ask_side"": 1525}",continuous_mixed_regime_estimate,fee=market_schedule_with_historical_collection_unit|ask_age<=30s|release=60s|exec=full_ladder_snapshot_upper_bound,free_cash_5pct_cap20,20,market_schedule_with_historical_collection_unit,30,60,full_ladder_snapshot_upper_bound
2026-09,25.19699404,25.19699404,25.19699404,25.19699404,0,0,0,0,0,0,25.19699404,0,0,"{""ambiguous_equal_source_timestamp_order"": 28, ""ask_source_age_over_30s"": 20, ""below_minimum_order_shares"": 5365, ""native_ask_bbo_reconciliation_mismatch"": 6, ""no_priceable_native_ask_side"": 3220}",continuous_mixed_regime_estimate,fee=market_schedule_with_historical_collection_unit|ask_age<=30s|release=60s|exec=full_ladder_snapshot_upper_bound,free_cash_5pct_cap20,20,market_schedule_with_historical_collection_unit,30,60,full_ladder_snapshot_upper_bound
2026-10,25.19699404,25.19699404,25.19699404,25.19699404,0,0,0,0,0,0,25.19699404,0,0,"{""ambiguous_equal_source_timestamp_order"": 1, ""below_minimum_order_shares"": 1720, ""future_source_timestamp_at_entry"": 2, ""no_priceable_native_ask_side"": 5}",continuous_mixed_regime_estimate,fee=market_schedule_with_historical_collection_unit|ask_age<=30s|release=60s|exec=full_ladder_snapshot_upper_bound,free_cash_5pct_cap20,20,market_schedule_with_historical_collection_unit,30,60,full_ladder_snapshot_upper_bound
2026-04,100,39.29963529,100,39.29963529,0,-60.70036471,426,2649.142227,96.76699253,0.8301065308,39.29963529,22.55362998,2,"{""ambiguous_equal_source_timestamp_order"": 587, ""ask_source_age_over_30s"": 4, ""below_minimum_order_shares"": 74, ""exchange_maintenance_pause"": 1, ""native_ask_bbo_reconciliation_mismatch"": 239, ""no_positive_net_expected_value"": 1646, ""no_priceable_native_ask_side"": 1424}",continuous_mixed_regime_estimate,fee=market_schedule_with_historical_collection_unit|ask_age<=30s|release=60s|exec=full_ladder_snapshot_upper_bound,free_cash_5pct_cap30,30,market_schedule_with_historical_collection_unit,30,60,full_ladder_snapshot_upper_bound
2026-05,39.29963529,30.03251538,39.29963529,30.03251538,0,-9.267119914,5,8.849269914,0.41785,0.2341448647,30.03251538,1.964981765,1,"{""ambiguous_equal_source_timestamp_order"": 1184, ""ask_source_age_over_30s"": 218, ""below_minimum_order_shares"": 2327, ""missing_official_outcome_or_resolution_time"": 10, ""native_ask_bbo_reconciliation_mismatch"": 426, ""no_native_book_snapshot"": 316, ""no_priceable_native_ask_side"": 4441}",continuous_mixed_regime_estimate,fee=market_schedule_with_historical_collection_unit|ask_age<=30s|release=60s|exec=full_ladder_snapshot_upper_bound,free_cash_5pct_cap30,30,market_schedule_with_historical_collection_unit,30,60,full_ladder_snapshot_upper_bound
2026-06,30.03251538,30.03251538,30.03251538,30.03251538,0,0,0,0,0,0,30.03251538,0,0,"{""ambiguous_equal_source_timestamp_order"": 375, ""archive_gap_after_book_initialization"": 8, ""archive_hour_missing_at_entry"": 36, ""ask_source_age_over_30s"": 648, ""below_minimum_order_shares"": 2283, ""no_native_book_snapshot"": 5046, ""no_priceable_native_ask_side"": 238}",continuous_mixed_regime_estimate,fee=market_schedule_with_historical_collection_unit|ask_age<=30s|release=60s|exec=full_ladder_snapshot_upper_bound,free_cash_5pct_cap30,30,market_schedule_with_historical_collection_unit,30,60,full_ladder_snapshot_upper_bound
2026-07,30.03251538,28.44679961,30.03251538,28.44679961,0,-1.585715769,1,1.501625769,0.08409,0.05014039135,28.44679961,1.501625769,1,"{""ambiguous_equal_source_timestamp_order"": 343, ""ask_source_age_over_30s"": 22, ""below_minimum_order_shares"": 5689, ""no_native_book_snapshot"": 2101, ""no_priceable_native_ask_side"": 771}",continuous_mixed_regime_estimate,fee=market_schedule_with_historical_collection_unit|ask_age<=30s|release=60s|exec=full_ladder_snapshot_upper_bound,free_cash_5pct_cap30,30,market_schedule_with_historical_collection_unit,30,60,full_ladder_snapshot_upper_bound
2026-08,28.44679961,25.19699404,28.44679961,25.19699404,0,-3.249805568,7,10.20115602,0.53553,0.2367938116,25.19699404,1.65073308,1,"{""ambiguous_equal_source_timestamp_order"": 1511, ""ask_source_age_over_30s"": 35, ""below_minimum_order_shares"": 4932, ""future_source_timestamp_at_entry"": 1, ""missing_official_outcome_or_resolution_time"": 1, ""no_native_book_snapshot"": 916, ""no_priceable_native_ask_side"": 1525}",continuous_mixed_regime_estimate,fee=market_schedule_with_historical_collection_unit|ask_age<=30s|release=60s|exec=full_ladder_snapshot_upper_bound,free_cash_5pct_cap30,30,market_schedule_with_historical_collection_unit,30,60,full_ladder_snapshot_upper_bound
2026-09,25.19699404,25.19699404,25.19699404,25.19699404,0,0,0,0,0,0,25.19699404,0,0,"{""ambiguous_equal_source_timestamp_order"": 28, ""ask_source_age_over_30s"": 20, ""below_minimum_order_shares"": 5365, ""native_ask_bbo_reconciliation_mismatch"": 6, ""no_priceable_native_ask_side"": 3220}",continuous_mixed_regime_estimate,fee=market_schedule_with_historical_collection_unit|ask_age<=30s|release=60s|exec=full_ladder_snapshot_upper_bound,free_cash_5pct_cap30,30,market_schedule_with_historical_collection_unit,30,60,full_ladder_snapshot_upper_bound
2026-10,25.19699404,25.19699404,25.19699404,25.19699404,0,0,0,0,0,0,25.19699404,0,0,"{""ambiguous_equal_source_timestamp_order"": 1, ""below_minimum_order_shares"": 1720, ""future_source_timestamp_at_entry"": 2, ""no_priceable_native_ask_side"": 5}",continuous_mixed_regime_estimate,fee=market_schedule_with_historical_collection_unit|ask_age<=30s|release=60s|exec=full_ladder_snapshot_upper_bound,free_cash_5pct_cap30,30,market_schedule_with_historical_collection_unit,30,60,full_ladder_snapshot_upper_bound
2026-04,100,39.29963529,100,39.29963529,0,-60.70036471,426,2649.142227,96.76699253,0.8301065308,39.29963529,22.55362998,2,"{""ambiguous_equal_source_timestamp_order"": 587, ""ask_source_age_over_30s"": 4, ""below_minimum_order_shares"": 74, ""exchange_maintenance_pause"": 1, ""native_ask_bbo_reconciliation_mismatch"": 239, ""no_positive_net_expected_value"": 1646, ""no_priceable_native_ask_side"": 1424}",continuous_mixed_regime_estimate,fee=market_schedule_with_historical_collection_unit|ask_age<=30s|release=60s|exec=full_ladder_snapshot_upper_bound,free_cash_5pct_cap50,50,market_schedule_with_historical_collection_unit,30,60,full_ladder_snapshot_upper_bound
2026-05,39.29963529,30.03251538,39.29963529,30.03251538,0,-9.267119914,5,8.849269914,0.41785,0.2341448647,30.03251538,1.964981765,1,"{""ambiguous_equal_source_timestamp_order"": 1184, ""ask_source_age_over_30s"": 218, ""below_minimum_order_shares"": 2327, ""missing_official_outcome_or_resolution_time"": 10, ""native_ask_bbo_reconciliation_mismatch"": 426, ""no_native_book_snapshot"": 316, ""no_priceable_native_ask_side"": 4441}",continuous_mixed_regime_estimate,fee=market_schedule_with_historical_collection_unit|ask_age<=30s|release=60s|exec=full_ladder_snapshot_upper_bound,free_cash_5pct_cap50,50,market_schedule_with_historical_collection_unit,30,60,full_ladder_snapshot_upper_bound
2026-06,30.03251538,30.03251538,30.03251538,30.03251538,0,0,0,0,0,0,30.03251538,0,0,"{""ambiguous_equal_source_timestamp_order"": 375, ""archive_gap_after_book_initialization"": 8, ""archive_hour_missing_at_entry"": 36, ""ask_source_age_over_30s"": 648, ""below_minimum_order_shares"": 2283, ""no_native_book_snapshot"": 5046, ""no_priceable_native_ask_side"": 238}",continuous_mixed_regime_estimate,fee=market_schedule_with_historical_collection_unit|ask_age<=30s|release=60s|exec=full_ladder_snapshot_upper_bound,free_cash_5pct_cap50,50,market_schedule_with_historical_collection_unit,30,60,full_ladder_snapshot_upper_bound
2026-07,30.03251538,28.44679961,30.03251538,28.44679961,0,-1.585715769,1,1.501625769,0.08409,0.05014039135,28.44679961,1.501625769,1,"{""ambiguous_equal_source_timestamp_order"": 343, ""ask_source_age_over_30s"": 22, ""below_minimum_order_shares"": 5689, ""no_native_book_snapshot"": 2101, ""no_priceable_native_ask_side"": 771}",continuous_mixed_regime_estimate,fee=market_schedule_with_historical_collection_unit|ask_age<=30s|release=60s|exec=full_ladder_snapshot_upper_bound,free_cash_5pct_cap50,50,market_schedule_with_historical_collection_unit,30,60,full_ladder_snapshot_upper_bound
2026-08,28.44679961,25.19699404,28.44679961,25.19699404,0,-3.249805568,7,10.20115602,0.53553,0.2367938116,25.19699404,1.65073308,1,"{""ambiguous_equal_source_timestamp_order"": 1511, ""ask_source_age_over_30s"": 35, ""below_minimum_order_shares"": 4932, ""future_source_timestamp_at_entry"": 1, ""missing_official_outcome_or_resolution_time"": 1, ""no_native_book_snapshot"": 916, ""no_priceable_native_ask_side"": 1525}",continuous_mixed_regime_estimate,fee=market_schedule_with_historical_collection_unit|ask_age<=30s|release=60s|exec=full_ladder_snapshot_upper_bound,free_cash_5pct_cap50,50,market_schedule_with_historical_collection_unit,30,60,full_ladder_snapshot_upper_bound
2026-09,25.19699404,25.19699404,25.19699404,25.19699404,0,0,0,0,0,0,25.19699404,0,0,"{""ambiguous_equal_source_timestamp_order"": 28, ""ask_source_age_over_30s"": 20, ""below_minimum_order_shares"": 5365, ""native_ask_bbo_reconciliation_mismatch"": 6, ""no_priceable_native_ask_side"": 3220}",continuous_mixed_regime_estimate,fee=market_schedule_with_historical_collection_unit|ask_age<=30s|release=60s|exec=full_ladder_snapshot_upper_bound,free_cash_5pct_cap50,50,market_schedule_with_historical_collection_unit,30,60,full_ladder_snapshot_upper_bound
2026-10,25.19699404,25.19699404,25.19699404,25.19699404,0,0,0,0,0,0,25.19699404,0,0,"{""ambiguous_equal_source_timestamp_order"": 1, ""below_minimum_order_shares"": 1720, ""future_source_timestamp_at_entry"": 2, ""no_priceable_native_ask_side"": 5}",continuous_mixed_regime_estimate,fee=market_schedule_with_historical_collection_unit|ask_age<=30s|release=60s|exec=full_ladder_snapshot_upper_bound,free_cash_5pct_cap50,50,market_schedule_with_historical_collection_unit,30,60,full_ladder_snapshot_upper_bound
2026-04,100,39.29963529,100,39.29963529,0,-60.70036471,426,2649.142227,96.76699253,0.8301065308,39.29963529,22.55362998,2,"{""ambiguous_equal_source_timestamp_order"": 587, ""ask_source_age_over_30s"": 4, ""below_minimum_order_shares"": 74, ""exchange_maintenance_pause"": 1, ""native_ask_bbo_reconciliation_mismatch"": 239, ""no_positive_net_expected_value"": 1646, ""no_priceable_native_ask_side"": 1424}",continuous_mixed_regime_estimate,fee=market_schedule_with_historical_collection_unit|ask_age<=30s|release=60s|exec=full_ladder_snapshot_upper_bound,free_cash_5pct_cap75,75,market_schedule_with_historical_collection_unit,30,60,full_ladder_snapshot_upper_bound
2026-05,39.29963529,30.03251538,39.29963529,30.03251538,0,-9.267119914,5,8.849269914,0.41785,0.2341448647,30.03251538,1.964981765,1,"{""ambiguous_equal_source_timestamp_order"": 1184, ""ask_source_age_over_30s"": 218, ""below_minimum_order_shares"": 2327, ""missing_official_outcome_or_resolution_time"": 10, ""native_ask_bbo_reconciliation_mismatch"": 426, ""no_native_book_snapshot"": 316, ""no_priceable_native_ask_side"": 4441}",continuous_mixed_regime_estimate,fee=market_schedule_with_historical_collection_unit|ask_age<=30s|release=60s|exec=full_ladder_snapshot_upper_bound,free_cash_5pct_cap75,75,market_schedule_with_historical_collection_unit,30,60,full_ladder_snapshot_upper_bound
2026-06,30.03251538,30.03251538,30.03251538,30.03251538,0,0,0,0,0,0,30.03251538,0,0,"{""ambiguous_equal_source_timestamp_order"": 375, ""archive_gap_after_book_initialization"": 8, ""archive_hour_missing_at_entry"": 36, ""ask_source_age_over_30s"": 648, ""below_minimum_order_shares"": 2283, ""no_native_book_snapshot"": 5046, ""no_priceable_native_ask_side"": 238}",continuous_mixed_regime_estimate,fee=market_schedule_with_historical_collection_unit|ask_age<=30s|release=60s|exec=full_ladder_snapshot_upper_bound,free_cash_5pct_cap75,75,market_schedule_with_historical_collection_unit,30,60,full_ladder_snapshot_upper_bound
2026-07,30.03251538,28.44679961,30.03251538,28.44679961,0,-1.585715769,1,1.501625769,0.08409,0.05014039135,28.44679961,1.501625769,1,"{""ambiguous_equal_source_timestamp_order"": 343, ""ask_source_age_over_30s"": 22, ""below_minimum_order_shares"": 5689, ""no_native_book_snapshot"": 2101, ""no_priceable_native_ask_side"": 771}",continuous_mixed_regime_estimate,fee=market_schedule_with_historical_collection_unit|ask_age<=30s|release=60s|exec=full_ladder_snapshot_upper_bound,free_cash_5pct_cap75,75,market_schedule_with_historical_collection_unit,30,60,full_ladder_snapshot_upper_bound
2026-08,28.44679961,25.19699404,28.44679961,25.19699404,0,-3.249805568,7,10.20115602,0.53553,0.2367938116,25.19699404,1.65073308,1,"{""ambiguous_equal_source_timestamp_order"": 1511, ""ask_source_age_over_30s"": 35, ""below_minimum_order_shares"": 4932, ""future_source_timestamp_at_entry"": 1, ""missing_official_outcome_or_resolution_time"": 1, ""no_native_book_snapshot"": 916, ""no_priceable_native_ask_side"": 1525}",continuous_mixed_regime_estimate,fee=market_schedule_with_historical_collection_unit|ask_age<=30s|release=60s|exec=full_ladder_snapshot_upper_bound,free_cash_5pct_cap75,75,market_schedule_with_historical_collection_unit,30,60,full_ladder_snapshot_upper_bound
2026-09,25.19699404,25.19699404,25.19699404,25.19699404,0,0,0,0,0,0,25.19699404,0,0,"{""ambiguous_equal_source_timestamp_order"": 28, ""ask_source_age_over_30s"": 20, ""below_minimum_order_shares"": 5365, ""native_ask_bbo_reconciliation_mismatch"": 6, ""no_priceable_native_ask_side"": 3220}",continuous_mixed_regime_estimate,fee=market_schedule_with_historical_collection_unit|ask_age<=30s|release=60s|exec=full_ladder_snapshot_upper_bound,free_cash_5pct_cap75,75,market_schedule_with_historical_collection_unit,30,60,full_ladder_snapshot_upper_bound
2026-10,25.19699404,25.19699404,25.19699404,25.19699404,0,0,0,0,0,0,25.19699404,0,0,"{""ambiguous_equal_source_timestamp_order"": 1, ""below_minimum_order_shares"": 1720, ""future_source_timestamp_at_entry"": 2, ""no_priceable_native_ask_side"": 5}",continuous_mixed_regime_estimate,fee=market_schedule_with_historical_collection_unit|ask_age<=30s|release=60s|exec=full_ladder_snapshot_upper_bound,free_cash_5pct_cap75,75,market_schedule_with_historical_collection_unit,30,60,full_ladder_snapshot_upper_bound
2026-04,100,39.29963529,100,39.29963529,0,-60.70036471,426,2649.142227,96.76699253,0.8301065308,39.29963529,22.55362998,2,"{""ambiguous_equal_source_timestamp_order"": 587, ""ask_source_age_over_30s"": 4, ""below_minimum_order_shares"": 74, ""exchange_maintenance_pause"": 1, ""native_ask_bbo_reconciliation_mismatch"": 239, ""no_positive_net_expected_value"": 1646, ""no_priceable_native_ask_side"": 1424}",continuous_mixed_regime_estimate,fee=market_schedule_with_historical_collection_unit|ask_age<=30s|release=60s|exec=full_ladder_snapshot_upper_bound,free_cash_5pct_cap100,100,market_schedule_with_historical_collection_unit,30,60,full_ladder_snapshot_upper_bound
2026-05,39.29963529,30.03251538,39.29963529,30.03251538,0,-9.267119914,5,8.849269914,0.41785,0.2341448647,30.03251538,1.964981765,1,"{""ambiguous_equal_source_timestamp_order"": 1184, ""ask_source_age_over_30s"": 218, ""below_minimum_order_shares"": 2327, ""missing_official_outcome_or_resolution_time"": 10, ""native_ask_bbo_reconciliation_mismatch"": 426, ""no_native_book_snapshot"": 316, ""no_priceable_native_ask_side"": 4441}",continuous_mixed_regime_estimate,fee=market_schedule_with_historical_collection_unit|ask_age<=30s|release=60s|exec=full_ladder_snapshot_upper_bound,free_cash_5pct_cap100,100,market_schedule_with_historical_collection_unit,30,60,full_ladder_snapshot_upper_bound
2026-06,30.03251538,30.03251538,30.03251538,30.03251538,0,0,0,0,0,0,30.03251538,0,0,"{""ambiguous_equal_source_timestamp_order"": 375, ""archive_gap_after_book_initialization"": 8, ""archive_hour_missing_at_entry"": 36, ""ask_source_age_over_30s"": 648, ""below_minimum_order_shares"": 2283, ""no_native_book_snapshot"": 5046, ""no_priceable_native_ask_side"": 238}",continuous_mixed_regime_estimate,fee=market_schedule_with_historical_collection_unit|ask_age<=30s|release=60s|exec=full_ladder_snapshot_upper_bound,free_cash_5pct_cap100,100,market_schedule_with_historical_collection_unit,30,60,full_ladder_snapshot_upper_bound
2026-07,30.03251538,28.44679961,30.03251538,28.44679961,0,-1.585715769,1,1.501625769,0.08409,0.05014039135,28.44679961,1.501625769,1,"{""ambiguous_equal_source_timestamp_order"": 343, ""ask_source_age_over_30s"": 22, ""below_minimum_order_shares"": 5689, ""no_native_book_snapshot"": 2101, ""no_priceable_native_ask_side"": 771}",continuous_mixed_regime_estimate,fee=market_schedule_with_historical_collection_unit|ask_age<=30s|release=60s|exec=full_ladder_snapshot_upper_bound,free_cash_5pct_cap100,100,market_schedule_with_historical_collection_unit,30,60,full_ladder_snapshot_upper_bound
2026-08,28.44679961,25.19699404,28.44679961,25.19699404,0,-3.249805568,7,10.20115602,0.53553,0.2367938116,25.19699404,1.65073308,1,"{""ambiguous_equal_source_timestamp_order"": 1511, ""ask_source_age_over_30s"": 35, ""below_minimum_order_shares"": 4932, ""future_source_timestamp_at_entry"": 1, ""missing_official_outcome_or_resolution_time"": 1, ""no_native_book_snapshot"": 916, ""no_priceable_native_ask_side"": 1525}",continuous_mixed_regime_estimate,fee=market_schedule_with_historical_collection_unit|ask_age<=30s|release=60s|exec=full_ladder_snapshot_upper_bound,free_cash_5pct_cap100,100,market_schedule_with_historical_collection_unit,30,60,full_ladder_snapshot_upper_bound
2026-09,25.19699404,25.19699404,25.19699404,25.19699404,0,0,0,0,0,0,25.19699404,0,0,"{""ambiguous_equal_source_timestamp_order"": 28, ""ask_source_age_over_30s"": 20, ""below_minimum_order_shares"": 5365, ""native_ask_bbo_reconciliation_mismatch"": 6, ""no_priceable_native_ask_side"": 3220}",continuous_mixed_regime_estimate,fee=market_schedule_with_historical_collection_unit|ask_age<=30s|release=60s|exec=full_ladder_snapshot_upper_bound,free_cash_5pct_cap100,100,market_schedule_with_historical_collection_unit,30,60,full_ladder_snapshot_upper_bound
2026-10,25.19699404,25.19699404,25.19699404,25.19699404,0,0,0,0,0,0,25.19699404,0,0,"{""ambiguous_equal_source_timestamp_order"": 1, ""below_minimum_order_shares"": 1720, ""future_source_timestamp_at_entry"": 2, ""no_priceable_native_ask_side"": 5}",continuous_mixed_regime_estimate,fee=market_schedule_with_historical_collection_unit|ask_age<=30s|release=60s|exec=full_ladder_snapshot_upper_bound,free_cash_5pct_cap100,100,market_schedule_with_historical_collection_unit,30,60,full_ladder_snapshot_upper_bound
2026-04,100,39.29963529,100,39.29963529,0,-60.70036471,426,2649.142227,96.76699253,0.8301065308,39.29963529,22.55362998,2,"{""ambiguous_equal_source_timestamp_order"": 587, ""ask_source_age_over_30s"": 4, ""below_minimum_order_shares"": 74, ""exchange_maintenance_pause"": 1, ""native_ask_bbo_reconciliation_mismatch"": 239, ""no_positive_net_expected_value"": 1646, ""no_priceable_native_ask_side"": 1424}",continuous_mixed_regime_estimate,fee=market_schedule_with_historical_collection_unit|ask_age<=30s|release=60s|exec=full_ladder_snapshot_upper_bound,free_cash_5pct_cap_none,,market_schedule_with_historical_collection_unit,30,60,full_ladder_snapshot_upper_bound
2026-05,39.29963529,30.03251538,39.29963529,30.03251538,0,-9.267119914,5,8.849269914,0.41785,0.2341448647,30.03251538,1.964981765,1,"{""ambiguous_equal_source_timestamp_order"": 1184, ""ask_source_age_over_30s"": 218, ""below_minimum_order_shares"": 2327, ""missing_official_outcome_or_resolution_time"": 10, ""native_ask_bbo_reconciliation_mismatch"": 426, ""no_native_book_snapshot"": 316, ""no_priceable_native_ask_side"": 4441}",continuous_mixed_regime_estimate,fee=market_schedule_with_historical_collection_unit|ask_age<=30s|release=60s|exec=full_ladder_snapshot_upper_bound,free_cash_5pct_cap_none,,market_schedule_with_historical_collection_unit,30,60,full_ladder_snapshot_upper_bound
2026-06,30.03251538,30.03251538,30.03251538,30.03251538,0,0,0,0,0,0,30.03251538,0,0,"{""ambiguous_equal_source_timestamp_order"": 375, ""archive_gap_after_book_initialization"": 8, ""archive_hour_missing_at_entry"": 36, ""ask_source_age_over_30s"": 648, ""below_minimum_order_shares"": 2283, ""no_native_book_snapshot"": 5046, ""no_priceable_native_ask_side"": 238}",continuous_mixed_regime_estimate,fee=market_schedule_with_historical_collection_unit|ask_age<=30s|release=60s|exec=full_ladder_snapshot_upper_bound,free_cash_5pct_cap_none,,market_schedule_with_historical_collection_unit,30,60,full_ladder_snapshot_upper_bound
2026-07,30.03251538,28.44679961,30.03251538,28.44679961,0,-1.585715769,1,1.501625769,0.08409,0.05014039135,28.44679961,1.501625769,1,"{""ambiguous_equal_source_timestamp_order"": 343, ""ask_source_age_over_30s"": 22, ""below_minimum_order_shares"": 5689, ""no_native_book_snapshot"": 2101, ""no_priceable_native_ask_side"": 771}",continuous_mixed_regime_estimate,fee=market_schedule_with_historical_collection_unit|ask_age<=30s|release=60s|exec=full_ladder_snapshot_upper_bound,free_cash_5pct_cap_none,,market_schedule_with_historical_collection_unit,30,60,full_ladder_snapshot_upper_bound
2026-08,28.44679961,25.19699404,28.44679961,25.19699404,0,-3.249805568,7,10.20115602,0.53553,0.2367938116,25.19699404,1.65073308,1,"{""ambiguous_equal_source_timestamp_order"": 1511, ""ask_source_age_over_30s"": 35, ""below_minimum_order_shares"": 4932, ""future_source_timestamp_at_entry"": 1, ""missing_official_outcome_or_resolution_time"": 1, ""no_native_book_snapshot"": 916, ""no_priceable_native_ask_side"": 1525}",continuous_mixed_regime_estimate,fee=market_schedule_with_historical_collection_unit|ask_age<=30s|release=60s|exec=full_ladder_snapshot_upper_bound,free_cash_5pct_cap_none,,market_schedule_with_historical_collection_unit,30,60,full_ladder_snapshot_upper_bound
2026-09,25.19699404,25.19699404,25.19699404,25.19699404,0,0,0,0,0,0,25.19699404,0,0,"{""ambiguous_equal_source_timestamp_order"": 28, ""ask_source_age_over_30s"": 20, ""below_minimum_order_shares"": 5365, ""native_ask_bbo_reconciliation_mismatch"": 6, ""no_priceable_native_ask_side"": 3220}",continuous_mixed_regime_estimate,fee=market_schedule_with_historical_collection_unit|ask_age<=30s|release=60s|exec=full_ladder_snapshot_upper_bound,free_cash_5pct_cap_none,,market_schedule_with_historical_collection_unit,30,60,full_ladder_snapshot_upper_bound
2026-10,25.19699404,25.19699404,25.19699404,25.19699404,0,0,0,0,0,0,25.19699404,0,0,"{""ambiguous_equal_source_timestamp_order"": 1, ""below_minimum_order_shares"": 1720, ""future_source_timestamp_at_entry"": 2, ""no_priceable_native_ask_side"": 5}",continuous_mixed_regime_estimate,fee=market_schedule_with_historical_collection_unit|ask_age<=30s|release=60s|exec=full_ladder_snapshot_upper_bound,free_cash_5pct_cap_none,,market_schedule_with_historical_collection_unit,30,60,full_ladder_snapshot_upper_bound
2026-04,100,137.599275,100,137.599275,0,37.59927502,98,490,18.02835,0.232507932,94.82157,10,2,"{""ambiguous_equal_source_timestamp_order"": 71, ""ask_source_age_over_1s"": 2, ""native_ask_bbo_reconciliation_mismatch"": 36, ""no_positive_net_expected_value"": 308, ""no_priceable_native_ask_side"": 204}",post_upgrade_confirmed_fee_segment,fee=market_schedule_with_historical_collection_unit|ask_age<=1s|release=60s|exec=full_ladder_snapshot_upper_bound,fixed_5_usd,,market_schedule_with_historical_collection_unit,1,60,full_ladder_snapshot_upper_bound
2026-05,137.599275,4.969070323,137.599275,4.969070323,0,-132.6302047,186,930,34.35236,0.9666386905,4.969070323,10,2,"{""ambiguous_equal_source_timestamp_order"": 1184, ""ask_source_age_over_1s"": 339, ""insufficient_free_cash_for_cash_debit"": 1064, ""missing_official_outcome_or_resolution_time"": 10, ""native_ask_bbo_reconciliation_mismatch"": 410, ""no_native_book_snapshot"": 316, ""no_positive_net_expected_value"": 4036, ""no_priceable_native_ask_side"": 1382}",post_upgrade_confirmed_fee_segment,fee=market_schedule_with_historical_collection_unit|ask_age<=1s|release=60s|exec=full_ladder_snapshot_upper_bound,fixed_5_usd,,market_schedule_with_historical_collection_unit,1,60,full_ladder_snapshot_upper_bound
2026-06,4.969070323,4.969070323,4.969070323,4.969070323,0,0,0,0,0,0,4.969070323,0,0,"{""ambiguous_equal_source_timestamp_order"": 375, ""archive_gap_after_book_initialization"": 8, ""archive_hour_missing_at_entry"": 36, ""ask_source_age_over_1s"": 1034, ""insufficient_free_cash_for_cash_debit"": 535, ""no_native_book_snapshot"": 5046, ""no_positive_net_expected_value"": 1505, ""no_priceable_native_ask_side"": 95}",post_upgrade_confirmed_fee_segment,fee=market_schedule_with_historical_collection_unit|ask_age<=1s|release=60s|exec=full_ladder_snapshot_upper_bound,fixed_5_usd,,market_schedule_with_historical_collection_unit,1,60,full_ladder_snapshot_upper_bound
2026-07,4.969070323,4.969070323,4.969070323,4.969070323,0,0,0,0,0,0,4.969070323,0,0,"{""ambiguous_equal_source_timestamp_order"": 343, ""ask_source_age_over_1s"": 490, ""insufficient_free_cash_for_cash_debit"": 1827, ""no_native_book_snapshot"": 2101, ""no_positive_net_expected_value"": 4074, ""no_priceable_native_ask_side"": 92}",post_upgrade_confirmed_fee_segment,fee=market_schedule_with_historical_collection_unit|ask_age<=1s|release=60s|exec=full_ladder_snapshot_upper_bound,fixed_5_usd,,market_schedule_with_historical_collection_unit,1,60,full_ladder_snapshot_upper_bound
2026-08,4.969070323,4.969070323,4.969070323,4.969070323,0,0,0,0,0,0,4.969070323,0,0,"{""ambiguous_equal_source_timestamp_order"": 1511, ""ask_source_age_over_1s"": 81, ""future_source_timestamp_at_entry"": 1, ""insufficient_free_cash_for_cash_debit"": 1592, ""missing_official_outcome_or_resolution_time"": 1, ""no_native_book_snapshot"": 916, ""no_positive_net_expected_value"": 4717, ""no_priceable_native_ask_side"": 109}",post_upgrade_confirmed_fee_segment,fee=market_schedule_with_historical_collection_unit|ask_age<=1s|release=60s|exec=full_ladder_snapshot_upper_bound,fixed_5_usd,,market_schedule_with_historical_collection_unit,1,60,full_ladder_snapshot_upper_bound
2026-09,4.969070323,4.969070323,4.969070323,4.969070323,0,0,0,0,0,0,4.969070323,0,0,"{""ambiguous_equal_source_timestamp_order"": 28, ""ask_source_age_over_1s"": 30, ""insufficient_free_cash_for_cash_debit"": 1601, ""native_ask_bbo_reconciliation_mismatch"": 6, ""no_positive_net_expected_value"": 6949, ""no_priceable_native_ask_side"": 25}",post_upgrade_confirmed_fee_segment,fee=market_schedule_with_historical_collection_unit|ask_age<=1s|release=60s|exec=full_ladder_snapshot_upper_bound,fixed_5_usd,,market_schedule_with_historical_collection_unit,1,60,full_ladder_snapshot_upper_bound
2026-10,4.969070323,4.969070323,4.969070323,4.969070323,0,0,0,0,0,0,4.969070323,0,0,"{""ambiguous_equal_source_timestamp_order"": 1, ""ask_source_age_over_1s"": 3, ""future_source_timestamp_at_entry"": 2, ""insufficient_free_cash_for_cash_debit"": 467, ""no_positive_net_expected_value"": 1255}",post_upgrade_confirmed_fee_segment,fee=market_schedule_with_historical_collection_unit|ask_age<=1s|release=60s|exec=full_ladder_snapshot_upper_bound,fixed_5_usd,,market_schedule_with_historical_collection_unit,1,60,full_ladder_snapshot_upper_bound
2026-04,100,137.599275,100,137.599275,0,37.59927502,98,490,18.02835,0.232507932,94.82157,10,2,"{""ambiguous_equal_source_timestamp_order"": 71, ""ask_source_age_over_1s"": 2, ""native_ask_bbo_reconciliation_mismatch"": 36, ""no_positive_net_expected_value"": 308, ""no_priceable_native_ask_side"": 204}",post_upgrade_confirmed_fee_segment,fee=market_schedule_with_historical_collection_unit|ask_age<=1s|release=60s|exec=full_ladder_snapshot_upper_bound,free_cash_5pct_cap5,5,market_schedule_with_historical_collection_unit,1,60,full_ladder_snapshot_upper_bound
2026-05,137.599275,29.77555383,137.599275,29.77555383,1.776356839e-15,-107.8237212,184,746.8700185,27.9496,0.8000930956,29.77555383,10,2,"{""ambiguous_equal_source_timestamp_order"": 1184, ""ask_source_age_over_1s"": 339, ""below_minimum_order_shares"": 2072, ""missing_official_outcome_or_resolution_time"": 10, ""native_ask_bbo_reconciliation_mismatch"": 410, ""no_native_book_snapshot"": 316, ""no_positive_net_expected_value"": 575, ""no_priceable_native_ask_side"": 3837}",post_upgrade_confirmed_fee_segment,fee=market_schedule_with_historical_collection_unit|ask_age<=1s|release=60s|exec=full_ladder_snapshot_upper_bound,free_cash_5pct_cap5,5,market_schedule_with_historical_collection_unit,1,60,full_ladder_snapshot_upper_bound
2026-06,29.77555383,29.77555383,29.77555383,29.77555383,1.776356839e-15,0,0,0,0,0,29.77555383,0,0,"{""ambiguous_equal_source_timestamp_order"": 375, ""archive_gap_after_book_initialization"": 8, ""archive_hour_missing_at_entry"": 36, ""ask_source_age_over_1s"": 1034, ""below_minimum_order_shares"": 1886, ""no_native_book_snapshot"": 5046, ""no_priceable_native_ask_side"": 249}",post_upgrade_confirmed_fee_segment,fee=market_schedule_with_historical_collection_unit|ask_age<=1s|release=60s|exec=full_ladder_snapshot_upper_bound,free_cash_5pct_cap5,5,market_schedule_with_historical_collection_unit,1,60,full_ladder_snapshot_upper_bound
2026-07,29.77555383,28.20340614,29.77555383,28.20340614,1.776356839e-15,-1.572147692,1,1.488777692,0.08337,0.05014039048,28.20340614,1.488777692,1,"{""ambiguous_equal_source_timestamp_order"": 343, ""ask_source_age_over_1s"": 490, ""below_minimum_order_shares"": 5179, ""no_native_book_snapshot"": 2101, ""no_priceable_native_ask_side"": 813}",post_upgrade_confirmed_fee_segment,fee=market_schedule_with_historical_collection_unit|ask_age<=1s|release=60s|exec=full_ladder_snapshot_upper_bound,free_cash_5pct_cap5,5,market_schedule_with_historical_collection_unit,1,60,full_ladder_snapshot_upper_bound
2026-08,28.20340614,24.98139614,28.20340614,24.98139614,1.776356839e-15,-3.222010003,7,10.11387385,0.53096,0.2367942664,24.98139614,1.636609569,1,"{""ambiguous_equal_source_timestamp_order"": 1511, ""ask_source_age_over_1s"": 81, ""below_minimum_order_shares"": 4875, ""future_source_timestamp_at_entry"": 1, ""missing_official_outcome_or_resolution_time"": 1, ""no_native_book_snapshot"": 916, ""no_priceable_native_ask_side"": 1536}",post_upgrade_confirmed_fee_segment,fee=market_schedule_with_historical_collection_unit|ask_age<=1s|release=60s|exec=full_ladder_snapshot_upper_bound,free_cash_5pct_cap5,5,market_schedule_with_historical_collection_unit,1,60,full_ladder_snapshot_upper_bound
2026-09,24.98139614,24.98139614,24.98139614,24.98139614,1.776356839e-15,0,0,0,0,0,24.98139614,0,0,"{""ambiguous_equal_source_timestamp_order"": 28, ""ask_source_age_over_1s"": 30, ""below_minimum_order_shares"": 5348, ""native_ask_bbo_reconciliation_mismatch"": 6, ""no_priceable_native_ask_side"": 3227}",post_upgrade_confirmed_fee_segment,fee=market_schedule_with_historical_collection_unit|ask_age<=1s|release=60s|exec=full_ladder_snapshot_upper_bound,free_cash_5pct_cap5,5,market_schedule_with_historical_collection_unit,1,60,full_ladder_snapshot_upper_bound
2026-10,24.98139614,24.98139614,24.98139614,24.98139614,1.776356839e-15,0,0,0,0,0,24.98139614,1.776356839e-15,0,"{""ambiguous_equal_source_timestamp_order"": 1, ""ask_source_age_over_1s"": 3, ""below_minimum_order_shares"": 1717, ""future_source_timestamp_at_entry"": 2, ""no_priceable_native_ask_side"": 5}",post_upgrade_confirmed_fee_segment,fee=market_schedule_with_historical_collection_unit|ask_age<=1s|release=60s|exec=full_ladder_snapshot_upper_bound,free_cash_5pct_cap5,5,market_schedule_with_historical_collection_unit,1,60,full_ladder_snapshot_upper_bound
2026-04,100,139.6112957,100,139.6112957,8.881784197e-15,39.61129569,97,727.4537979,26.74268,0.3256986148,94.82157,17.67517698,2,"{""ambiguous_equal_source_timestamp_order"": 71, ""ask_source_age_over_1s"": 2, ""native_ask_bbo_reconciliation_mismatch"": 36, ""no_positive_net_expected_value"": 309, ""no_priceable_native_ask_side"": 204}",post_upgrade_confirmed_fee_segment,fee=market_schedule_with_historical_collection_unit|ask_age<=1s|release=60s|exec=full_ladder_snapshot_upper_bound,free_cash_5pct_cap10,10,market_schedule_with_historical_collection_unit,1,60,full_ladder_snapshot_upper_bound
2026-05,139.6112957,29.89201945,139.6112957,29.89201945,1.021405183e-14,-109.7192762,182,732.3792564,27.41877,0.8041683765,29.89201945,14.86758063,2,"{""ambiguous_equal_source_timestamp_order"": 1184, ""ask_source_age_over_1s"": 339, ""below_minimum_order_shares"": 2073, ""missing_official_outcome_or_resolution_time"": 10, ""native_ask_bbo_reconciliation_mismatch"": 410, ""no_native_book_snapshot"": 316, ""no_positive_net_expected_value"": 557, ""no_priceable_native_ask_side"": 3856}",post_upgrade_confirmed_fee_segment,fee=market_schedule_with_historical_collection_unit|ask_age<=1s|release=60s|exec=full_ladder_snapshot_upper_bound,free_cash_5pct_cap10,10,market_schedule_with_historical_collection_unit,1,60,full_ladder_snapshot_upper_bound
2026-06,29.89201945,29.89201945,29.89201945,29.89201945,1.021405183e-14,0,0,0,0,0,29.89201945,0,0,"{""ambiguous_equal_source_timestamp_order"": 375, ""archive_gap_after_book_initialization"": 8, ""archive_hour_missing_at_entry"": 36, ""ask_source_age_over_1s"": 1034, ""below_minimum_order_shares"": 1886, ""no_native_book_snapshot"": 5046, ""no_priceable_native_ask_side"": 249}",post_upgrade_confirmed_fee_segment,fee=market_schedule_with_historical_collection_unit|ask_age<=1s|release=60s|exec=full_ladder_snapshot_upper_bound,free_cash_5pct_cap10,10,market_schedule_with_historical_collection_unit,1,60,full_ladder_snapshot_upper_bound
2026-07,29.89201945,28.31371848,29.89201945,28.31371848,1.021405183e-14,-1.578300973,1,1.494600973,0.0837,0.05014039705,28.31371848,1.494600973,1,"{""ambiguous_equal_source_timestamp_order"": 343, ""ask_source_age_over_1s"": 490, ""below_minimum_order_shares"": 5179, ""no_native_book_snapshot"": 2101, ""no_priceable_native_ask_side"": 813}",post_upgrade_confirmed_fee_segment,fee=market_schedule_with_historical_collection_unit|ask_age<=1s|release=60s|exec=full_ladder_snapshot_upper_bound,free_cash_5pct_cap10,10,market_schedule_with_historical_collection_unit,1,60,full_ladder_snapshot_upper_bound
2026-08,28.31371848,25.07910322,28.31371848,25.07910322,1.021405183e-14,-3.234615257,7,10.15343152,0.53304,0.236794298,25.07910322,1.643010735,1,"{""ambiguous_equal_source_timestamp_order"": 1511, ""ask_source_age_over_1s"": 81, ""below_minimum_order_shares"": 4875, ""future_source_timestamp_at_entry"": 1, ""missing_official_outcome_or_resolution_time"": 1, ""no_native_book_snapshot"": 916, ""no_priceable_native_ask_side"": 1536}",post_upgrade_confirmed_fee_segment,fee=market_schedule_with_historical_collection_unit|ask_age<=1s|release=60s|exec=full_ladder_snapshot_upper_bound,free_cash_5pct_cap10,10,market_schedule_with_historical_collection_unit,1,60,full_ladder_snapshot_upper_bound
2026-09,25.07910322,25.07910322,25.07910322,25.07910322,1.021405183e-14,0,0,0,0,0,25.07910322,0,0,"{""ambiguous_equal_source_timestamp_order"": 28, ""ask_source_age_over_1s"": 30, ""below_minimum_order_shares"": 5348, ""native_ask_bbo_reconciliation_mismatch"": 6, ""no_priceable_native_ask_side"": 3227}",post_upgrade_confirmed_fee_segment,fee=market_schedule_with_historical_collection_unit|ask_age<=1s|release=60s|exec=full_ladder_snapshot_upper_bound,free_cash_5pct_cap10,10,market_schedule_with_historical_collection_unit,1,60,full_ladder_snapshot_upper_bound
2026-10,25.07910322,25.07910322,25.07910322,25.07910322,1.021405183e-14,0,0,0,0,0,25.07910322,1.021405183e-14,0,"{""ambiguous_equal_source_timestamp_order"": 1, ""ask_source_age_over_1s"": 3, ""below_minimum_order_shares"": 1717, ""future_source_timestamp_at_entry"": 2, ""no_priceable_native_ask_side"": 5}",post_upgrade_confirmed_fee_segment,fee=market_schedule_with_historical_collection_unit|ask_age<=1s|release=60s|exec=full_ladder_snapshot_upper_bound,free_cash_5pct_cap10,10,market_schedule_with_historical_collection_unit,1,60,full_ladder_snapshot_upper_bound
2026-04,100,139.6112957,100,139.6112957,8.881784197e-15,39.61129569,97,727.4537979,26.74268,0.3256986148,94.82157,17.67517698,2,"{""ambiguous_equal_source_timestamp_order"": 71, ""ask_source_age_over_1s"": 2, ""native_ask_bbo_reconciliation_mismatch"": 36, ""no_positive_net_expected_value"": 309, ""no_priceable_native_ask_side"": 204}",post_upgrade_confirmed_fee_segment,fee=market_schedule_with_historical_collection_unit|ask_age<=1s|release=60s|exec=full_ladder_snapshot_upper_bound,free_cash_5pct_cap15,15,market_schedule_with_historical_collection_unit,1,60,full_ladder_snapshot_upper_bound
2026-05,139.6112957,29.89201945,139.6112957,29.89201945,1.021405183e-14,-109.7192762,182,732.3792564,27.41877,0.8041683765,29.89201945,14.86758063,2,"{""ambiguous_equal_source_timestamp_order"": 1184, ""ask_source_age_over_1s"": 339, ""below_minimum_order_shares"": 2073, ""missing_official_outcome_or_resolution_time"": 10, ""native_ask_bbo_reconciliation_mismatch"": 410, ""no_native_book_snapshot"": 316, ""no_positive_net_expected_value"": 557, ""no_priceable_native_ask_side"": 3856}",post_upgrade_confirmed_fee_segment,fee=market_schedule_with_historical_collection_unit|ask_age<=1s|release=60s|exec=full_ladder_snapshot_upper_bound,free_cash_5pct_cap15,15,market_schedule_with_historical_collection_unit,1,60,full_ladder_snapshot_upper_bound
2026-06,29.89201945,29.89201945,29.89201945,29.89201945,1.021405183e-14,0,0,0,0,0,29.89201945,0,0,"{""ambiguous_equal_source_timestamp_order"": 375, ""archive_gap_after_book_initialization"": 8, ""archive_hour_missing_at_entry"": 36, ""ask_source_age_over_1s"": 1034, ""below_minimum_order_shares"": 1886, ""no_native_book_snapshot"": 5046, ""no_priceable_native_ask_side"": 249}",post_upgrade_confirmed_fee_segment,fee=market_schedule_with_historical_collection_unit|ask_age<=1s|release=60s|exec=full_ladder_snapshot_upper_bound,free_cash_5pct_cap15,15,market_schedule_with_historical_collection_unit,1,60,full_ladder_snapshot_upper_bound
2026-07,29.89201945,28.31371848,29.89201945,28.31371848,1.021405183e-14,-1.578300973,1,1.494600973,0.0837,0.05014039705,28.31371848,1.494600973,1,"{""ambiguous_equal_source_timestamp_order"": 343, ""ask_source_age_over_1s"": 490, ""below_minimum_order_shares"": 5179, ""no_native_book_snapshot"": 2101, ""no_priceable_native_ask_side"": 813}",post_upgrade_confirmed_fee_segment,fee=market_schedule_with_historical_collection_unit|ask_age<=1s|release=60s|exec=full_ladder_snapshot_upper_bound,free_cash_5pct_cap15,15,market_schedule_with_historical_collection_unit,1,60,full_ladder_snapshot_upper_bound
2026-08,28.31371848,25.07910322,28.31371848,25.07910322,1.021405183e-14,-3.234615257,7,10.15343152,0.53304,0.236794298,25.07910322,1.643010735,1,"{""ambiguous_equal_source_timestamp_order"": 1511, ""ask_source_age_over_1s"": 81, ""below_minimum_order_shares"": 4875, ""future_source_timestamp_at_entry"": 1, ""missing_official_outcome_or_resolution_time"": 1, ""no_native_book_snapshot"": 916, ""no_priceable_native_ask_side"": 1536}",post_upgrade_confirmed_fee_segment,fee=market_schedule_with_historical_collection_unit|ask_age<=1s|release=60s|exec=full_ladder_snapshot_upper_bound,free_cash_5pct_cap15,15,market_schedule_with_historical_collection_unit,1,60,full_ladder_snapshot_upper_bound
2026-09,25.07910322,25.07910322,25.07910322,25.07910322,1.021405183e-14,0,0,0,0,0,25.07910322,0,0,"{""ambiguous_equal_source_timestamp_order"": 28, ""ask_source_age_over_1s"": 30, ""below_minimum_order_shares"": 5348, ""native_ask_bbo_reconciliation_mismatch"": 6, ""no_priceable_native_ask_side"": 3227}",post_upgrade_confirmed_fee_segment,fee=market_schedule_with_historical_collection_unit|ask_age<=1s|release=60s|exec=full_ladder_snapshot_upper_bound,free_cash_5pct_cap15,15,market_schedule_with_historical_collection_unit,1,60,full_ladder_snapshot_upper_bound
2026-10,25.07910322,25.07910322,25.07910322,25.07910322,1.021405183e-14,0,0,0,0,0,25.07910322,1.021405183e-14,0,"{""ambiguous_equal_source_timestamp_order"": 1, ""ask_source_age_over_1s"": 3, ""below_minimum_order_shares"": 1717, ""future_source_timestamp_at_entry"": 2, ""no_priceable_native_ask_side"": 5}",post_upgrade_confirmed_fee_segment,fee=market_schedule_with_historical_collection_unit|ask_age<=1s|release=60s|exec=full_ladder_snapshot_upper_bound,free_cash_5pct_cap15,15,market_schedule_with_historical_collection_unit,1,60,full_ladder_snapshot_upper_bound
2026-04,100,139.6112957,100,139.6112957,8.881784197e-15,39.61129569,97,727.4537979,26.74268,0.3256986148,94.82157,17.67517698,2,"{""ambiguous_equal_source_timestamp_order"": 71, ""ask_source_age_over_1s"": 2, ""native_ask_bbo_reconciliation_mismatch"": 36, ""no_positive_net_expected_value"": 309, ""no_priceable_native_ask_side"": 204}",post_upgrade_confirmed_fee_segment,fee=market_schedule_with_historical_collection_unit|ask_age<=1s|release=60s|exec=full_ladder_snapshot_upper_bound,free_cash_5pct_cap20,20,market_schedule_with_historical_collection_unit,1,60,full_ladder_snapshot_upper_bound
2026-05,139.6112957,29.89201945,139.6112957,29.89201945,1.021405183e-14,-109.7192762,182,732.3792564,27.41877,0.8041683765,29.89201945,14.86758063,2,"{""ambiguous_equal_source_timestamp_order"": 1184, ""ask_source_age_over_1s"": 339, ""below_minimum_order_shares"": 2073, ""missing_official_outcome_or_resolution_time"": 10, ""native_ask_bbo_reconciliation_mismatch"": 410, ""no_native_book_snapshot"": 316, ""no_positive_net_expected_value"": 557, ""no_priceable_native_ask_side"": 3856}",post_upgrade_confirmed_fee_segment,fee=market_schedule_with_historical_collection_unit|ask_age<=1s|release=60s|exec=full_ladder_snapshot_upper_bound,free_cash_5pct_cap20,20,market_schedule_with_historical_collection_unit,1,60,full_ladder_snapshot_upper_bound
2026-06,29.89201945,29.89201945,29.89201945,29.89201945,1.021405183e-14,0,0,0,0,0,29.89201945,0,0,"{""ambiguous_equal_source_timestamp_order"": 375, ""archive_gap_after_book_initialization"": 8, ""archive_hour_missing_at_entry"": 36, ""ask_source_age_over_1s"": 1034, ""below_minimum_order_shares"": 1886, ""no_native_book_snapshot"": 5046, ""no_priceable_native_ask_side"": 249}",post_upgrade_confirmed_fee_segment,fee=market_schedule_with_historical_collection_unit|ask_age<=1s|release=60s|exec=full_ladder_snapshot_upper_bound,free_cash_5pct_cap20,20,market_schedule_with_historical_collection_unit,1,60,full_ladder_snapshot_upper_bound
2026-07,29.89201945,28.31371848,29.89201945,28.31371848,1.021405183e-14,-1.578300973,1,1.494600973,0.0837,0.05014039705,28.31371848,1.494600973,1,"{""ambiguous_equal_source_timestamp_order"": 343, ""ask_source_age_over_1s"": 490, ""below_minimum_order_shares"": 5179, ""no_native_book_snapshot"": 2101, ""no_priceable_native_ask_side"": 813}",post_upgrade_confirmed_fee_segment,fee=market_schedule_with_historical_collection_unit|ask_age<=1s|release=60s|exec=full_ladder_snapshot_upper_bound,free_cash_5pct_cap20,20,market_schedule_with_historical_collection_unit,1,60,full_ladder_snapshot_upper_bound
2026-08,28.31371848,25.07910322,28.31371848,25.07910322,1.021405183e-14,-3.234615257,7,10.15343152,0.53304,0.236794298,25.07910322,1.643010735,1,"{""ambiguous_equal_source_timestamp_order"": 1511, ""ask_source_age_over_1s"": 81, ""below_minimum_order_shares"": 4875, ""future_source_timestamp_at_entry"": 1, ""missing_official_outcome_or_resolution_time"": 1, ""no_native_book_snapshot"": 916, ""no_priceable_native_ask_side"": 1536}",post_upgrade_confirmed_fee_segment,fee=market_schedule_with_historical_collection_unit|ask_age<=1s|release=60s|exec=full_ladder_snapshot_upper_bound,free_cash_5pct_cap20,20,market_schedule_with_historical_collection_unit,1,60,full_ladder_snapshot_upper_bound
2026-09,25.07910322,25.07910322,25.07910322,25.07910322,1.021405183e-14,0,0,0,0,0,25.07910322,0,0,"{""ambiguous_equal_source_timestamp_order"": 28, ""ask_source_age_over_1s"": 30, ""below_minimum_order_shares"": 5348, ""native_ask_bbo_reconciliation_mismatch"": 6, ""no_priceable_native_ask_side"": 3227}",post_upgrade_confirmed_fee_segment,fee=market_schedule_with_historical_collection_unit|ask_age<=1s|release=60s|exec=full_ladder_snapshot_upper_bound,free_cash_5pct_cap20,20,market_schedule_with_historical_collection_unit,1,60,full_ladder_snapshot_upper_bound
2026-10,25.07910322,25.07910322,25.07910322,25.07910322,1.021405183e-14,0,0,0,0,0,25.07910322,1.021405183e-14,0,"{""ambiguous_equal_source_timestamp_order"": 1, ""ask_source_age_over_1s"": 3, ""below_minimum_order_shares"": 1717, ""future_source_timestamp_at_entry"": 2, ""no_priceable_native_ask_side"": 5}",post_upgrade_confirmed_fee_segment,fee=market_schedule_with_historical_collection_unit|ask_age<=1s|release=60s|exec=full_ladder_snapshot_upper_bound,free_cash_5pct_cap20,20,market_schedule_with_historical_collection_unit,1,60,full_ladder_snapshot_upper_bound
2026-04,100,139.6112957,100,139.6112957,8.881784197e-15,39.61129569,97,727.4537979,26.74268,0.3256986148,94.82157,17.67517698,2,"{""ambiguous_equal_source_timestamp_order"": 71, ""ask_source_age_over_1s"": 2, ""native_ask_bbo_reconciliation_mismatch"": 36, ""no_positive_net_expected_value"": 309, ""no_priceable_native_ask_side"": 204}",post_upgrade_confirmed_fee_segment,fee=market_schedule_with_historical_collection_unit|ask_age<=1s|release=60s|exec=full_ladder_snapshot_upper_bound,free_cash_5pct_cap30,30,market_schedule_with_historical_collection_unit,1,60,full_ladder_snapshot_upper_bound
2026-05,139.6112957,29.89201945,139.6112957,29.89201945,1.021405183e-14,-109.7192762,182,732.3792564,27.41877,0.8041683765,29.89201945,14.86758063,2,"{""ambiguous_equal_source_timestamp_order"": 1184, ""ask_source_age_over_1s"": 339, ""below_minimum_order_shares"": 2073, ""missing_official_outcome_or_resolution_time"": 10, ""native_ask_bbo_reconciliation_mismatch"": 410, ""no_native_book_snapshot"": 316, ""no_positive_net_expected_value"": 557, ""no_priceable_native_ask_side"": 3856}",post_upgrade_confirmed_fee_segment,fee=market_schedule_with_historical_collection_unit|ask_age<=1s|release=60s|exec=full_ladder_snapshot_upper_bound,free_cash_5pct_cap30,30,market_schedule_with_historical_collection_unit,1,60,full_ladder_snapshot_upper_bound
2026-06,29.89201945,29.89201945,29.89201945,29.89201945,1.021405183e-14,0,0,0,0,0,29.89201945,0,0,"{""ambiguous_equal_source_timestamp_order"": 375, ""archive_gap_after_book_initialization"": 8, ""archive_hour_missing_at_entry"": 36, ""ask_source_age_over_1s"": 1034, ""below_minimum_order_shares"": 1886, ""no_native_book_snapshot"": 5046, ""no_priceable_native_ask_side"": 249}",post_upgrade_confirmed_fee_segment,fee=market_schedule_with_historical_collection_unit|ask_age<=1s|release=60s|exec=full_ladder_snapshot_upper_bound,free_cash_5pct_cap30,30,market_schedule_with_historical_collection_unit,1,60,full_ladder_snapshot_upper_bound
2026-07,29.89201945,28.31371848,29.89201945,28.31371848,1.021405183e-14,-1.578300973,1,1.494600973,0.0837,0.05014039705,28.31371848,1.494600973,1,"{""ambiguous_equal_source_timestamp_order"": 343, ""ask_source_age_over_1s"": 490, ""below_minimum_order_shares"": 5179, ""no_native_book_snapshot"": 2101, ""no_priceable_native_ask_side"": 813}",post_upgrade_confirmed_fee_segment,fee=market_schedule_with_historical_collection_unit|ask_age<=1s|release=60s|exec=full_ladder_snapshot_upper_bound,free_cash_5pct_cap30,30,market_schedule_with_historical_collection_unit,1,60,full_ladder_snapshot_upper_bound
2026-08,28.31371848,25.07910322,28.31371848,25.07910322,1.021405183e-14,-3.234615257,7,10.15343152,0.53304,0.236794298,25.07910322,1.643010735,1,"{""ambiguous_equal_source_timestamp_order"": 1511, ""ask_source_age_over_1s"": 81, ""below_minimum_order_shares"": 4875, ""future_source_timestamp_at_entry"": 1, ""missing_official_outcome_or_resolution_time"": 1, ""no_native_book_snapshot"": 916, ""no_priceable_native_ask_side"": 1536}",post_upgrade_confirmed_fee_segment,fee=market_schedule_with_historical_collection_unit|ask_age<=1s|release=60s|exec=full_ladder_snapshot_upper_bound,free_cash_5pct_cap30,30,market_schedule_with_historical_collection_unit,1,60,full_ladder_snapshot_upper_bound
2026-09,25.07910322,25.07910322,25.07910322,25.07910322,1.021405183e-14,0,0,0,0,0,25.07910322,0,0,"{""ambiguous_equal_source_timestamp_order"": 28, ""ask_source_age_over_1s"": 30, ""below_minimum_order_shares"": 5348, ""native_ask_bbo_reconciliation_mismatch"": 6, ""no_priceable_native_ask_side"": 3227}",post_upgrade_confirmed_fee_segment,fee=market_schedule_with_historical_collection_unit|ask_age<=1s|release=60s|exec=full_ladder_snapshot_upper_bound,free_cash_5pct_cap30,30,market_schedule_with_historical_collection_unit,1,60,full_ladder_snapshot_upper_bound
2026-10,25.07910322,25.07910322,25.07910322,25.07910322,1.021405183e-14,0,0,0,0,0,25.07910322,1.021405183e-14,0,"{""ambiguous_equal_source_timestamp_order"": 1, ""ask_source_age_over_1s"": 3, ""below_minimum_order_shares"": 1717, ""future_source_timestamp_at_entry"": 2, ""no_priceable_native_ask_side"": 5}",post_upgrade_confirmed_fee_segment,fee=market_schedule_with_historical_collection_unit|ask_age<=1s|release=60s|exec=full_ladder_snapshot_upper_bound,free_cash_5pct_cap30,30,market_schedule_with_historical_collection_unit,1,60,full_ladder_snapshot_upper_bound
2026-04,100,139.6112957,100,139.6112957,8.881784197e-15,39.61129569,97,727.4537979,26.74268,0.3256986148,94.82157,17.67517698,2,"{""ambiguous_equal_source_timestamp_order"": 71, ""ask_source_age_over_1s"": 2, ""native_ask_bbo_reconciliation_mismatch"": 36, ""no_positive_net_expected_value"": 309, ""no_priceable_native_ask_side"": 204}",post_upgrade_confirmed_fee_segment,fee=market_schedule_with_historical_collection_unit|ask_age<=1s|release=60s|exec=full_ladder_snapshot_upper_bound,free_cash_5pct_cap50,50,market_schedule_with_historical_collection_unit,1,60,full_ladder_snapshot_upper_bound
2026-05,139.6112957,29.89201945,139.6112957,29.89201945,1.021405183e-14,-109.7192762,182,732.3792564,27.41877,0.8041683765,29.89201945,14.86758063,2,"{""ambiguous_equal_source_timestamp_order"": 1184, ""ask_source_age_over_1s"": 339, ""below_minimum_order_shares"": 2073, ""missing_official_outcome_or_resolution_time"": 10, ""native_ask_bbo_reconciliation_mismatch"": 410, ""no_native_book_snapshot"": 316, ""no_positive_net_expected_value"": 557, ""no_priceable_native_ask_side"": 3856}",post_upgrade_confirmed_fee_segment,fee=market_schedule_with_historical_collection_unit|ask_age<=1s|release=60s|exec=full_ladder_snapshot_upper_bound,free_cash_5pct_cap50,50,market_schedule_with_historical_collection_unit,1,60,full_ladder_snapshot_upper_bound
2026-06,29.89201945,29.89201945,29.89201945,29.89201945,1.021405183e-14,0,0,0,0,0,29.89201945,0,0,"{""ambiguous_equal_source_timestamp_order"": 375, ""archive_gap_after_book_initialization"": 8, ""archive_hour_missing_at_entry"": 36, ""ask_source_age_over_1s"": 1034, ""below_minimum_order_shares"": 1886, ""no_native_book_snapshot"": 5046, ""no_priceable_native_ask_side"": 249}",post_upgrade_confirmed_fee_segment,fee=market_schedule_with_historical_collection_unit|ask_age<=1s|release=60s|exec=full_ladder_snapshot_upper_bound,free_cash_5pct_cap50,50,market_schedule_with_historical_collection_unit,1,60,full_ladder_snapshot_upper_bound
2026-07,29.89201945,28.31371848,29.89201945,28.31371848,1.021405183e-14,-1.578300973,1,1.494600973,0.0837,0.05014039705,28.31371848,1.494600973,1,"{""ambiguous_equal_source_timestamp_order"": 343, ""ask_source_age_over_1s"": 490, ""below_minimum_order_shares"": 5179, ""no_native_book_snapshot"": 2101, ""no_priceable_native_ask_side"": 813}",post_upgrade_confirmed_fee_segment,fee=market_schedule_with_historical_collection_unit|ask_age<=1s|release=60s|exec=full_ladder_snapshot_upper_bound,free_cash_5pct_cap50,50,market_schedule_with_historical_collection_unit,1,60,full_ladder_snapshot_upper_bound
2026-08,28.31371848,25.07910322,28.31371848,25.07910322,1.021405183e-14,-3.234615257,7,10.15343152,0.53304,0.236794298,25.07910322,1.643010735,1,"{""ambiguous_equal_source_timestamp_order"": 1511, ""ask_source_age_over_1s"": 81, ""below_minimum_order_shares"": 4875, ""future_source_timestamp_at_entry"": 1, ""missing_official_outcome_or_resolution_time"": 1, ""no_native_book_snapshot"": 916, ""no_priceable_native_ask_side"": 1536}",post_upgrade_confirmed_fee_segment,fee=market_schedule_with_historical_collection_unit|ask_age<=1s|release=60s|exec=full_ladder_snapshot_upper_bound,free_cash_5pct_cap50,50,market_schedule_with_historical_collection_unit,1,60,full_ladder_snapshot_upper_bound
2026-09,25.07910322,25.07910322,25.07910322,25.07910322,1.021405183e-14,0,0,0,0,0,25.07910322,0,0,"{""ambiguous_equal_source_timestamp_order"": 28, ""ask_source_age_over_1s"": 30, ""below_minimum_order_shares"": 5348, ""native_ask_bbo_reconciliation_mismatch"": 6, ""no_priceable_native_ask_side"": 3227}",post_upgrade_confirmed_fee_segment,fee=market_schedule_with_historical_collection_unit|ask_age<=1s|release=60s|exec=full_ladder_snapshot_upper_bound,free_cash_5pct_cap50,50,market_schedule_with_historical_collection_unit,1,60,full_ladder_snapshot_upper_bound
2026-10,25.07910322,25.07910322,25.07910322,25.07910322,1.021405183e-14,0,0,0,0,0,25.07910322,1.021405183e-14,0,"{""ambiguous_equal_source_timestamp_order"": 1, ""ask_source_age_over_1s"": 3, ""below_minimum_order_shares"": 1717, ""future_source_timestamp_at_entry"": 2, ""no_priceable_native_ask_side"": 5}",post_upgrade_confirmed_fee_segment,fee=market_schedule_with_historical_collection_unit|ask_age<=1s|release=60s|exec=full_ladder_snapshot_upper_bound,free_cash_5pct_cap50,50,market_schedule_with_historical_collection_unit,1,60,full_ladder_snapshot_upper_bound
2026-04,100,139.6112957,100,139.6112957,8.881784197e-15,39.61129569,97,727.4537979,26.74268,0.3256986148,94.82157,17.67517698,2,"{""ambiguous_equal_source_timestamp_order"": 71, ""ask_source_age_over_1s"": 2, ""native_ask_bbo_reconciliation_mismatch"": 36, ""no_positive_net_expected_value"": 309, ""no_priceable_native_ask_side"": 204}",post_upgrade_confirmed_fee_segment,fee=market_schedule_with_historical_collection_unit|ask_age<=1s|release=60s|exec=full_ladder_snapshot_upper_bound,free_cash_5pct_cap75,75,market_schedule_with_historical_collection_unit,1,60,full_ladder_snapshot_upper_bound
2026-05,139.6112957,29.89201945,139.6112957,29.89201945,1.021405183e-14,-109.7192762,182,732.3792564,27.41877,0.8041683765,29.89201945,14.86758063,2,"{""ambiguous_equal_source_timestamp_order"": 1184, ""ask_source_age_over_1s"": 339, ""below_minimum_order_shares"": 2073, ""missing_official_outcome_or_resolution_time"": 10, ""native_ask_bbo_reconciliation_mismatch"": 410, ""no_native_book_snapshot"": 316, ""no_positive_net_expected_value"": 557, ""no_priceable_native_ask_side"": 3856}",post_upgrade_confirmed_fee_segment,fee=market_schedule_with_historical_collection_unit|ask_age<=1s|release=60s|exec=full_ladder_snapshot_upper_bound,free_cash_5pct_cap75,75,market_schedule_with_historical_collection_unit,1,60,full_ladder_snapshot_upper_bound
2026-06,29.89201945,29.89201945,29.89201945,29.89201945,1.021405183e-14,0,0,0,0,0,29.89201945,0,0,"{""ambiguous_equal_source_timestamp_order"": 375, ""archive_gap_after_book_initialization"": 8, ""archive_hour_missing_at_entry"": 36, ""ask_source_age_over_1s"": 1034, ""below_minimum_order_shares"": 1886, ""no_native_book_snapshot"": 5046, ""no_priceable_native_ask_side"": 249}",post_upgrade_confirmed_fee_segment,fee=market_schedule_with_historical_collection_unit|ask_age<=1s|release=60s|exec=full_ladder_snapshot_upper_bound,free_cash_5pct_cap75,75,market_schedule_with_historical_collection_unit,1,60,full_ladder_snapshot_upper_bound
2026-07,29.89201945,28.31371848,29.89201945,28.31371848,1.021405183e-14,-1.578300973,1,1.494600973,0.0837,0.05014039705,28.31371848,1.494600973,1,"{""ambiguous_equal_source_timestamp_order"": 343, ""ask_source_age_over_1s"": 490, ""below_minimum_order_shares"": 5179, ""no_native_book_snapshot"": 2101, ""no_priceable_native_ask_side"": 813}",post_upgrade_confirmed_fee_segment,fee=market_schedule_with_historical_collection_unit|ask_age<=1s|release=60s|exec=full_ladder_snapshot_upper_bound,free_cash_5pct_cap75,75,market_schedule_with_historical_collection_unit,1,60,full_ladder_snapshot_upper_bound
2026-08,28.31371848,25.07910322,28.31371848,25.07910322,1.021405183e-14,-3.234615257,7,10.15343152,0.53304,0.236794298,25.07910322,1.643010735,1,"{""ambiguous_equal_source_timestamp_order"": 1511, ""ask_source_age_over_1s"": 81, ""below_minimum_order_shares"": 4875, ""future_source_timestamp_at_entry"": 1, ""missing_official_outcome_or_resolution_time"": 1, ""no_native_book_snapshot"": 916, ""no_priceable_native_ask_side"": 1536}",post_upgrade_confirmed_fee_segment,fee=market_schedule_with_historical_collection_unit|ask_age<=1s|release=60s|exec=full_ladder_snapshot_upper_bound,free_cash_5pct_cap75,75,market_schedule_with_historical_collection_unit,1,60,full_ladder_snapshot_upper_bound
2026-09,25.07910322,25.07910322,25.07910322,25.07910322,1.021405183e-14,0,0,0,0,0,25.07910322,0,0,"{""ambiguous_equal_source_timestamp_order"": 28, ""ask_source_age_over_1s"": 30, ""below_minimum_order_shares"": 5348, ""native_ask_bbo_reconciliation_mismatch"": 6, ""no_priceable_native_ask_side"": 3227}",post_upgrade_confirmed_fee_segment,fee=market_schedule_with_historical_collection_unit|ask_age<=1s|release=60s|exec=full_ladder_snapshot_upper_bound,free_cash_5pct_cap75,75,market_schedule_with_historical_collection_unit,1,60,full_ladder_snapshot_upper_bound
2026-10,25.07910322,25.07910322,25.07910322,25.07910322,1.021405183e-14,0,0,0,0,0,25.07910322,1.021405183e-14,0,"{""ambiguous_equal_source_timestamp_order"": 1, ""ask_source_age_over_1s"": 3, ""below_minimum_order_shares"": 1717, ""future_source_timestamp_at_entry"": 2, ""no_priceable_native_ask_side"": 5}",post_upgrade_confirmed_fee_segment,fee=market_schedule_with_historical_collection_unit|ask_age<=1s|release=60s|exec=full_ladder_snapshot_upper_bound,free_cash_5pct_cap75,75,market_schedule_with_historical_collection_unit,1,60,full_ladder_snapshot_upper_bound
2026-04,100,139.6112957,100,139.6112957,8.881784197e-15,39.61129569,97,727.4537979,26.74268,0.3256986148,94.82157,17.67517698,2,"{""ambiguous_equal_source_timestamp_order"": 71, ""ask_source_age_over_1s"": 2, ""native_ask_bbo_reconciliation_mismatch"": 36, ""no_positive_net_expected_value"": 309, ""no_priceable_native_ask_side"": 204}",post_upgrade_confirmed_fee_segment,fee=market_schedule_with_historical_collection_unit|ask_age<=1s|release=60s|exec=full_ladder_snapshot_upper_bound,free_cash_5pct_cap100,100,market_schedule_with_historical_collection_unit,1,60,full_ladder_snapshot_upper_bound
2026-05,139.6112957,29.89201945,139.6112957,29.89201945,1.021405183e-14,-109.7192762,182,732.3792564,27.41877,0.8041683765,29.89201945,14.86758063,2,"{""ambiguous_equal_source_timestamp_order"": 1184, ""ask_source_age_over_1s"": 339, ""below_minimum_order_shares"": 2073, ""missing_official_outcome_or_resolution_time"": 10, ""native_ask_bbo_reconciliation_mismatch"": 410, ""no_native_book_snapshot"": 316, ""no_positive_net_expected_value"": 557, ""no_priceable_native_ask_side"": 3856}",post_upgrade_confirmed_fee_segment,fee=market_schedule_with_historical_collection_unit|ask_age<=1s|release=60s|exec=full_ladder_snapshot_upper_bound,free_cash_5pct_cap100,100,market_schedule_with_historical_collection_unit,1,60,full_ladder_snapshot_upper_bound
2026-06,29.89201945,29.89201945,29.89201945,29.89201945,1.021405183e-14,0,0,0,0,0,29.89201945,0,0,"{""ambiguous_equal_source_timestamp_order"": 375, ""archive_gap_after_book_initialization"": 8, ""archive_hour_missing_at_entry"": 36, ""ask_source_age_over_1s"": 1034, ""below_minimum_order_shares"": 1886, ""no_native_book_snapshot"": 5046, ""no_priceable_native_ask_side"": 249}",post_upgrade_confirmed_fee_segment,fee=market_schedule_with_historical_collection_unit|ask_age<=1s|release=60s|exec=full_ladder_snapshot_upper_bound,free_cash_5pct_cap100,100,market_schedule_with_historical_collection_unit,1,60,full_ladder_snapshot_upper_bound
2026-07,29.89201945,28.31371848,29.89201945,28.31371848,1.021405183e-14,-1.578300973,1,1.494600973,0.0837,0.05014039705,28.31371848,1.494600973,1,"{""ambiguous_equal_source_timestamp_order"": 343, ""ask_source_age_over_1s"": 490, ""below_minimum_order_shares"": 5179, ""no_native_book_snapshot"": 2101, ""no_priceable_native_ask_side"": 813}",post_upgrade_confirmed_fee_segment,fee=market_schedule_with_historical_collection_unit|ask_age<=1s|release=60s|exec=full_ladder_snapshot_upper_bound,free_cash_5pct_cap100,100,market_schedule_with_historical_collection_unit,1,60,full_ladder_snapshot_upper_bound
2026-08,28.31371848,25.07910322,28.31371848,25.07910322,1.021405183e-14,-3.234615257,7,10.15343152,0.53304,0.236794298,25.07910322,1.643010735,1,"{""ambiguous_equal_source_timestamp_order"": 1511, ""ask_source_age_over_1s"": 81, ""below_minimum_order_shares"": 4875, ""future_source_timestamp_at_entry"": 1, ""missing_official_outcome_or_resolution_time"": 1, ""no_native_book_snapshot"": 916, ""no_priceable_native_ask_side"": 1536}",post_upgrade_confirmed_fee_segment,fee=market_schedule_with_historical_collection_unit|ask_age<=1s|release=60s|exec=full_ladder_snapshot_upper_bound,free_cash_5pct_cap100,100,market_schedule_with_historical_collection_unit,1,60,full_ladder_snapshot_upper_bound
2026-09,25.07910322,25.07910322,25.07910322,25.07910322,1.021405183e-14,0,0,0,0,0,25.07910322,0,0,"{""ambiguous_equal_source_timestamp_order"": 28, ""ask_source_age_over_1s"": 30, ""below_minimum_order_shares"": 5348, ""native_ask_bbo_reconciliation_mismatch"": 6, ""no_priceable_native_ask_side"": 3227}",post_upgrade_confirmed_fee_segment,fee=market_schedule_with_historical_collection_unit|ask_age<=1s|release=60s|exec=full_ladder_snapshot_upper_bound,free_cash_5pct_cap100,100,market_schedule_with_historical_collection_unit,1,60,full_ladder_snapshot_upper_bound
2026-10,25.07910322,25.07910322,25.07910322,25.07910322,1.021405183e-14,0,0,0,0,0,25.07910322,1.021405183e-14,0,"{""ambiguous_equal_source_timestamp_order"": 1, ""ask_source_age_over_1s"": 3, ""below_minimum_order_shares"": 1717, ""future_source_timestamp_at_entry"": 2, ""no_priceable_native_ask_side"": 5}",post_upgrade_confirmed_fee_segment,fee=market_schedule_with_historical_collection_unit|ask_age<=1s|release=60s|exec=full_ladder_snapshot_upper_bound,free_cash_5pct_cap100,100,market_schedule_with_historical_collection_unit,1,60,full_ladder_snapshot_upper_bound
2026-04,100,139.6112957,100,139.6112957,8.881784197e-15,39.61129569,97,727.4537979,26.74268,0.3256986148,94.82157,17.67517698,2,"{""ambiguous_equal_source_timestamp_order"": 71, ""ask_source_age_over_1s"": 2, ""native_ask_bbo_reconciliation_mismatch"": 36, ""no_positive_net_expected_value"": 309, ""no_priceable_native_ask_side"": 204}",post_upgrade_confirmed_fee_segment,fee=market_schedule_with_historical_collection_unit|ask_age<=1s|release=60s|exec=full_ladder_snapshot_upper_bound,free_cash_5pct_cap_none,,market_schedule_with_historical_collection_unit,1,60,full_ladder_snapshot_upper_bound
2026-05,139.6112957,29.89201945,139.6112957,29.89201945,1.021405183e-14,-109.7192762,182,732.3792564,27.41877,0.8041683765,29.89201945,14.86758063,2,"{""ambiguous_equal_source_timestamp_order"": 1184, ""ask_source_age_over_1s"": 339, ""below_minimum_order_shares"": 2073, ""missing_official_outcome_or_resolution_time"": 10, ""native_ask_bbo_reconciliation_mismatch"": 410, ""no_native_book_snapshot"": 316, ""no_positive_net_expected_value"": 557, ""no_priceable_native_ask_side"": 3856}",post_upgrade_confirmed_fee_segment,fee=market_schedule_with_historical_collection_unit|ask_age<=1s|release=60s|exec=full_ladder_snapshot_upper_bound,free_cash_5pct_cap_none,,market_schedule_with_historical_collection_unit,1,60,full_ladder_snapshot_upper_bound
2026-06,29.89201945,29.89201945,29.89201945,29.89201945,1.021405183e-14,0,0,0,0,0,29.89201945,0,0,"{""ambiguous_equal_source_timestamp_order"": 375, ""archive_gap_after_book_initialization"": 8, ""archive_hour_missing_at_entry"": 36, ""ask_source_age_over_1s"": 1034, ""below_minimum_order_shares"": 1886, ""no_native_book_snapshot"": 5046, ""no_priceable_native_ask_side"": 249}",post_upgrade_confirmed_fee_segment,fee=market_schedule_with_historical_collection_unit|ask_age<=1s|release=60s|exec=full_ladder_snapshot_upper_bound,free_cash_5pct_cap_none,,market_schedule_with_historical_collection_unit,1,60,full_ladder_snapshot_upper_bound
2026-07,29.89201945,28.31371848,29.89201945,28.31371848,1.021405183e-14,-1.578300973,1,1.494600973,0.0837,0.05014039705,28.31371848,1.494600973,1,"{""ambiguous_equal_source_timestamp_order"": 343, ""ask_source_age_over_1s"": 490, ""below_minimum_order_shares"": 5179, ""no_native_book_snapshot"": 2101, ""no_priceable_native_ask_side"": 813}",post_upgrade_confirmed_fee_segment,fee=market_schedule_with_historical_collection_unit|ask_age<=1s|release=60s|exec=full_ladder_snapshot_upper_bound,free_cash_5pct_cap_none,,market_schedule_with_historical_collection_unit,1,60,full_ladder_snapshot_upper_bound
2026-08,28.31371848,25.07910322,28.31371848,25.07910322,1.021405183e-14,-3.234615257,7,10.15343152,0.53304,0.236794298,25.07910322,1.643010735,1,"{""ambiguous_equal_source_timestamp_order"": 1511, ""ask_source_age_over_1s"": 81, ""below_minimum_order_shares"": 4875, ""future_source_timestamp_at_entry"": 1, ""missing_official_outcome_or_resolution_time"": 1, ""no_native_book_snapshot"": 916, ""no_priceable_native_ask_side"": 1536}",post_upgrade_confirmed_fee_segment,fee=market_schedule_with_historical_collection_unit|ask_age<=1s|release=60s|exec=full_ladder_snapshot_upper_bound,free_cash_5pct_cap_none,,market_schedule_with_historical_collection_unit,1,60,full_ladder_snapshot_upper_bound
2026-09,25.07910322,25.07910322,25.07910322,25.07910322,1.021405183e-14,0,0,0,0,0,25.07910322,0,0,"{""ambiguous_equal_source_timestamp_order"": 28, ""ask_source_age_over_1s"": 30, ""below_minimum_order_shares"": 5348, ""native_ask_bbo_reconciliation_mismatch"": 6, ""no_priceable_native_ask_side"": 3227}",post_upgrade_confirmed_fee_segment,fee=market_schedule_with_historical_collection_unit|ask_age<=1s|release=60s|exec=full_ladder_snapshot_upper_bound,free_cash_5pct_cap_none,,market_schedule_with_historical_collection_unit,1,60,full_ladder_snapshot_upper_bound
2026-10,25.07910322,25.07910322,25.07910322,25.07910322,1.021405183e-14,0,0,0,0,0,25.07910322,1.021405183e-14,0,"{""ambiguous_equal_source_timestamp_order"": 1, ""ask_source_age_over_1s"": 3, ""below_minimum_order_shares"": 1717, ""future_source_timestamp_at_entry"": 2, ""no_priceable_native_ask_side"": 5}",post_upgrade_confirmed_fee_segment,fee=market_schedule_with_historical_collection_unit|ask_age<=1s|release=60s|exec=full_ladder_snapshot_upper_bound,free_cash_5pct_cap_none,,market_schedule_with_historical_collection_unit,1,60,full_ladder_snapshot_upper_bound
2026-04,100,137.599275,100,137.599275,0,37.59927502,98,490,18.02835,0.232507932,94.82157,10,2,"{""ambiguous_equal_source_timestamp_order"": 71, ""ask_source_age_over_5s"": 1, ""native_ask_bbo_reconciliation_mismatch"": 40, ""no_positive_net_expected_value"": 309, ""no_priceable_native_ask_side"": 200}",post_upgrade_confirmed_fee_segment,fee=market_schedule_with_historical_collection_unit|ask_age<=5s|release=60s|exec=full_ladder_snapshot_upper_bound,fixed_5_usd,,market_schedule_with_historical_collection_unit,5,60,full_ladder_snapshot_upper_bound
2026-05,137.599275,0.2519376061,137.599275,0.2519376061,0,-137.3473374,201,1005,37.06465,0.9983085431,0.2519376061,10,2,"{""ambiguous_equal_source_timestamp_order"": 1184, ""ask_source_age_over_5s"": 261, ""insufficient_free_cash_for_cash_debit"": 1067, ""missing_official_outcome_or_resolution_time"": 10, ""native_ask_bbo_reconciliation_mismatch"": 419, ""no_native_book_snapshot"": 316, ""no_positive_net_expected_value"": 4120, ""no_priceable_native_ask_side"": 1349}",post_upgrade_confirmed_fee_segment,fee=market_schedule_with_historical_collection_unit|ask_age<=5s|release=60s|exec=full_ladder_snapshot_upper_bound,fixed_5_usd,,market_schedule_with_historical_collection_unit,5,60,full_ladder_snapshot_upper_bound
2026-06,0.2519376061,0.2519376061,0.2519376061,0.2519376061,0,0,0,0,0,0,0.2519376061,0,0,"{""ambiguous_equal_source_timestamp_order"": 375, ""archive_gap_after_book_initialization"": 8, ""archive_hour_missing_at_entry"": 36, ""ask_source_age_over_5s"": 807, ""insufficient_free_cash_for_cash_debit"": 590, ""no_native_book_snapshot"": 5046, ""no_positive_net_expected_value"": 1694, ""no_priceable_native_ask_side"": 78}",post_upgrade_confirmed_fee_segment,fee=market_schedule_with_historical_collection_unit|ask_age<=5s|release=60s|exec=full_ladder_snapshot_upper_bound,fixed_5_usd,,market_schedule_with_historical_collection_unit,5,60,full_ladder_snapshot_upper_bound
2026-07,0.2519376061,0.2519376061,0.2519376061,0.2519376061,0,0,0,0,0,0,0.2519376061,0,0,"{""ambiguous_equal_source_timestamp_order"": 343, ""ask_source_age_over_5s"": 305, ""insufficient_free_cash_for_cash_debit"": 1891, ""no_native_book_snapshot"": 2101, ""no_positive_net_expected_value"": 4221, ""no_priceable_native_ask_side"": 66}",post_upgrade_confirmed_fee_segment,fee=market_schedule_with_historical_collection_unit|ask_age<=5s|release=60s|exec=full_ladder_snapshot_upper_bound,fixed_5_usd,,market_schedule_with_historical_collection_unit,5,60,full_ladder_snapshot_upper_bound
2026-08,0.2519376061,0.2519376061,0.2519376061,0.2519376061,0,0,0,0,0,0,0.2519376061,0,0,"{""ambiguous_equal_source_timestamp_order"": 1511, ""ask_source_age_over_5s"": 47, ""future_source_timestamp_at_entry"": 1, ""insufficient_free_cash_for_cash_debit"": 1605, ""missing_official_outcome_or_resolution_time"": 1, ""no_native_book_snapshot"": 916, ""no_positive_net_expected_value"": 4767, ""no_priceable_native_ask_side"": 80}",post_upgrade_confirmed_fee_segment,fee=market_schedule_with_historical_collection_unit|ask_age<=5s|release=60s|exec=full_ladder_snapshot_upper_bound,fixed_5_usd,,market_schedule_with_historical_collection_unit,5,60,full_ladder_snapshot_upper_bound
2026-09,0.2519376061,0.2519376061,0.2519376061,0.2519376061,0,0,0,0,0,0,0.2519376061,0,0,"{""ambiguous_equal_source_timestamp_order"": 28, ""ask_source_age_over_5s"": 25, ""insufficient_free_cash_for_cash_debit"": 1603, ""native_ask_bbo_reconciliation_mismatch"": 6, ""no_positive_net_expected_value"": 6962, ""no_priceable_native_ask_side"": 15}",post_upgrade_confirmed_fee_segment,fee=market_schedule_with_historical_collection_unit|ask_age<=5s|release=60s|exec=full_ladder_snapshot_upper_bound,fixed_5_usd,,market_schedule_with_historical_collection_unit,5,60,full_ladder_snapshot_upper_bound
2026-10,0.2519376061,0.2519376061,0.2519376061,0.2519376061,0,0,0,0,0,0,0.2519376061,0,0,"{""ambiguous_equal_source_timestamp_order"": 1, ""future_source_timestamp_at_entry"": 2, ""insufficient_free_cash_for_cash_debit"": 469, ""no_positive_net_expected_value"": 1256}",post_upgrade_confirmed_fee_segment,fee=market_schedule_with_historical_collection_unit|ask_age<=5s|release=60s|exec=full_ladder_snapshot_upper_bound,fixed_5_usd,,market_schedule_with_historical_collection_unit,5,60,full_ladder_snapshot_upper_bound
2026-04,100,137.599275,100,137.599275,0,37.59927502,98,490,18.02835,0.232507932,94.82157,10,2,"{""ambiguous_equal_source_timestamp_order"": 71, ""ask_source_age_over_5s"": 1, ""native_ask_bbo_reconciliation_mismatch"": 40, ""no_positive_net_expected_value"": 309, ""no_priceable_native_ask_side"": 200}",post_upgrade_confirmed_fee_segment,fee=market_schedule_with_historical_collection_unit|ask_age<=5s|release=60s|exec=full_ladder_snapshot_upper_bound,free_cash_5pct_cap5,5,market_schedule_with_historical_collection_unit,5,60,full_ladder_snapshot_upper_bound
2026-05,137.599275,30.57930128,137.599275,30.57930128,1.776356839e-15,-107.0199737,231,926.0362399,34.53942,0.7946969016,30.57930128,10,2,"{""ambiguous_equal_source_timestamp_order"": 1184, ""ask_source_age_over_5s"": 261, ""below_minimum_order_shares"": 2094, ""missing_official_outcome_or_resolution_time"": 10, ""native_ask_bbo_reconciliation_mismatch"": 419, ""no_native_book_snapshot"": 316, ""no_positive_net_expected_value"": 701, ""no_priceable_native_ask_side"": 3711}",post_upgrade_confirmed_fee_segment,fee=market_schedule_with_historical_collection_unit|ask_age<=5s|release=60s|exec=full_ladder_snapshot_upper_bound,free_cash_5pct_cap5,5,market_schedule_with_historical_collection_unit,5,60,full_ladder_snapshot_upper_bound
2026-06,30.57930128,30.57930128,30.57930128,30.57930128,1.776356839e-15,0,0,0,0,0,30.57930128,0,0,"{""ambiguous_equal_source_timestamp_order"": 375, ""archive_gap_after_book_initialization"": 8, ""archive_hour_missing_at_entry"": 36, ""ask_source_age_over_5s"": 807, ""below_minimum_order_shares"": 2110, ""no_native_book_snapshot"": 5046, ""no_priceable_native_ask_side"": 252}",post_upgrade_confirmed_fee_segment,fee=market_schedule_with_historical_collection_unit|ask_age<=5s|release=60s|exec=full_ladder_snapshot_upper_bound,free_cash_5pct_cap5,5,market_schedule_with_historical_collection_unit,5,60,full_ladder_snapshot_upper_bound
2026-07,30.57930128,28.96471622,30.57930128,28.96471622,1.776356839e-15,-1.614585064,1,1.528965064,0.08562,0.05014038974,28.96471622,1.528965064,1,"{""ambiguous_equal_source_timestamp_order"": 343, ""ask_source_age_over_5s"": 305, ""below_minimum_order_shares"": 5394, ""no_native_book_snapshot"": 2101, ""no_priceable_native_ask_side"": 783}",post_upgrade_confirmed_fee_segment,fee=market_schedule_with_historical_collection_unit|ask_age<=5s|release=60s|exec=full_ladder_snapshot_upper_bound,free_cash_5pct_cap5,5,market_schedule_with_historical_collection_unit,5,60,full_ladder_snapshot_upper_bound
2026-08,28.96471622,25.65952236,28.96471622,25.65952236,1.776356839e-15,-3.305193853,7,10.38800563,0.54038,0.2366814917,25.65952236,1.680787383,1,"{""ambiguous_equal_source_timestamp_order"": 1511, ""ask_source_age_over_5s"": 47, ""below_minimum_order_shares"": 4920, ""future_source_timestamp_at_entry"": 1, ""missing_official_outcome_or_resolution_time"": 1, ""no_native_book_snapshot"": 916, ""no_priceable_native_ask_side"": 1525}",post_upgrade_confirmed_fee_segment,fee=market_schedule_with_historical_collection_unit|ask_age<=5s|release=60s|exec=full_ladder_snapshot_upper_bound,free_cash_5pct_cap5,5,market_schedule_with_historical_collection_unit,5,60,full_ladder_snapshot_upper_bound
2026-09,25.65952236,25.65952236,25.65952236,25.65952236,1.776356839e-15,0,0,0,0,0,25.65952236,0,0,"{""ambiguous_equal_source_timestamp_order"": 28, ""ask_source_age_over_5s"": 25, ""below_minimum_order_shares"": 5360, ""native_ask_bbo_reconciliation_mismatch"": 6, ""no_priceable_native_ask_side"": 3220}",post_upgrade_confirmed_fee_segment,fee=market_schedule_with_historical_collection_unit|ask_age<=5s|release=60s|exec=full_ladder_snapshot_upper_bound,free_cash_5pct_cap5,5,market_schedule_with_historical_collection_unit,5,60,full_ladder_snapshot_upper_bound
2026-10,25.65952236,25.65952236,25.65952236,25.65952236,1.776356839e-15,0,0,0,0,0,25.65952236,1.776356839e-15,0,"{""ambiguous_equal_source_timestamp_order"": 1, ""below_minimum_order_shares"": 1720, ""future_source_timestamp_at_entry"": 2, ""no_priceable_native_ask_side"": 5}",post_upgrade_confirmed_fee_segment,fee=market_schedule_with_historical_collection_unit|ask_age<=5s|release=60s|exec=full_ladder_snapshot_upper_bound,free_cash_5pct_cap5,5,market_schedule_with_historical_collection_unit,5,60,full_ladder_snapshot_upper_bound
2026-04,100,139.6112957,100,139.6112957,8.881784197e-15,39.61129569,97,727.4537979,26.74268,0.3256986148,94.82157,17.67517698,2,"{""ambiguous_equal_source_timestamp_order"": 71, ""ask_source_age_over_5s"": 1, ""native_ask_bbo_reconciliation_mismatch"": 40, ""no_positive_net_expected_value"": 310, ""no_priceable_native_ask_side"": 200}",post_upgrade_confirmed_fee_segment,fee=market_schedule_with_historical_collection_unit|ask_age<=5s|release=60s|exec=full_ladder_snapshot_upper_bound,free_cash_5pct_cap10,10,market_schedule_with_historical_collection_unit,5,60,full_ladder_snapshot_upper_bound
2026-05,139.6112957,30.5301024,139.6112957,30.5301024,1.243449788e-14,-109.0811933,227,905.9782219,33.79568,0.7999881029,30.5301024,14.86758063,2,"{""ambiguous_equal_source_timestamp_order"": 1184, ""ask_source_age_over_5s"": 261, ""below_minimum_order_shares"": 2097, ""missing_official_outcome_or_resolution_time"": 10, ""native_ask_bbo_reconciliation_mismatch"": 419, ""no_native_book_snapshot"": 316, ""no_positive_net_expected_value"": 685, ""no_priceable_native_ask_side"": 3728}",post_upgrade_confirmed_fee_segment,fee=market_schedule_with_historical_collection_unit|ask_age<=5s|release=60s|exec=full_ladder_snapshot_upper_bound,free_cash_5pct_cap10,10,market_schedule_with_historical_collection_unit,5,60,full_ladder_snapshot_upper_bound
2026-06,30.5301024,30.5301024,30.5301024,30.5301024,1.243449788e-14,0,0,0,0,0,30.5301024,0,0,"{""ambiguous_equal_source_timestamp_order"": 375, ""archive_gap_after_book_initialization"": 8, ""archive_hour_missing_at_entry"": 36, ""ask_source_age_over_5s"": 807, ""below_minimum_order_shares"": 2110, ""no_native_book_snapshot"": 5046, ""no_priceable_native_ask_side"": 252}",post_upgrade_confirmed_fee_segment,fee=market_schedule_with_historical_collection_unit|ask_age<=5s|release=60s|exec=full_ladder_snapshot_upper_bound,free_cash_5pct_cap10,10,market_schedule_with_historical_collection_unit,5,60,full_ladder_snapshot_upper_bound
2026-07,30.5301024,28.91811728,30.5301024,28.91811728,1.243449788e-14,-1.61198512,1,1.52650512,0.08548,0.05014038604,28.91811728,1.52650512,1,"{""ambiguous_equal_source_timestamp_order"": 343, ""ask_source_age_over_5s"": 305, ""below_minimum_order_shares"": 5394, ""no_native_book_snapshot"": 2101, ""no_priceable_native_ask_side"": 783}",post_upgrade_confirmed_fee_segment,fee=market_schedule_with_historical_collection_unit|ask_age<=5s|release=60s|exec=full_ladder_snapshot_upper_bound,free_cash_5pct_cap10,10,market_schedule_with_historical_collection_unit,5,60,full_ladder_snapshot_upper_bound
2026-08,28.91811728,25.61823338,28.91811728,25.61823338,1.243449788e-14,-3.299883902,7,10.37129207,0.53952,0.2366816344,25.61823338,1.678083126,1,"{""ambiguous_equal_source_timestamp_order"": 1511, ""ask_source_age_over_5s"": 47, ""below_minimum_order_shares"": 4920, ""future_source_timestamp_at_entry"": 1, ""missing_official_outcome_or_resolution_time"": 1, ""no_native_book_snapshot"": 916, ""no_priceable_native_ask_side"": 1525}",post_upgrade_confirmed_fee_segment,fee=market_schedule_with_historical_collection_unit|ask_age<=5s|release=60s|exec=full_ladder_snapshot_upper_bound,free_cash_5pct_cap10,10,market_schedule_with_historical_collection_unit,5,60,full_ladder_snapshot_upper_bound
2026-09,25.61823338,25.61823338,25.61823338,25.61823338,1.243449788e-14,0,0,0,0,0,25.61823338,0,0,"{""ambiguous_equal_source_timestamp_order"": 28, ""ask_source_age_over_5s"": 25, ""below_minimum_order_shares"": 5360, ""native_ask_bbo_reconciliation_mismatch"": 6, ""no_priceable_native_ask_side"": 3220}",post_upgrade_confirmed_fee_segment,fee=market_schedule_with_historical_collection_unit|ask_age<=5s|release=60s|exec=full_ladder_snapshot_upper_bound,free_cash_5pct_cap10,10,market_schedule_with_historical_collection_unit,5,60,full_ladder_snapshot_upper_bound
2026-10,25.61823338,25.61823338,25.61823338,25.61823338,1.243449788e-14,0,0,0,0,0,25.61823338,1.243449788e-14,0,"{""ambiguous_equal_source_timestamp_order"": 1, ""below_minimum_order_shares"": 1720, ""future_source_timestamp_at_entry"": 2, ""no_priceable_native_ask_side"": 5}",post_upgrade_confirmed_fee_segment,fee=market_schedule_with_historical_collection_unit|ask_age<=5s|release=60s|exec=full_ladder_snapshot_upper_bound,free_cash_5pct_cap10,10,market_schedule_with_historical_collection_unit,5,60,full_ladder_snapshot_upper_bound
2026-04,100,139.6112957,100,139.6112957,8.881784197e-15,39.61129569,97,727.4537979,26.74268,0.3256986148,94.82157,17.67517698,2,"{""ambiguous_equal_source_timestamp_order"": 71, ""ask_source_age_over_5s"": 1, ""native_ask_bbo_reconciliation_mismatch"": 40, ""no_positive_net_expected_value"": 310, ""no_priceable_native_ask_side"": 200}",post_upgrade_confirmed_fee_segment,fee=market_schedule_with_historical_collection_unit|ask_age<=5s|release=60s|exec=full_ladder_snapshot_upper_bound,free_cash_5pct_cap15,15,market_schedule_with_historical_collection_unit,5,60,full_ladder_snapshot_upper_bound
2026-05,139.6112957,30.5301024,139.6112957,30.5301024,1.243449788e-14,-109.0811933,227,905.9782219,33.79568,0.7999881029,30.5301024,14.86758063,2,"{""ambiguous_equal_source_timestamp_order"": 1184, ""ask_source_age_over_5s"": 261, ""below_minimum_order_shares"": 2097, ""missing_official_outcome_or_resolution_time"": 10, ""native_ask_bbo_reconciliation_mismatch"": 419, ""no_native_book_snapshot"": 316, ""no_positive_net_expected_value"": 685, ""no_priceable_native_ask_side"": 3728}",post_upgrade_confirmed_fee_segment,fee=market_schedule_with_historical_collection_unit|ask_age<=5s|release=60s|exec=full_ladder_snapshot_upper_bound,free_cash_5pct_cap15,15,market_schedule_with_historical_collection_unit,5,60,full_ladder_snapshot_upper_bound
2026-06,30.5301024,30.5301024,30.5301024,30.5301024,1.243449788e-14,0,0,0,0,0,30.5301024,0,0,"{""ambiguous_equal_source_timestamp_order"": 375, ""archive_gap_after_book_initialization"": 8, ""archive_hour_missing_at_entry"": 36, ""ask_source_age_over_5s"": 807, ""below_minimum_order_shares"": 2110, ""no_native_book_snapshot"": 5046, ""no_priceable_native_ask_side"": 252}",post_upgrade_confirmed_fee_segment,fee=market_schedule_with_historical_collection_unit|ask_age<=5s|release=60s|exec=full_ladder_snapshot_upper_bound,free_cash_5pct_cap15,15,market_schedule_with_historical_collection_unit,5,60,full_ladder_snapshot_upper_bound
2026-07,30.5301024,28.91811728,30.5301024,28.91811728,1.243449788e-14,-1.61198512,1,1.52650512,0.08548,0.05014038604,28.91811728,1.52650512,1,"{""ambiguous_equal_source_timestamp_order"": 343, ""ask_source_age_over_5s"": 305, ""below_minimum_order_shares"": 5394, ""no_native_book_snapshot"": 2101, ""no_priceable_native_ask_side"": 783}",post_upgrade_confirmed_fee_segment,fee=market_schedule_with_historical_collection_unit|ask_age<=5s|release=60s|exec=full_ladder_snapshot_upper_bound,free_cash_5pct_cap15,15,market_schedule_with_historical_collection_unit,5,60,full_ladder_snapshot_upper_bound
2026-08,28.91811728,25.61823338,28.91811728,25.61823338,1.243449788e-14,-3.299883902,7,10.37129207,0.53952,0.2366816344,25.61823338,1.678083126,1,"{""ambiguous_equal_source_timestamp_order"": 1511, ""ask_source_age_over_5s"": 47, ""below_minimum_order_shares"": 4920, ""future_source_timestamp_at_entry"": 1, ""missing_official_outcome_or_resolution_time"": 1, ""no_native_book_snapshot"": 916, ""no_priceable_native_ask_side"": 1525}",post_upgrade_confirmed_fee_segment,fee=market_schedule_with_historical_collection_unit|ask_age<=5s|release=60s|exec=full_ladder_snapshot_upper_bound,free_cash_5pct_cap15,15,market_schedule_with_historical_collection_unit,5,60,full_ladder_snapshot_upper_bound
2026-09,25.61823338,25.61823338,25.61823338,25.61823338,1.243449788e-14,0,0,0,0,0,25.61823338,0,0,"{""ambiguous_equal_source_timestamp_order"": 28, ""ask_source_age_over_5s"": 25, ""below_minimum_order_shares"": 5360, ""native_ask_bbo_reconciliation_mismatch"": 6, ""no_priceable_native_ask_side"": 3220}",post_upgrade_confirmed_fee_segment,fee=market_schedule_with_historical_collection_unit|ask_age<=5s|release=60s|exec=full_ladder_snapshot_upper_bound,free_cash_5pct_cap15,15,market_schedule_with_historical_collection_unit,5,60,full_ladder_snapshot_upper_bound
2026-10,25.61823338,25.61823338,25.61823338,25.61823338,1.243449788e-14,0,0,0,0,0,25.61823338,1.243449788e-14,0,"{""ambiguous_equal_source_timestamp_order"": 1, ""below_minimum_order_shares"": 1720, ""future_source_timestamp_at_entry"": 2, ""no_priceable_native_ask_side"": 5}",post_upgrade_confirmed_fee_segment,fee=market_schedule_with_historical_collection_unit|ask_age<=5s|release=60s|exec=full_ladder_snapshot_upper_bound,free_cash_5pct_cap15,15,market_schedule_with_historical_collection_unit,5,60,full_ladder_snapshot_upper_bound
2026-04,100,139.6112957,100,139.6112957,8.881784197e-15,39.61129569,97,727.4537979,26.74268,0.3256986148,94.82157,17.67517698,2,"{""ambiguous_equal_source_timestamp_order"": 71, ""ask_source_age_over_5s"": 1, ""native_ask_bbo_reconciliation_mismatch"": 40, ""no_positive_net_expected_value"": 310, ""no_priceable_native_ask_side"": 200}",post_upgrade_confirmed_fee_segment,fee=market_schedule_with_historical_collection_unit|ask_age<=5s|release=60s|exec=full_ladder_snapshot_upper_bound,free_cash_5pct_cap20,20,market_schedule_with_historical_collection_unit,5,60,full_ladder_snapshot_upper_bound
2026-05,139.6112957,30.5301024,139.6112957,30.5301024,1.243449788e-14,-109.0811933,227,905.9782219,33.79568,0.7999881029,30.5301024,14.86758063,2,"{""ambiguous_equal_source_timestamp_order"": 1184, ""ask_source_age_over_5s"": 261, ""below_minimum_order_shares"": 2097, ""missing_official_outcome_or_resolution_time"": 10, ""native_ask_bbo_reconciliation_mismatch"": 419, ""no_native_book_snapshot"": 316, ""no_positive_net_expected_value"": 685, ""no_priceable_native_ask_side"": 3728}",post_upgrade_confirmed_fee_segment,fee=market_schedule_with_historical_collection_unit|ask_age<=5s|release=60s|exec=full_ladder_snapshot_upper_bound,free_cash_5pct_cap20,20,market_schedule_with_historical_collection_unit,5,60,full_ladder_snapshot_upper_bound
2026-06,30.5301024,30.5301024,30.5301024,30.5301024,1.243449788e-14,0,0,0,0,0,30.5301024,0,0,"{""ambiguous_equal_source_timestamp_order"": 375, ""archive_gap_after_book_initialization"": 8, ""archive_hour_missing_at_entry"": 36, ""ask_source_age_over_5s"": 807, ""below_minimum_order_shares"": 2110, ""no_native_book_snapshot"": 5046, ""no_priceable_native_ask_side"": 252}",post_upgrade_confirmed_fee_segment,fee=market_schedule_with_historical_collection_unit|ask_age<=5s|release=60s|exec=full_ladder_snapshot_upper_bound,free_cash_5pct_cap20,20,market_schedule_with_historical_collection_unit,5,60,full_ladder_snapshot_upper_bound
2026-07,30.5301024,28.91811728,30.5301024,28.91811728,1.243449788e-14,-1.61198512,1,1.52650512,0.08548,0.05014038604,28.91811728,1.52650512,1,"{""ambiguous_equal_source_timestamp_order"": 343, ""ask_source_age_over_5s"": 305, ""below_minimum_order_shares"": 5394, ""no_native_book_snapshot"": 2101, ""no_priceable_native_ask_side"": 783}",post_upgrade_confirmed_fee_segment,fee=market_schedule_with_historical_collection_unit|ask_age<=5s|release=60s|exec=full_ladder_snapshot_upper_bound,free_cash_5pct_cap20,20,market_schedule_with_historical_collection_unit,5,60,full_ladder_snapshot_upper_bound
2026-08,28.91811728,25.61823338,28.91811728,25.61823338,1.243449788e-14,-3.299883902,7,10.37129207,0.53952,0.2366816344,25.61823338,1.678083126,1,"{""ambiguous_equal_source_timestamp_order"": 1511, ""ask_source_age_over_5s"": 47, ""below_minimum_order_shares"": 4920, ""future_source_timestamp_at_entry"": 1, ""missing_official_outcome_or_resolution_time"": 1, ""no_native_book_snapshot"": 916, ""no_priceable_native_ask_side"": 1525}",post_upgrade_confirmed_fee_segment,fee=market_schedule_with_historical_collection_unit|ask_age<=5s|release=60s|exec=full_ladder_snapshot_upper_bound,free_cash_5pct_cap20,20,market_schedule_with_historical_collection_unit,5,60,full_ladder_snapshot_upper_bound
2026-09,25.61823338,25.61823338,25.61823338,25.61823338,1.243449788e-14,0,0,0,0,0,25.61823338,0,0,"{""ambiguous_equal_source_timestamp_order"": 28, ""ask_source_age_over_5s"": 25, ""below_minimum_order_shares"": 5360, ""native_ask_bbo_reconciliation_mismatch"": 6, ""no_priceable_native_ask_side"": 3220}",post_upgrade_confirmed_fee_segment,fee=market_schedule_with_historical_collection_unit|ask_age<=5s|release=60s|exec=full_ladder_snapshot_upper_bound,free_cash_5pct_cap20,20,market_schedule_with_historical_collection_unit,5,60,full_ladder_snapshot_upper_bound
2026-10,25.61823338,25.61823338,25.61823338,25.61823338,1.243449788e-14,0,0,0,0,0,25.61823338,1.243449788e-14,0,"{""ambiguous_equal_source_timestamp_order"": 1, ""below_minimum_order_shares"": 1720, ""future_source_timestamp_at_entry"": 2, ""no_priceable_native_ask_side"": 5}",post_upgrade_confirmed_fee_segment,fee=market_schedule_with_historical_collection_unit|ask_age<=5s|release=60s|exec=full_ladder_snapshot_upper_bound,free_cash_5pct_cap20,20,market_schedule_with_historical_collection_unit,5,60,full_ladder_snapshot_upper_bound
2026-04,100,139.6112957,100,139.6112957,8.881784197e-15,39.61129569,97,727.4537979,26.74268,0.3256986148,94.82157,17.67517698,2,"{""ambiguous_equal_source_timestamp_order"": 71, ""ask_source_age_over_5s"": 1, ""native_ask_bbo_reconciliation_mismatch"": 40, ""no_positive_net_expected_value"": 310, ""no_priceable_native_ask_side"": 200}",post_upgrade_confirmed_fee_segment,fee=market_schedule_with_historical_collection_unit|ask_age<=5s|release=60s|exec=full_ladder_snapshot_upper_bound,free_cash_5pct_cap30,30,market_schedule_with_historical_collection_unit,5,60,full_ladder_snapshot_upper_bound
2026-05,139.6112957,30.5301024,139.6112957,30.5301024,1.243449788e-14,-109.0811933,227,905.9782219,33.79568,0.7999881029,30.5301024,14.86758063,2,"{""ambiguous_equal_source_timestamp_order"": 1184, ""ask_source_age_over_5s"": 261, ""below_minimum_order_shares"": 2097, ""missing_official_outcome_or_resolution_time"": 10, ""native_ask_bbo_reconciliation_mismatch"": 419, ""no_native_book_snapshot"": 316, ""no_positive_net_expected_value"": 685, ""no_priceable_native_ask_side"": 3728}",post_upgrade_confirmed_fee_segment,fee=market_schedule_with_historical_collection_unit|ask_age<=5s|release=60s|exec=full_ladder_snapshot_upper_bound,free_cash_5pct_cap30,30,market_schedule_with_historical_collection_unit,5,60,full_ladder_snapshot_upper_bound
2026-06,30.5301024,30.5301024,30.5301024,30.5301024,1.243449788e-14,0,0,0,0,0,30.5301024,0,0,"{""ambiguous_equal_source_timestamp_order"": 375, ""archive_gap_after_book_initialization"": 8, ""archive_hour_missing_at_entry"": 36, ""ask_source_age_over_5s"": 807, ""below_minimum_order_shares"": 2110, ""no_native_book_snapshot"": 5046, ""no_priceable_native_ask_side"": 252}",post_upgrade_confirmed_fee_segment,fee=market_schedule_with_historical_collection_unit|ask_age<=5s|release=60s|exec=full_ladder_snapshot_upper_bound,free_cash_5pct_cap30,30,market_schedule_with_historical_collection_unit,5,60,full_ladder_snapshot_upper_bound
2026-07,30.5301024,28.91811728,30.5301024,28.91811728,1.243449788e-14,-1.61198512,1,1.52650512,0.08548,0.05014038604,28.91811728,1.52650512,1,"{""ambiguous_equal_source_timestamp_order"": 343, ""ask_source_age_over_5s"": 305, ""below_minimum_order_shares"": 5394, ""no_native_book_snapshot"": 2101, ""no_priceable_native_ask_side"": 783}",post_upgrade_confirmed_fee_segment,fee=market_schedule_with_historical_collection_unit|ask_age<=5s|release=60s|exec=full_ladder_snapshot_upper_bound,free_cash_5pct_cap30,30,market_schedule_with_historical_collection_unit,5,60,full_ladder_snapshot_upper_bound
2026-08,28.91811728,25.61823338,28.91811728,25.61823338,1.243449788e-14,-3.299883902,7,10.37129207,0.53952,0.2366816344,25.61823338,1.678083126,1,"{""ambiguous_equal_source_timestamp_order"": 1511, ""ask_source_age_over_5s"": 47, ""below_minimum_order_shares"": 4920, ""future_source_timestamp_at_entry"": 1, ""missing_official_outcome_or_resolution_time"": 1, ""no_native_book_snapshot"": 916, ""no_priceable_native_ask_side"": 1525}",post_upgrade_confirmed_fee_segment,fee=market_schedule_with_historical_collection_unit|ask_age<=5s|release=60s|exec=full_ladder_snapshot_upper_bound,free_cash_5pct_cap30,30,market_schedule_with_historical_collection_unit,5,60,full_ladder_snapshot_upper_bound
2026-09,25.61823338,25.61823338,25.61823338,25.61823338,1.243449788e-14,0,0,0,0,0,25.61823338,0,0,"{""ambiguous_equal_source_timestamp_order"": 28, ""ask_source_age_over_5s"": 25, ""below_minimum_order_shares"": 5360, ""native_ask_bbo_reconciliation_mismatch"": 6, ""no_priceable_native_ask_side"": 3220}",post_upgrade_confirmed_fee_segment,fee=market_schedule_with_historical_collection_unit|ask_age<=5s|release=60s|exec=full_ladder_snapshot_upper_bound,free_cash_5pct_cap30,30,market_schedule_with_historical_collection_unit,5,60,full_ladder_snapshot_upper_bound
2026-10,25.61823338,25.61823338,25.61823338,25.61823338,1.243449788e-14,0,0,0,0,0,25.61823338,1.243449788e-14,0,"{""ambiguous_equal_source_timestamp_order"": 1, ""below_minimum_order_shares"": 1720, ""future_source_timestamp_at_entry"": 2, ""no_priceable_native_ask_side"": 5}",post_upgrade_confirmed_fee_segment,fee=market_schedule_with_historical_collection_unit|ask_age<=5s|release=60s|exec=full_ladder_snapshot_upper_bound,free_cash_5pct_cap30,30,market_schedule_with_historical_collection_unit,5,60,full_ladder_snapshot_upper_bound
2026-04,100,139.6112957,100,139.6112957,8.881784197e-15,39.61129569,97,727.4537979,26.74268,0.3256986148,94.82157,17.67517698,2,"{""ambiguous_equal_source_timestamp_order"": 71, ""ask_source_age_over_5s"": 1, ""native_ask_bbo_reconciliation_mismatch"": 40, ""no_positive_net_expected_value"": 310, ""no_priceable_native_ask_side"": 200}",post_upgrade_confirmed_fee_segment,fee=market_schedule_with_historical_collection_unit|ask_age<=5s|release=60s|exec=full_ladder_snapshot_upper_bound,free_cash_5pct_cap50,50,market_schedule_with_historical_collection_unit,5,60,full_ladder_snapshot_upper_bound
2026-05,139.6112957,30.5301024,139.6112957,30.5301024,1.243449788e-14,-109.0811933,227,905.9782219,33.79568,0.7999881029,30.5301024,14.86758063,2,"{""ambiguous_equal_source_timestamp_order"": 1184, ""ask_source_age_over_5s"": 261, ""below_minimum_order_shares"": 2097, ""missing_official_outcome_or_resolution_time"": 10, ""native_ask_bbo_reconciliation_mismatch"": 419, ""no_native_book_snapshot"": 316, ""no_positive_net_expected_value"": 685, ""no_priceable_native_ask_side"": 3728}",post_upgrade_confirmed_fee_segment,fee=market_schedule_with_historical_collection_unit|ask_age<=5s|release=60s|exec=full_ladder_snapshot_upper_bound,free_cash_5pct_cap50,50,market_schedule_with_historical_collection_unit,5,60,full_ladder_snapshot_upper_bound
2026-06,30.5301024,30.5301024,30.5301024,30.5301024,1.243449788e-14,0,0,0,0,0,30.5301024,0,0,"{""ambiguous_equal_source_timestamp_order"": 375, ""archive_gap_after_book_initialization"": 8, ""archive_hour_missing_at_entry"": 36, ""ask_source_age_over_5s"": 807, ""below_minimum_order_shares"": 2110, ""no_native_book_snapshot"": 5046, ""no_priceable_native_ask_side"": 252}",post_upgrade_confirmed_fee_segment,fee=market_schedule_with_historical_collection_unit|ask_age<=5s|release=60s|exec=full_ladder_snapshot_upper_bound,free_cash_5pct_cap50,50,market_schedule_with_historical_collection_unit,5,60,full_ladder_snapshot_upper_bound
2026-07,30.5301024,28.91811728,30.5301024,28.91811728,1.243449788e-14,-1.61198512,1,1.52650512,0.08548,0.05014038604,28.91811728,1.52650512,1,"{""ambiguous_equal_source_timestamp_order"": 343, ""ask_source_age_over_5s"": 305, ""below_minimum_order_shares"": 5394, ""no_native_book_snapshot"": 2101, ""no_priceable_native_ask_side"": 783}",post_upgrade_confirmed_fee_segment,fee=market_schedule_with_historical_collection_unit|ask_age<=5s|release=60s|exec=full_ladder_snapshot_upper_bound,free_cash_5pct_cap50,50,market_schedule_with_historical_collection_unit,5,60,full_ladder_snapshot_upper_bound
2026-08,28.91811728,25.61823338,28.91811728,25.61823338,1.243449788e-14,-3.299883902,7,10.37129207,0.53952,0.2366816344,25.61823338,1.678083126,1,"{""ambiguous_equal_source_timestamp_order"": 1511, ""ask_source_age_over_5s"": 47, ""below_minimum_order_shares"": 4920, ""future_source_timestamp_at_entry"": 1, ""missing_official_outcome_or_resolution_time"": 1, ""no_native_book_snapshot"": 916, ""no_priceable_native_ask_side"": 1525}",post_upgrade_confirmed_fee_segment,fee=market_schedule_with_historical_collection_unit|ask_age<=5s|release=60s|exec=full_ladder_snapshot_upper_bound,free_cash_5pct_cap50,50,market_schedule_with_historical_collection_unit,5,60,full_ladder_snapshot_upper_bound
2026-09,25.61823338,25.61823338,25.61823338,25.61823338,1.243449788e-14,0,0,0,0,0,25.61823338,0,0,"{""ambiguous_equal_source_timestamp_order"": 28, ""ask_source_age_over_5s"": 25, ""below_minimum_order_shares"": 5360, ""native_ask_bbo_reconciliation_mismatch"": 6, ""no_priceable_native_ask_side"": 3220}",post_upgrade_confirmed_fee_segment,fee=market_schedule_with_historical_collection_unit|ask_age<=5s|release=60s|exec=full_ladder_snapshot_upper_bound,free_cash_5pct_cap50,50,market_schedule_with_historical_collection_unit,5,60,full_ladder_snapshot_upper_bound
2026-10,25.61823338,25.61823338,25.61823338,25.61823338,1.243449788e-14,0,0,0,0,0,25.61823338,1.243449788e-14,0,"{""ambiguous_equal_source_timestamp_order"": 1, ""below_minimum_order_shares"": 1720, ""future_source_timestamp_at_entry"": 2, ""no_priceable_native_ask_side"": 5}",post_upgrade_confirmed_fee_segment,fee=market_schedule_with_historical_collection_unit|ask_age<=5s|release=60s|exec=full_ladder_snapshot_upper_bound,free_cash_5pct_cap50,50,market_schedule_with_historical_collection_unit,5,60,full_ladder_snapshot_upper_bound
2026-04,100,139.6112957,100,139.6112957,8.881784197e-15,39.61129569,97,727.4537979,26.74268,0.3256986148,94.82157,17.67517698,2,"{""ambiguous_equal_source_timestamp_order"": 71, ""ask_source_age_over_5s"": 1, ""native_ask_bbo_reconciliation_mismatch"": 40, ""no_positive_net_expected_value"": 310, ""no_priceable_native_ask_side"": 200}",post_upgrade_confirmed_fee_segment,fee=market_schedule_with_historical_collection_unit|ask_age<=5s|release=60s|exec=full_ladder_snapshot_upper_bound,free_cash_5pct_cap75,75,market_schedule_with_historical_collection_unit,5,60,full_ladder_snapshot_upper_bound
2026-05,139.6112957,30.5301024,139.6112957,30.5301024,1.243449788e-14,-109.0811933,227,905.9782219,33.79568,0.7999881029,30.5301024,14.86758063,2,"{""ambiguous_equal_source_timestamp_order"": 1184, ""ask_source_age_over_5s"": 261, ""below_minimum_order_shares"": 2097, ""missing_official_outcome_or_resolution_time"": 10, ""native_ask_bbo_reconciliation_mismatch"": 419, ""no_native_book_snapshot"": 316, ""no_positive_net_expected_value"": 685, ""no_priceable_native_ask_side"": 3728}",post_upgrade_confirmed_fee_segment,fee=market_schedule_with_historical_collection_unit|ask_age<=5s|release=60s|exec=full_ladder_snapshot_upper_bound,free_cash_5pct_cap75,75,market_schedule_with_historical_collection_unit,5,60,full_ladder_snapshot_upper_bound
2026-06,30.5301024,30.5301024,30.5301024,30.5301024,1.243449788e-14,0,0,0,0,0,30.5301024,0,0,"{""ambiguous_equal_source_timestamp_order"": 375, ""archive_gap_after_book_initialization"": 8, ""archive_hour_missing_at_entry"": 36, ""ask_source_age_over_5s"": 807, ""below_minimum_order_shares"": 2110, ""no_native_book_snapshot"": 5046, ""no_priceable_native_ask_side"": 252}",post_upgrade_confirmed_fee_segment,fee=market_schedule_with_historical_collection_unit|ask_age<=5s|release=60s|exec=full_ladder_snapshot_upper_bound,free_cash_5pct_cap75,75,market_schedule_with_historical_collection_unit,5,60,full_ladder_snapshot_upper_bound
2026-07,30.5301024,28.91811728,30.5301024,28.91811728,1.243449788e-14,-1.61198512,1,1.52650512,0.08548,0.05014038604,28.91811728,1.52650512,1,"{""ambiguous_equal_source_timestamp_order"": 343, ""ask_source_age_over_5s"": 305, ""below_minimum_order_shares"": 5394, ""no_native_book_snapshot"": 2101, ""no_priceable_native_ask_side"": 783}",post_upgrade_confirmed_fee_segment,fee=market_schedule_with_historical_collection_unit|ask_age<=5s|release=60s|exec=full_ladder_snapshot_upper_bound,free_cash_5pct_cap75,75,market_schedule_with_historical_collection_unit,5,60,full_ladder_snapshot_upper_bound
2026-08,28.91811728,25.61823338,28.91811728,25.61823338,1.243449788e-14,-3.299883902,7,10.37129207,0.53952,0.2366816344,25.61823338,1.678083126,1,"{""ambiguous_equal_source_timestamp_order"": 1511, ""ask_source_age_over_5s"": 47, ""below_minimum_order_shares"": 4920, ""future_source_timestamp_at_entry"": 1, ""missing_official_outcome_or_resolution_time"": 1, ""no_native_book_snapshot"": 916, ""no_priceable_native_ask_side"": 1525}",post_upgrade_confirmed_fee_segment,fee=market_schedule_with_historical_collection_unit|ask_age<=5s|release=60s|exec=full_ladder_snapshot_upper_bound,free_cash_5pct_cap75,75,market_schedule_with_historical_collection_unit,5,60,full_ladder_snapshot_upper_bound
2026-09,25.61823338,25.61823338,25.61823338,25.61823338,1.243449788e-14,0,0,0,0,0,25.61823338,0,0,"{""ambiguous_equal_source_timestamp_order"": 28, ""ask_source_age_over_5s"": 25, ""below_minimum_order_shares"": 5360, ""native_ask_bbo_reconciliation_mismatch"": 6, ""no_priceable_native_ask_side"": 3220}",post_upgrade_confirmed_fee_segment,fee=market_schedule_with_historical_collection_unit|ask_age<=5s|release=60s|exec=full_ladder_snapshot_upper_bound,free_cash_5pct_cap75,75,market_schedule_with_historical_collection_unit,5,60,full_ladder_snapshot_upper_bound
2026-10,25.61823338,25.61823338,25.61823338,25.61823338,1.243449788e-14,0,0,0,0,0,25.61823338,1.243449788e-14,0,"{""ambiguous_equal_source_timestamp_order"": 1, ""below_minimum_order_shares"": 1720, ""future_source_timestamp_at_entry"": 2, ""no_priceable_native_ask_side"": 5}",post_upgrade_confirmed_fee_segment,fee=market_schedule_with_historical_collection_unit|ask_age<=5s|release=60s|exec=full_ladder_snapshot_upper_bound,free_cash_5pct_cap75,75,market_schedule_with_historical_collection_unit,5,60,full_ladder_snapshot_upper_bound
2026-04,100,139.6112957,100,139.6112957,8.881784197e-15,39.61129569,97,727.4537979,26.74268,0.3256986148,94.82157,17.67517698,2,"{""ambiguous_equal_source_timestamp_order"": 71, ""ask_source_age_over_5s"": 1, ""native_ask_bbo_reconciliation_mismatch"": 40, ""no_positive_net_expected_value"": 310, ""no_priceable_native_ask_side"": 200}",post_upgrade_confirmed_fee_segment,fee=market_schedule_with_historical_collection_unit|ask_age<=5s|release=60s|exec=full_ladder_snapshot_upper_bound,free_cash_5pct_cap100,100,market_schedule_with_historical_collection_unit,5,60,full_ladder_snapshot_upper_bound
2026-05,139.6112957,30.5301024,139.6112957,30.5301024,1.243449788e-14,-109.0811933,227,905.9782219,33.79568,0.7999881029,30.5301024,14.86758063,2,"{""ambiguous_equal_source_timestamp_order"": 1184, ""ask_source_age_over_5s"": 261, ""below_minimum_order_shares"": 2097, ""missing_official_outcome_or_resolution_time"": 10, ""native_ask_bbo_reconciliation_mismatch"": 419, ""no_native_book_snapshot"": 316, ""no_positive_net_expected_value"": 685, ""no_priceable_native_ask_side"": 3728}",post_upgrade_confirmed_fee_segment,fee=market_schedule_with_historical_collection_unit|ask_age<=5s|release=60s|exec=full_ladder_snapshot_upper_bound,free_cash_5pct_cap100,100,market_schedule_with_historical_collection_unit,5,60,full_ladder_snapshot_upper_bound
2026-06,30.5301024,30.5301024,30.5301024,30.5301024,1.243449788e-14,0,0,0,0,0,30.5301024,0,0,"{""ambiguous_equal_source_timestamp_order"": 375, ""archive_gap_after_book_initialization"": 8, ""archive_hour_missing_at_entry"": 36, ""ask_source_age_over_5s"": 807, ""below_minimum_order_shares"": 2110, ""no_native_book_snapshot"": 5046, ""no_priceable_native_ask_side"": 252}",post_upgrade_confirmed_fee_segment,fee=market_schedule_with_historical_collection_unit|ask_age<=5s|release=60s|exec=full_ladder_snapshot_upper_bound,free_cash_5pct_cap100,100,market_schedule_with_historical_collection_unit,5,60,full_ladder_snapshot_upper_bound
2026-07,30.5301024,28.91811728,30.5301024,28.91811728,1.243449788e-14,-1.61198512,1,1.52650512,0.08548,0.05014038604,28.91811728,1.52650512,1,"{""ambiguous_equal_source_timestamp_order"": 343, ""ask_source_age_over_5s"": 305, ""below_minimum_order_shares"": 5394, ""no_native_book_snapshot"": 2101, ""no_priceable_native_ask_side"": 783}",post_upgrade_confirmed_fee_segment,fee=market_schedule_with_historical_collection_unit|ask_age<=5s|release=60s|exec=full_ladder_snapshot_upper_bound,free_cash_5pct_cap100,100,market_schedule_with_historical_collection_unit,5,60,full_ladder_snapshot_upper_bound
2026-08,28.91811728,25.61823338,28.91811728,25.61823338,1.243449788e-14,-3.299883902,7,10.37129207,0.53952,0.2366816344,25.61823338,1.678083126,1,"{""ambiguous_equal_source_timestamp_order"": 1511, ""ask_source_age_over_5s"": 47, ""below_minimum_order_shares"": 4920, ""future_source_timestamp_at_entry"": 1, ""missing_official_outcome_or_resolution_time"": 1, ""no_native_book_snapshot"": 916, ""no_priceable_native_ask_side"": 1525}",post_upgrade_confirmed_fee_segment,fee=market_schedule_with_historical_collection_unit|ask_age<=5s|release=60s|exec=full_ladder_snapshot_upper_bound,free_cash_5pct_cap100,100,market_schedule_with_historical_collection_unit,5,60,full_ladder_snapshot_upper_bound
2026-09,25.61823338,25.61823338,25.61823338,25.61823338,1.243449788e-14,0,0,0,0,0,25.61823338,0,0,"{""ambiguous_equal_source_timestamp_order"": 28, ""ask_source_age_over_5s"": 25, ""below_minimum_order_shares"": 5360, ""native_ask_bbo_reconciliation_mismatch"": 6, ""no_priceable_native_ask_side"": 3220}",post_upgrade_confirmed_fee_segment,fee=market_schedule_with_historical_collection_unit|ask_age<=5s|release=60s|exec=full_ladder_snapshot_upper_bound,free_cash_5pct_cap100,100,market_schedule_with_historical_collection_unit,5,60,full_ladder_snapshot_upper_bound
2026-10,25.61823338,25.61823338,25.61823338,25.61823338,1.243449788e-14,0,0,0,0,0,25.61823338,1.243449788e-14,0,"{""ambiguous_equal_source_timestamp_order"": 1, ""below_minimum_order_shares"": 1720, ""future_source_timestamp_at_entry"": 2, ""no_priceable_native_ask_side"": 5}",post_upgrade_confirmed_fee_segment,fee=market_schedule_with_historical_collection_unit|ask_age<=5s|release=60s|exec=full_ladder_snapshot_upper_bound,free_cash_5pct_cap100,100,market_schedule_with_historical_collection_unit,5,60,full_ladder_snapshot_upper_bound
2026-04,100,139.6112957,100,139.6112957,8.881784197e-15,39.61129569,97,727.4537979,26.74268,0.3256986148,94.82157,17.67517698,2,"{""ambiguous_equal_source_timestamp_order"": 71, ""ask_source_age_over_5s"": 1, ""native_ask_bbo_reconciliation_mismatch"": 40, ""no_positive_net_expected_value"": 310, ""no_priceable_native_ask_side"": 200}",post_upgrade_confirmed_fee_segment,fee=market_schedule_with_historical_collection_unit|ask_age<=5s|release=60s|exec=full_ladder_snapshot_upper_bound,free_cash_5pct_cap_none,,market_schedule_with_historical_collection_unit,5,60,full_ladder_snapshot_upper_bound
2026-05,139.6112957,30.5301024,139.6112957,30.5301024,1.243449788e-14,-109.0811933,227,905.9782219,33.79568,0.7999881029,30.5301024,14.86758063,2,"{""ambiguous_equal_source_timestamp_order"": 1184, ""ask_source_age_over_5s"": 261, ""below_minimum_order_shares"": 2097, ""missing_official_outcome_or_resolution_time"": 10, ""native_ask_bbo_reconciliation_mismatch"": 419, ""no_native_book_snapshot"": 316, ""no_positive_net_expected_value"": 685, ""no_priceable_native_ask_side"": 3728}",post_upgrade_confirmed_fee_segment,fee=market_schedule_with_historical_collection_unit|ask_age<=5s|release=60s|exec=full_ladder_snapshot_upper_bound,free_cash_5pct_cap_none,,market_schedule_with_historical_collection_unit,5,60,full_ladder_snapshot_upper_bound
2026-06,30.5301024,30.5301024,30.5301024,30.5301024,1.243449788e-14,0,0,0,0,0,30.5301024,0,0,"{""ambiguous_equal_source_timestamp_order"": 375, ""archive_gap_after_book_initialization"": 8, ""archive_hour_missing_at_entry"": 36, ""ask_source_age_over_5s"": 807, ""below_minimum_order_shares"": 2110, ""no_native_book_snapshot"": 5046, ""no_priceable_native_ask_side"": 252}",post_upgrade_confirmed_fee_segment,fee=market_schedule_with_historical_collection_unit|ask_age<=5s|release=60s|exec=full_ladder_snapshot_upper_bound,free_cash_5pct_cap_none,,market_schedule_with_historical_collection_unit,5,60,full_ladder_snapshot_upper_bound
2026-07,30.5301024,28.91811728,30.5301024,28.91811728,1.243449788e-14,-1.61198512,1,1.52650512,0.08548,0.05014038604,28.91811728,1.52650512,1,"{""ambiguous_equal_source_timestamp_order"": 343, ""ask_source_age_over_5s"": 305, ""below_minimum_order_shares"": 5394, ""no_native_book_snapshot"": 2101, ""no_priceable_native_ask_side"": 783}",post_upgrade_confirmed_fee_segment,fee=market_schedule_with_historical_collection_unit|ask_age<=5s|release=60s|exec=full_ladder_snapshot_upper_bound,free_cash_5pct_cap_none,,market_schedule_with_historical_collection_unit,5,60,full_ladder_snapshot_upper_bound
2026-08,28.91811728,25.61823338,28.91811728,25.61823338,1.243449788e-14,-3.299883902,7,10.37129207,0.53952,0.2366816344,25.61823338,1.678083126,1,"{""ambiguous_equal_source_timestamp_order"": 1511, ""ask_source_age_over_5s"": 47, ""below_minimum_order_shares"": 4920, ""future_source_timestamp_at_entry"": 1, ""missing_official_outcome_or_resolution_time"": 1, ""no_native_book_snapshot"": 916, ""no_priceable_native_ask_side"": 1525}",post_upgrade_confirmed_fee_segment,fee=market_schedule_with_historical_collection_unit|ask_age<=5s|release=60s|exec=full_ladder_snapshot_upper_bound,free_cash_5pct_cap_none,,market_schedule_with_historical_collection_unit,5,60,full_ladder_snapshot_upper_bound
2026-09,25.61823338,25.61823338,25.61823338,25.61823338,1.243449788e-14,0,0,0,0,0,25.61823338,0,0,"{""ambiguous_equal_source_timestamp_order"": 28, ""ask_source_age_over_5s"": 25, ""below_minimum_order_shares"": 5360, ""native_ask_bbo_reconciliation_mismatch"": 6, ""no_priceable_native_ask_side"": 3220}",post_upgrade_confirmed_fee_segment,fee=market_schedule_with_historical_collection_unit|ask_age<=5s|release=60s|exec=full_ladder_snapshot_upper_bound,free_cash_5pct_cap_none,,market_schedule_with_historical_collection_unit,5,60,full_ladder_snapshot_upper_bound
2026-10,25.61823338,25.61823338,25.61823338,25.61823338,1.243449788e-14,0,0,0,0,0,25.61823338,1.243449788e-14,0,"{""ambiguous_equal_source_timestamp_order"": 1, ""below_minimum_order_shares"": 1720, ""future_source_timestamp_at_entry"": 2, ""no_priceable_native_ask_side"": 5}",post_upgrade_confirmed_fee_segment,fee=market_schedule_with_historical_collection_unit|ask_age<=5s|release=60s|exec=full_ladder_snapshot_upper_bound,free_cash_5pct_cap_none,,market_schedule_with_historical_collection_unit,5,60,full_ladder_snapshot_upper_bound
2026-04,100,137.599275,100,137.599275,0,37.59927502,98,490,18.02835,0.232507932,94.82157,10,2,"{""ambiguous_equal_source_timestamp_order"": 71, ""ask_source_age_over_30s"": 1, ""native_ask_bbo_reconciliation_mismatch"": 40, ""no_positive_net_expected_value"": 310, ""no_priceable_native_ask_side"": 199}",post_upgrade_confirmed_fee_segment,fee=market_schedule_with_historical_collection_unit|ask_age<=30s|release=60s|exec=full_ladder_snapshot_upper_bound,fixed_5_usd,,market_schedule_with_historical_collection_unit,30,60,full_ladder_snapshot_upper_bound
2026-05,137.599275,0.8802893068,137.599275,0.8802893068,0,-136.7189857,193,965,35.69055,0.9940899198,0.8802893068,10,2,"{""ambiguous_equal_source_timestamp_order"": 1184, ""ask_source_age_over_30s"": 218, ""insufficient_free_cash_for_cash_debit"": 1089, ""missing_official_outcome_or_resolution_time"": 10, ""native_ask_bbo_reconciliation_mismatch"": 426, ""no_native_book_snapshot"": 316, ""no_positive_net_expected_value"": 4169, ""no_priceable_native_ask_side"": 1322}",post_upgrade_confirmed_fee_segment,fee=market_schedule_with_historical_collection_unit|ask_age<=30s|release=60s|exec=full_ladder_snapshot_upper_bound,fixed_5_usd,,market_schedule_with_historical_collection_unit,30,60,full_ladder_snapshot_upper_bound
2026-06,0.8802893068,0.8802893068,0.8802893068,0.8802893068,0,0,0,0,0,0,0.8802893068,0,0,"{""ambiguous_equal_source_timestamp_order"": 375, ""archive_gap_after_book_initialization"": 8, ""archive_hour_missing_at_entry"": 36, ""ask_source_age_over_30s"": 648, ""insufficient_free_cash_for_cash_debit"": 634, ""no_native_book_snapshot"": 5046, ""no_positive_net_expected_value"": 1818, ""no_priceable_native_ask_side"": 69}",post_upgrade_confirmed_fee_segment,fee=market_schedule_with_historical_collection_unit|ask_age<=30s|release=60s|exec=full_ladder_snapshot_upper_bound,fixed_5_usd,,market_schedule_with_historical_collection_unit,30,60,full_ladder_snapshot_upper_bound
2026-07,0.8802893068,0.8802893068,0.8802893068,0.8802893068,0,0,0,0,0,0,0.8802893068,0,0,"{""ambiguous_equal_source_timestamp_order"": 343, ""ask_source_age_over_30s"": 22, ""insufficient_free_cash_for_cash_debit"": 1990, ""no_native_book_snapshot"": 2101, ""no_positive_net_expected_value"": 4456, ""no_priceable_native_ask_side"": 15}",post_upgrade_confirmed_fee_segment,fee=market_schedule_with_historical_collection_unit|ask_age<=30s|release=60s|exec=full_ladder_snapshot_upper_bound,fixed_5_usd,,market_schedule_with_historical_collection_unit,30,60,full_ladder_snapshot_upper_bound
2026-08,0.8802893068,0.8802893068,0.8802893068,0.8802893068,0,0,0,0,0,0,0.8802893068,0,0,"{""ambiguous_equal_source_timestamp_order"": 1511, ""ask_source_age_over_30s"": 35, ""future_source_timestamp_at_entry"": 1, ""insufficient_free_cash_for_cash_debit"": 1609, ""missing_official_outcome_or_resolution_time"": 1, ""no_native_book_snapshot"": 916, ""no_positive_net_expected_value"": 4781, ""no_priceable_native_ask_side"": 74}",post_upgrade_confirmed_fee_segment,fee=market_schedule_with_historical_collection_unit|ask_age<=30s|release=60s|exec=full_ladder_snapshot_upper_bound,fixed_5_usd,,market_schedule_with_historical_collection_unit,30,60,full_ladder_snapshot_upper_bound
2026-09,0.8802893068,0.8802893068,0.8802893068,0.8802893068,0,0,0,0,0,0,0.8802893068,0,0,"{""ambiguous_equal_source_timestamp_order"": 28, ""ask_source_age_over_30s"": 20, ""insufficient_free_cash_for_cash_debit"": 1605, ""native_ask_bbo_reconciliation_mismatch"": 6, ""no_positive_net_expected_value"": 6969, ""no_priceable_native_ask_side"": 11}",post_upgrade_confirmed_fee_segment,fee=market_schedule_with_historical_collection_unit|ask_age<=30s|release=60s|exec=full_ladder_snapshot_upper_bound,fixed_5_usd,,market_schedule_with_historical_collection_unit,30,60,full_ladder_snapshot_upper_bound
2026-10,0.8802893068,0.8802893068,0.8802893068,0.8802893068,0,0,0,0,0,0,0.8802893068,0,0,"{""ambiguous_equal_source_timestamp_order"": 1, ""future_source_timestamp_at_entry"": 2, ""insufficient_free_cash_for_cash_debit"": 469, ""no_positive_net_expected_value"": 1256}",post_upgrade_confirmed_fee_segment,fee=market_schedule_with_historical_collection_unit|ask_age<=30s|release=60s|exec=full_ladder_snapshot_upper_bound,fixed_5_usd,,market_schedule_with_historical_collection_unit,30,60,full_ladder_snapshot_upper_bound
2026-04,100,137.599275,100,137.599275,0,37.59927502,98,490,18.02835,0.232507932,94.82157,10,2,"{""ambiguous_equal_source_timestamp_order"": 71, ""ask_source_age_over_30s"": 1, ""native_ask_bbo_reconciliation_mismatch"": 40, ""no_positive_net_expected_value"": 310, ""no_priceable_native_ask_side"": 199}",post_upgrade_confirmed_fee_segment,fee=market_schedule_with_historical_collection_unit|ask_age<=30s|release=60s|exec=full_ladder_snapshot_upper_bound,free_cash_5pct_cap5,5,market_schedule_with_historical_collection_unit,30,60,full_ladder_snapshot_upper_bound
2026-05,137.599275,30.66049259,137.599275,30.66049259,0,-106.9387824,227,862.9994106,32.28588,0.7941517999,30.66049259,10,2,"{""ambiguous_equal_source_timestamp_order"": 1184, ""ask_source_age_over_30s"": 218, ""below_minimum_order_shares"": 2136, ""missing_official_outcome_or_resolution_time"": 10, ""native_ask_bbo_reconciliation_mismatch"": 426, ""no_native_book_snapshot"": 316, ""no_positive_net_expected_value"": 684, ""no_priceable_native_ask_side"": 3726}",post_upgrade_confirmed_fee_segment,fee=market_schedule_with_historical_collection_unit|ask_age<=30s|release=60s|exec=full_ladder_snapshot_upper_bound,free_cash_5pct_cap5,5,market_schedule_with_historical_collection_unit,30,60,full_ladder_snapshot_upper_bound
2026-06,30.66049259,30.66049259,30.66049259,30.66049259,0,0,0,0,0,0,30.66049259,0,0,"{""ambiguous_equal_source_timestamp_order"": 375, ""archive_gap_after_book_initialization"": 8, ""archive_hour_missing_at_entry"": 36, ""ask_source_age_over_30s"": 648, ""below_minimum_order_shares"": 2283, ""no_native_book_snapshot"": 5046, ""no_priceable_native_ask_side"": 238}",post_upgrade_confirmed_fee_segment,fee=market_schedule_with_historical_collection_unit|ask_age<=30s|release=60s|exec=full_ladder_snapshot_upper_bound,free_cash_5pct_cap5,5,market_schedule_with_historical_collection_unit,30,60,full_ladder_snapshot_upper_bound
2026-07,30.66049259,29.04161796,30.66049259,29.04161796,0,-1.618874629,1,1.533024629,0.08585,0.05014039412,29.04161796,1.533024629,1,"{""ambiguous_equal_source_timestamp_order"": 343, ""ask_source_age_over_30s"": 22, ""below_minimum_order_shares"": 5689, ""no_native_book_snapshot"": 2101, ""no_priceable_native_ask_side"": 771}",post_upgrade_confirmed_fee_segment,fee=market_schedule_with_historical_collection_unit|ask_age<=30s|release=60s|exec=full_ladder_snapshot_upper_bound,free_cash_5pct_cap5,5,market_schedule_with_historical_collection_unit,30,60,full_ladder_snapshot_upper_bound
2026-08,29.04161796,25.72860389,29.04161796,25.72860389,0,-3.313014068,7,10.41591714,0.54081,0.2366813228,25.72860389,1.685312089,1,"{""ambiguous_equal_source_timestamp_order"": 1511, ""ask_source_age_over_30s"": 35, ""below_minimum_order_shares"": 4932, ""future_source_timestamp_at_entry"": 1, ""missing_official_outcome_or_resolution_time"": 1, ""no_native_book_snapshot"": 916, ""no_priceable_native_ask_side"": 1525}",post_upgrade_confirmed_fee_segment,fee=market_schedule_with_historical_collection_unit|ask_age<=30s|release=60s|exec=full_ladder_snapshot_upper_bound,free_cash_5pct_cap5,5,market_schedule_with_historical_collection_unit,30,60,full_ladder_snapshot_upper_bound
2026-09,25.72860389,25.72860389,25.72860389,25.72860389,0,0,0,0,0,0,25.72860389,0,0,"{""ambiguous_equal_source_timestamp_order"": 28, ""ask_source_age_over_30s"": 20, ""below_minimum_order_shares"": 5365, ""native_ask_bbo_reconciliation_mismatch"": 6, ""no_priceable_native_ask_side"": 3220}",post_upgrade_confirmed_fee_segment,fee=market_schedule_with_historical_collection_unit|ask_age<=30s|release=60s|exec=full_ladder_snapshot_upper_bound,free_cash_5pct_cap5,5,market_schedule_with_historical_collection_unit,30,60,full_ladder_snapshot_upper_bound
2026-10,25.72860389,25.72860389,25.72860389,25.72860389,0,0,0,0,0,0,25.72860389,0,0,"{""ambiguous_equal_source_timestamp_order"": 1, ""below_minimum_order_shares"": 1720, ""future_source_timestamp_at_entry"": 2, ""no_priceable_native_ask_side"": 5}",post_upgrade_confirmed_fee_segment,fee=market_schedule_with_historical_collection_unit|ask_age<=30s|release=60s|exec=full_ladder_snapshot_upper_bound,free_cash_5pct_cap5,5,market_schedule_with_historical_collection_unit,30,60,full_ladder_snapshot_upper_bound
2026-04,100,139.6112957,100,139.6112957,8.881784197e-15,39.61129569,97,727.4537979,26.74268,0.3256986148,94.82157,17.67517698,2,"{""ambiguous_equal_source_timestamp_order"": 71, ""ask_source_age_over_30s"": 1, ""native_ask_bbo_reconciliation_mismatch"": 40, ""no_positive_net_expected_value"": 311, ""no_priceable_native_ask_side"": 199}",post_upgrade_confirmed_fee_segment,fee=market_schedule_with_historical_collection_unit|ask_age<=30s|release=60s|exec=full_ladder_snapshot_upper_bound,free_cash_5pct_cap10,10,market_schedule_with_historical_collection_unit,30,60,full_ladder_snapshot_upper_bound
2026-05,139.6112957,30.6534013,139.6112957,30.6534013,1.154631946e-14,-108.9578944,227,850.4823261,31.8119,0.7991803347,30.6534013,14.86758063,2,"{""ambiguous_equal_source_timestamp_order"": 1184, ""ask_source_age_over_30s"": 218, ""below_minimum_order_shares"": 2145, ""missing_official_outcome_or_resolution_time"": 10, ""native_ask_bbo_reconciliation_mismatch"": 426, ""no_native_book_snapshot"": 316, ""no_positive_net_expected_value"": 656, ""no_priceable_native_ask_side"": 3745}",post_upgrade_confirmed_fee_segment,fee=market_schedule_with_historical_collection_unit|ask_age<=30s|release=60s|exec=full_ladder_snapshot_upper_bound,free_cash_5pct_cap10,10,market_schedule_with_historical_collection_unit,30,60,full_ladder_snapshot_upper_bound
2026-06,30.6534013,30.6534013,30.6534013,30.6534013,1.154631946e-14,0,0,0,0,0,30.6534013,0,0,"{""ambiguous_equal_source_timestamp_order"": 375, ""archive_gap_after_book_initialization"": 8, ""archive_hour_missing_at_entry"": 36, ""ask_source_age_over_30s"": 648, ""below_minimum_order_shares"": 2283, ""no_native_book_snapshot"": 5046, ""no_priceable_native_ask_side"": 238}",post_upgrade_confirmed_fee_segment,fee=market_schedule_with_historical_collection_unit|ask_age<=30s|release=60s|exec=full_ladder_snapshot_upper_bound,free_cash_5pct_cap10,10,market_schedule_with_historical_collection_unit,30,60,full_ladder_snapshot_upper_bound
2026-07,30.6534013,29.03490124,30.6534013,29.03490124,1.154631946e-14,-1.618500065,1,1.532670065,0.08583,0.05014039388,29.03490124,1.532670065,1,"{""ambiguous_equal_source_timestamp_order"": 343, ""ask_source_age_over_30s"": 22, ""below_minimum_order_shares"": 5689, ""no_native_book_snapshot"": 2101, ""no_priceable_native_ask_side"": 771}",post_upgrade_confirmed_fee_segment,fee=market_schedule_with_historical_collection_unit|ask_age<=30s|release=60s|exec=full_ladder_snapshot_upper_bound,free_cash_5pct_cap10,10,market_schedule_with_historical_collection_unit,30,60,full_ladder_snapshot_upper_bound
2026-08,29.03490124,25.72264055,29.03490124,25.72264055,1.154631946e-14,-3.312260685,7,10.41350685,0.5407,0.2366816088,25.72264055,1.684922101,1,"{""ambiguous_equal_source_timestamp_order"": 1511, ""ask_source_age_over_30s"": 35, ""below_minimum_order_shares"": 4932, ""future_source_timestamp_at_entry"": 1, ""missing_official_outcome_or_resolution_time"": 1, ""no_native_book_snapshot"": 916, ""no_priceable_native_ask_side"": 1525}",post_upgrade_confirmed_fee_segment,fee=market_schedule_with_historical_collection_unit|ask_age<=30s|release=60s|exec=full_ladder_snapshot_upper_bound,free_cash_5pct_cap10,10,market_schedule_with_historical_collection_unit,30,60,full_ladder_snapshot_upper_bound
2026-09,25.72264055,25.72264055,25.72264055,25.72264055,1.154631946e-14,0,0,0,0,0,25.72264055,0,0,"{""ambiguous_equal_source_timestamp_order"": 28, ""ask_source_age_over_30s"": 20, ""below_minimum_order_shares"": 5365, ""native_ask_bbo_reconciliation_mismatch"": 6, ""no_priceable_native_ask_side"": 3220}",post_upgrade_confirmed_fee_segment,fee=market_schedule_with_historical_collection_unit|ask_age<=30s|release=60s|exec=full_ladder_snapshot_upper_bound,free_cash_5pct_cap10,10,market_schedule_with_historical_collection_unit,30,60,full_ladder_snapshot_upper_bound
2026-10,25.72264055,25.72264055,25.72264055,25.72264055,1.154631946e-14,0,0,0,0,0,25.72264055,1.154631946e-14,0,"{""ambiguous_equal_source_timestamp_order"": 1, ""below_minimum_order_shares"": 1720, ""future_source_timestamp_at_entry"": 2, ""no_priceable_native_ask_side"": 5}",post_upgrade_confirmed_fee_segment,fee=market_schedule_with_historical_collection_unit|ask_age<=30s|release=60s|exec=full_ladder_snapshot_upper_bound,free_cash_5pct_cap10,10,market_schedule_with_historical_collection_unit,30,60,full_ladder_snapshot_upper_bound
2026-04,100,139.6112957,100,139.6112957,8.881784197e-15,39.61129569,97,727.4537979,26.74268,0.3256986148,94.82157,17.67517698,2,"{""ambiguous_equal_source_timestamp_order"": 71, ""ask_source_age_over_30s"": 1, ""native_ask_bbo_reconciliation_mismatch"": 40, ""no_positive_net_expected_value"": 311, ""no_priceable_native_ask_side"": 199}",post_upgrade_confirmed_fee_segment,fee=market_schedule_with_historical_collection_unit|ask_age<=30s|release=60s|exec=full_ladder_snapshot_upper_bound,free_cash_5pct_cap15,15,market_schedule_with_historical_collection_unit,30,60,full_ladder_snapshot_upper_bound
2026-05,139.6112957,30.6534013,139.6112957,30.6534013,1.154631946e-14,-108.9578944,227,850.4823261,31.8119,0.7991803347,30.6534013,14.86758063,2,"{""ambiguous_equal_source_timestamp_order"": 1184, ""ask_source_age_over_30s"": 218, ""below_minimum_order_shares"": 2145, ""missing_official_outcome_or_resolution_time"": 10, ""native_ask_bbo_reconciliation_mismatch"": 426, ""no_native_book_snapshot"": 316, ""no_positive_net_expected_value"": 656, ""no_priceable_native_ask_side"": 3745}",post_upgrade_confirmed_fee_segment,fee=market_schedule_with_historical_collection_unit|ask_age<=30s|release=60s|exec=full_ladder_snapshot_upper_bound,free_cash_5pct_cap15,15,market_schedule_with_historical_collection_unit,30,60,full_ladder_snapshot_upper_bound
2026-06,30.6534013,30.6534013,30.6534013,30.6534013,1.154631946e-14,0,0,0,0,0,30.6534013,0,0,"{""ambiguous_equal_source_timestamp_order"": 375, ""archive_gap_after_book_initialization"": 8, ""archive_hour_missing_at_entry"": 36, ""ask_source_age_over_30s"": 648, ""below_minimum_order_shares"": 2283, ""no_native_book_snapshot"": 5046, ""no_priceable_native_ask_side"": 238}",post_upgrade_confirmed_fee_segment,fee=market_schedule_with_historical_collection_unit|ask_age<=30s|release=60s|exec=full_ladder_snapshot_upper_bound,free_cash_5pct_cap15,15,market_schedule_with_historical_collection_unit,30,60,full_ladder_snapshot_upper_bound
2026-07,30.6534013,29.03490124,30.6534013,29.03490124,1.154631946e-14,-1.618500065,1,1.532670065,0.08583,0.05014039388,29.03490124,1.532670065,1,"{""ambiguous_equal_source_timestamp_order"": 343, ""ask_source_age_over_30s"": 22, ""below_minimum_order_shares"": 5689, ""no_native_book_snapshot"": 2101, ""no_priceable_native_ask_side"": 771}",post_upgrade_confirmed_fee_segment,fee=market_schedule_with_historical_collection_unit|ask_age<=30s|release=60s|exec=full_ladder_snapshot_upper_bound,free_cash_5pct_cap15,15,market_schedule_with_historical_collection_unit,30,60,full_ladder_snapshot_upper_bound
2026-08,29.03490124,25.72264055,29.03490124,25.72264055,1.154631946e-14,-3.312260685,7,10.41350685,0.5407,0.2366816088,25.72264055,1.684922101,1,"{""ambiguous_equal_source_timestamp_order"": 1511, ""ask_source_age_over_30s"": 35, ""below_minimum_order_shares"": 4932, ""future_source_timestamp_at_entry"": 1, ""missing_official_outcome_or_resolution_time"": 1, ""no_native_book_snapshot"": 916, ""no_priceable_native_ask_side"": 1525}",post_upgrade_confirmed_fee_segment,fee=market_schedule_with_historical_collection_unit|ask_age<=30s|release=60s|exec=full_ladder_snapshot_upper_bound,free_cash_5pct_cap15,15,market_schedule_with_historical_collection_unit,30,60,full_ladder_snapshot_upper_bound
2026-09,25.72264055,25.72264055,25.72264055,25.72264055,1.154631946e-14,0,0,0,0,0,25.72264055,0,0,"{""ambiguous_equal_source_timestamp_order"": 28, ""ask_source_age_over_30s"": 20, ""below_minimum_order_shares"": 5365, ""native_ask_bbo_reconciliation_mismatch"": 6, ""no_priceable_native_ask_side"": 3220}",post_upgrade_confirmed_fee_segment,fee=market_schedule_with_historical_collection_unit|ask_age<=30s|release=60s|exec=full_ladder_snapshot_upper_bound,free_cash_5pct_cap15,15,market_schedule_with_historical_collection_unit,30,60,full_ladder_snapshot_upper_bound
2026-10,25.72264055,25.72264055,25.72264055,25.72264055,1.154631946e-14,0,0,0,0,0,25.72264055,1.154631946e-14,0,"{""ambiguous_equal_source_timestamp_order"": 1, ""below_minimum_order_shares"": 1720, ""future_source_timestamp_at_entry"": 2, ""no_priceable_native_ask_side"": 5}",post_upgrade_confirmed_fee_segment,fee=market_schedule_with_historical_collection_unit|ask_age<=30s|release=60s|exec=full_ladder_snapshot_upper_bound,free_cash_5pct_cap15,15,market_schedule_with_historical_collection_unit,30,60,full_ladder_snapshot_upper_bound
2026-04,100,139.6112957,100,139.6112957,8.881784197e-15,39.61129569,97,727.4537979,26.74268,0.3256986148,94.82157,17.67517698,2,"{""ambiguous_equal_source_timestamp_order"": 71, ""ask_source_age_over_30s"": 1, ""native_ask_bbo_reconciliation_mismatch"": 40, ""no_positive_net_expected_value"": 311, ""no_priceable_native_ask_side"": 199}",post_upgrade_confirmed_fee_segment,fee=market_schedule_with_historical_collection_unit|ask_age<=30s|release=60s|exec=full_ladder_snapshot_upper_bound,free_cash_5pct_cap20,20,market_schedule_with_historical_collection_unit,30,60,full_ladder_snapshot_upper_bound
2026-05,139.6112957,30.6534013,139.6112957,30.6534013,1.154631946e-14,-108.9578944,227,850.4823261,31.8119,0.7991803347,30.6534013,14.86758063,2,"{""ambiguous_equal_source_timestamp_order"": 1184, ""ask_source_age_over_30s"": 218, ""below_minimum_order_shares"": 2145, ""missing_official_outcome_or_resolution_time"": 10, ""native_ask_bbo_reconciliation_mismatch"": 426, ""no_native_book_snapshot"": 316, ""no_positive_net_expected_value"": 656, ""no_priceable_native_ask_side"": 3745}",post_upgrade_confirmed_fee_segment,fee=market_schedule_with_historical_collection_unit|ask_age<=30s|release=60s|exec=full_ladder_snapshot_upper_bound,free_cash_5pct_cap20,20,market_schedule_with_historical_collection_unit,30,60,full_ladder_snapshot_upper_bound
2026-06,30.6534013,30.6534013,30.6534013,30.6534013,1.154631946e-14,0,0,0,0,0,30.6534013,0,0,"{""ambiguous_equal_source_timestamp_order"": 375, ""archive_gap_after_book_initialization"": 8, ""archive_hour_missing_at_entry"": 36, ""ask_source_age_over_30s"": 648, ""below_minimum_order_shares"": 2283, ""no_native_book_snapshot"": 5046, ""no_priceable_native_ask_side"": 238}",post_upgrade_confirmed_fee_segment,fee=market_schedule_with_historical_collection_unit|ask_age<=30s|release=60s|exec=full_ladder_snapshot_upper_bound,free_cash_5pct_cap20,20,market_schedule_with_historical_collection_unit,30,60,full_ladder_snapshot_upper_bound
2026-07,30.6534013,29.03490124,30.6534013,29.03490124,1.154631946e-14,-1.618500065,1,1.532670065,0.08583,0.05014039388,29.03490124,1.532670065,1,"{""ambiguous_equal_source_timestamp_order"": 343, ""ask_source_age_over_30s"": 22, ""below_minimum_order_shares"": 5689, ""no_native_book_snapshot"": 2101, ""no_priceable_native_ask_side"": 771}",post_upgrade_confirmed_fee_segment,fee=market_schedule_with_historical_collection_unit|ask_age<=30s|release=60s|exec=full_ladder_snapshot_upper_bound,free_cash_5pct_cap20,20,market_schedule_with_historical_collection_unit,30,60,full_ladder_snapshot_upper_bound
2026-08,29.03490124,25.72264055,29.03490124,25.72264055,1.154631946e-14,-3.312260685,7,10.41350685,0.5407,0.2366816088,25.72264055,1.684922101,1,"{""ambiguous_equal_source_timestamp_order"": 1511, ""ask_source_age_over_30s"": 35, ""below_minimum_order_shares"": 4932, ""future_source_timestamp_at_entry"": 1, ""missing_official_outcome_or_resolution_time"": 1, ""no_native_book_snapshot"": 916, ""no_priceable_native_ask_side"": 1525}",post_upgrade_confirmed_fee_segment,fee=market_schedule_with_historical_collection_unit|ask_age<=30s|release=60s|exec=full_ladder_snapshot_upper_bound,free_cash_5pct_cap20,20,market_schedule_with_historical_collection_unit,30,60,full_ladder_snapshot_upper_bound
2026-09,25.72264055,25.72264055,25.72264055,25.72264055,1.154631946e-14,0,0,0,0,0,25.72264055,0,0,"{""ambiguous_equal_source_timestamp_order"": 28, ""ask_source_age_over_30s"": 20, ""below_minimum_order_shares"": 5365, ""native_ask_bbo_reconciliation_mismatch"": 6, ""no_priceable_native_ask_side"": 3220}",post_upgrade_confirmed_fee_segment,fee=market_schedule_with_historical_collection_unit|ask_age<=30s|release=60s|exec=full_ladder_snapshot_upper_bound,free_cash_5pct_cap20,20,market_schedule_with_historical_collection_unit,30,60,full_ladder_snapshot_upper_bound
2026-10,25.72264055,25.72264055,25.72264055,25.72264055,1.154631946e-14,0,0,0,0,0,25.72264055,1.154631946e-14,0,"{""ambiguous_equal_source_timestamp_order"": 1, ""below_minimum_order_shares"": 1720, ""future_source_timestamp_at_entry"": 2, ""no_priceable_native_ask_side"": 5}",post_upgrade_confirmed_fee_segment,fee=market_schedule_with_historical_collection_unit|ask_age<=30s|release=60s|exec=full_ladder_snapshot_upper_bound,free_cash_5pct_cap20,20,market_schedule_with_historical_collection_unit,30,60,full_ladder_snapshot_upper_bound
2026-04,100,139.6112957,100,139.6112957,8.881784197e-15,39.61129569,97,727.4537979,26.74268,0.3256986148,94.82157,17.67517698,2,"{""ambiguous_equal_source_timestamp_order"": 71, ""ask_source_age_over_30s"": 1, ""native_ask_bbo_reconciliation_mismatch"": 40, ""no_positive_net_expected_value"": 311, ""no_priceable_native_ask_side"": 199}",post_upgrade_confirmed_fee_segment,fee=market_schedule_with_historical_collection_unit|ask_age<=30s|release=60s|exec=full_ladder_snapshot_upper_bound,free_cash_5pct_cap30,30,market_schedule_with_historical_collection_unit,30,60,full_ladder_snapshot_upper_bound
2026-05,139.6112957,30.6534013,139.6112957,30.6534013,1.154631946e-14,-108.9578944,227,850.4823261,31.8119,0.7991803347,30.6534013,14.86758063,2,"{""ambiguous_equal_source_timestamp_order"": 1184, ""ask_source_age_over_30s"": 218, ""below_minimum_order_shares"": 2145, ""missing_official_outcome_or_resolution_time"": 10, ""native_ask_bbo_reconciliation_mismatch"": 426, ""no_native_book_snapshot"": 316, ""no_positive_net_expected_value"": 656, ""no_priceable_native_ask_side"": 3745}",post_upgrade_confirmed_fee_segment,fee=market_schedule_with_historical_collection_unit|ask_age<=30s|release=60s|exec=full_ladder_snapshot_upper_bound,free_cash_5pct_cap30,30,market_schedule_with_historical_collection_unit,30,60,full_ladder_snapshot_upper_bound
2026-06,30.6534013,30.6534013,30.6534013,30.6534013,1.154631946e-14,0,0,0,0,0,30.6534013,0,0,"{""ambiguous_equal_source_timestamp_order"": 375, ""archive_gap_after_book_initialization"": 8, ""archive_hour_missing_at_entry"": 36, ""ask_source_age_over_30s"": 648, ""below_minimum_order_shares"": 2283, ""no_native_book_snapshot"": 5046, ""no_priceable_native_ask_side"": 238}",post_upgrade_confirmed_fee_segment,fee=market_schedule_with_historical_collection_unit|ask_age<=30s|release=60s|exec=full_ladder_snapshot_upper_bound,free_cash_5pct_cap30,30,market_schedule_with_historical_collection_unit,30,60,full_ladder_snapshot_upper_bound
2026-07,30.6534013,29.03490124,30.6534013,29.03490124,1.154631946e-14,-1.618500065,1,1.532670065,0.08583,0.05014039388,29.03490124,1.532670065,1,"{""ambiguous_equal_source_timestamp_order"": 343, ""ask_source_age_over_30s"": 22, ""below_minimum_order_shares"": 5689, ""no_native_book_snapshot"": 2101, ""no_priceable_native_ask_side"": 771}",post_upgrade_confirmed_fee_segment,fee=market_schedule_with_historical_collection_unit|ask_age<=30s|release=60s|exec=full_ladder_snapshot_upper_bound,free_cash_5pct_cap30,30,market_schedule_with_historical_collection_unit,30,60,full_ladder_snapshot_upper_bound
2026-08,29.03490124,25.72264055,29.03490124,25.72264055,1.154631946e-14,-3.312260685,7,10.41350685,0.5407,0.2366816088,25.72264055,1.684922101,1,"{""ambiguous_equal_source_timestamp_order"": 1511, ""ask_source_age_over_30s"": 35, ""below_minimum_order_shares"": 4932, ""future_source_timestamp_at_entry"": 1, ""missing_official_outcome_or_resolution_time"": 1, ""no_native_book_snapshot"": 916, ""no_priceable_native_ask_side"": 1525}",post_upgrade_confirmed_fee_segment,fee=market_schedule_with_historical_collection_unit|ask_age<=30s|release=60s|exec=full_ladder_snapshot_upper_bound,free_cash_5pct_cap30,30,market_schedule_with_historical_collection_unit,30,60,full_ladder_snapshot_upper_bound
2026-09,25.72264055,25.72264055,25.72264055,25.72264055,1.154631946e-14,0,0,0,0,0,25.72264055,0,0,"{""ambiguous_equal_source_timestamp_order"": 28, ""ask_source_age_over_30s"": 20, ""below_minimum_order_shares"": 5365, ""native_ask_bbo_reconciliation_mismatch"": 6, ""no_priceable_native_ask_side"": 3220}",post_upgrade_confirmed_fee_segment,fee=market_schedule_with_historical_collection_unit|ask_age<=30s|release=60s|exec=full_ladder_snapshot_upper_bound,free_cash_5pct_cap30,30,market_schedule_with_historical_collection_unit,30,60,full_ladder_snapshot_upper_bound
2026-10,25.72264055,25.72264055,25.72264055,25.72264055,1.154631946e-14,0,0,0,0,0,25.72264055,1.154631946e-14,0,"{""ambiguous_equal_source_timestamp_order"": 1, ""below_minimum_order_shares"": 1720, ""future_source_timestamp_at_entry"": 2, ""no_priceable_native_ask_side"": 5}",post_upgrade_confirmed_fee_segment,fee=market_schedule_with_historical_collection_unit|ask_age<=30s|release=60s|exec=full_ladder_snapshot_upper_bound,free_cash_5pct_cap30,30,market_schedule_with_historical_collection_unit,30,60,full_ladder_snapshot_upper_bound
2026-04,100,139.6112957,100,139.6112957,8.881784197e-15,39.61129569,97,727.4537979,26.74268,0.3256986148,94.82157,17.67517698,2,"{""ambiguous_equal_source_timestamp_order"": 71, ""ask_source_age_over_30s"": 1, ""native_ask_bbo_reconciliation_mismatch"": 40, ""no_positive_net_expected_value"": 311, ""no_priceable_native_ask_side"": 199}",post_upgrade_confirmed_fee_segment,fee=market_schedule_with_historical_collection_unit|ask_age<=30s|release=60s|exec=full_ladder_snapshot_upper_bound,free_cash_5pct_cap50,50,market_schedule_with_historical_collection_unit,30,60,full_ladder_snapshot_upper_bound
2026-05,139.6112957,30.6534013,139.6112957,30.6534013,1.154631946e-14,-108.9578944,227,850.4823261,31.8119,0.7991803347,30.6534013,14.86758063,2,"{""ambiguous_equal_source_timestamp_order"": 1184, ""ask_source_age_over_30s"": 218, ""below_minimum_order_shares"": 2145, ""missing_official_outcome_or_resolution_time"": 10, ""native_ask_bbo_reconciliation_mismatch"": 426, ""no_native_book_snapshot"": 316, ""no_positive_net_expected_value"": 656, ""no_priceable_native_ask_side"": 3745}",post_upgrade_confirmed_fee_segment,fee=market_schedule_with_historical_collection_unit|ask_age<=30s|release=60s|exec=full_ladder_snapshot_upper_bound,free_cash_5pct_cap50,50,market_schedule_with_historical_collection_unit,30,60,full_ladder_snapshot_upper_bound
2026-06,30.6534013,30.6534013,30.6534013,30.6534013,1.154631946e-14,0,0,0,0,0,30.6534013,0,0,"{""ambiguous_equal_source_timestamp_order"": 375, ""archive_gap_after_book_initialization"": 8, ""archive_hour_missing_at_entry"": 36, ""ask_source_age_over_30s"": 648, ""below_minimum_order_shares"": 2283, ""no_native_book_snapshot"": 5046, ""no_priceable_native_ask_side"": 238}",post_upgrade_confirmed_fee_segment,fee=market_schedule_with_historical_collection_unit|ask_age<=30s|release=60s|exec=full_ladder_snapshot_upper_bound,free_cash_5pct_cap50,50,market_schedule_with_historical_collection_unit,30,60,full_ladder_snapshot_upper_bound
2026-07,30.6534013,29.03490124,30.6534013,29.03490124,1.154631946e-14,-1.618500065,1,1.532670065,0.08583,0.05014039388,29.03490124,1.532670065,1,"{""ambiguous_equal_source_timestamp_order"": 343, ""ask_source_age_over_30s"": 22, ""below_minimum_order_shares"": 5689, ""no_native_book_snapshot"": 2101, ""no_priceable_native_ask_side"": 771}",post_upgrade_confirmed_fee_segment,fee=market_schedule_with_historical_collection_unit|ask_age<=30s|release=60s|exec=full_ladder_snapshot_upper_bound,free_cash_5pct_cap50,50,market_schedule_with_historical_collection_unit,30,60,full_ladder_snapshot_upper_bound
2026-08,29.03490124,25.72264055,29.03490124,25.72264055,1.154631946e-14,-3.312260685,7,10.41350685,0.5407,0.2366816088,25.72264055,1.684922101,1,"{""ambiguous_equal_source_timestamp_order"": 1511, ""ask_source_age_over_30s"": 35, ""below_minimum_order_shares"": 4932, ""future_source_timestamp_at_entry"": 1, ""missing_official_outcome_or_resolution_time"": 1, ""no_native_book_snapshot"": 916, ""no_priceable_native_ask_side"": 1525}",post_upgrade_confirmed_fee_segment,fee=market_schedule_with_historical_collection_unit|ask_age<=30s|release=60s|exec=full_ladder_snapshot_upper_bound,free_cash_5pct_cap50,50,market_schedule_with_historical_collection_unit,30,60,full_ladder_snapshot_upper_bound
2026-09,25.72264055,25.72264055,25.72264055,25.72264055,1.154631946e-14,0,0,0,0,0,25.72264055,0,0,"{""ambiguous_equal_source_timestamp_order"": 28, ""ask_source_age_over_30s"": 20, ""below_minimum_order_shares"": 5365, ""native_ask_bbo_reconciliation_mismatch"": 6, ""no_priceable_native_ask_side"": 3220}",post_upgrade_confirmed_fee_segment,fee=market_schedule_with_historical_collection_unit|ask_age<=30s|release=60s|exec=full_ladder_snapshot_upper_bound,free_cash_5pct_cap50,50,market_schedule_with_historical_collection_unit,30,60,full_ladder_snapshot_upper_bound
2026-10,25.72264055,25.72264055,25.72264055,25.72264055,1.154631946e-14,0,0,0,0,0,25.72264055,1.154631946e-14,0,"{""ambiguous_equal_source_timestamp_order"": 1, ""below_minimum_order_shares"": 1720, ""future_source_timestamp_at_entry"": 2, ""no_priceable_native_ask_side"": 5}",post_upgrade_confirmed_fee_segment,fee=market_schedule_with_historical_collection_unit|ask_age<=30s|release=60s|exec=full_ladder_snapshot_upper_bound,free_cash_5pct_cap50,50,market_schedule_with_historical_collection_unit,30,60,full_ladder_snapshot_upper_bound
2026-04,100,139.6112957,100,139.6112957,8.881784197e-15,39.61129569,97,727.4537979,26.74268,0.3256986148,94.82157,17.67517698,2,"{""ambiguous_equal_source_timestamp_order"": 71, ""ask_source_age_over_30s"": 1, ""native_ask_bbo_reconciliation_mismatch"": 40, ""no_positive_net_expected_value"": 311, ""no_priceable_native_ask_side"": 199}",post_upgrade_confirmed_fee_segment,fee=market_schedule_with_historical_collection_unit|ask_age<=30s|release=60s|exec=full_ladder_snapshot_upper_bound,free_cash_5pct_cap75,75,market_schedule_with_historical_collection_unit,30,60,full_ladder_snapshot_upper_bound
2026-05,139.6112957,30.6534013,139.6112957,30.6534013,1.154631946e-14,-108.9578944,227,850.4823261,31.8119,0.7991803347,30.6534013,14.86758063,2,"{""ambiguous_equal_source_timestamp_order"": 1184, ""ask_source_age_over_30s"": 218, ""below_minimum_order_shares"": 2145, ""missing_official_outcome_or_resolution_time"": 10, ""native_ask_bbo_reconciliation_mismatch"": 426, ""no_native_book_snapshot"": 316, ""no_positive_net_expected_value"": 656, ""no_priceable_native_ask_side"": 3745}",post_upgrade_confirmed_fee_segment,fee=market_schedule_with_historical_collection_unit|ask_age<=30s|release=60s|exec=full_ladder_snapshot_upper_bound,free_cash_5pct_cap75,75,market_schedule_with_historical_collection_unit,30,60,full_ladder_snapshot_upper_bound
2026-06,30.6534013,30.6534013,30.6534013,30.6534013,1.154631946e-14,0,0,0,0,0,30.6534013,0,0,"{""ambiguous_equal_source_timestamp_order"": 375, ""archive_gap_after_book_initialization"": 8, ""archive_hour_missing_at_entry"": 36, ""ask_source_age_over_30s"": 648, ""below_minimum_order_shares"": 2283, ""no_native_book_snapshot"": 5046, ""no_priceable_native_ask_side"": 238}",post_upgrade_confirmed_fee_segment,fee=market_schedule_with_historical_collection_unit|ask_age<=30s|release=60s|exec=full_ladder_snapshot_upper_bound,free_cash_5pct_cap75,75,market_schedule_with_historical_collection_unit,30,60,full_ladder_snapshot_upper_bound
2026-07,30.6534013,29.03490124,30.6534013,29.03490124,1.154631946e-14,-1.618500065,1,1.532670065,0.08583,0.05014039388,29.03490124,1.532670065,1,"{""ambiguous_equal_source_timestamp_order"": 343, ""ask_source_age_over_30s"": 22, ""below_minimum_order_shares"": 5689, ""no_native_book_snapshot"": 2101, ""no_priceable_native_ask_side"": 771}",post_upgrade_confirmed_fee_segment,fee=market_schedule_with_historical_collection_unit|ask_age<=30s|release=60s|exec=full_ladder_snapshot_upper_bound,free_cash_5pct_cap75,75,market_schedule_with_historical_collection_unit,30,60,full_ladder_snapshot_upper_bound
2026-08,29.03490124,25.72264055,29.03490124,25.72264055,1.154631946e-14,-3.312260685,7,10.41350685,0.5407,0.2366816088,25.72264055,1.684922101,1,"{""ambiguous_equal_source_timestamp_order"": 1511, ""ask_source_age_over_30s"": 35, ""below_minimum_order_shares"": 4932, ""future_source_timestamp_at_entry"": 1, ""missing_official_outcome_or_resolution_time"": 1, ""no_native_book_snapshot"": 916, ""no_priceable_native_ask_side"": 1525}",post_upgrade_confirmed_fee_segment,fee=market_schedule_with_historical_collection_unit|ask_age<=30s|release=60s|exec=full_ladder_snapshot_upper_bound,free_cash_5pct_cap75,75,market_schedule_with_historical_collection_unit,30,60,full_ladder_snapshot_upper_bound
2026-09,25.72264055,25.72264055,25.72264055,25.72264055,1.154631946e-14,0,0,0,0,0,25.72264055,0,0,"{""ambiguous_equal_source_timestamp_order"": 28, ""ask_source_age_over_30s"": 20, ""below_minimum_order_shares"": 5365, ""native_ask_bbo_reconciliation_mismatch"": 6, ""no_priceable_native_ask_side"": 3220}",post_upgrade_confirmed_fee_segment,fee=market_schedule_with_historical_collection_unit|ask_age<=30s|release=60s|exec=full_ladder_snapshot_upper_bound,free_cash_5pct_cap75,75,market_schedule_with_historical_collection_unit,30,60,full_ladder_snapshot_upper_bound
2026-10,25.72264055,25.72264055,25.72264055,25.72264055,1.154631946e-14,0,0,0,0,0,25.72264055,1.154631946e-14,0,"{""ambiguous_equal_source_timestamp_order"": 1, ""below_minimum_order_shares"": 1720, ""future_source_timestamp_at_entry"": 2, ""no_priceable_native_ask_side"": 5}",post_upgrade_confirmed_fee_segment,fee=market_schedule_with_historical_collection_unit|ask_age<=30s|release=60s|exec=full_ladder_snapshot_upper_bound,free_cash_5pct_cap75,75,market_schedule_with_historical_collection_unit,30,60,full_ladder_snapshot_upper_bound
2026-04,100,139.6112957,100,139.6112957,8.881784197e-15,39.61129569,97,727.4537979,26.74268,0.3256986148,94.82157,17.67517698,2,"{""ambiguous_equal_source_timestamp_order"": 71, ""ask_source_age_over_30s"": 1, ""native_ask_bbo_reconciliation_mismatch"": 40, ""no_positive_net_expected_value"": 311, ""no_priceable_native_ask_side"": 199}",post_upgrade_confirmed_fee_segment,fee=market_schedule_with_historical_collection_unit|ask_age<=30s|release=60s|exec=full_ladder_snapshot_upper_bound,free_cash_5pct_cap100,100,market_schedule_with_historical_collection_unit,30,60,full_ladder_snapshot_upper_bound
2026-05,139.6112957,30.6534013,139.6112957,30.6534013,1.154631946e-14,-108.9578944,227,850.4823261,31.8119,0.7991803347,30.6534013,14.86758063,2,"{""ambiguous_equal_source_timestamp_order"": 1184, ""ask_source_age_over_30s"": 218, ""below_minimum_order_shares"": 2145, ""missing_official_outcome_or_resolution_time"": 10, ""native_ask_bbo_reconciliation_mismatch"": 426, ""no_native_book_snapshot"": 316, ""no_positive_net_expected_value"": 656, ""no_priceable_native_ask_side"": 3745}",post_upgrade_confirmed_fee_segment,fee=market_schedule_with_historical_collection_unit|ask_age<=30s|release=60s|exec=full_ladder_snapshot_upper_bound,free_cash_5pct_cap100,100,market_schedule_with_historical_collection_unit,30,60,full_ladder_snapshot_upper_bound
2026-06,30.6534013,30.6534013,30.6534013,30.6534013,1.154631946e-14,0,0,0,0,0,30.6534013,0,0,"{""ambiguous_equal_source_timestamp_order"": 375, ""archive_gap_after_book_initialization"": 8, ""archive_hour_missing_at_entry"": 36, ""ask_source_age_over_30s"": 648, ""below_minimum_order_shares"": 2283, ""no_native_book_snapshot"": 5046, ""no_priceable_native_ask_side"": 238}",post_upgrade_confirmed_fee_segment,fee=market_schedule_with_historical_collection_unit|ask_age<=30s|release=60s|exec=full_ladder_snapshot_upper_bound,free_cash_5pct_cap100,100,market_schedule_with_historical_collection_unit,30,60,full_ladder_snapshot_upper_bound
2026-07,30.6534013,29.03490124,30.6534013,29.03490124,1.154631946e-14,-1.618500065,1,1.532670065,0.08583,0.05014039388,29.03490124,1.532670065,1,"{""ambiguous_equal_source_timestamp_order"": 343, ""ask_source_age_over_30s"": 22, ""below_minimum_order_shares"": 5689, ""no_native_book_snapshot"": 2101, ""no_priceable_native_ask_side"": 771}",post_upgrade_confirmed_fee_segment,fee=market_schedule_with_historical_collection_unit|ask_age<=30s|release=60s|exec=full_ladder_snapshot_upper_bound,free_cash_5pct_cap100,100,market_schedule_with_historical_collection_unit,30,60,full_ladder_snapshot_upper_bound
2026-08,29.03490124,25.72264055,29.03490124,25.72264055,1.154631946e-14,-3.312260685,7,10.41350685,0.5407,0.2366816088,25.72264055,1.684922101,1,"{""ambiguous_equal_source_timestamp_order"": 1511, ""ask_source_age_over_30s"": 35, ""below_minimum_order_shares"": 4932, ""future_source_timestamp_at_entry"": 1, ""missing_official_outcome_or_resolution_time"": 1, ""no_native_book_snapshot"": 916, ""no_priceable_native_ask_side"": 1525}",post_upgrade_confirmed_fee_segment,fee=market_schedule_with_historical_collection_unit|ask_age<=30s|release=60s|exec=full_ladder_snapshot_upper_bound,free_cash_5pct_cap100,100,market_schedule_with_historical_collection_unit,30,60,full_ladder_snapshot_upper_bound
2026-09,25.72264055,25.72264055,25.72264055,25.72264055,1.154631946e-14,0,0,0,0,0,25.72264055,0,0,"{""ambiguous_equal_source_timestamp_order"": 28, ""ask_source_age_over_30s"": 20, ""below_minimum_order_shares"": 5365, ""native_ask_bbo_reconciliation_mismatch"": 6, ""no_priceable_native_ask_side"": 3220}",post_upgrade_confirmed_fee_segment,fee=market_schedule_with_historical_collection_unit|ask_age<=30s|release=60s|exec=full_ladder_snapshot_upper_bound,free_cash_5pct_cap100,100,market_schedule_with_historical_collection_unit,30,60,full_ladder_snapshot_upper_bound
2026-10,25.72264055,25.72264055,25.72264055,25.72264055,1.154631946e-14,0,0,0,0,0,25.72264055,1.154631946e-14,0,"{""ambiguous_equal_source_timestamp_order"": 1, ""below_minimum_order_shares"": 1720, ""future_source_timestamp_at_entry"": 2, ""no_priceable_native_ask_side"": 5}",post_upgrade_confirmed_fee_segment,fee=market_schedule_with_historical_collection_unit|ask_age<=30s|release=60s|exec=full_ladder_snapshot_upper_bound,free_cash_5pct_cap100,100,market_schedule_with_historical_collection_unit,30,60,full_ladder_snapshot_upper_bound
2026-04,100,139.6112957,100,139.6112957,8.881784197e-15,39.61129569,97,727.4537979,26.74268,0.3256986148,94.82157,17.67517698,2,"{""ambiguous_equal_source_timestamp_order"": 71, ""ask_source_age_over_30s"": 1, ""native_ask_bbo_reconciliation_mismatch"": 40, ""no_positive_net_expected_value"": 311, ""no_priceable_native_ask_side"": 199}",post_upgrade_confirmed_fee_segment,fee=market_schedule_with_historical_collection_unit|ask_age<=30s|release=60s|exec=full_ladder_snapshot_upper_bound,free_cash_5pct_cap_none,,market_schedule_with_historical_collection_unit,30,60,full_ladder_snapshot_upper_bound
2026-05,139.6112957,30.6534013,139.6112957,30.6534013,1.154631946e-14,-108.9578944,227,850.4823261,31.8119,0.7991803347,30.6534013,14.86758063,2,"{""ambiguous_equal_source_timestamp_order"": 1184, ""ask_source_age_over_30s"": 218, ""below_minimum_order_shares"": 2145, ""missing_official_outcome_or_resolution_time"": 10, ""native_ask_bbo_reconciliation_mismatch"": 426, ""no_native_book_snapshot"": 316, ""no_positive_net_expected_value"": 656, ""no_priceable_native_ask_side"": 3745}",post_upgrade_confirmed_fee_segment,fee=market_schedule_with_historical_collection_unit|ask_age<=30s|release=60s|exec=full_ladder_snapshot_upper_bound,free_cash_5pct_cap_none,,market_schedule_with_historical_collection_unit,30,60,full_ladder_snapshot_upper_bound
2026-06,30.6534013,30.6534013,30.6534013,30.6534013,1.154631946e-14,0,0,0,0,0,30.6534013,0,0,"{""ambiguous_equal_source_timestamp_order"": 375, ""archive_gap_after_book_initialization"": 8, ""archive_hour_missing_at_entry"": 36, ""ask_source_age_over_30s"": 648, ""below_minimum_order_shares"": 2283, ""no_native_book_snapshot"": 5046, ""no_priceable_native_ask_side"": 238}",post_upgrade_confirmed_fee_segment,fee=market_schedule_with_historical_collection_unit|ask_age<=30s|release=60s|exec=full_ladder_snapshot_upper_bound,free_cash_5pct_cap_none,,market_schedule_with_historical_collection_unit,30,60,full_ladder_snapshot_upper_bound
2026-07,30.6534013,29.03490124,30.6534013,29.03490124,1.154631946e-14,-1.618500065,1,1.532670065,0.08583,0.05014039388,29.03490124,1.532670065,1,"{""ambiguous_equal_source_timestamp_order"": 343, ""ask_source_age_over_30s"": 22, ""below_minimum_order_shares"": 5689, ""no_native_book_snapshot"": 2101, ""no_priceable_native_ask_side"": 771}",post_upgrade_confirmed_fee_segment,fee=market_schedule_with_historical_collection_unit|ask_age<=30s|release=60s|exec=full_ladder_snapshot_upper_bound,free_cash_5pct_cap_none,,market_schedule_with_historical_collection_unit,30,60,full_ladder_snapshot_upper_bound
2026-08,29.03490124,25.72264055,29.03490124,25.72264055,1.154631946e-14,-3.312260685,7,10.41350685,0.5407,0.2366816088,25.72264055,1.684922101,1,"{""ambiguous_equal_source_timestamp_order"": 1511, ""ask_source_age_over_30s"": 35, ""below_minimum_order_shares"": 4932, ""future_source_timestamp_at_entry"": 1, ""missing_official_outcome_or_resolution_time"": 1, ""no_native_book_snapshot"": 916, ""no_priceable_native_ask_side"": 1525}",post_upgrade_confirmed_fee_segment,fee=market_schedule_with_historical_collection_unit|ask_age<=30s|release=60s|exec=full_ladder_snapshot_upper_bound,free_cash_5pct_cap_none,,market_schedule_with_historical_collection_unit,30,60,full_ladder_snapshot_upper_bound
2026-09,25.72264055,25.72264055,25.72264055,25.72264055,1.154631946e-14,0,0,0,0,0,25.72264055,0,0,"{""ambiguous_equal_source_timestamp_order"": 28, ""ask_source_age_over_30s"": 20, ""below_minimum_order_shares"": 5365, ""native_ask_bbo_reconciliation_mismatch"": 6, ""no_priceable_native_ask_side"": 3220}",post_upgrade_confirmed_fee_segment,fee=market_schedule_with_historical_collection_unit|ask_age<=30s|release=60s|exec=full_ladder_snapshot_upper_bound,free_cash_5pct_cap_none,,market_schedule_with_historical_collection_unit,30,60,full_ladder_snapshot_upper_bound
2026-10,25.72264055,25.72264055,25.72264055,25.72264055,1.154631946e-14,0,0,0,0,0,25.72264055,1.154631946e-14,0,"{""ambiguous_equal_source_timestamp_order"": 1, ""below_minimum_order_shares"": 1720, ""future_source_timestamp_at_entry"": 2, ""no_priceable_native_ask_side"": 5}",post_upgrade_confirmed_fee_segment,fee=market_schedule_with_historical_collection_unit|ask_age<=30s|release=60s|exec=full_ladder_snapshot_upper_bound,free_cash_5pct_cap_none,,market_schedule_with_historical_collection_unit,30,60,full_ladder_snapshot_upper_bound
