month_utc,opening_cost_basis_equity_usd,closing_cost_basis_equity_usd,opening_free_cash_usd,closing_free_cash_usd,closing_locked_cost_basis_usd,net_pnl_usd,entry_count,gross_turnover_usd,fees_paid_estimated_usd,monthly_max_drawdown_cost_basis_equity,minimum_free_cash_usd,maximum_cost_basis_exposure_usd,maximum_concurrent_positions,skip_reasons,scenario_id,sizing_id,policy,cap_usd,minimum_net_return,fee_rate_transition_utc,walk_forward_selected,period_role
2026-04,100.0,85.19182670377388,100.0,85.19182670377388,0.0,-14.808173296226116,526,2630.0,99.18423978000011,0.7254807724431132,53.30196828740439,10.0,2,"{""ambiguous_equal_source_timestamp_order"": 587, ""ask_source_age_over_1s"": 5, ""exchange_maintenance_pause"": 1, ""native_ask_bbo_reconciliation_mismatch"": 234, ""no_positive_net_expected_value"": 2071, ""no_priceable_native_ask_side"": 977}",fixed_5_usd|edge=0.0000|cap=none,fixed_5_usd,fixed_5_usd,,0.0,2026-05-06T00:00:00Z,False,training
2026-05,85.19182670377388,0.4251786215566318,85.19182670377388,0.4251786215566318,0.0,-84.76664808221726,157,785.0,29.97670999999999,0.9958172193096697,0.4251786215566318,10.0,2,"{""ambiguous_equal_source_timestamp_order"": 1184, ""ask_source_age_over_1s"": 339, ""insufficient_free_cash_for_cash_debit"": 1086, ""missing_official_outcome_or_resolution_time"": 10, ""native_ask_bbo_reconciliation_mismatch"": 410, ""no_native_book_snapshot"": 316, ""no_positive_net_expected_value"": 4043, ""no_priceable_native_ask_side"": 1382}",fixed_5_usd|edge=0.0000|cap=none,fixed_5_usd,fixed_5_usd,,0.0,2026-05-06T00:00:00Z,False,training
2026-06,0.4251786215566318,0.4251786215566318,0.4251786215566318,0.4251786215566318,0.0,0.0,0,0.0,0.0,0.0,0.4251786215566318,0.0,0,"{""ambiguous_equal_source_timestamp_order"": 375, ""archive_gap_after_book_initialization"": 8, ""archive_hour_missing_at_entry"": 36, ""ask_source_age_over_1s"": 1034, ""insufficient_free_cash_for_cash_debit"": 535, ""no_native_book_snapshot"": 5046, ""no_positive_net_expected_value"": 1505, ""no_priceable_native_ask_side"": 95}",fixed_5_usd|edge=0.0000|cap=none,fixed_5_usd,fixed_5_usd,,0.0,2026-05-06T00:00:00Z,False,out_of_sample
2026-07,0.4251786215566318,0.4251786215566318,0.4251786215566318,0.4251786215566318,0.0,0.0,0,0.0,0.0,0.0,0.4251786215566318,0.0,0,"{""ambiguous_equal_source_timestamp_order"": 343, ""ask_source_age_over_1s"": 490, ""insufficient_free_cash_for_cash_debit"": 1827, ""no_native_book_snapshot"": 2101, ""no_positive_net_expected_value"": 4074, ""no_priceable_native_ask_side"": 92}",fixed_5_usd|edge=0.0000|cap=none,fixed_5_usd,fixed_5_usd,,0.0,2026-05-06T00:00:00Z,False,out_of_sample
2026-08,0.4251786215566318,0.4251786215566318,0.4251786215566318,0.4251786215566318,0.0,0.0,0,0.0,0.0,0.0,0.4251786215566318,0.0,0,"{""ambiguous_equal_source_timestamp_order"": 1511, ""ask_source_age_over_1s"": 81, ""future_source_timestamp_at_entry"": 1, ""insufficient_free_cash_for_cash_debit"": 1592, ""missing_official_outcome_or_resolution_time"": 1, ""no_native_book_snapshot"": 916, ""no_positive_net_expected_value"": 4717, ""no_priceable_native_ask_side"": 109}",fixed_5_usd|edge=0.0000|cap=none,fixed_5_usd,fixed_5_usd,,0.0,2026-05-06T00:00:00Z,False,out_of_sample
2026-09,0.4251786215566318,0.4251786215566318,0.4251786215566318,0.4251786215566318,0.0,0.0,0,0.0,0.0,0.0,0.4251786215566318,0.0,0,"{""ambiguous_equal_source_timestamp_order"": 28, ""ask_source_age_over_1s"": 30, ""insufficient_free_cash_for_cash_debit"": 1601, ""native_ask_bbo_reconciliation_mismatch"": 6, ""no_positive_net_expected_value"": 6949, ""no_priceable_native_ask_side"": 25}",fixed_5_usd|edge=0.0000|cap=none,fixed_5_usd,fixed_5_usd,,0.0,2026-05-06T00:00:00Z,False,out_of_sample
2026-10,0.4251786215566318,0.4251786215566318,0.4251786215566318,0.4251786215566318,0.0,0.0,0,0.0,0.0,0.0,0.4251786215566318,0.0,0,"{""ambiguous_equal_source_timestamp_order"": 1, ""ask_source_age_over_1s"": 3, ""future_source_timestamp_at_entry"": 2, ""insufficient_free_cash_for_cash_debit"": 467, ""no_positive_net_expected_value"": 1255}",fixed_5_usd|edge=0.0000|cap=none,fixed_5_usd,fixed_5_usd,,0.0,2026-05-06T00:00:00Z,False,out_of_sample
2026-04,100.0,98.6764136781498,100.0,98.6764136781498,0.0,-1.3235863218502004,240,1200.0,46.40673390999997,0.40902570195628873,75.09713366304821,10.0,2,"{""ambiguous_equal_source_timestamp_order"": 587, ""ask_source_age_over_1s"": 5, ""below_minimum_after_cost_return"": 286, ""exchange_maintenance_pause"": 1, ""native_ask_bbo_reconciliation_mismatch"": 234, ""no_positive_net_expected_value"": 2071, ""no_priceable_native_ask_side"": 977}",fixed_5_usd|edge=0.0200|cap=none,fixed_5_usd,fixed_5_usd,,0.02,2026-05-06T00:00:00Z,False,training
2026-05,98.6764136781498,2.6237259035346003,98.6764136781498,2.6237259035346003,0.0,-96.0526877746152,414,2070.0,79.74133999999992,0.9743333358526044,2.3599280311941735,10.0,2,"{""ambiguous_equal_source_timestamp_order"": 1184, ""ask_source_age_over_1s"": 339, ""below_minimum_after_cost_return"": 596, ""insufficient_free_cash_for_cash_debit"": 233, ""missing_official_outcome_or_resolution_time"": 10, ""native_ask_bbo_reconciliation_mismatch"": 410, ""no_native_book_snapshot"": 316, ""no_positive_net_expected_value"": 4043, ""no_priceable_native_ask_side"": 1382}",fixed_5_usd|edge=0.0200|cap=none,fixed_5_usd,fixed_5_usd,,0.02,2026-05-06T00:00:00Z,False,training
2026-06,2.6237259035346003,2.6237259035346003,2.6237259035346003,2.6237259035346003,0.0,0.0,0,0.0,0.0,0.0,2.6237259035346003,0.0,0,"{""ambiguous_equal_source_timestamp_order"": 375, ""archive_gap_after_book_initialization"": 8, ""archive_hour_missing_at_entry"": 36, ""ask_source_age_over_1s"": 1034, ""below_minimum_after_cost_return"": 301, ""insufficient_free_cash_for_cash_debit"": 234, ""no_native_book_snapshot"": 5046, ""no_positive_net_expected_value"": 1505, ""no_priceable_native_ask_side"": 95}",fixed_5_usd|edge=0.0200|cap=none,fixed_5_usd,fixed_5_usd,,0.02,2026-05-06T00:00:00Z,False,out_of_sample
2026-07,2.6237259035346003,2.6237259035346003,2.6237259035346003,2.6237259035346003,0.0,0.0,0,0.0,0.0,0.0,2.6237259035346003,0.0,0,"{""ambiguous_equal_source_timestamp_order"": 343, ""ask_source_age_over_1s"": 490, ""below_minimum_after_cost_return"": 898, ""insufficient_free_cash_for_cash_debit"": 929, ""no_native_book_snapshot"": 2101, ""no_positive_net_expected_value"": 4074, ""no_priceable_native_ask_side"": 92}",fixed_5_usd|edge=0.0200|cap=none,fixed_5_usd,fixed_5_usd,,0.02,2026-05-06T00:00:00Z,False,out_of_sample
2026-08,2.6237259035346003,2.6237259035346003,2.6237259035346003,2.6237259035346003,0.0,0.0,0,0.0,0.0,0.0,2.6237259035346003,0.0,0,"{""ambiguous_equal_source_timestamp_order"": 1511, ""ask_source_age_over_1s"": 81, ""below_minimum_after_cost_return"": 835, ""future_source_timestamp_at_entry"": 1, ""insufficient_free_cash_for_cash_debit"": 757, ""missing_official_outcome_or_resolution_time"": 1, ""no_native_book_snapshot"": 916, ""no_positive_net_expected_value"": 4717, ""no_priceable_native_ask_side"": 109}",fixed_5_usd|edge=0.0200|cap=none,fixed_5_usd,fixed_5_usd,,0.02,2026-05-06T00:00:00Z,False,out_of_sample
2026-09,2.6237259035346003,2.6237259035346003,2.6237259035346003,2.6237259035346003,0.0,0.0,0,0.0,0.0,0.0,2.6237259035346003,0.0,0,"{""ambiguous_equal_source_timestamp_order"": 28, ""ask_source_age_over_1s"": 30, ""below_minimum_after_cost_return"": 869, ""insufficient_free_cash_for_cash_debit"": 732, ""native_ask_bbo_reconciliation_mismatch"": 6, ""no_positive_net_expected_value"": 6949, ""no_priceable_native_ask_side"": 25}",fixed_5_usd|edge=0.0200|cap=none,fixed_5_usd,fixed_5_usd,,0.02,2026-05-06T00:00:00Z,False,out_of_sample
2026-10,2.6237259035346003,2.6237259035346003,2.6237259035346003,2.6237259035346003,0.0,0.0,0,0.0,0.0,0.0,2.6237259035346003,0.0,0,"{""ambiguous_equal_source_timestamp_order"": 1, ""ask_source_age_over_1s"": 3, ""below_minimum_after_cost_return"": 240, ""future_source_timestamp_at_entry"": 2, ""insufficient_free_cash_for_cash_debit"": 227, ""no_positive_net_expected_value"": 1255}",fixed_5_usd|edge=0.0200|cap=none,fixed_5_usd,fixed_5_usd,,0.02,2026-05-06T00:00:00Z,False,out_of_sample
2026-04,100.0,30.687569382259586,100.0,30.687569382259586,0.0,-69.31243061774042,124,620.0,24.760144509999996,0.7209121044615069,29.841795738848734,10.0,2,"{""ambiguous_equal_source_timestamp_order"": 587, ""ask_source_age_over_1s"": 5, ""below_minimum_after_cost_return"": 402, ""exchange_maintenance_pause"": 1, ""native_ask_bbo_reconciliation_mismatch"": 234, ""no_positive_net_expected_value"": 2071, ""no_priceable_native_ask_side"": 977}",fixed_5_usd|edge=0.0400|cap=none,fixed_5_usd,fixed_5_usd,,0.04,2026-05-06T00:00:00Z,False,training
2026-05,30.687569382259586,1.7749028250184589,30.687569382259586,1.7749028250184589,0.0,-28.912666557241128,56,280.0,11.176779999999999,0.9647282514463434,1.7749028250184589,10.0,2,"{""ambiguous_equal_source_timestamp_order"": 1184, ""ask_source_age_over_1s"": 339, ""below_minimum_after_cost_return"": 883, ""insufficient_free_cash_for_cash_debit"": 304, ""missing_official_outcome_or_resolution_time"": 10, ""native_ask_bbo_reconciliation_mismatch"": 410, ""no_native_book_snapshot"": 316, ""no_positive_net_expected_value"": 4043, ""no_priceable_native_ask_side"": 1382}",fixed_5_usd|edge=0.0400|cap=none,fixed_5_usd,fixed_5_usd,,0.04,2026-05-06T00:00:00Z,False,training
2026-06,1.7749028250184589,1.7749028250184589,1.7749028250184589,1.7749028250184589,0.0,0.0,0,0.0,0.0,0.0,1.7749028250184589,0.0,0,"{""ambiguous_equal_source_timestamp_order"": 375, ""archive_gap_after_book_initialization"": 8, ""archive_hour_missing_at_entry"": 36, ""ask_source_age_over_1s"": 1034, ""below_minimum_after_cost_return"": 453, ""insufficient_free_cash_for_cash_debit"": 82, ""no_native_book_snapshot"": 5046, ""no_positive_net_expected_value"": 1505, ""no_priceable_native_ask_side"": 95}",fixed_5_usd|edge=0.0400|cap=none,fixed_5_usd,fixed_5_usd,,0.04,2026-05-06T00:00:00Z,False,out_of_sample
2026-07,1.7749028250184589,1.7749028250184589,1.7749028250184589,1.7749028250184589,0.0,0.0,0,0.0,0.0,0.0,1.7749028250184589,0.0,0,"{""ambiguous_equal_source_timestamp_order"": 343, ""ask_source_age_over_1s"": 490, ""below_minimum_after_cost_return"": 1319, ""insufficient_free_cash_for_cash_debit"": 508, ""no_native_book_snapshot"": 2101, ""no_positive_net_expected_value"": 4074, ""no_priceable_native_ask_side"": 92}",fixed_5_usd|edge=0.0400|cap=none,fixed_5_usd,fixed_5_usd,,0.04,2026-05-06T00:00:00Z,False,out_of_sample
2026-08,1.7749028250184589,1.7749028250184589,1.7749028250184589,1.7749028250184589,0.0,0.0,0,0.0,0.0,0.0,1.7749028250184589,0.0,0,"{""ambiguous_equal_source_timestamp_order"": 1511, ""ask_source_age_over_1s"": 81, ""below_minimum_after_cost_return"": 1195, ""future_source_timestamp_at_entry"": 1, ""insufficient_free_cash_for_cash_debit"": 397, ""missing_official_outcome_or_resolution_time"": 1, ""no_native_book_snapshot"": 916, ""no_positive_net_expected_value"": 4717, ""no_priceable_native_ask_side"": 109}",fixed_5_usd|edge=0.0400|cap=none,fixed_5_usd,fixed_5_usd,,0.04,2026-05-06T00:00:00Z,False,out_of_sample
2026-09,1.7749028250184589,1.7749028250184589,1.7749028250184589,1.7749028250184589,0.0,0.0,0,0.0,0.0,0.0,1.7749028250184589,0.0,0,"{""ambiguous_equal_source_timestamp_order"": 28, ""ask_source_age_over_1s"": 30, ""below_minimum_after_cost_return"": 1267, ""insufficient_free_cash_for_cash_debit"": 334, ""native_ask_bbo_reconciliation_mismatch"": 6, ""no_positive_net_expected_value"": 6949, ""no_priceable_native_ask_side"": 25}",fixed_5_usd|edge=0.0400|cap=none,fixed_5_usd,fixed_5_usd,,0.04,2026-05-06T00:00:00Z,False,out_of_sample
2026-10,1.7749028250184589,1.7749028250184589,1.7749028250184589,1.7749028250184589,0.0,0.0,0,0.0,0.0,0.0,1.7749028250184589,0.0,0,"{""ambiguous_equal_source_timestamp_order"": 1, ""ask_source_age_over_1s"": 3, ""below_minimum_after_cost_return"": 370, ""future_source_timestamp_at_entry"": 2, ""insufficient_free_cash_for_cash_debit"": 97, ""no_positive_net_expected_value"": 1255}",fixed_5_usd|edge=0.0400|cap=none,fixed_5_usd,fixed_5_usd,,0.04,2026-05-06T00:00:00Z,False,out_of_sample
2026-04,100.0,76.15974395903558,100.0,76.15974395903558,0.0,-23.84025604096442,53,265.0,11.100363689999998,0.4609774254337415,63.71977431991566,10.0,2,"{""ambiguous_equal_source_timestamp_order"": 587, ""ask_source_age_over_1s"": 5, ""below_minimum_after_cost_return"": 473, ""exchange_maintenance_pause"": 1, ""native_ask_bbo_reconciliation_mismatch"": 234, ""no_positive_net_expected_value"": 2071, ""no_priceable_native_ask_side"": 977}",fixed_5_usd|edge=0.0800|cap=none,fixed_5_usd,fixed_5_usd,,0.08,2026-05-06T00:00:00Z,False,training
2026-05,76.15974395903558,78.29107077971223,76.15974395903558,78.29107077971223,0.0,2.131326820676648,164,820.0,35.75882000000001,0.92450423897321,0.734517884369863,10.0,2,"{""ambiguous_equal_source_timestamp_order"": 1184, ""ask_source_age_over_1s"": 339, ""below_minimum_after_cost_return"": 1079, ""missing_official_outcome_or_resolution_time"": 10, ""native_ask_bbo_reconciliation_mismatch"": 410, ""no_native_book_snapshot"": 316, ""no_positive_net_expected_value"": 4043, ""no_priceable_native_ask_side"": 1382}",fixed_5_usd|edge=0.0800|cap=none,fixed_5_usd,fixed_5_usd,,0.08,2026-05-06T00:00:00Z,False,training
2026-06,78.29107077971223,93.61551207790333,78.29107077971223,93.61551207790333,0.0,15.324441298191104,20,100.0,4.01587,0.2284433663559464,65.81167047668197,5.0,1,"{""ambiguous_equal_source_timestamp_order"": 375, ""archive_gap_after_book_initialization"": 8, ""archive_hour_missing_at_entry"": 36, ""ask_source_age_over_1s"": 1034, ""below_minimum_after_cost_return"": 515, ""no_native_book_snapshot"": 5046, ""no_positive_net_expected_value"": 1505, ""no_priceable_native_ask_side"": 95}",fixed_5_usd|edge=0.0800|cap=none,fixed_5_usd,fixed_5_usd,,0.08,2026-05-06T00:00:00Z,False,out_of_sample
2026-07,93.61551207790333,4.839738642065484,93.61551207790333,4.839738642065484,0.0,-88.77577343583785,35,175.0,7.135249999999997,0.9485921360320833,4.839738642065484,10.0,2,"{""ambiguous_equal_source_timestamp_order"": 343, ""ask_source_age_over_1s"": 490, ""below_minimum_after_cost_return"": 1623, ""insufficient_free_cash_for_cash_debit"": 169, ""no_native_book_snapshot"": 2101, ""no_positive_net_expected_value"": 4074, ""no_priceable_native_ask_side"": 92}",fixed_5_usd|edge=0.0800|cap=none,fixed_5_usd,fixed_5_usd,,0.08,2026-05-06T00:00:00Z,False,out_of_sample
2026-08,4.839738642065484,4.839738642065484,4.839738642065484,4.839738642065484,0.0,0.0,0,0.0,0.0,0.0,4.839738642065484,0.0,0,"{""ambiguous_equal_source_timestamp_order"": 1511, ""ask_source_age_over_1s"": 81, ""below_minimum_after_cost_return"": 1378, ""future_source_timestamp_at_entry"": 1, ""insufficient_free_cash_for_cash_debit"": 214, ""missing_official_outcome_or_resolution_time"": 1, ""no_native_book_snapshot"": 916, ""no_positive_net_expected_value"": 4717, ""no_priceable_native_ask_side"": 109}",fixed_5_usd|edge=0.0800|cap=none,fixed_5_usd,fixed_5_usd,,0.08,2026-05-06T00:00:00Z,False,out_of_sample
2026-09,4.839738642065484,4.839738642065484,4.839738642065484,4.839738642065484,0.0,0.0,0,0.0,0.0,0.0,4.839738642065484,0.0,0,"{""ambiguous_equal_source_timestamp_order"": 28, ""ask_source_age_over_1s"": 30, ""below_minimum_after_cost_return"": 1482, ""insufficient_free_cash_for_cash_debit"": 119, ""native_ask_bbo_reconciliation_mismatch"": 6, ""no_positive_net_expected_value"": 6949, ""no_priceable_native_ask_side"": 25}",fixed_5_usd|edge=0.0800|cap=none,fixed_5_usd,fixed_5_usd,,0.08,2026-05-06T00:00:00Z,False,out_of_sample
2026-10,4.839738642065484,4.839738642065484,4.839738642065484,4.839738642065484,0.0,0.0,0,0.0,0.0,0.0,4.839738642065484,0.0,0,"{""ambiguous_equal_source_timestamp_order"": 1, ""ask_source_age_over_1s"": 3, ""below_minimum_after_cost_return"": 448, ""future_source_timestamp_at_entry"": 2, ""insufficient_free_cash_for_cash_debit"": 19, ""no_positive_net_expected_value"": 1255}",fixed_5_usd|edge=0.0800|cap=none,fixed_5_usd,fixed_5_usd,,0.08,2026-05-06T00:00:00Z,False,out_of_sample
2026-04,100.0,75.04333298333768,100.0,75.04333298333768,1.7763568394002505e-15,-24.956667016662323,526,2538.5930165011846,95.72336092999997,0.7051691786031216,58.35423808172779,10.0,2,"{""ambiguous_equal_source_timestamp_order"": 587, ""ask_source_age_over_1s"": 5, ""exchange_maintenance_pause"": 1, ""native_ask_bbo_reconciliation_mismatch"": 234, ""no_positive_net_expected_value"": 2071, ""no_priceable_native_ask_side"": 977}",free_cash_5pct_cap5|edge=0.0000|cap=5,free_cash_5pct_cap5,free_cash_5pct_cap5,5.0,0.0,2026-05-06T00:00:00Z,False,training
2026-05,75.04333298333768,30.610270668256863,75.04333298333768,30.610270668256863,4.440892098500626e-16,-44.43306231508082,43,129.77539614063144,5.144910000000001,0.6460008786066336,30.610270668256863,8.422099812219614,2,"{""ambiguous_equal_source_timestamp_order"": 1184, ""ask_source_age_over_1s"": 339, ""below_minimum_order_shares"": 2185, ""missing_official_outcome_or_resolution_time"": 10, ""native_ask_bbo_reconciliation_mismatch"": 410, ""no_native_book_snapshot"": 316, ""no_positive_net_expected_value"": 112, ""no_priceable_native_ask_side"": 4328}",free_cash_5pct_cap5|edge=0.0000|cap=5,free_cash_5pct_cap5,free_cash_5pct_cap5,5.0,0.0,2026-05-06T00:00:00Z,False,training
2026-06,30.610270668256863,30.610270668256863,30.610270668256863,30.610270668256863,4.440892098500626e-16,0.0,0,0.0,0.0,0.0,30.610270668256863,0.0,0,"{""ambiguous_equal_source_timestamp_order"": 375, ""archive_gap_after_book_initialization"": 8, ""archive_hour_missing_at_entry"": 36, ""ask_source_age_over_1s"": 1034, ""below_minimum_order_shares"": 1886, ""no_native_book_snapshot"": 5046, ""no_priceable_native_ask_side"": 249}",free_cash_5pct_cap5|edge=0.0000|cap=5,free_cash_5pct_cap5,free_cash_5pct_cap5,5.0,0.0,2026-05-06T00:00:00Z,False,out_of_sample
2026-07,30.610270668256863,28.99404713484402,30.610270668256863,28.99404713484402,4.440892098500626e-16,-1.6162235334128425,1,1.5305135334128432,0.08571,0.050140395141033335,28.99404713484402,1.5305135334128437,1,"{""ambiguous_equal_source_timestamp_order"": 343, ""ask_source_age_over_1s"": 490, ""below_minimum_order_shares"": 5179, ""no_native_book_snapshot"": 2101, ""no_priceable_native_ask_side"": 813}",free_cash_5pct_cap5|edge=0.0000|cap=5,free_cash_5pct_cap5,free_cash_5pct_cap5,5.0,0.0,2026-05-06T00:00:00Z,False,out_of_sample
2026-08,28.99404713484402,25.685504027543512,28.99404713484402,25.685504027543512,4.440892098500626e-16,-3.3085431073005083,7,10.398525545662125,0.5409299999999999,0.23668166265766802,25.685504027543512,1.6824896488779175,1,"{""ambiguous_equal_source_timestamp_order"": 1511, ""ask_source_age_over_1s"": 81, ""below_minimum_order_shares"": 4875, ""future_source_timestamp_at_entry"": 1, ""missing_official_outcome_or_resolution_time"": 1, ""no_native_book_snapshot"": 916, ""no_priceable_native_ask_side"": 1536}",free_cash_5pct_cap5|edge=0.0000|cap=5,free_cash_5pct_cap5,free_cash_5pct_cap5,5.0,0.0,2026-05-06T00:00:00Z,False,out_of_sample
2026-09,25.685504027543512,25.685504027543512,25.685504027543512,25.685504027543512,4.440892098500626e-16,0.0,0,0.0,0.0,0.0,25.685504027543512,0.0,0,"{""ambiguous_equal_source_timestamp_order"": 28, ""ask_source_age_over_1s"": 30, ""below_minimum_order_shares"": 5348, ""native_ask_bbo_reconciliation_mismatch"": 6, ""no_priceable_native_ask_side"": 3227}",free_cash_5pct_cap5|edge=0.0000|cap=5,free_cash_5pct_cap5,free_cash_5pct_cap5,5.0,0.0,2026-05-06T00:00:00Z,False,out_of_sample
2026-10,25.685504027543512,25.685504027543512,25.685504027543512,25.685504027543512,4.440892098500626e-16,0.0,0,0.0,0.0,0.0,25.685504027543512,4.440892098500626e-16,0,"{""ambiguous_equal_source_timestamp_order"": 1, ""ask_source_age_over_1s"": 3, ""below_minimum_order_shares"": 1717, ""future_source_timestamp_at_entry"": 2, ""no_priceable_native_ask_side"": 5}",free_cash_5pct_cap5|edge=0.0000|cap=5,free_cash_5pct_cap5,free_cash_5pct_cap5,5.0,0.0,2026-05-06T00:00:00Z,False,out_of_sample
2026-04,100.0,90.31095055234302,100.0,90.31095055234302,0.0,-9.689049447656984,240,1176.3192355281044,45.49385986999996,0.4162848390641776,77.09342098283733,10.0,2,"{""ambiguous_equal_source_timestamp_order"": 587, ""ask_source_age_over_1s"": 5, ""below_minimum_after_cost_return"": 286, ""exchange_maintenance_pause"": 1, ""native_ask_bbo_reconciliation_mismatch"": 234, ""no_positive_net_expected_value"": 2071, ""no_priceable_native_ask_side"": 977}",free_cash_5pct_cap5|edge=0.0200|cap=5,free_cash_5pct_cap5,free_cash_5pct_cap5,5.0,0.02,2026-05-06T00:00:00Z,False,training
2026-05,90.31095055234302,29.49714808181141,90.31095055234302,29.49714808181141,4.440892098500626e-16,-60.813802470531606,136,407.5645076095337,16.00007000000001,0.6727580103154254,29.49714808181141,8.408550435704223,2,"{""ambiguous_equal_source_timestamp_order"": 1184, ""ask_source_age_over_1s"": 339, ""below_minimum_after_cost_return"": 85, ""below_minimum_order_shares"": 2056, ""missing_official_outcome_or_resolution_time"": 10, ""native_ask_bbo_reconciliation_mismatch"": 410, ""no_native_book_snapshot"": 316, ""no_positive_net_expected_value"": 657, ""no_priceable_native_ask_side"": 3734}",free_cash_5pct_cap5|edge=0.0200|cap=5,free_cash_5pct_cap5,free_cash_5pct_cap5,5.0,0.02,2026-05-06T00:00:00Z,False,training
2026-06,29.49714808181141,29.49714808181141,29.49714808181141,29.49714808181141,4.440892098500626e-16,0.0,0,0.0,0.0,0.0,29.49714808181141,0.0,0,"{""ambiguous_equal_source_timestamp_order"": 375, ""archive_gap_after_book_initialization"": 8, ""archive_hour_missing_at_entry"": 36, ""ask_source_age_over_1s"": 1034, ""below_minimum_order_shares"": 1886, ""no_native_book_snapshot"": 5046, ""no_priceable_native_ask_side"": 249}",free_cash_5pct_cap5|edge=0.0200|cap=5,free_cash_5pct_cap5,free_cash_5pct_cap5,5.0,0.02,2026-05-06T00:00:00Z,False,out_of_sample
2026-07,29.49714808181141,27.93970067772084,29.49714808181141,27.93970067772084,4.440892098500626e-16,-1.5574474040905706,1,1.4748574040905706,0.08259,0.050140389666522095,27.93970067772084,1.474857404090571,1,"{""ambiguous_equal_source_timestamp_order"": 343, ""ask_source_age_over_1s"": 490, ""below_minimum_order_shares"": 5179, ""no_native_book_snapshot"": 2101, ""no_priceable_native_ask_side"": 813}",free_cash_5pct_cap5|edge=0.0200|cap=5,free_cash_5pct_cap5,free_cash_5pct_cap5,5.0,0.02,2026-05-06T00:00:00Z,False,out_of_sample
2026-08,27.93970067772084,24.75237628112793,27.93970067772084,24.75237628112793,4.440892098500626e-16,-3.18732439659291,7,10.408332362626478,0.5400200000000001,0.2767444151681964,24.75237628112793,1.711177680493419,1,"{""ambiguous_equal_source_timestamp_order"": 1511, ""ask_source_age_over_1s"": 81, ""below_minimum_order_shares"": 4875, ""future_source_timestamp_at_entry"": 1, ""missing_official_outcome_or_resolution_time"": 1, ""no_native_book_snapshot"": 916, ""no_priceable_native_ask_side"": 1536}",free_cash_5pct_cap5|edge=0.0200|cap=5,free_cash_5pct_cap5,free_cash_5pct_cap5,5.0,0.02,2026-05-06T00:00:00Z,False,out_of_sample
2026-09,24.75237628112793,24.75237628112793,24.75237628112793,24.75237628112793,4.440892098500626e-16,0.0,0,0.0,0.0,0.0,24.75237628112793,0.0,0,"{""ambiguous_equal_source_timestamp_order"": 28, ""ask_source_age_over_1s"": 30, ""below_minimum_order_shares"": 5348, ""native_ask_bbo_reconciliation_mismatch"": 6, ""no_priceable_native_ask_side"": 3227}",free_cash_5pct_cap5|edge=0.0200|cap=5,free_cash_5pct_cap5,free_cash_5pct_cap5,5.0,0.02,2026-05-06T00:00:00Z,False,out_of_sample
2026-10,24.75237628112793,24.75237628112793,24.75237628112793,24.75237628112793,4.440892098500626e-16,0.0,0,0.0,0.0,0.0,24.75237628112793,4.440892098500626e-16,0,"{""ambiguous_equal_source_timestamp_order"": 1, ""ask_source_age_over_1s"": 3, ""below_minimum_order_shares"": 1717, ""future_source_timestamp_at_entry"": 2, ""no_priceable_native_ask_side"": 5}",free_cash_5pct_cap5|edge=0.0200|cap=5,free_cash_5pct_cap5,free_cash_5pct_cap5,5.0,0.02,2026-05-06T00:00:00Z,False,out_of_sample
2026-04,100.0,42.668482431140504,100.0,42.668482431140504,0.0,-57.331517568859496,120,447.3841198652622,17.872740780000004,0.5886330682885178,42.30136156893857,8.654113942606969,2,"{""ambiguous_equal_source_timestamp_order"": 587, ""ask_source_age_over_1s"": 5, ""below_minimum_after_cost_return"": 377, ""below_minimum_order_shares"": 33, ""exchange_maintenance_pause"": 1, ""native_ask_bbo_reconciliation_mismatch"": 234, ""no_positive_net_expected_value"": 1874, ""no_priceable_native_ask_side"": 1170}",free_cash_5pct_cap5|edge=0.0400|cap=5,free_cash_5pct_cap5,free_cash_5pct_cap5,5.0,0.04,2026-05-06T00:00:00Z,False,training
2026-05,42.668482431140504,30.907948533041047,42.668482431140504,30.907948533041047,0.0,-11.760533898099457,6,11.241183898099461,0.51935,0.27408390117779513,30.907948533041047,2.133424121557025,1,"{""ambiguous_equal_source_timestamp_order"": 1184, ""ask_source_age_over_1s"": 339, ""below_minimum_order_shares"": 2210, ""missing_official_outcome_or_resolution_time"": 10, ""native_ask_bbo_reconciliation_mismatch"": 410, ""no_native_book_snapshot"": 316, ""no_priceable_native_ask_side"": 4452}",free_cash_5pct_cap5|edge=0.0400|cap=5,free_cash_5pct_cap5,free_cash_5pct_cap5,5.0,0.04,2026-05-06T00:00:00Z,False,training
2026-06,30.907948533041047,30.907948533041047,30.907948533041047,30.907948533041047,0.0,0.0,0,0.0,0.0,0.0,30.907948533041047,0.0,0,"{""ambiguous_equal_source_timestamp_order"": 375, ""archive_gap_after_book_initialization"": 8, ""archive_hour_missing_at_entry"": 36, ""ask_source_age_over_1s"": 1034, ""below_minimum_order_shares"": 1886, ""no_native_book_snapshot"": 5046, ""no_priceable_native_ask_side"": 249}",free_cash_5pct_cap5|edge=0.0400|cap=5,free_cash_5pct_cap5,free_cash_5pct_cap5,5.0,0.04,2026-05-06T00:00:00Z,False,out_of_sample
2026-07,30.907948533041047,29.276011106388996,30.907948533041047,29.276011106388996,0.0,-1.6319374266520512,1,1.5453974266520525,0.08654,0.05014038943078675,29.276011106388996,1.5453974266520525,1,"{""ambiguous_equal_source_timestamp_order"": 343, ""ask_source_age_over_1s"": 490, ""below_minimum_order_shares"": 5179, ""no_native_book_snapshot"": 2101, ""no_priceable_native_ask_side"": 813}",free_cash_5pct_cap5|edge=0.0400|cap=5,free_cash_5pct_cap5,free_cash_5pct_cap5,5.0,0.04,2026-05-06T00:00:00Z,False,out_of_sample
2026-08,29.276011106388996,25.936243878573347,29.276011106388996,25.936243878573347,0.0,-3.339767227815649,7,10.499982936446079,0.54519,0.2366817445904583,25.936243878573347,1.698914161607325,1,"{""ambiguous_equal_source_timestamp_order"": 1511, ""ask_source_age_over_1s"": 81, ""below_minimum_order_shares"": 4875, ""future_source_timestamp_at_entry"": 1, ""missing_official_outcome_or_resolution_time"": 1, ""no_native_book_snapshot"": 916, ""no_priceable_native_ask_side"": 1536}",free_cash_5pct_cap5|edge=0.0400|cap=5,free_cash_5pct_cap5,free_cash_5pct_cap5,5.0,0.04,2026-05-06T00:00:00Z,False,out_of_sample
2026-09,25.936243878573347,25.936243878573347,25.936243878573347,25.936243878573347,0.0,0.0,0,0.0,0.0,0.0,25.936243878573347,0.0,0,"{""ambiguous_equal_source_timestamp_order"": 28, ""ask_source_age_over_1s"": 30, ""below_minimum_order_shares"": 5348, ""native_ask_bbo_reconciliation_mismatch"": 6, ""no_priceable_native_ask_side"": 3227}",free_cash_5pct_cap5|edge=0.0400|cap=5,free_cash_5pct_cap5,free_cash_5pct_cap5,5.0,0.04,2026-05-06T00:00:00Z,False,out_of_sample
2026-10,25.936243878573347,25.936243878573347,25.936243878573347,25.936243878573347,0.0,0.0,0,0.0,0.0,0.0,25.936243878573347,0.0,0,"{""ambiguous_equal_source_timestamp_order"": 1, ""ask_source_age_over_1s"": 3, ""below_minimum_order_shares"": 1717, ""future_source_timestamp_at_entry"": 2, ""no_priceable_native_ask_side"": 5}",free_cash_5pct_cap5|edge=0.0400|cap=5,free_cash_5pct_cap5,free_cash_5pct_cap5,5.0,0.04,2026-05-06T00:00:00Z,False,out_of_sample
2026-04,100.0,71.23334005512058,100.0,71.23334005512058,0.0,-28.76665994487942,54,243.05374508132158,10.177152490000001,0.44724761583538336,66.93942818691788,8.642745904451495,2,"{""ambiguous_equal_source_timestamp_order"": 587, ""ask_source_age_over_1s"": 5, ""below_minimum_after_cost_return"": 472, ""exchange_maintenance_pause"": 1, ""native_ask_bbo_reconciliation_mismatch"": 234, ""no_positive_net_expected_value"": 2071, ""no_priceable_native_ask_side"": 977}",free_cash_5pct_cap5|edge=0.0800|cap=5,free_cash_5pct_cap5,free_cash_5pct_cap5,5.0,0.08,2026-05-06T00:00:00Z,False,training
2026-05,71.23334005512058,29.735066985297344,71.23334005512058,29.735066985297344,0.0,-41.498273069823234,68,162.37986159995123,7.21448,0.581724857272045,29.735066985297344,5.850491901595573,2,"{""ambiguous_equal_source_timestamp_order"": 1184, ""ask_source_age_over_1s"": 339, ""below_minimum_after_cost_return"": 192, ""below_minimum_order_shares"": 2082, ""missing_official_outcome_or_resolution_time"": 10, ""native_ask_bbo_reconciliation_mismatch"": 410, ""no_native_book_snapshot"": 316, ""no_positive_net_expected_value"": 530, ""no_priceable_native_ask_side"": 3796}",free_cash_5pct_cap5|edge=0.0800|cap=5,free_cash_5pct_cap5,free_cash_5pct_cap5,5.0,0.08,2026-05-06T00:00:00Z,False,training
2026-06,29.735066985297344,29.735066985297344,29.735066985297344,29.735066985297344,0.0,0.0,0,0.0,0.0,0.0,29.735066985297344,0.0,0,"{""ambiguous_equal_source_timestamp_order"": 375, ""archive_gap_after_book_initialization"": 8, ""archive_hour_missing_at_entry"": 36, ""ask_source_age_over_1s"": 1034, ""below_minimum_order_shares"": 1886, ""no_native_book_snapshot"": 5046, ""no_priceable_native_ask_side"": 249}",free_cash_5pct_cap5|edge=0.0800|cap=5,free_cash_5pct_cap5,free_cash_5pct_cap5,5.0,0.08,2026-05-06T00:00:00Z,False,out_of_sample
2026-07,29.735066985297344,28.165053636032475,29.735066985297344,28.165053636032475,0.0,-1.570013349264869,1,1.4867533492648672,0.08326,0.05014039616547023,28.165053636032475,1.4867533492648672,1,"{""ambiguous_equal_source_timestamp_order"": 343, ""ask_source_age_over_1s"": 490, ""below_minimum_order_shares"": 5179, ""no_native_book_snapshot"": 2101, ""no_priceable_native_ask_side"": 813}",free_cash_5pct_cap5|edge=0.0800|cap=5,free_cash_5pct_cap5,free_cash_5pct_cap5,5.0,0.08,2026-05-06T00:00:00Z,False,out_of_sample
2026-08,28.165053636032475,24.946489250545422,28.165053636032475,24.946489250545422,0.0,-3.2185643854870527,7,10.099962428328958,0.53133,0.23682260572421993,24.946489250545422,1.634383397468061,1,"{""ambiguous_equal_source_timestamp_order"": 1511, ""ask_source_age_over_1s"": 81, ""below_minimum_order_shares"": 4875, ""future_source_timestamp_at_entry"": 1, ""missing_official_outcome_or_resolution_time"": 1, ""no_native_book_snapshot"": 916, ""no_priceable_native_ask_side"": 1536}",free_cash_5pct_cap5|edge=0.0800|cap=5,free_cash_5pct_cap5,free_cash_5pct_cap5,5.0,0.08,2026-05-06T00:00:00Z,False,out_of_sample
2026-09,24.946489250545422,24.946489250545422,24.946489250545422,24.946489250545422,0.0,0.0,0,0.0,0.0,0.0,24.946489250545422,0.0,0,"{""ambiguous_equal_source_timestamp_order"": 28, ""ask_source_age_over_1s"": 30, ""below_minimum_order_shares"": 5348, ""native_ask_bbo_reconciliation_mismatch"": 6, ""no_priceable_native_ask_side"": 3227}",free_cash_5pct_cap5|edge=0.0800|cap=5,free_cash_5pct_cap5,free_cash_5pct_cap5,5.0,0.08,2026-05-06T00:00:00Z,False,out_of_sample
2026-10,24.946489250545422,24.946489250545422,24.946489250545422,24.946489250545422,0.0,0.0,0,0.0,0.0,0.0,24.946489250545422,0.0,0,"{""ambiguous_equal_source_timestamp_order"": 1, ""ask_source_age_over_1s"": 3, ""below_minimum_order_shares"": 1717, ""future_source_timestamp_at_entry"": 2, ""no_priceable_native_ask_side"": 5}",free_cash_5pct_cap5|edge=0.0800|cap=5,free_cash_5pct_cap5,free_cash_5pct_cap5,5.0,0.08,2026-05-06T00:00:00Z,False,out_of_sample
2026-04,100.0,39.86863843906819,100.0,39.868638439068185,9.769962616701378e-15,-60.13136156093181,420,2674.7147188124695,100.59321162000005,0.8245878331825187,39.868638439068185,20.0,2,"{""ambiguous_equal_source_timestamp_order"": 587, ""ask_source_age_over_1s"": 5, ""below_minimum_order_shares"": 70, ""exchange_maintenance_pause"": 1, ""native_ask_bbo_reconciliation_mismatch"": 234, ""no_positive_net_expected_value"": 1685, ""no_priceable_native_ask_side"": 1399}",free_cash_5pct_cap10|edge=0.0000|cap=10,free_cash_5pct_cap10,free_cash_5pct_cap10,10.0,0.0,2026-05-06T00:00:00Z,False,training
2026-05,39.86863843906819,30.459812304543227,39.868638439068185,30.459812304543217,9.769962616701378e-15,-9.408826134524965,5,8.976206134524968,0.43262,0.23428653847457867,30.459812304543217,1.9934319219534191,1,"{""ambiguous_equal_source_timestamp_order"": 1184, ""ask_source_age_over_1s"": 339, ""below_minimum_order_shares"": 2210, ""missing_official_outcome_or_resolution_time"": 10, ""native_ask_bbo_reconciliation_mismatch"": 410, ""no_native_book_snapshot"": 316, ""no_priceable_native_ask_side"": 4453}",free_cash_5pct_cap10|edge=0.0000|cap=10,free_cash_5pct_cap10,free_cash_5pct_cap10,10.0,0.0,2026-05-06T00:00:00Z,False,training
2026-06,30.459812304543227,30.459812304543227,30.459812304543217,30.459812304543217,9.769962616701378e-15,0.0,0,0.0,0.0,0.0,30.459812304543217,0.0,0,"{""ambiguous_equal_source_timestamp_order"": 375, ""archive_gap_after_book_initialization"": 8, ""archive_hour_missing_at_entry"": 36, ""ask_source_age_over_1s"": 1034, ""below_minimum_order_shares"": 1886, ""no_native_book_snapshot"": 5046, ""no_priceable_native_ask_side"": 249}",free_cash_5pct_cap10|edge=0.0000|cap=10,free_cash_5pct_cap10,free_cash_5pct_cap10,10.0,0.0,2026-05-06T00:00:00Z,False,out_of_sample
2026-07,30.459812304543227,28.851531689316065,30.459812304543217,28.851531689316054,9.769962616701378e-15,-1.6082806152271623,1,1.5229906152271608,0.08529,0.05014039726970002,28.851531689316054,1.5229906152271706,1,"{""ambiguous_equal_source_timestamp_order"": 343, ""ask_source_age_over_1s"": 490, ""below_minimum_order_shares"": 5179, ""no_native_book_snapshot"": 2101, ""no_priceable_native_ask_side"": 813}",free_cash_5pct_cap10|edge=0.0000|cap=10,free_cash_5pct_cap10,free_cash_5pct_cap10,10.0,0.0,2026-05-06T00:00:00Z,False,out_of_sample
2026-08,28.851531689316065,25.5592527130887,28.851531689316054,25.55925271308869,9.769962616701378e-15,-3.292278976227365,7,10.34741039424132,0.53827,0.23668119019313247,25.55925271308869,1.6742187133810946,1,"{""ambiguous_equal_source_timestamp_order"": 1511, ""ask_source_age_over_1s"": 81, ""below_minimum_order_shares"": 4875, ""future_source_timestamp_at_entry"": 1, ""missing_official_outcome_or_resolution_time"": 1, ""no_native_book_snapshot"": 916, ""no_priceable_native_ask_side"": 1536}",free_cash_5pct_cap10|edge=0.0000|cap=10,free_cash_5pct_cap10,free_cash_5pct_cap10,10.0,0.0,2026-05-06T00:00:00Z,False,out_of_sample
2026-09,25.5592527130887,25.5592527130887,25.55925271308869,25.55925271308869,9.769962616701378e-15,0.0,0,0.0,0.0,0.0,25.55925271308869,0.0,0,"{""ambiguous_equal_source_timestamp_order"": 28, ""ask_source_age_over_1s"": 30, ""below_minimum_order_shares"": 5348, ""native_ask_bbo_reconciliation_mismatch"": 6, ""no_priceable_native_ask_side"": 3227}",free_cash_5pct_cap10|edge=0.0000|cap=10,free_cash_5pct_cap10,free_cash_5pct_cap10,10.0,0.0,2026-05-06T00:00:00Z,False,out_of_sample
2026-10,25.5592527130887,25.5592527130887,25.55925271308869,25.55925271308869,9.769962616701378e-15,0.0,0,0.0,0.0,0.0,25.55925271308869,9.769962616701378e-15,0,"{""ambiguous_equal_source_timestamp_order"": 1, ""ask_source_age_over_1s"": 3, ""below_minimum_order_shares"": 1717, ""future_source_timestamp_at_entry"": 2, ""no_priceable_native_ask_side"": 5}",free_cash_5pct_cap10|edge=0.0000|cap=10,free_cash_5pct_cap10,free_cash_5pct_cap10,10.0,0.0,2026-05-06T00:00:00Z,False,out_of_sample
2026-04,100.0,72.67261048485389,100.0,72.67261048485389,0.0,-27.32738951514611,240,1180.6653782317603,45.6163807,0.49808769633215433,64.76725367619973,13.362318797819942,2,"{""ambiguous_equal_source_timestamp_order"": 587, ""ask_source_age_over_1s"": 5, ""below_minimum_after_cost_return"": 286, ""exchange_maintenance_pause"": 1, ""native_ask_bbo_reconciliation_mismatch"": 234, ""no_positive_net_expected_value"": 2071, ""no_priceable_native_ask_side"": 977}",free_cash_5pct_cap10|edge=0.0200|cap=10,free_cash_5pct_cap10,free_cash_5pct_cap10,10.0,0.02,2026-05-06T00:00:00Z,False,training
2026-05,72.67261048485389,29.933910379120515,72.67261048485389,29.933910379120515,4.440892098500626e-16,-42.73870010573337,78,206.32943020157356,8.31087,0.587311732243632,29.933910379120515,6.766303271802233,2,"{""ambiguous_equal_source_timestamp_order"": 1184, ""ask_source_age_over_1s"": 339, ""below_minimum_after_cost_return"": 38, ""below_minimum_order_shares"": 2143, ""missing_official_outcome_or_resolution_time"": 10, ""native_ask_bbo_reconciliation_mismatch"": 410, ""no_native_book_snapshot"": 316, ""no_positive_net_expected_value"": 265, ""no_priceable_native_ask_side"": 4144}",free_cash_5pct_cap10|edge=0.0200|cap=10,free_cash_5pct_cap10,free_cash_5pct_cap10,10.0,0.02,2026-05-06T00:00:00Z,False,training
2026-06,29.933910379120515,29.933910379120515,29.933910379120515,29.933910379120515,4.440892098500626e-16,0.0,0,0.0,0.0,0.0,29.933910379120515,0.0,0,"{""ambiguous_equal_source_timestamp_order"": 375, ""archive_gap_after_book_initialization"": 8, ""archive_hour_missing_at_entry"": 36, ""ask_source_age_over_1s"": 1034, ""below_minimum_order_shares"": 1886, ""no_native_book_snapshot"": 5046, ""no_priceable_native_ask_side"": 249}",free_cash_5pct_cap10|edge=0.0200|cap=10,free_cash_5pct_cap10,free_cash_5pct_cap10,10.0,0.02,2026-05-06T00:00:00Z,False,out_of_sample
2026-07,29.933910379120515,28.35340486016449,29.933910379120515,28.35340486016449,4.440892098500626e-16,-1.580505518956027,1,1.4966955189560258,0.08381,0.05014038478754774,28.35340486016449,1.4966955189560263,1,"{""ambiguous_equal_source_timestamp_order"": 343, ""ask_source_age_over_1s"": 490, ""below_minimum_order_shares"": 5179, ""no_native_book_snapshot"": 2101, ""no_priceable_native_ask_side"": 813}",free_cash_5pct_cap10|edge=0.0200|cap=10,free_cash_5pct_cap10,free_cash_5pct_cap10,10.0,0.02,2026-05-06T00:00:00Z,False,out_of_sample
2026-08,28.35340486016449,25.114244525796142,28.35340486016449,25.114244525796142,4.440892098500626e-16,-3.2391603343683464,7,10.167661616911756,0.5338,0.23679459105735753,25.114244525796142,1.6453135834420936,1,"{""ambiguous_equal_source_timestamp_order"": 1511, ""ask_source_age_over_1s"": 81, ""below_minimum_order_shares"": 4875, ""future_source_timestamp_at_entry"": 1, ""missing_official_outcome_or_resolution_time"": 1, ""no_native_book_snapshot"": 916, ""no_priceable_native_ask_side"": 1536}",free_cash_5pct_cap10|edge=0.0200|cap=10,free_cash_5pct_cap10,free_cash_5pct_cap10,10.0,0.02,2026-05-06T00:00:00Z,False,out_of_sample
2026-09,25.114244525796142,25.114244525796142,25.114244525796142,25.114244525796142,4.440892098500626e-16,0.0,0,0.0,0.0,0.0,25.114244525796142,0.0,0,"{""ambiguous_equal_source_timestamp_order"": 28, ""ask_source_age_over_1s"": 30, ""below_minimum_order_shares"": 5348, ""native_ask_bbo_reconciliation_mismatch"": 6, ""no_priceable_native_ask_side"": 3227}",free_cash_5pct_cap10|edge=0.0200|cap=10,free_cash_5pct_cap10,free_cash_5pct_cap10,10.0,0.02,2026-05-06T00:00:00Z,False,out_of_sample
2026-10,25.114244525796142,25.114244525796142,25.114244525796142,25.114244525796142,4.440892098500626e-16,0.0,0,0.0,0.0,0.0,25.114244525796142,4.440892098500626e-16,0,"{""ambiguous_equal_source_timestamp_order"": 1, ""ask_source_age_over_1s"": 3, ""below_minimum_order_shares"": 1717, ""future_source_timestamp_at_entry"": 2, ""no_priceable_native_ask_side"": 5}",free_cash_5pct_cap10|edge=0.0200|cap=10,free_cash_5pct_cap10,free_cash_5pct_cap10,10.0,0.02,2026-05-06T00:00:00Z,False,out_of_sample
2026-04,100.0,39.946775454508156,100.0,39.946775454508156,8.881784197001252e-16,-60.053224545491844,117,439.46001110427267,17.551205060000004,0.6146839559912508,39.946775454508156,8.649858924207368,2,"{""ambiguous_equal_source_timestamp_order"": 587, ""ask_source_age_over_1s"": 5, ""below_minimum_after_cost_return"": 364, ""below_minimum_order_shares"": 33, ""exchange_maintenance_pause"": 1, ""native_ask_bbo_reconciliation_mismatch"": 234, ""no_positive_net_expected_value"": 1867, ""no_priceable_native_ask_side"": 1193}",free_cash_5pct_cap10|edge=0.0400|cap=10,free_cash_5pct_cap10,free_cash_5pct_cap10,10.0,0.04,2026-05-06T00:00:00Z,False,training
2026-05,39.946775454508156,30.519515994041313,39.946775454508156,30.519515994041313,8.881784197001252e-16,-9.427259460466843,5,8.993799460466848,0.43346,0.2342864557746804,30.519515994041313,1.997338772725409,1,"{""ambiguous_equal_source_timestamp_order"": 1184, ""ask_source_age_over_1s"": 339, ""below_minimum_order_shares"": 2210, ""missing_official_outcome_or_resolution_time"": 10, ""native_ask_bbo_reconciliation_mismatch"": 410, ""no_native_book_snapshot"": 316, ""no_priceable_native_ask_side"": 4453}",free_cash_5pct_cap10|edge=0.0400|cap=10,free_cash_5pct_cap10,free_cash_5pct_cap10,10.0,0.04,2026-05-06T00:00:00Z,False,training
2026-06,30.519515994041313,30.519515994041313,30.519515994041313,30.519515994041313,8.881784197001252e-16,0.0,0,0.0,0.0,0.0,30.519515994041313,0.0,0,"{""ambiguous_equal_source_timestamp_order"": 375, ""archive_gap_after_book_initialization"": 8, ""archive_hour_missing_at_entry"": 36, ""ask_source_age_over_1s"": 1034, ""below_minimum_order_shares"": 1886, ""no_native_book_snapshot"": 5046, ""no_priceable_native_ask_side"": 249}",free_cash_5pct_cap10|edge=0.0400|cap=10,free_cash_5pct_cap10,free_cash_5pct_cap10,10.0,0.04,2026-05-06T00:00:00Z,False,out_of_sample
2026-07,30.519515994041313,28.90809019433925,30.519515994041313,28.90809019433925,8.881784197001252e-16,-1.6114257997020651,1,1.5259757997020658,0.08545,0.05014038544836033,28.90809019433925,1.5259757997020666,1,"{""ambiguous_equal_source_timestamp_order"": 343, ""ask_source_age_over_1s"": 490, ""below_minimum_order_shares"": 5179, ""no_native_book_snapshot"": 2101, ""no_priceable_native_ask_side"": 813}",free_cash_5pct_cap10|edge=0.0400|cap=10,free_cash_5pct_cap10,free_cash_5pct_cap10,10.0,0.04,2026-05-06T00:00:00Z,False,out_of_sample
2026-08,28.90809019433925,25.609352557929373,28.90809019433925,25.609352557929373,8.881784197001252e-16,-3.298737636409875,7,10.36769532658273,0.53933,0.2366814880044064,25.609352557929373,1.6775010795282024,1,"{""ambiguous_equal_source_timestamp_order"": 1511, ""ask_source_age_over_1s"": 81, ""below_minimum_order_shares"": 4875, ""future_source_timestamp_at_entry"": 1, ""missing_official_outcome_or_resolution_time"": 1, ""no_native_book_snapshot"": 916, ""no_priceable_native_ask_side"": 1536}",free_cash_5pct_cap10|edge=0.0400|cap=10,free_cash_5pct_cap10,free_cash_5pct_cap10,10.0,0.04,2026-05-06T00:00:00Z,False,out_of_sample
2026-09,25.609352557929373,25.609352557929373,25.609352557929373,25.609352557929373,8.881784197001252e-16,0.0,0,0.0,0.0,0.0,25.609352557929373,0.0,0,"{""ambiguous_equal_source_timestamp_order"": 28, ""ask_source_age_over_1s"": 30, ""below_minimum_order_shares"": 5348, ""native_ask_bbo_reconciliation_mismatch"": 6, ""no_priceable_native_ask_side"": 3227}",free_cash_5pct_cap10|edge=0.0400|cap=10,free_cash_5pct_cap10,free_cash_5pct_cap10,10.0,0.04,2026-05-06T00:00:00Z,False,out_of_sample
2026-10,25.609352557929373,25.609352557929373,25.609352557929373,25.609352557929373,8.881784197001252e-16,0.0,0,0.0,0.0,0.0,25.609352557929373,8.881784197001252e-16,0,"{""ambiguous_equal_source_timestamp_order"": 1, ""ask_source_age_over_1s"": 3, ""below_minimum_order_shares"": 1717, ""future_source_timestamp_at_entry"": 2, ""no_priceable_native_ask_side"": 5}",free_cash_5pct_cap10|edge=0.0400|cap=10,free_cash_5pct_cap10,free_cash_5pct_cap10,10.0,0.04,2026-05-06T00:00:00Z,False,out_of_sample
2026-04,100.0,68.53408927050714,100.0,68.53408927050714,8.881784197001252e-16,-31.46591072949286,54,253.29477294209948,10.604019279999997,0.47646118164606344,64.40288546634257,8.315244270340896,2,"{""ambiguous_equal_source_timestamp_order"": 587, ""ask_source_age_over_1s"": 5, ""below_minimum_after_cost_return"": 472, ""exchange_maintenance_pause"": 1, ""native_ask_bbo_reconciliation_mismatch"": 234, ""no_positive_net_expected_value"": 2071, ""no_priceable_native_ask_side"": 977}",free_cash_5pct_cap10|edge=0.0800|cap=10,free_cash_5pct_cap10,free_cash_5pct_cap10,10.0,0.08,2026-05-06T00:00:00Z,False,training
2026-05,68.53408927050714,30.377282410905615,68.53408927050714,30.377282410905615,1.3322676295501878e-15,-38.156806859601524,34,83.2223039103675,3.6368499999999995,0.5558612517601316,30.377282410905615,5.628800856546071,2,"{""ambiguous_equal_source_timestamp_order"": 1184, ""ask_source_age_over_1s"": 339, ""below_minimum_after_cost_return"": 106, ""below_minimum_order_shares"": 2122, ""missing_official_outcome_or_resolution_time"": 10, ""native_ask_bbo_reconciliation_mismatch"": 410, ""no_native_book_snapshot"": 316, ""no_positive_net_expected_value"": 352, ""no_priceable_native_ask_side"": 4054}",free_cash_5pct_cap10|edge=0.0800|cap=10,free_cash_5pct_cap10,free_cash_5pct_cap10,10.0,0.08,2026-05-06T00:00:00Z,False,training
2026-06,30.377282410905615,30.377282410905615,30.377282410905615,30.377282410905615,1.3322676295501878e-15,0.0,0,0.0,0.0,0.0,30.377282410905615,0.0,0,"{""ambiguous_equal_source_timestamp_order"": 375, ""archive_gap_after_book_initialization"": 8, ""archive_hour_missing_at_entry"": 36, ""ask_source_age_over_1s"": 1034, ""below_minimum_order_shares"": 1886, ""no_native_book_snapshot"": 5046, ""no_priceable_native_ask_side"": 249}",free_cash_5pct_cap10|edge=0.0800|cap=10,free_cash_5pct_cap10,free_cash_5pct_cap10,10.0,0.08,2026-05-06T00:00:00Z,False,out_of_sample
2026-07,30.377282410905615,28.773358290360335,30.377282410905615,28.773358290360335,1.3322676295501878e-15,-1.6039241205452797,1,1.5188641205452809,0.08506,0.05014039907479582,28.773358290360335,1.5188641205452822,1,"{""ambiguous_equal_source_timestamp_order"": 343, ""ask_source_age_over_1s"": 490, ""below_minimum_order_shares"": 5179, ""no_native_book_snapshot"": 2101, ""no_priceable_native_ask_side"": 813}",free_cash_5pct_cap10|edge=0.0800|cap=10,free_cash_5pct_cap10,free_cash_5pct_cap10,10.0,0.08,2026-05-06T00:00:00Z,False,out_of_sample
2026-08,28.773358290360335,25.486236248435862,28.773358290360335,25.486236248435862,1.3322676295501878e-15,-3.287122041924473,7,10.318259924102897,0.54169,0.2367941450843954,25.486236248435862,1.6696829619614326,1,"{""ambiguous_equal_source_timestamp_order"": 1511, ""ask_source_age_over_1s"": 81, ""below_minimum_order_shares"": 4875, ""future_source_timestamp_at_entry"": 1, ""missing_official_outcome_or_resolution_time"": 1, ""no_native_book_snapshot"": 916, ""no_priceable_native_ask_side"": 1536}",free_cash_5pct_cap10|edge=0.0800|cap=10,free_cash_5pct_cap10,free_cash_5pct_cap10,10.0,0.08,2026-05-06T00:00:00Z,False,out_of_sample
2026-09,25.486236248435862,25.486236248435862,25.486236248435862,25.486236248435862,1.3322676295501878e-15,0.0,0,0.0,0.0,0.0,25.486236248435862,0.0,0,"{""ambiguous_equal_source_timestamp_order"": 28, ""ask_source_age_over_1s"": 30, ""below_minimum_order_shares"": 5348, ""native_ask_bbo_reconciliation_mismatch"": 6, ""no_priceable_native_ask_side"": 3227}",free_cash_5pct_cap10|edge=0.0800|cap=10,free_cash_5pct_cap10,free_cash_5pct_cap10,10.0,0.08,2026-05-06T00:00:00Z,False,out_of_sample
2026-10,25.486236248435862,25.486236248435862,25.486236248435862,25.486236248435862,1.3322676295501878e-15,0.0,0,0.0,0.0,0.0,25.486236248435862,1.3322676295501878e-15,0,"{""ambiguous_equal_source_timestamp_order"": 1, ""ask_source_age_over_1s"": 3, ""below_minimum_order_shares"": 1717, ""future_source_timestamp_at_entry"": 2, ""no_priceable_native_ask_side"": 5}",free_cash_5pct_cap10|edge=0.0800|cap=10,free_cash_5pct_cap10,free_cash_5pct_cap10,10.0,0.08,2026-05-06T00:00:00Z,False,out_of_sample
2026-04,100.0,39.03080644247175,100.0,39.03080644247175,2.220446049250313e-15,-60.96919355752825,420,2660.982756543604,100.08932334999994,0.8272483670284067,39.03080644247175,20.461409589319807,2,"{""ambiguous_equal_source_timestamp_order"": 587, ""ask_source_age_over_1s"": 5, ""below_minimum_order_shares"": 70, ""exchange_maintenance_pause"": 1, ""native_ask_bbo_reconciliation_mismatch"": 234, ""no_positive_net_expected_value"": 1682, ""no_priceable_native_ask_side"": 1402}",free_cash_5pct_cap15|edge=0.0000|cap=15,free_cash_5pct_cap15,free_cash_5pct_cap15,15.0,0.0,2026-05-06T00:00:00Z,False,training
2026-05,39.03080644247175,29.81860321093683,39.03080644247175,29.818603210936825,2.220446049250313e-15,-9.212203231534922,5,8.78757323153492,0.42463,0.23431482905488787,29.818603210936825,1.9515403221235896,1,"{""ambiguous_equal_source_timestamp_order"": 1184, ""ask_source_age_over_1s"": 339, ""below_minimum_order_shares"": 2211, ""missing_official_outcome_or_resolution_time"": 10, ""native_ask_bbo_reconciliation_mismatch"": 410, ""no_native_book_snapshot"": 316, ""no_priceable_native_ask_side"": 4452}",free_cash_5pct_cap15|edge=0.0000|cap=15,free_cash_5pct_cap15,free_cash_5pct_cap15,15.0,0.0,2026-05-06T00:00:00Z,False,training
2026-06,29.81860321093683,29.81860321093683,29.818603210936825,29.818603210936825,2.220446049250313e-15,0.0,0,0.0,0.0,0.0,29.818603210936825,0.0,0,"{""ambiguous_equal_source_timestamp_order"": 375, ""archive_gap_after_book_initialization"": 8, ""archive_hour_missing_at_entry"": 36, ""ask_source_age_over_1s"": 1034, ""below_minimum_order_shares"": 1886, ""no_native_book_snapshot"": 5046, ""no_priceable_native_ask_side"": 249}",free_cash_5pct_cap15|edge=0.0000|cap=15,free_cash_5pct_cap15,free_cash_5pct_cap15,15.0,0.0,2026-05-06T00:00:00Z,False,out_of_sample
2026-07,29.81860321093683,28.24418305038999,29.818603210936825,28.244183050389985,2.220446049250313e-15,-1.5744201605468398,1,1.4909301605468412,0.08349,0.050140389578152395,28.244183050389985,1.4909301605468435,1,"{""ambiguous_equal_source_timestamp_order"": 343, ""ask_source_age_over_1s"": 490, ""below_minimum_order_shares"": 5179, ""no_native_book_snapshot"": 2101, ""no_priceable_native_ask_side"": 813}",free_cash_5pct_cap15|edge=0.0000|cap=15,free_cash_5pct_cap15,free_cash_5pct_cap15,15.0,0.0,2026-05-06T00:00:00Z,False,out_of_sample
2026-08,28.24418305038999,25.017504030036168,28.244183050389985,25.017504030036164,2.220446049250313e-15,-3.2266790203538207,7,10.128492880873402,0.53174,0.23679440272333402,25.017504030036164,1.6389754031748294,1,"{""ambiguous_equal_source_timestamp_order"": 1511, ""ask_source_age_over_1s"": 81, ""below_minimum_order_shares"": 4875, ""future_source_timestamp_at_entry"": 1, ""missing_official_outcome_or_resolution_time"": 1, ""no_native_book_snapshot"": 916, ""no_priceable_native_ask_side"": 1536}",free_cash_5pct_cap15|edge=0.0000|cap=15,free_cash_5pct_cap15,free_cash_5pct_cap15,15.0,0.0,2026-05-06T00:00:00Z,False,out_of_sample
2026-09,25.017504030036168,25.017504030036168,25.017504030036164,25.017504030036164,2.220446049250313e-15,0.0,0,0.0,0.0,0.0,25.017504030036164,0.0,0,"{""ambiguous_equal_source_timestamp_order"": 28, ""ask_source_age_over_1s"": 30, ""below_minimum_order_shares"": 5348, ""native_ask_bbo_reconciliation_mismatch"": 6, ""no_priceable_native_ask_side"": 3227}",free_cash_5pct_cap15|edge=0.0000|cap=15,free_cash_5pct_cap15,free_cash_5pct_cap15,15.0,0.0,2026-05-06T00:00:00Z,False,out_of_sample
2026-10,25.017504030036168,25.017504030036168,25.017504030036164,25.017504030036164,2.220446049250313e-15,0.0,0,0.0,0.0,0.0,25.017504030036164,2.220446049250313e-15,0,"{""ambiguous_equal_source_timestamp_order"": 1, ""ask_source_age_over_1s"": 3, ""below_minimum_order_shares"": 1717, ""future_source_timestamp_at_entry"": 2, ""no_priceable_native_ask_side"": 5}",free_cash_5pct_cap15|edge=0.0000|cap=15,free_cash_5pct_cap15,free_cash_5pct_cap15,15.0,0.0,2026-05-06T00:00:00Z,False,out_of_sample
2026-04,100.0,72.67261048485389,100.0,72.67261048485389,0.0,-27.32738951514611,240,1180.6653782317603,45.6163807,0.49808769633215433,64.76725367619973,13.362318797819942,2,"{""ambiguous_equal_source_timestamp_order"": 587, ""ask_source_age_over_1s"": 5, ""below_minimum_after_cost_return"": 286, ""exchange_maintenance_pause"": 1, ""native_ask_bbo_reconciliation_mismatch"": 234, ""no_positive_net_expected_value"": 2071, ""no_priceable_native_ask_side"": 977}",free_cash_5pct_cap15|edge=0.0200|cap=15,free_cash_5pct_cap15,free_cash_5pct_cap15,15.0,0.02,2026-05-06T00:00:00Z,False,training
2026-05,72.67261048485389,29.933910379120515,72.67261048485389,29.933910379120515,4.440892098500626e-16,-42.73870010573337,78,206.32943020157356,8.31087,0.587311732243632,29.933910379120515,6.766303271802233,2,"{""ambiguous_equal_source_timestamp_order"": 1184, ""ask_source_age_over_1s"": 339, ""below_minimum_after_cost_return"": 38, ""below_minimum_order_shares"": 2143, ""missing_official_outcome_or_resolution_time"": 10, ""native_ask_bbo_reconciliation_mismatch"": 410, ""no_native_book_snapshot"": 316, ""no_positive_net_expected_value"": 265, ""no_priceable_native_ask_side"": 4144}",free_cash_5pct_cap15|edge=0.0200|cap=15,free_cash_5pct_cap15,free_cash_5pct_cap15,15.0,0.02,2026-05-06T00:00:00Z,False,training
2026-06,29.933910379120515,29.933910379120515,29.933910379120515,29.933910379120515,4.440892098500626e-16,0.0,0,0.0,0.0,0.0,29.933910379120515,0.0,0,"{""ambiguous_equal_source_timestamp_order"": 375, ""archive_gap_after_book_initialization"": 8, ""archive_hour_missing_at_entry"": 36, ""ask_source_age_over_1s"": 1034, ""below_minimum_order_shares"": 1886, ""no_native_book_snapshot"": 5046, ""no_priceable_native_ask_side"": 249}",free_cash_5pct_cap15|edge=0.0200|cap=15,free_cash_5pct_cap15,free_cash_5pct_cap15,15.0,0.02,2026-05-06T00:00:00Z,False,out_of_sample
2026-07,29.933910379120515,28.35340486016449,29.933910379120515,28.35340486016449,4.440892098500626e-16,-1.580505518956027,1,1.4966955189560258,0.08381,0.05014038478754774,28.35340486016449,1.4966955189560263,1,"{""ambiguous_equal_source_timestamp_order"": 343, ""ask_source_age_over_1s"": 490, ""below_minimum_order_shares"": 5179, ""no_native_book_snapshot"": 2101, ""no_priceable_native_ask_side"": 813}",free_cash_5pct_cap15|edge=0.0200|cap=15,free_cash_5pct_cap15,free_cash_5pct_cap15,15.0,0.02,2026-05-06T00:00:00Z,False,out_of_sample
2026-08,28.35340486016449,25.114244525796142,28.35340486016449,25.114244525796142,4.440892098500626e-16,-3.2391603343683464,7,10.167661616911756,0.5338,0.23679459105735753,25.114244525796142,1.6453135834420936,1,"{""ambiguous_equal_source_timestamp_order"": 1511, ""ask_source_age_over_1s"": 81, ""below_minimum_order_shares"": 4875, ""future_source_timestamp_at_entry"": 1, ""missing_official_outcome_or_resolution_time"": 1, ""no_native_book_snapshot"": 916, ""no_priceable_native_ask_side"": 1536}",free_cash_5pct_cap15|edge=0.0200|cap=15,free_cash_5pct_cap15,free_cash_5pct_cap15,15.0,0.02,2026-05-06T00:00:00Z,False,out_of_sample
2026-09,25.114244525796142,25.114244525796142,25.114244525796142,25.114244525796142,4.440892098500626e-16,0.0,0,0.0,0.0,0.0,25.114244525796142,0.0,0,"{""ambiguous_equal_source_timestamp_order"": 28, ""ask_source_age_over_1s"": 30, ""below_minimum_order_shares"": 5348, ""native_ask_bbo_reconciliation_mismatch"": 6, ""no_priceable_native_ask_side"": 3227}",free_cash_5pct_cap15|edge=0.0200|cap=15,free_cash_5pct_cap15,free_cash_5pct_cap15,15.0,0.02,2026-05-06T00:00:00Z,False,out_of_sample
2026-10,25.114244525796142,25.114244525796142,25.114244525796142,25.114244525796142,4.440892098500626e-16,0.0,0,0.0,0.0,0.0,25.114244525796142,4.440892098500626e-16,0,"{""ambiguous_equal_source_timestamp_order"": 1, ""ask_source_age_over_1s"": 3, ""below_minimum_order_shares"": 1717, ""future_source_timestamp_at_entry"": 2, ""no_priceable_native_ask_side"": 5}",free_cash_5pct_cap15|edge=0.0200|cap=15,free_cash_5pct_cap15,free_cash_5pct_cap15,15.0,0.02,2026-05-06T00:00:00Z,False,out_of_sample
2026-04,100.0,39.946775454508156,100.0,39.946775454508156,8.881784197001252e-16,-60.053224545491844,117,439.46001110427267,17.551205060000004,0.6146839559912508,39.946775454508156,8.649858924207368,2,"{""ambiguous_equal_source_timestamp_order"": 587, ""ask_source_age_over_1s"": 5, ""below_minimum_after_cost_return"": 364, ""below_minimum_order_shares"": 33, ""exchange_maintenance_pause"": 1, ""native_ask_bbo_reconciliation_mismatch"": 234, ""no_positive_net_expected_value"": 1867, ""no_priceable_native_ask_side"": 1193}",free_cash_5pct_cap15|edge=0.0400|cap=15,free_cash_5pct_cap15,free_cash_5pct_cap15,15.0,0.04,2026-05-06T00:00:00Z,False,training
2026-05,39.946775454508156,30.519515994041313,39.946775454508156,30.519515994041313,8.881784197001252e-16,-9.427259460466843,5,8.993799460466848,0.43346,0.2342864557746804,30.519515994041313,1.997338772725409,1,"{""ambiguous_equal_source_timestamp_order"": 1184, ""ask_source_age_over_1s"": 339, ""below_minimum_order_shares"": 2210, ""missing_official_outcome_or_resolution_time"": 10, ""native_ask_bbo_reconciliation_mismatch"": 410, ""no_native_book_snapshot"": 316, ""no_priceable_native_ask_side"": 4453}",free_cash_5pct_cap15|edge=0.0400|cap=15,free_cash_5pct_cap15,free_cash_5pct_cap15,15.0,0.04,2026-05-06T00:00:00Z,False,training
2026-06,30.519515994041313,30.519515994041313,30.519515994041313,30.519515994041313,8.881784197001252e-16,0.0,0,0.0,0.0,0.0,30.519515994041313,0.0,0,"{""ambiguous_equal_source_timestamp_order"": 375, ""archive_gap_after_book_initialization"": 8, ""archive_hour_missing_at_entry"": 36, ""ask_source_age_over_1s"": 1034, ""below_minimum_order_shares"": 1886, ""no_native_book_snapshot"": 5046, ""no_priceable_native_ask_side"": 249}",free_cash_5pct_cap15|edge=0.0400|cap=15,free_cash_5pct_cap15,free_cash_5pct_cap15,15.0,0.04,2026-05-06T00:00:00Z,False,out_of_sample
2026-07,30.519515994041313,28.90809019433925,30.519515994041313,28.90809019433925,8.881784197001252e-16,-1.6114257997020651,1,1.5259757997020658,0.08545,0.05014038544836033,28.90809019433925,1.5259757997020666,1,"{""ambiguous_equal_source_timestamp_order"": 343, ""ask_source_age_over_1s"": 490, ""below_minimum_order_shares"": 5179, ""no_native_book_snapshot"": 2101, ""no_priceable_native_ask_side"": 813}",free_cash_5pct_cap15|edge=0.0400|cap=15,free_cash_5pct_cap15,free_cash_5pct_cap15,15.0,0.04,2026-05-06T00:00:00Z,False,out_of_sample
2026-08,28.90809019433925,25.609352557929373,28.90809019433925,25.609352557929373,8.881784197001252e-16,-3.298737636409875,7,10.36769532658273,0.53933,0.2366814880044064,25.609352557929373,1.6775010795282024,1,"{""ambiguous_equal_source_timestamp_order"": 1511, ""ask_source_age_over_1s"": 81, ""below_minimum_order_shares"": 4875, ""future_source_timestamp_at_entry"": 1, ""missing_official_outcome_or_resolution_time"": 1, ""no_native_book_snapshot"": 916, ""no_priceable_native_ask_side"": 1536}",free_cash_5pct_cap15|edge=0.0400|cap=15,free_cash_5pct_cap15,free_cash_5pct_cap15,15.0,0.04,2026-05-06T00:00:00Z,False,out_of_sample
2026-09,25.609352557929373,25.609352557929373,25.609352557929373,25.609352557929373,8.881784197001252e-16,0.0,0,0.0,0.0,0.0,25.609352557929373,0.0,0,"{""ambiguous_equal_source_timestamp_order"": 28, ""ask_source_age_over_1s"": 30, ""below_minimum_order_shares"": 5348, ""native_ask_bbo_reconciliation_mismatch"": 6, ""no_priceable_native_ask_side"": 3227}",free_cash_5pct_cap15|edge=0.0400|cap=15,free_cash_5pct_cap15,free_cash_5pct_cap15,15.0,0.04,2026-05-06T00:00:00Z,False,out_of_sample
2026-10,25.609352557929373,25.609352557929373,25.609352557929373,25.609352557929373,8.881784197001252e-16,0.0,0,0.0,0.0,0.0,25.609352557929373,8.881784197001252e-16,0,"{""ambiguous_equal_source_timestamp_order"": 1, ""ask_source_age_over_1s"": 3, ""below_minimum_order_shares"": 1717, ""future_source_timestamp_at_entry"": 2, ""no_priceable_native_ask_side"": 5}",free_cash_5pct_cap15|edge=0.0400|cap=15,free_cash_5pct_cap15,free_cash_5pct_cap15,15.0,0.04,2026-05-06T00:00:00Z,False,out_of_sample
2026-04,100.0,68.53408927050714,100.0,68.53408927050714,8.881784197001252e-16,-31.46591072949286,54,253.29477294209948,10.604019279999997,0.47646118164606344,64.40288546634257,8.315244270340896,2,"{""ambiguous_equal_source_timestamp_order"": 587, ""ask_source_age_over_1s"": 5, ""below_minimum_after_cost_return"": 472, ""exchange_maintenance_pause"": 1, ""native_ask_bbo_reconciliation_mismatch"": 234, ""no_positive_net_expected_value"": 2071, ""no_priceable_native_ask_side"": 977}",free_cash_5pct_cap15|edge=0.0800|cap=15,free_cash_5pct_cap15,free_cash_5pct_cap15,15.0,0.08,2026-05-06T00:00:00Z,False,training
2026-05,68.53408927050714,30.377282410905615,68.53408927050714,30.377282410905615,1.3322676295501878e-15,-38.156806859601524,34,83.2223039103675,3.6368499999999995,0.5558612517601316,30.377282410905615,5.628800856546071,2,"{""ambiguous_equal_source_timestamp_order"": 1184, ""ask_source_age_over_1s"": 339, ""below_minimum_after_cost_return"": 106, ""below_minimum_order_shares"": 2122, ""missing_official_outcome_or_resolution_time"": 10, ""native_ask_bbo_reconciliation_mismatch"": 410, ""no_native_book_snapshot"": 316, ""no_positive_net_expected_value"": 352, ""no_priceable_native_ask_side"": 4054}",free_cash_5pct_cap15|edge=0.0800|cap=15,free_cash_5pct_cap15,free_cash_5pct_cap15,15.0,0.08,2026-05-06T00:00:00Z,False,training
2026-06,30.377282410905615,30.377282410905615,30.377282410905615,30.377282410905615,1.3322676295501878e-15,0.0,0,0.0,0.0,0.0,30.377282410905615,0.0,0,"{""ambiguous_equal_source_timestamp_order"": 375, ""archive_gap_after_book_initialization"": 8, ""archive_hour_missing_at_entry"": 36, ""ask_source_age_over_1s"": 1034, ""below_minimum_order_shares"": 1886, ""no_native_book_snapshot"": 5046, ""no_priceable_native_ask_side"": 249}",free_cash_5pct_cap15|edge=0.0800|cap=15,free_cash_5pct_cap15,free_cash_5pct_cap15,15.0,0.08,2026-05-06T00:00:00Z,False,out_of_sample
2026-07,30.377282410905615,28.773358290360335,30.377282410905615,28.773358290360335,1.3322676295501878e-15,-1.6039241205452797,1,1.5188641205452809,0.08506,0.05014039907479582,28.773358290360335,1.5188641205452822,1,"{""ambiguous_equal_source_timestamp_order"": 343, ""ask_source_age_over_1s"": 490, ""below_minimum_order_shares"": 5179, ""no_native_book_snapshot"": 2101, ""no_priceable_native_ask_side"": 813}",free_cash_5pct_cap15|edge=0.0800|cap=15,free_cash_5pct_cap15,free_cash_5pct_cap15,15.0,0.08,2026-05-06T00:00:00Z,False,out_of_sample
2026-08,28.773358290360335,25.486236248435862,28.773358290360335,25.486236248435862,1.3322676295501878e-15,-3.287122041924473,7,10.318259924102897,0.54169,0.2367941450843954,25.486236248435862,1.6696829619614326,1,"{""ambiguous_equal_source_timestamp_order"": 1511, ""ask_source_age_over_1s"": 81, ""below_minimum_order_shares"": 4875, ""future_source_timestamp_at_entry"": 1, ""missing_official_outcome_or_resolution_time"": 1, ""no_native_book_snapshot"": 916, ""no_priceable_native_ask_side"": 1536}",free_cash_5pct_cap15|edge=0.0800|cap=15,free_cash_5pct_cap15,free_cash_5pct_cap15,15.0,0.08,2026-05-06T00:00:00Z,False,out_of_sample
2026-09,25.486236248435862,25.486236248435862,25.486236248435862,25.486236248435862,1.3322676295501878e-15,0.0,0,0.0,0.0,0.0,25.486236248435862,0.0,0,"{""ambiguous_equal_source_timestamp_order"": 28, ""ask_source_age_over_1s"": 30, ""below_minimum_order_shares"": 5348, ""native_ask_bbo_reconciliation_mismatch"": 6, ""no_priceable_native_ask_side"": 3227}",free_cash_5pct_cap15|edge=0.0800|cap=15,free_cash_5pct_cap15,free_cash_5pct_cap15,15.0,0.08,2026-05-06T00:00:00Z,False,out_of_sample
2026-10,25.486236248435862,25.486236248435862,25.486236248435862,25.486236248435862,1.3322676295501878e-15,0.0,0,0.0,0.0,0.0,25.486236248435862,1.3322676295501878e-15,0,"{""ambiguous_equal_source_timestamp_order"": 1, ""ask_source_age_over_1s"": 3, ""below_minimum_order_shares"": 1717, ""future_source_timestamp_at_entry"": 2, ""no_priceable_native_ask_side"": 5}",free_cash_5pct_cap15|edge=0.0800|cap=15,free_cash_5pct_cap15,free_cash_5pct_cap15,15.0,0.08,2026-05-06T00:00:00Z,False,out_of_sample
2026-04,100.0,39.03080644247175,100.0,39.03080644247175,2.220446049250313e-15,-60.96919355752825,420,2660.982756543604,100.08932334999994,0.8272483670284067,39.03080644247175,20.461409589319807,2,"{""ambiguous_equal_source_timestamp_order"": 587, ""ask_source_age_over_1s"": 5, ""below_minimum_order_shares"": 70, ""exchange_maintenance_pause"": 1, ""native_ask_bbo_reconciliation_mismatch"": 234, ""no_positive_net_expected_value"": 1682, ""no_priceable_native_ask_side"": 1402}",free_cash_5pct_cap20|edge=0.0000|cap=20,free_cash_5pct_cap20,free_cash_5pct_cap20,20.0,0.0,2026-05-06T00:00:00Z,False,training
2026-05,39.03080644247175,29.81860321093683,39.03080644247175,29.818603210936825,2.220446049250313e-15,-9.212203231534922,5,8.78757323153492,0.42463,0.23431482905488787,29.818603210936825,1.9515403221235896,1,"{""ambiguous_equal_source_timestamp_order"": 1184, ""ask_source_age_over_1s"": 339, ""below_minimum_order_shares"": 2211, ""missing_official_outcome_or_resolution_time"": 10, ""native_ask_bbo_reconciliation_mismatch"": 410, ""no_native_book_snapshot"": 316, ""no_priceable_native_ask_side"": 4452}",free_cash_5pct_cap20|edge=0.0000|cap=20,free_cash_5pct_cap20,free_cash_5pct_cap20,20.0,0.0,2026-05-06T00:00:00Z,False,training
2026-06,29.81860321093683,29.81860321093683,29.818603210936825,29.818603210936825,2.220446049250313e-15,0.0,0,0.0,0.0,0.0,29.818603210936825,0.0,0,"{""ambiguous_equal_source_timestamp_order"": 375, ""archive_gap_after_book_initialization"": 8, ""archive_hour_missing_at_entry"": 36, ""ask_source_age_over_1s"": 1034, ""below_minimum_order_shares"": 1886, ""no_native_book_snapshot"": 5046, ""no_priceable_native_ask_side"": 249}",free_cash_5pct_cap20|edge=0.0000|cap=20,free_cash_5pct_cap20,free_cash_5pct_cap20,20.0,0.0,2026-05-06T00:00:00Z,False,out_of_sample
2026-07,29.81860321093683,28.24418305038999,29.818603210936825,28.244183050389985,2.220446049250313e-15,-1.5744201605468398,1,1.4909301605468412,0.08349,0.050140389578152395,28.244183050389985,1.4909301605468435,1,"{""ambiguous_equal_source_timestamp_order"": 343, ""ask_source_age_over_1s"": 490, ""below_minimum_order_shares"": 5179, ""no_native_book_snapshot"": 2101, ""no_priceable_native_ask_side"": 813}",free_cash_5pct_cap20|edge=0.0000|cap=20,free_cash_5pct_cap20,free_cash_5pct_cap20,20.0,0.0,2026-05-06T00:00:00Z,False,out_of_sample
2026-08,28.24418305038999,25.017504030036168,28.244183050389985,25.017504030036164,2.220446049250313e-15,-3.2266790203538207,7,10.128492880873402,0.53174,0.23679440272333402,25.017504030036164,1.6389754031748294,1,"{""ambiguous_equal_source_timestamp_order"": 1511, ""ask_source_age_over_1s"": 81, ""below_minimum_order_shares"": 4875, ""future_source_timestamp_at_entry"": 1, ""missing_official_outcome_or_resolution_time"": 1, ""no_native_book_snapshot"": 916, ""no_priceable_native_ask_side"": 1536}",free_cash_5pct_cap20|edge=0.0000|cap=20,free_cash_5pct_cap20,free_cash_5pct_cap20,20.0,0.0,2026-05-06T00:00:00Z,False,out_of_sample
2026-09,25.017504030036168,25.017504030036168,25.017504030036164,25.017504030036164,2.220446049250313e-15,0.0,0,0.0,0.0,0.0,25.017504030036164,0.0,0,"{""ambiguous_equal_source_timestamp_order"": 28, ""ask_source_age_over_1s"": 30, ""below_minimum_order_shares"": 5348, ""native_ask_bbo_reconciliation_mismatch"": 6, ""no_priceable_native_ask_side"": 3227}",free_cash_5pct_cap20|edge=0.0000|cap=20,free_cash_5pct_cap20,free_cash_5pct_cap20,20.0,0.0,2026-05-06T00:00:00Z,False,out_of_sample
2026-10,25.017504030036168,25.017504030036168,25.017504030036164,25.017504030036164,2.220446049250313e-15,0.0,0,0.0,0.0,0.0,25.017504030036164,2.220446049250313e-15,0,"{""ambiguous_equal_source_timestamp_order"": 1, ""ask_source_age_over_1s"": 3, ""below_minimum_order_shares"": 1717, ""future_source_timestamp_at_entry"": 2, ""no_priceable_native_ask_side"": 5}",free_cash_5pct_cap20|edge=0.0000|cap=20,free_cash_5pct_cap20,free_cash_5pct_cap20,20.0,0.0,2026-05-06T00:00:00Z,False,out_of_sample
2026-04,100.0,72.67261048485389,100.0,72.67261048485389,0.0,-27.32738951514611,240,1180.6653782317603,45.6163807,0.49808769633215433,64.76725367619973,13.362318797819942,2,"{""ambiguous_equal_source_timestamp_order"": 587, ""ask_source_age_over_1s"": 5, ""below_minimum_after_cost_return"": 286, ""exchange_maintenance_pause"": 1, ""native_ask_bbo_reconciliation_mismatch"": 234, ""no_positive_net_expected_value"": 2071, ""no_priceable_native_ask_side"": 977}",free_cash_5pct_cap20|edge=0.0200|cap=20,free_cash_5pct_cap20,free_cash_5pct_cap20,20.0,0.02,2026-05-06T00:00:00Z,False,training
2026-05,72.67261048485389,29.933910379120515,72.67261048485389,29.933910379120515,4.440892098500626e-16,-42.73870010573337,78,206.32943020157356,8.31087,0.587311732243632,29.933910379120515,6.766303271802233,2,"{""ambiguous_equal_source_timestamp_order"": 1184, ""ask_source_age_over_1s"": 339, ""below_minimum_after_cost_return"": 38, ""below_minimum_order_shares"": 2143, ""missing_official_outcome_or_resolution_time"": 10, ""native_ask_bbo_reconciliation_mismatch"": 410, ""no_native_book_snapshot"": 316, ""no_positive_net_expected_value"": 265, ""no_priceable_native_ask_side"": 4144}",free_cash_5pct_cap20|edge=0.0200|cap=20,free_cash_5pct_cap20,free_cash_5pct_cap20,20.0,0.02,2026-05-06T00:00:00Z,False,training
2026-06,29.933910379120515,29.933910379120515,29.933910379120515,29.933910379120515,4.440892098500626e-16,0.0,0,0.0,0.0,0.0,29.933910379120515,0.0,0,"{""ambiguous_equal_source_timestamp_order"": 375, ""archive_gap_after_book_initialization"": 8, ""archive_hour_missing_at_entry"": 36, ""ask_source_age_over_1s"": 1034, ""below_minimum_order_shares"": 1886, ""no_native_book_snapshot"": 5046, ""no_priceable_native_ask_side"": 249}",free_cash_5pct_cap20|edge=0.0200|cap=20,free_cash_5pct_cap20,free_cash_5pct_cap20,20.0,0.02,2026-05-06T00:00:00Z,False,out_of_sample
2026-07,29.933910379120515,28.35340486016449,29.933910379120515,28.35340486016449,4.440892098500626e-16,-1.580505518956027,1,1.4966955189560258,0.08381,0.05014038478754774,28.35340486016449,1.4966955189560263,1,"{""ambiguous_equal_source_timestamp_order"": 343, ""ask_source_age_over_1s"": 490, ""below_minimum_order_shares"": 5179, ""no_native_book_snapshot"": 2101, ""no_priceable_native_ask_side"": 813}",free_cash_5pct_cap20|edge=0.0200|cap=20,free_cash_5pct_cap20,free_cash_5pct_cap20,20.0,0.02,2026-05-06T00:00:00Z,False,out_of_sample
2026-08,28.35340486016449,25.114244525796142,28.35340486016449,25.114244525796142,4.440892098500626e-16,-3.2391603343683464,7,10.167661616911756,0.5338,0.23679459105735753,25.114244525796142,1.6453135834420936,1,"{""ambiguous_equal_source_timestamp_order"": 1511, ""ask_source_age_over_1s"": 81, ""below_minimum_order_shares"": 4875, ""future_source_timestamp_at_entry"": 1, ""missing_official_outcome_or_resolution_time"": 1, ""no_native_book_snapshot"": 916, ""no_priceable_native_ask_side"": 1536}",free_cash_5pct_cap20|edge=0.0200|cap=20,free_cash_5pct_cap20,free_cash_5pct_cap20,20.0,0.02,2026-05-06T00:00:00Z,False,out_of_sample
2026-09,25.114244525796142,25.114244525796142,25.114244525796142,25.114244525796142,4.440892098500626e-16,0.0,0,0.0,0.0,0.0,25.114244525796142,0.0,0,"{""ambiguous_equal_source_timestamp_order"": 28, ""ask_source_age_over_1s"": 30, ""below_minimum_order_shares"": 5348, ""native_ask_bbo_reconciliation_mismatch"": 6, ""no_priceable_native_ask_side"": 3227}",free_cash_5pct_cap20|edge=0.0200|cap=20,free_cash_5pct_cap20,free_cash_5pct_cap20,20.0,0.02,2026-05-06T00:00:00Z,False,out_of_sample
2026-10,25.114244525796142,25.114244525796142,25.114244525796142,25.114244525796142,4.440892098500626e-16,0.0,0,0.0,0.0,0.0,25.114244525796142,4.440892098500626e-16,0,"{""ambiguous_equal_source_timestamp_order"": 1, ""ask_source_age_over_1s"": 3, ""below_minimum_order_shares"": 1717, ""future_source_timestamp_at_entry"": 2, ""no_priceable_native_ask_side"": 5}",free_cash_5pct_cap20|edge=0.0200|cap=20,free_cash_5pct_cap20,free_cash_5pct_cap20,20.0,0.02,2026-05-06T00:00:00Z,False,out_of_sample
2026-04,100.0,39.946775454508156,100.0,39.946775454508156,8.881784197001252e-16,-60.053224545491844,117,439.46001110427267,17.551205060000004,0.6146839559912508,39.946775454508156,8.649858924207368,2,"{""ambiguous_equal_source_timestamp_order"": 587, ""ask_source_age_over_1s"": 5, ""below_minimum_after_cost_return"": 364, ""below_minimum_order_shares"": 33, ""exchange_maintenance_pause"": 1, ""native_ask_bbo_reconciliation_mismatch"": 234, ""no_positive_net_expected_value"": 1867, ""no_priceable_native_ask_side"": 1193}",free_cash_5pct_cap20|edge=0.0400|cap=20,free_cash_5pct_cap20,free_cash_5pct_cap20,20.0,0.04,2026-05-06T00:00:00Z,False,training
2026-05,39.946775454508156,30.519515994041313,39.946775454508156,30.519515994041313,8.881784197001252e-16,-9.427259460466843,5,8.993799460466848,0.43346,0.2342864557746804,30.519515994041313,1.997338772725409,1,"{""ambiguous_equal_source_timestamp_order"": 1184, ""ask_source_age_over_1s"": 339, ""below_minimum_order_shares"": 2210, ""missing_official_outcome_or_resolution_time"": 10, ""native_ask_bbo_reconciliation_mismatch"": 410, ""no_native_book_snapshot"": 316, ""no_priceable_native_ask_side"": 4453}",free_cash_5pct_cap20|edge=0.0400|cap=20,free_cash_5pct_cap20,free_cash_5pct_cap20,20.0,0.04,2026-05-06T00:00:00Z,False,training
2026-06,30.519515994041313,30.519515994041313,30.519515994041313,30.519515994041313,8.881784197001252e-16,0.0,0,0.0,0.0,0.0,30.519515994041313,0.0,0,"{""ambiguous_equal_source_timestamp_order"": 375, ""archive_gap_after_book_initialization"": 8, ""archive_hour_missing_at_entry"": 36, ""ask_source_age_over_1s"": 1034, ""below_minimum_order_shares"": 1886, ""no_native_book_snapshot"": 5046, ""no_priceable_native_ask_side"": 249}",free_cash_5pct_cap20|edge=0.0400|cap=20,free_cash_5pct_cap20,free_cash_5pct_cap20,20.0,0.04,2026-05-06T00:00:00Z,False,out_of_sample
2026-07,30.519515994041313,28.90809019433925,30.519515994041313,28.90809019433925,8.881784197001252e-16,-1.6114257997020651,1,1.5259757997020658,0.08545,0.05014038544836033,28.90809019433925,1.5259757997020666,1,"{""ambiguous_equal_source_timestamp_order"": 343, ""ask_source_age_over_1s"": 490, ""below_minimum_order_shares"": 5179, ""no_native_book_snapshot"": 2101, ""no_priceable_native_ask_side"": 813}",free_cash_5pct_cap20|edge=0.0400|cap=20,free_cash_5pct_cap20,free_cash_5pct_cap20,20.0,0.04,2026-05-06T00:00:00Z,False,out_of_sample
2026-08,28.90809019433925,25.609352557929373,28.90809019433925,25.609352557929373,8.881784197001252e-16,-3.298737636409875,7,10.36769532658273,0.53933,0.2366814880044064,25.609352557929373,1.6775010795282024,1,"{""ambiguous_equal_source_timestamp_order"": 1511, ""ask_source_age_over_1s"": 81, ""below_minimum_order_shares"": 4875, ""future_source_timestamp_at_entry"": 1, ""missing_official_outcome_or_resolution_time"": 1, ""no_native_book_snapshot"": 916, ""no_priceable_native_ask_side"": 1536}",free_cash_5pct_cap20|edge=0.0400|cap=20,free_cash_5pct_cap20,free_cash_5pct_cap20,20.0,0.04,2026-05-06T00:00:00Z,False,out_of_sample
2026-09,25.609352557929373,25.609352557929373,25.609352557929373,25.609352557929373,8.881784197001252e-16,0.0,0,0.0,0.0,0.0,25.609352557929373,0.0,0,"{""ambiguous_equal_source_timestamp_order"": 28, ""ask_source_age_over_1s"": 30, ""below_minimum_order_shares"": 5348, ""native_ask_bbo_reconciliation_mismatch"": 6, ""no_priceable_native_ask_side"": 3227}",free_cash_5pct_cap20|edge=0.0400|cap=20,free_cash_5pct_cap20,free_cash_5pct_cap20,20.0,0.04,2026-05-06T00:00:00Z,False,out_of_sample
2026-10,25.609352557929373,25.609352557929373,25.609352557929373,25.609352557929373,8.881784197001252e-16,0.0,0,0.0,0.0,0.0,25.609352557929373,8.881784197001252e-16,0,"{""ambiguous_equal_source_timestamp_order"": 1, ""ask_source_age_over_1s"": 3, ""below_minimum_order_shares"": 1717, ""future_source_timestamp_at_entry"": 2, ""no_priceable_native_ask_side"": 5}",free_cash_5pct_cap20|edge=0.0400|cap=20,free_cash_5pct_cap20,free_cash_5pct_cap20,20.0,0.04,2026-05-06T00:00:00Z,False,out_of_sample
2026-04,100.0,68.53408927050714,100.0,68.53408927050714,8.881784197001252e-16,-31.46591072949286,54,253.29477294209948,10.604019279999997,0.47646118164606344,64.40288546634257,8.315244270340896,2,"{""ambiguous_equal_source_timestamp_order"": 587, ""ask_source_age_over_1s"": 5, ""below_minimum_after_cost_return"": 472, ""exchange_maintenance_pause"": 1, ""native_ask_bbo_reconciliation_mismatch"": 234, ""no_positive_net_expected_value"": 2071, ""no_priceable_native_ask_side"": 977}",free_cash_5pct_cap20|edge=0.0800|cap=20,free_cash_5pct_cap20,free_cash_5pct_cap20,20.0,0.08,2026-05-06T00:00:00Z,False,training
2026-05,68.53408927050714,30.377282410905615,68.53408927050714,30.377282410905615,1.3322676295501878e-15,-38.156806859601524,34,83.2223039103675,3.6368499999999995,0.5558612517601316,30.377282410905615,5.628800856546071,2,"{""ambiguous_equal_source_timestamp_order"": 1184, ""ask_source_age_over_1s"": 339, ""below_minimum_after_cost_return"": 106, ""below_minimum_order_shares"": 2122, ""missing_official_outcome_or_resolution_time"": 10, ""native_ask_bbo_reconciliation_mismatch"": 410, ""no_native_book_snapshot"": 316, ""no_positive_net_expected_value"": 352, ""no_priceable_native_ask_side"": 4054}",free_cash_5pct_cap20|edge=0.0800|cap=20,free_cash_5pct_cap20,free_cash_5pct_cap20,20.0,0.08,2026-05-06T00:00:00Z,False,training
2026-06,30.377282410905615,30.377282410905615,30.377282410905615,30.377282410905615,1.3322676295501878e-15,0.0,0,0.0,0.0,0.0,30.377282410905615,0.0,0,"{""ambiguous_equal_source_timestamp_order"": 375, ""archive_gap_after_book_initialization"": 8, ""archive_hour_missing_at_entry"": 36, ""ask_source_age_over_1s"": 1034, ""below_minimum_order_shares"": 1886, ""no_native_book_snapshot"": 5046, ""no_priceable_native_ask_side"": 249}",free_cash_5pct_cap20|edge=0.0800|cap=20,free_cash_5pct_cap20,free_cash_5pct_cap20,20.0,0.08,2026-05-06T00:00:00Z,False,out_of_sample
2026-07,30.377282410905615,28.773358290360335,30.377282410905615,28.773358290360335,1.3322676295501878e-15,-1.6039241205452797,1,1.5188641205452809,0.08506,0.05014039907479582,28.773358290360335,1.5188641205452822,1,"{""ambiguous_equal_source_timestamp_order"": 343, ""ask_source_age_over_1s"": 490, ""below_minimum_order_shares"": 5179, ""no_native_book_snapshot"": 2101, ""no_priceable_native_ask_side"": 813}",free_cash_5pct_cap20|edge=0.0800|cap=20,free_cash_5pct_cap20,free_cash_5pct_cap20,20.0,0.08,2026-05-06T00:00:00Z,False,out_of_sample
2026-08,28.773358290360335,25.486236248435862,28.773358290360335,25.486236248435862,1.3322676295501878e-15,-3.287122041924473,7,10.318259924102897,0.54169,0.2367941450843954,25.486236248435862,1.6696829619614326,1,"{""ambiguous_equal_source_timestamp_order"": 1511, ""ask_source_age_over_1s"": 81, ""below_minimum_order_shares"": 4875, ""future_source_timestamp_at_entry"": 1, ""missing_official_outcome_or_resolution_time"": 1, ""no_native_book_snapshot"": 916, ""no_priceable_native_ask_side"": 1536}",free_cash_5pct_cap20|edge=0.0800|cap=20,free_cash_5pct_cap20,free_cash_5pct_cap20,20.0,0.08,2026-05-06T00:00:00Z,False,out_of_sample
2026-09,25.486236248435862,25.486236248435862,25.486236248435862,25.486236248435862,1.3322676295501878e-15,0.0,0,0.0,0.0,0.0,25.486236248435862,0.0,0,"{""ambiguous_equal_source_timestamp_order"": 28, ""ask_source_age_over_1s"": 30, ""below_minimum_order_shares"": 5348, ""native_ask_bbo_reconciliation_mismatch"": 6, ""no_priceable_native_ask_side"": 3227}",free_cash_5pct_cap20|edge=0.0800|cap=20,free_cash_5pct_cap20,free_cash_5pct_cap20,20.0,0.08,2026-05-06T00:00:00Z,False,out_of_sample
2026-10,25.486236248435862,25.486236248435862,25.486236248435862,25.486236248435862,1.3322676295501878e-15,0.0,0,0.0,0.0,0.0,25.486236248435862,1.3322676295501878e-15,0,"{""ambiguous_equal_source_timestamp_order"": 1, ""ask_source_age_over_1s"": 3, ""below_minimum_order_shares"": 1717, ""future_source_timestamp_at_entry"": 2, ""no_priceable_native_ask_side"": 5}",free_cash_5pct_cap20|edge=0.0800|cap=20,free_cash_5pct_cap20,free_cash_5pct_cap20,20.0,0.08,2026-05-06T00:00:00Z,False,out_of_sample
2026-04,100.0,39.03080644247175,100.0,39.03080644247175,2.220446049250313e-15,-60.96919355752825,420,2660.982756543604,100.08932334999994,0.8272483670284067,39.03080644247175,20.461409589319807,2,"{""ambiguous_equal_source_timestamp_order"": 587, ""ask_source_age_over_1s"": 5, ""below_minimum_order_shares"": 70, ""exchange_maintenance_pause"": 1, ""native_ask_bbo_reconciliation_mismatch"": 234, ""no_positive_net_expected_value"": 1682, ""no_priceable_native_ask_side"": 1402}",free_cash_5pct_cap30|edge=0.0000|cap=30,free_cash_5pct_cap30,free_cash_5pct_cap30,30.0,0.0,2026-05-06T00:00:00Z,False,training
2026-05,39.03080644247175,29.81860321093683,39.03080644247175,29.818603210936825,2.220446049250313e-15,-9.212203231534922,5,8.78757323153492,0.42463,0.23431482905488787,29.818603210936825,1.9515403221235896,1,"{""ambiguous_equal_source_timestamp_order"": 1184, ""ask_source_age_over_1s"": 339, ""below_minimum_order_shares"": 2211, ""missing_official_outcome_or_resolution_time"": 10, ""native_ask_bbo_reconciliation_mismatch"": 410, ""no_native_book_snapshot"": 316, ""no_priceable_native_ask_side"": 4452}",free_cash_5pct_cap30|edge=0.0000|cap=30,free_cash_5pct_cap30,free_cash_5pct_cap30,30.0,0.0,2026-05-06T00:00:00Z,False,training
2026-06,29.81860321093683,29.81860321093683,29.818603210936825,29.818603210936825,2.220446049250313e-15,0.0,0,0.0,0.0,0.0,29.818603210936825,0.0,0,"{""ambiguous_equal_source_timestamp_order"": 375, ""archive_gap_after_book_initialization"": 8, ""archive_hour_missing_at_entry"": 36, ""ask_source_age_over_1s"": 1034, ""below_minimum_order_shares"": 1886, ""no_native_book_snapshot"": 5046, ""no_priceable_native_ask_side"": 249}",free_cash_5pct_cap30|edge=0.0000|cap=30,free_cash_5pct_cap30,free_cash_5pct_cap30,30.0,0.0,2026-05-06T00:00:00Z,False,out_of_sample
2026-07,29.81860321093683,28.24418305038999,29.818603210936825,28.244183050389985,2.220446049250313e-15,-1.5744201605468398,1,1.4909301605468412,0.08349,0.050140389578152395,28.244183050389985,1.4909301605468435,1,"{""ambiguous_equal_source_timestamp_order"": 343, ""ask_source_age_over_1s"": 490, ""below_minimum_order_shares"": 5179, ""no_native_book_snapshot"": 2101, ""no_priceable_native_ask_side"": 813}",free_cash_5pct_cap30|edge=0.0000|cap=30,free_cash_5pct_cap30,free_cash_5pct_cap30,30.0,0.0,2026-05-06T00:00:00Z,False,out_of_sample
2026-08,28.24418305038999,25.017504030036168,28.244183050389985,25.017504030036164,2.220446049250313e-15,-3.2266790203538207,7,10.128492880873402,0.53174,0.23679440272333402,25.017504030036164,1.6389754031748294,1,"{""ambiguous_equal_source_timestamp_order"": 1511, ""ask_source_age_over_1s"": 81, ""below_minimum_order_shares"": 4875, ""future_source_timestamp_at_entry"": 1, ""missing_official_outcome_or_resolution_time"": 1, ""no_native_book_snapshot"": 916, ""no_priceable_native_ask_side"": 1536}",free_cash_5pct_cap30|edge=0.0000|cap=30,free_cash_5pct_cap30,free_cash_5pct_cap30,30.0,0.0,2026-05-06T00:00:00Z,False,out_of_sample
2026-09,25.017504030036168,25.017504030036168,25.017504030036164,25.017504030036164,2.220446049250313e-15,0.0,0,0.0,0.0,0.0,25.017504030036164,0.0,0,"{""ambiguous_equal_source_timestamp_order"": 28, ""ask_source_age_over_1s"": 30, ""below_minimum_order_shares"": 5348, ""native_ask_bbo_reconciliation_mismatch"": 6, ""no_priceable_native_ask_side"": 3227}",free_cash_5pct_cap30|edge=0.0000|cap=30,free_cash_5pct_cap30,free_cash_5pct_cap30,30.0,0.0,2026-05-06T00:00:00Z,False,out_of_sample
2026-10,25.017504030036168,25.017504030036168,25.017504030036164,25.017504030036164,2.220446049250313e-15,0.0,0,0.0,0.0,0.0,25.017504030036164,2.220446049250313e-15,0,"{""ambiguous_equal_source_timestamp_order"": 1, ""ask_source_age_over_1s"": 3, ""below_minimum_order_shares"": 1717, ""future_source_timestamp_at_entry"": 2, ""no_priceable_native_ask_side"": 5}",free_cash_5pct_cap30|edge=0.0000|cap=30,free_cash_5pct_cap30,free_cash_5pct_cap30,30.0,0.0,2026-05-06T00:00:00Z,False,out_of_sample
2026-04,100.0,72.67261048485389,100.0,72.67261048485389,0.0,-27.32738951514611,240,1180.6653782317603,45.6163807,0.49808769633215433,64.76725367619973,13.362318797819942,2,"{""ambiguous_equal_source_timestamp_order"": 587, ""ask_source_age_over_1s"": 5, ""below_minimum_after_cost_return"": 286, ""exchange_maintenance_pause"": 1, ""native_ask_bbo_reconciliation_mismatch"": 234, ""no_positive_net_expected_value"": 2071, ""no_priceable_native_ask_side"": 977}",free_cash_5pct_cap30|edge=0.0200|cap=30,free_cash_5pct_cap30,free_cash_5pct_cap30,30.0,0.02,2026-05-06T00:00:00Z,False,training
2026-05,72.67261048485389,29.933910379120515,72.67261048485389,29.933910379120515,4.440892098500626e-16,-42.73870010573337,78,206.32943020157356,8.31087,0.587311732243632,29.933910379120515,6.766303271802233,2,"{""ambiguous_equal_source_timestamp_order"": 1184, ""ask_source_age_over_1s"": 339, ""below_minimum_after_cost_return"": 38, ""below_minimum_order_shares"": 2143, ""missing_official_outcome_or_resolution_time"": 10, ""native_ask_bbo_reconciliation_mismatch"": 410, ""no_native_book_snapshot"": 316, ""no_positive_net_expected_value"": 265, ""no_priceable_native_ask_side"": 4144}",free_cash_5pct_cap30|edge=0.0200|cap=30,free_cash_5pct_cap30,free_cash_5pct_cap30,30.0,0.02,2026-05-06T00:00:00Z,False,training
2026-06,29.933910379120515,29.933910379120515,29.933910379120515,29.933910379120515,4.440892098500626e-16,0.0,0,0.0,0.0,0.0,29.933910379120515,0.0,0,"{""ambiguous_equal_source_timestamp_order"": 375, ""archive_gap_after_book_initialization"": 8, ""archive_hour_missing_at_entry"": 36, ""ask_source_age_over_1s"": 1034, ""below_minimum_order_shares"": 1886, ""no_native_book_snapshot"": 5046, ""no_priceable_native_ask_side"": 249}",free_cash_5pct_cap30|edge=0.0200|cap=30,free_cash_5pct_cap30,free_cash_5pct_cap30,30.0,0.02,2026-05-06T00:00:00Z,False,out_of_sample
2026-07,29.933910379120515,28.35340486016449,29.933910379120515,28.35340486016449,4.440892098500626e-16,-1.580505518956027,1,1.4966955189560258,0.08381,0.05014038478754774,28.35340486016449,1.4966955189560263,1,"{""ambiguous_equal_source_timestamp_order"": 343, ""ask_source_age_over_1s"": 490, ""below_minimum_order_shares"": 5179, ""no_native_book_snapshot"": 2101, ""no_priceable_native_ask_side"": 813}",free_cash_5pct_cap30|edge=0.0200|cap=30,free_cash_5pct_cap30,free_cash_5pct_cap30,30.0,0.02,2026-05-06T00:00:00Z,False,out_of_sample
2026-08,28.35340486016449,25.114244525796142,28.35340486016449,25.114244525796142,4.440892098500626e-16,-3.2391603343683464,7,10.167661616911756,0.5338,0.23679459105735753,25.114244525796142,1.6453135834420936,1,"{""ambiguous_equal_source_timestamp_order"": 1511, ""ask_source_age_over_1s"": 81, ""below_minimum_order_shares"": 4875, ""future_source_timestamp_at_entry"": 1, ""missing_official_outcome_or_resolution_time"": 1, ""no_native_book_snapshot"": 916, ""no_priceable_native_ask_side"": 1536}",free_cash_5pct_cap30|edge=0.0200|cap=30,free_cash_5pct_cap30,free_cash_5pct_cap30,30.0,0.02,2026-05-06T00:00:00Z,False,out_of_sample
2026-09,25.114244525796142,25.114244525796142,25.114244525796142,25.114244525796142,4.440892098500626e-16,0.0,0,0.0,0.0,0.0,25.114244525796142,0.0,0,"{""ambiguous_equal_source_timestamp_order"": 28, ""ask_source_age_over_1s"": 30, ""below_minimum_order_shares"": 5348, ""native_ask_bbo_reconciliation_mismatch"": 6, ""no_priceable_native_ask_side"": 3227}",free_cash_5pct_cap30|edge=0.0200|cap=30,free_cash_5pct_cap30,free_cash_5pct_cap30,30.0,0.02,2026-05-06T00:00:00Z,False,out_of_sample
2026-10,25.114244525796142,25.114244525796142,25.114244525796142,25.114244525796142,4.440892098500626e-16,0.0,0,0.0,0.0,0.0,25.114244525796142,4.440892098500626e-16,0,"{""ambiguous_equal_source_timestamp_order"": 1, ""ask_source_age_over_1s"": 3, ""below_minimum_order_shares"": 1717, ""future_source_timestamp_at_entry"": 2, ""no_priceable_native_ask_side"": 5}",free_cash_5pct_cap30|edge=0.0200|cap=30,free_cash_5pct_cap30,free_cash_5pct_cap30,30.0,0.02,2026-05-06T00:00:00Z,False,out_of_sample
2026-04,100.0,39.946775454508156,100.0,39.946775454508156,8.881784197001252e-16,-60.053224545491844,117,439.46001110427267,17.551205060000004,0.6146839559912508,39.946775454508156,8.649858924207368,2,"{""ambiguous_equal_source_timestamp_order"": 587, ""ask_source_age_over_1s"": 5, ""below_minimum_after_cost_return"": 364, ""below_minimum_order_shares"": 33, ""exchange_maintenance_pause"": 1, ""native_ask_bbo_reconciliation_mismatch"": 234, ""no_positive_net_expected_value"": 1867, ""no_priceable_native_ask_side"": 1193}",free_cash_5pct_cap30|edge=0.0400|cap=30,free_cash_5pct_cap30,free_cash_5pct_cap30,30.0,0.04,2026-05-06T00:00:00Z,False,training
2026-05,39.946775454508156,30.519515994041313,39.946775454508156,30.519515994041313,8.881784197001252e-16,-9.427259460466843,5,8.993799460466848,0.43346,0.2342864557746804,30.519515994041313,1.997338772725409,1,"{""ambiguous_equal_source_timestamp_order"": 1184, ""ask_source_age_over_1s"": 339, ""below_minimum_order_shares"": 2210, ""missing_official_outcome_or_resolution_time"": 10, ""native_ask_bbo_reconciliation_mismatch"": 410, ""no_native_book_snapshot"": 316, ""no_priceable_native_ask_side"": 4453}",free_cash_5pct_cap30|edge=0.0400|cap=30,free_cash_5pct_cap30,free_cash_5pct_cap30,30.0,0.04,2026-05-06T00:00:00Z,False,training
2026-06,30.519515994041313,30.519515994041313,30.519515994041313,30.519515994041313,8.881784197001252e-16,0.0,0,0.0,0.0,0.0,30.519515994041313,0.0,0,"{""ambiguous_equal_source_timestamp_order"": 375, ""archive_gap_after_book_initialization"": 8, ""archive_hour_missing_at_entry"": 36, ""ask_source_age_over_1s"": 1034, ""below_minimum_order_shares"": 1886, ""no_native_book_snapshot"": 5046, ""no_priceable_native_ask_side"": 249}",free_cash_5pct_cap30|edge=0.0400|cap=30,free_cash_5pct_cap30,free_cash_5pct_cap30,30.0,0.04,2026-05-06T00:00:00Z,False,out_of_sample
2026-07,30.519515994041313,28.90809019433925,30.519515994041313,28.90809019433925,8.881784197001252e-16,-1.6114257997020651,1,1.5259757997020658,0.08545,0.05014038544836033,28.90809019433925,1.5259757997020666,1,"{""ambiguous_equal_source_timestamp_order"": 343, ""ask_source_age_over_1s"": 490, ""below_minimum_order_shares"": 5179, ""no_native_book_snapshot"": 2101, ""no_priceable_native_ask_side"": 813}",free_cash_5pct_cap30|edge=0.0400|cap=30,free_cash_5pct_cap30,free_cash_5pct_cap30,30.0,0.04,2026-05-06T00:00:00Z,False,out_of_sample
2026-08,28.90809019433925,25.609352557929373,28.90809019433925,25.609352557929373,8.881784197001252e-16,-3.298737636409875,7,10.36769532658273,0.53933,0.2366814880044064,25.609352557929373,1.6775010795282024,1,"{""ambiguous_equal_source_timestamp_order"": 1511, ""ask_source_age_over_1s"": 81, ""below_minimum_order_shares"": 4875, ""future_source_timestamp_at_entry"": 1, ""missing_official_outcome_or_resolution_time"": 1, ""no_native_book_snapshot"": 916, ""no_priceable_native_ask_side"": 1536}",free_cash_5pct_cap30|edge=0.0400|cap=30,free_cash_5pct_cap30,free_cash_5pct_cap30,30.0,0.04,2026-05-06T00:00:00Z,False,out_of_sample
2026-09,25.609352557929373,25.609352557929373,25.609352557929373,25.609352557929373,8.881784197001252e-16,0.0,0,0.0,0.0,0.0,25.609352557929373,0.0,0,"{""ambiguous_equal_source_timestamp_order"": 28, ""ask_source_age_over_1s"": 30, ""below_minimum_order_shares"": 5348, ""native_ask_bbo_reconciliation_mismatch"": 6, ""no_priceable_native_ask_side"": 3227}",free_cash_5pct_cap30|edge=0.0400|cap=30,free_cash_5pct_cap30,free_cash_5pct_cap30,30.0,0.04,2026-05-06T00:00:00Z,False,out_of_sample
2026-10,25.609352557929373,25.609352557929373,25.609352557929373,25.609352557929373,8.881784197001252e-16,0.0,0,0.0,0.0,0.0,25.609352557929373,8.881784197001252e-16,0,"{""ambiguous_equal_source_timestamp_order"": 1, ""ask_source_age_over_1s"": 3, ""below_minimum_order_shares"": 1717, ""future_source_timestamp_at_entry"": 2, ""no_priceable_native_ask_side"": 5}",free_cash_5pct_cap30|edge=0.0400|cap=30,free_cash_5pct_cap30,free_cash_5pct_cap30,30.0,0.04,2026-05-06T00:00:00Z,False,out_of_sample
2026-04,100.0,68.53408927050714,100.0,68.53408927050714,8.881784197001252e-16,-31.46591072949286,54,253.29477294209948,10.604019279999997,0.47646118164606344,64.40288546634257,8.315244270340896,2,"{""ambiguous_equal_source_timestamp_order"": 587, ""ask_source_age_over_1s"": 5, ""below_minimum_after_cost_return"": 472, ""exchange_maintenance_pause"": 1, ""native_ask_bbo_reconciliation_mismatch"": 234, ""no_positive_net_expected_value"": 2071, ""no_priceable_native_ask_side"": 977}",free_cash_5pct_cap30|edge=0.0800|cap=30,free_cash_5pct_cap30,free_cash_5pct_cap30,30.0,0.08,2026-05-06T00:00:00Z,False,training
2026-05,68.53408927050714,30.377282410905615,68.53408927050714,30.377282410905615,1.3322676295501878e-15,-38.156806859601524,34,83.2223039103675,3.6368499999999995,0.5558612517601316,30.377282410905615,5.628800856546071,2,"{""ambiguous_equal_source_timestamp_order"": 1184, ""ask_source_age_over_1s"": 339, ""below_minimum_after_cost_return"": 106, ""below_minimum_order_shares"": 2122, ""missing_official_outcome_or_resolution_time"": 10, ""native_ask_bbo_reconciliation_mismatch"": 410, ""no_native_book_snapshot"": 316, ""no_positive_net_expected_value"": 352, ""no_priceable_native_ask_side"": 4054}",free_cash_5pct_cap30|edge=0.0800|cap=30,free_cash_5pct_cap30,free_cash_5pct_cap30,30.0,0.08,2026-05-06T00:00:00Z,False,training
2026-06,30.377282410905615,30.377282410905615,30.377282410905615,30.377282410905615,1.3322676295501878e-15,0.0,0,0.0,0.0,0.0,30.377282410905615,0.0,0,"{""ambiguous_equal_source_timestamp_order"": 375, ""archive_gap_after_book_initialization"": 8, ""archive_hour_missing_at_entry"": 36, ""ask_source_age_over_1s"": 1034, ""below_minimum_order_shares"": 1886, ""no_native_book_snapshot"": 5046, ""no_priceable_native_ask_side"": 249}",free_cash_5pct_cap30|edge=0.0800|cap=30,free_cash_5pct_cap30,free_cash_5pct_cap30,30.0,0.08,2026-05-06T00:00:00Z,False,out_of_sample
2026-07,30.377282410905615,28.773358290360335,30.377282410905615,28.773358290360335,1.3322676295501878e-15,-1.6039241205452797,1,1.5188641205452809,0.08506,0.05014039907479582,28.773358290360335,1.5188641205452822,1,"{""ambiguous_equal_source_timestamp_order"": 343, ""ask_source_age_over_1s"": 490, ""below_minimum_order_shares"": 5179, ""no_native_book_snapshot"": 2101, ""no_priceable_native_ask_side"": 813}",free_cash_5pct_cap30|edge=0.0800|cap=30,free_cash_5pct_cap30,free_cash_5pct_cap30,30.0,0.08,2026-05-06T00:00:00Z,False,out_of_sample
2026-08,28.773358290360335,25.486236248435862,28.773358290360335,25.486236248435862,1.3322676295501878e-15,-3.287122041924473,7,10.318259924102897,0.54169,0.2367941450843954,25.486236248435862,1.6696829619614326,1,"{""ambiguous_equal_source_timestamp_order"": 1511, ""ask_source_age_over_1s"": 81, ""below_minimum_order_shares"": 4875, ""future_source_timestamp_at_entry"": 1, ""missing_official_outcome_or_resolution_time"": 1, ""no_native_book_snapshot"": 916, ""no_priceable_native_ask_side"": 1536}",free_cash_5pct_cap30|edge=0.0800|cap=30,free_cash_5pct_cap30,free_cash_5pct_cap30,30.0,0.08,2026-05-06T00:00:00Z,False,out_of_sample
2026-09,25.486236248435862,25.486236248435862,25.486236248435862,25.486236248435862,1.3322676295501878e-15,0.0,0,0.0,0.0,0.0,25.486236248435862,0.0,0,"{""ambiguous_equal_source_timestamp_order"": 28, ""ask_source_age_over_1s"": 30, ""below_minimum_order_shares"": 5348, ""native_ask_bbo_reconciliation_mismatch"": 6, ""no_priceable_native_ask_side"": 3227}",free_cash_5pct_cap30|edge=0.0800|cap=30,free_cash_5pct_cap30,free_cash_5pct_cap30,30.0,0.08,2026-05-06T00:00:00Z,False,out_of_sample
2026-10,25.486236248435862,25.486236248435862,25.486236248435862,25.486236248435862,1.3322676295501878e-15,0.0,0,0.0,0.0,0.0,25.486236248435862,1.3322676295501878e-15,0,"{""ambiguous_equal_source_timestamp_order"": 1, ""ask_source_age_over_1s"": 3, ""below_minimum_order_shares"": 1717, ""future_source_timestamp_at_entry"": 2, ""no_priceable_native_ask_side"": 5}",free_cash_5pct_cap30|edge=0.0800|cap=30,free_cash_5pct_cap30,free_cash_5pct_cap30,30.0,0.08,2026-05-06T00:00:00Z,False,out_of_sample
2026-04,100.0,39.03080644247175,100.0,39.03080644247175,2.220446049250313e-15,-60.96919355752825,420,2660.982756543604,100.08932334999994,0.8272483670284067,39.03080644247175,20.461409589319807,2,"{""ambiguous_equal_source_timestamp_order"": 587, ""ask_source_age_over_1s"": 5, ""below_minimum_order_shares"": 70, ""exchange_maintenance_pause"": 1, ""native_ask_bbo_reconciliation_mismatch"": 234, ""no_positive_net_expected_value"": 1682, ""no_priceable_native_ask_side"": 1402}",free_cash_5pct_cap50|edge=0.0000|cap=50,free_cash_5pct_cap50,free_cash_5pct_cap50,50.0,0.0,2026-05-06T00:00:00Z,False,training
2026-05,39.03080644247175,29.81860321093683,39.03080644247175,29.818603210936825,2.220446049250313e-15,-9.212203231534922,5,8.78757323153492,0.42463,0.23431482905488787,29.818603210936825,1.9515403221235896,1,"{""ambiguous_equal_source_timestamp_order"": 1184, ""ask_source_age_over_1s"": 339, ""below_minimum_order_shares"": 2211, ""missing_official_outcome_or_resolution_time"": 10, ""native_ask_bbo_reconciliation_mismatch"": 410, ""no_native_book_snapshot"": 316, ""no_priceable_native_ask_side"": 4452}",free_cash_5pct_cap50|edge=0.0000|cap=50,free_cash_5pct_cap50,free_cash_5pct_cap50,50.0,0.0,2026-05-06T00:00:00Z,False,training
2026-06,29.81860321093683,29.81860321093683,29.818603210936825,29.818603210936825,2.220446049250313e-15,0.0,0,0.0,0.0,0.0,29.818603210936825,0.0,0,"{""ambiguous_equal_source_timestamp_order"": 375, ""archive_gap_after_book_initialization"": 8, ""archive_hour_missing_at_entry"": 36, ""ask_source_age_over_1s"": 1034, ""below_minimum_order_shares"": 1886, ""no_native_book_snapshot"": 5046, ""no_priceable_native_ask_side"": 249}",free_cash_5pct_cap50|edge=0.0000|cap=50,free_cash_5pct_cap50,free_cash_5pct_cap50,50.0,0.0,2026-05-06T00:00:00Z,False,out_of_sample
2026-07,29.81860321093683,28.24418305038999,29.818603210936825,28.244183050389985,2.220446049250313e-15,-1.5744201605468398,1,1.4909301605468412,0.08349,0.050140389578152395,28.244183050389985,1.4909301605468435,1,"{""ambiguous_equal_source_timestamp_order"": 343, ""ask_source_age_over_1s"": 490, ""below_minimum_order_shares"": 5179, ""no_native_book_snapshot"": 2101, ""no_priceable_native_ask_side"": 813}",free_cash_5pct_cap50|edge=0.0000|cap=50,free_cash_5pct_cap50,free_cash_5pct_cap50,50.0,0.0,2026-05-06T00:00:00Z,False,out_of_sample
2026-08,28.24418305038999,25.017504030036168,28.244183050389985,25.017504030036164,2.220446049250313e-15,-3.2266790203538207,7,10.128492880873402,0.53174,0.23679440272333402,25.017504030036164,1.6389754031748294,1,"{""ambiguous_equal_source_timestamp_order"": 1511, ""ask_source_age_over_1s"": 81, ""below_minimum_order_shares"": 4875, ""future_source_timestamp_at_entry"": 1, ""missing_official_outcome_or_resolution_time"": 1, ""no_native_book_snapshot"": 916, ""no_priceable_native_ask_side"": 1536}",free_cash_5pct_cap50|edge=0.0000|cap=50,free_cash_5pct_cap50,free_cash_5pct_cap50,50.0,0.0,2026-05-06T00:00:00Z,False,out_of_sample
2026-09,25.017504030036168,25.017504030036168,25.017504030036164,25.017504030036164,2.220446049250313e-15,0.0,0,0.0,0.0,0.0,25.017504030036164,0.0,0,"{""ambiguous_equal_source_timestamp_order"": 28, ""ask_source_age_over_1s"": 30, ""below_minimum_order_shares"": 5348, ""native_ask_bbo_reconciliation_mismatch"": 6, ""no_priceable_native_ask_side"": 3227}",free_cash_5pct_cap50|edge=0.0000|cap=50,free_cash_5pct_cap50,free_cash_5pct_cap50,50.0,0.0,2026-05-06T00:00:00Z,False,out_of_sample
2026-10,25.017504030036168,25.017504030036168,25.017504030036164,25.017504030036164,2.220446049250313e-15,0.0,0,0.0,0.0,0.0,25.017504030036164,2.220446049250313e-15,0,"{""ambiguous_equal_source_timestamp_order"": 1, ""ask_source_age_over_1s"": 3, ""below_minimum_order_shares"": 1717, ""future_source_timestamp_at_entry"": 2, ""no_priceable_native_ask_side"": 5}",free_cash_5pct_cap50|edge=0.0000|cap=50,free_cash_5pct_cap50,free_cash_5pct_cap50,50.0,0.0,2026-05-06T00:00:00Z,False,out_of_sample
2026-04,100.0,72.67261048485389,100.0,72.67261048485389,0.0,-27.32738951514611,240,1180.6653782317603,45.6163807,0.49808769633215433,64.76725367619973,13.362318797819942,2,"{""ambiguous_equal_source_timestamp_order"": 587, ""ask_source_age_over_1s"": 5, ""below_minimum_after_cost_return"": 286, ""exchange_maintenance_pause"": 1, ""native_ask_bbo_reconciliation_mismatch"": 234, ""no_positive_net_expected_value"": 2071, ""no_priceable_native_ask_side"": 977}",free_cash_5pct_cap50|edge=0.0200|cap=50,free_cash_5pct_cap50,free_cash_5pct_cap50,50.0,0.02,2026-05-06T00:00:00Z,False,training
2026-05,72.67261048485389,29.933910379120515,72.67261048485389,29.933910379120515,4.440892098500626e-16,-42.73870010573337,78,206.32943020157356,8.31087,0.587311732243632,29.933910379120515,6.766303271802233,2,"{""ambiguous_equal_source_timestamp_order"": 1184, ""ask_source_age_over_1s"": 339, ""below_minimum_after_cost_return"": 38, ""below_minimum_order_shares"": 2143, ""missing_official_outcome_or_resolution_time"": 10, ""native_ask_bbo_reconciliation_mismatch"": 410, ""no_native_book_snapshot"": 316, ""no_positive_net_expected_value"": 265, ""no_priceable_native_ask_side"": 4144}",free_cash_5pct_cap50|edge=0.0200|cap=50,free_cash_5pct_cap50,free_cash_5pct_cap50,50.0,0.02,2026-05-06T00:00:00Z,False,training
2026-06,29.933910379120515,29.933910379120515,29.933910379120515,29.933910379120515,4.440892098500626e-16,0.0,0,0.0,0.0,0.0,29.933910379120515,0.0,0,"{""ambiguous_equal_source_timestamp_order"": 375, ""archive_gap_after_book_initialization"": 8, ""archive_hour_missing_at_entry"": 36, ""ask_source_age_over_1s"": 1034, ""below_minimum_order_shares"": 1886, ""no_native_book_snapshot"": 5046, ""no_priceable_native_ask_side"": 249}",free_cash_5pct_cap50|edge=0.0200|cap=50,free_cash_5pct_cap50,free_cash_5pct_cap50,50.0,0.02,2026-05-06T00:00:00Z,False,out_of_sample
2026-07,29.933910379120515,28.35340486016449,29.933910379120515,28.35340486016449,4.440892098500626e-16,-1.580505518956027,1,1.4966955189560258,0.08381,0.05014038478754774,28.35340486016449,1.4966955189560263,1,"{""ambiguous_equal_source_timestamp_order"": 343, ""ask_source_age_over_1s"": 490, ""below_minimum_order_shares"": 5179, ""no_native_book_snapshot"": 2101, ""no_priceable_native_ask_side"": 813}",free_cash_5pct_cap50|edge=0.0200|cap=50,free_cash_5pct_cap50,free_cash_5pct_cap50,50.0,0.02,2026-05-06T00:00:00Z,False,out_of_sample
2026-08,28.35340486016449,25.114244525796142,28.35340486016449,25.114244525796142,4.440892098500626e-16,-3.2391603343683464,7,10.167661616911756,0.5338,0.23679459105735753,25.114244525796142,1.6453135834420936,1,"{""ambiguous_equal_source_timestamp_order"": 1511, ""ask_source_age_over_1s"": 81, ""below_minimum_order_shares"": 4875, ""future_source_timestamp_at_entry"": 1, ""missing_official_outcome_or_resolution_time"": 1, ""no_native_book_snapshot"": 916, ""no_priceable_native_ask_side"": 1536}",free_cash_5pct_cap50|edge=0.0200|cap=50,free_cash_5pct_cap50,free_cash_5pct_cap50,50.0,0.02,2026-05-06T00:00:00Z,False,out_of_sample
2026-09,25.114244525796142,25.114244525796142,25.114244525796142,25.114244525796142,4.440892098500626e-16,0.0,0,0.0,0.0,0.0,25.114244525796142,0.0,0,"{""ambiguous_equal_source_timestamp_order"": 28, ""ask_source_age_over_1s"": 30, ""below_minimum_order_shares"": 5348, ""native_ask_bbo_reconciliation_mismatch"": 6, ""no_priceable_native_ask_side"": 3227}",free_cash_5pct_cap50|edge=0.0200|cap=50,free_cash_5pct_cap50,free_cash_5pct_cap50,50.0,0.02,2026-05-06T00:00:00Z,False,out_of_sample
2026-10,25.114244525796142,25.114244525796142,25.114244525796142,25.114244525796142,4.440892098500626e-16,0.0,0,0.0,0.0,0.0,25.114244525796142,4.440892098500626e-16,0,"{""ambiguous_equal_source_timestamp_order"": 1, ""ask_source_age_over_1s"": 3, ""below_minimum_order_shares"": 1717, ""future_source_timestamp_at_entry"": 2, ""no_priceable_native_ask_side"": 5}",free_cash_5pct_cap50|edge=0.0200|cap=50,free_cash_5pct_cap50,free_cash_5pct_cap50,50.0,0.02,2026-05-06T00:00:00Z,False,out_of_sample
2026-04,100.0,39.946775454508156,100.0,39.946775454508156,8.881784197001252e-16,-60.053224545491844,117,439.46001110427267,17.551205060000004,0.6146839559912508,39.946775454508156,8.649858924207368,2,"{""ambiguous_equal_source_timestamp_order"": 587, ""ask_source_age_over_1s"": 5, ""below_minimum_after_cost_return"": 364, ""below_minimum_order_shares"": 33, ""exchange_maintenance_pause"": 1, ""native_ask_bbo_reconciliation_mismatch"": 234, ""no_positive_net_expected_value"": 1867, ""no_priceable_native_ask_side"": 1193}",free_cash_5pct_cap50|edge=0.0400|cap=50,free_cash_5pct_cap50,free_cash_5pct_cap50,50.0,0.04,2026-05-06T00:00:00Z,False,training
2026-05,39.946775454508156,30.519515994041313,39.946775454508156,30.519515994041313,8.881784197001252e-16,-9.427259460466843,5,8.993799460466848,0.43346,0.2342864557746804,30.519515994041313,1.997338772725409,1,"{""ambiguous_equal_source_timestamp_order"": 1184, ""ask_source_age_over_1s"": 339, ""below_minimum_order_shares"": 2210, ""missing_official_outcome_or_resolution_time"": 10, ""native_ask_bbo_reconciliation_mismatch"": 410, ""no_native_book_snapshot"": 316, ""no_priceable_native_ask_side"": 4453}",free_cash_5pct_cap50|edge=0.0400|cap=50,free_cash_5pct_cap50,free_cash_5pct_cap50,50.0,0.04,2026-05-06T00:00:00Z,False,training
2026-06,30.519515994041313,30.519515994041313,30.519515994041313,30.519515994041313,8.881784197001252e-16,0.0,0,0.0,0.0,0.0,30.519515994041313,0.0,0,"{""ambiguous_equal_source_timestamp_order"": 375, ""archive_gap_after_book_initialization"": 8, ""archive_hour_missing_at_entry"": 36, ""ask_source_age_over_1s"": 1034, ""below_minimum_order_shares"": 1886, ""no_native_book_snapshot"": 5046, ""no_priceable_native_ask_side"": 249}",free_cash_5pct_cap50|edge=0.0400|cap=50,free_cash_5pct_cap50,free_cash_5pct_cap50,50.0,0.04,2026-05-06T00:00:00Z,False,out_of_sample
2026-07,30.519515994041313,28.90809019433925,30.519515994041313,28.90809019433925,8.881784197001252e-16,-1.6114257997020651,1,1.5259757997020658,0.08545,0.05014038544836033,28.90809019433925,1.5259757997020666,1,"{""ambiguous_equal_source_timestamp_order"": 343, ""ask_source_age_over_1s"": 490, ""below_minimum_order_shares"": 5179, ""no_native_book_snapshot"": 2101, ""no_priceable_native_ask_side"": 813}",free_cash_5pct_cap50|edge=0.0400|cap=50,free_cash_5pct_cap50,free_cash_5pct_cap50,50.0,0.04,2026-05-06T00:00:00Z,False,out_of_sample
2026-08,28.90809019433925,25.609352557929373,28.90809019433925,25.609352557929373,8.881784197001252e-16,-3.298737636409875,7,10.36769532658273,0.53933,0.2366814880044064,25.609352557929373,1.6775010795282024,1,"{""ambiguous_equal_source_timestamp_order"": 1511, ""ask_source_age_over_1s"": 81, ""below_minimum_order_shares"": 4875, ""future_source_timestamp_at_entry"": 1, ""missing_official_outcome_or_resolution_time"": 1, ""no_native_book_snapshot"": 916, ""no_priceable_native_ask_side"": 1536}",free_cash_5pct_cap50|edge=0.0400|cap=50,free_cash_5pct_cap50,free_cash_5pct_cap50,50.0,0.04,2026-05-06T00:00:00Z,False,out_of_sample
2026-09,25.609352557929373,25.609352557929373,25.609352557929373,25.609352557929373,8.881784197001252e-16,0.0,0,0.0,0.0,0.0,25.609352557929373,0.0,0,"{""ambiguous_equal_source_timestamp_order"": 28, ""ask_source_age_over_1s"": 30, ""below_minimum_order_shares"": 5348, ""native_ask_bbo_reconciliation_mismatch"": 6, ""no_priceable_native_ask_side"": 3227}",free_cash_5pct_cap50|edge=0.0400|cap=50,free_cash_5pct_cap50,free_cash_5pct_cap50,50.0,0.04,2026-05-06T00:00:00Z,False,out_of_sample
2026-10,25.609352557929373,25.609352557929373,25.609352557929373,25.609352557929373,8.881784197001252e-16,0.0,0,0.0,0.0,0.0,25.609352557929373,8.881784197001252e-16,0,"{""ambiguous_equal_source_timestamp_order"": 1, ""ask_source_age_over_1s"": 3, ""below_minimum_order_shares"": 1717, ""future_source_timestamp_at_entry"": 2, ""no_priceable_native_ask_side"": 5}",free_cash_5pct_cap50|edge=0.0400|cap=50,free_cash_5pct_cap50,free_cash_5pct_cap50,50.0,0.04,2026-05-06T00:00:00Z,False,out_of_sample
2026-04,100.0,68.53408927050714,100.0,68.53408927050714,8.881784197001252e-16,-31.46591072949286,54,253.29477294209948,10.604019279999997,0.47646118164606344,64.40288546634257,8.315244270340896,2,"{""ambiguous_equal_source_timestamp_order"": 587, ""ask_source_age_over_1s"": 5, ""below_minimum_after_cost_return"": 472, ""exchange_maintenance_pause"": 1, ""native_ask_bbo_reconciliation_mismatch"": 234, ""no_positive_net_expected_value"": 2071, ""no_priceable_native_ask_side"": 977}",free_cash_5pct_cap50|edge=0.0800|cap=50,free_cash_5pct_cap50,free_cash_5pct_cap50,50.0,0.08,2026-05-06T00:00:00Z,False,training
2026-05,68.53408927050714,30.377282410905615,68.53408927050714,30.377282410905615,1.3322676295501878e-15,-38.156806859601524,34,83.2223039103675,3.6368499999999995,0.5558612517601316,30.377282410905615,5.628800856546071,2,"{""ambiguous_equal_source_timestamp_order"": 1184, ""ask_source_age_over_1s"": 339, ""below_minimum_after_cost_return"": 106, ""below_minimum_order_shares"": 2122, ""missing_official_outcome_or_resolution_time"": 10, ""native_ask_bbo_reconciliation_mismatch"": 410, ""no_native_book_snapshot"": 316, ""no_positive_net_expected_value"": 352, ""no_priceable_native_ask_side"": 4054}",free_cash_5pct_cap50|edge=0.0800|cap=50,free_cash_5pct_cap50,free_cash_5pct_cap50,50.0,0.08,2026-05-06T00:00:00Z,False,training
2026-06,30.377282410905615,30.377282410905615,30.377282410905615,30.377282410905615,1.3322676295501878e-15,0.0,0,0.0,0.0,0.0,30.377282410905615,0.0,0,"{""ambiguous_equal_source_timestamp_order"": 375, ""archive_gap_after_book_initialization"": 8, ""archive_hour_missing_at_entry"": 36, ""ask_source_age_over_1s"": 1034, ""below_minimum_order_shares"": 1886, ""no_native_book_snapshot"": 5046, ""no_priceable_native_ask_side"": 249}",free_cash_5pct_cap50|edge=0.0800|cap=50,free_cash_5pct_cap50,free_cash_5pct_cap50,50.0,0.08,2026-05-06T00:00:00Z,False,out_of_sample
2026-07,30.377282410905615,28.773358290360335,30.377282410905615,28.773358290360335,1.3322676295501878e-15,-1.6039241205452797,1,1.5188641205452809,0.08506,0.05014039907479582,28.773358290360335,1.5188641205452822,1,"{""ambiguous_equal_source_timestamp_order"": 343, ""ask_source_age_over_1s"": 490, ""below_minimum_order_shares"": 5179, ""no_native_book_snapshot"": 2101, ""no_priceable_native_ask_side"": 813}",free_cash_5pct_cap50|edge=0.0800|cap=50,free_cash_5pct_cap50,free_cash_5pct_cap50,50.0,0.08,2026-05-06T00:00:00Z,False,out_of_sample
2026-08,28.773358290360335,25.486236248435862,28.773358290360335,25.486236248435862,1.3322676295501878e-15,-3.287122041924473,7,10.318259924102897,0.54169,0.2367941450843954,25.486236248435862,1.6696829619614326,1,"{""ambiguous_equal_source_timestamp_order"": 1511, ""ask_source_age_over_1s"": 81, ""below_minimum_order_shares"": 4875, ""future_source_timestamp_at_entry"": 1, ""missing_official_outcome_or_resolution_time"": 1, ""no_native_book_snapshot"": 916, ""no_priceable_native_ask_side"": 1536}",free_cash_5pct_cap50|edge=0.0800|cap=50,free_cash_5pct_cap50,free_cash_5pct_cap50,50.0,0.08,2026-05-06T00:00:00Z,False,out_of_sample
2026-09,25.486236248435862,25.486236248435862,25.486236248435862,25.486236248435862,1.3322676295501878e-15,0.0,0,0.0,0.0,0.0,25.486236248435862,0.0,0,"{""ambiguous_equal_source_timestamp_order"": 28, ""ask_source_age_over_1s"": 30, ""below_minimum_order_shares"": 5348, ""native_ask_bbo_reconciliation_mismatch"": 6, ""no_priceable_native_ask_side"": 3227}",free_cash_5pct_cap50|edge=0.0800|cap=50,free_cash_5pct_cap50,free_cash_5pct_cap50,50.0,0.08,2026-05-06T00:00:00Z,False,out_of_sample
2026-10,25.486236248435862,25.486236248435862,25.486236248435862,25.486236248435862,1.3322676295501878e-15,0.0,0,0.0,0.0,0.0,25.486236248435862,1.3322676295501878e-15,0,"{""ambiguous_equal_source_timestamp_order"": 1, ""ask_source_age_over_1s"": 3, ""below_minimum_order_shares"": 1717, ""future_source_timestamp_at_entry"": 2, ""no_priceable_native_ask_side"": 5}",free_cash_5pct_cap50|edge=0.0800|cap=50,free_cash_5pct_cap50,free_cash_5pct_cap50,50.0,0.08,2026-05-06T00:00:00Z,False,out_of_sample
2026-04,100.0,39.03080644247175,100.0,39.03080644247175,2.220446049250313e-15,-60.96919355752825,420,2660.982756543604,100.08932334999994,0.8272483670284067,39.03080644247175,20.461409589319807,2,"{""ambiguous_equal_source_timestamp_order"": 587, ""ask_source_age_over_1s"": 5, ""below_minimum_order_shares"": 70, ""exchange_maintenance_pause"": 1, ""native_ask_bbo_reconciliation_mismatch"": 234, ""no_positive_net_expected_value"": 1682, ""no_priceable_native_ask_side"": 1402}",free_cash_5pct_cap75|edge=0.0000|cap=75,free_cash_5pct_cap75,free_cash_5pct_cap75,75.0,0.0,2026-05-06T00:00:00Z,False,training
2026-05,39.03080644247175,29.81860321093683,39.03080644247175,29.818603210936825,2.220446049250313e-15,-9.212203231534922,5,8.78757323153492,0.42463,0.23431482905488787,29.818603210936825,1.9515403221235896,1,"{""ambiguous_equal_source_timestamp_order"": 1184, ""ask_source_age_over_1s"": 339, ""below_minimum_order_shares"": 2211, ""missing_official_outcome_or_resolution_time"": 10, ""native_ask_bbo_reconciliation_mismatch"": 410, ""no_native_book_snapshot"": 316, ""no_priceable_native_ask_side"": 4452}",free_cash_5pct_cap75|edge=0.0000|cap=75,free_cash_5pct_cap75,free_cash_5pct_cap75,75.0,0.0,2026-05-06T00:00:00Z,False,training
2026-06,29.81860321093683,29.81860321093683,29.818603210936825,29.818603210936825,2.220446049250313e-15,0.0,0,0.0,0.0,0.0,29.818603210936825,0.0,0,"{""ambiguous_equal_source_timestamp_order"": 375, ""archive_gap_after_book_initialization"": 8, ""archive_hour_missing_at_entry"": 36, ""ask_source_age_over_1s"": 1034, ""below_minimum_order_shares"": 1886, ""no_native_book_snapshot"": 5046, ""no_priceable_native_ask_side"": 249}",free_cash_5pct_cap75|edge=0.0000|cap=75,free_cash_5pct_cap75,free_cash_5pct_cap75,75.0,0.0,2026-05-06T00:00:00Z,False,out_of_sample
2026-07,29.81860321093683,28.24418305038999,29.818603210936825,28.244183050389985,2.220446049250313e-15,-1.5744201605468398,1,1.4909301605468412,0.08349,0.050140389578152395,28.244183050389985,1.4909301605468435,1,"{""ambiguous_equal_source_timestamp_order"": 343, ""ask_source_age_over_1s"": 490, ""below_minimum_order_shares"": 5179, ""no_native_book_snapshot"": 2101, ""no_priceable_native_ask_side"": 813}",free_cash_5pct_cap75|edge=0.0000|cap=75,free_cash_5pct_cap75,free_cash_5pct_cap75,75.0,0.0,2026-05-06T00:00:00Z,False,out_of_sample
2026-08,28.24418305038999,25.017504030036168,28.244183050389985,25.017504030036164,2.220446049250313e-15,-3.2266790203538207,7,10.128492880873402,0.53174,0.23679440272333402,25.017504030036164,1.6389754031748294,1,"{""ambiguous_equal_source_timestamp_order"": 1511, ""ask_source_age_over_1s"": 81, ""below_minimum_order_shares"": 4875, ""future_source_timestamp_at_entry"": 1, ""missing_official_outcome_or_resolution_time"": 1, ""no_native_book_snapshot"": 916, ""no_priceable_native_ask_side"": 1536}",free_cash_5pct_cap75|edge=0.0000|cap=75,free_cash_5pct_cap75,free_cash_5pct_cap75,75.0,0.0,2026-05-06T00:00:00Z,False,out_of_sample
2026-09,25.017504030036168,25.017504030036168,25.017504030036164,25.017504030036164,2.220446049250313e-15,0.0,0,0.0,0.0,0.0,25.017504030036164,0.0,0,"{""ambiguous_equal_source_timestamp_order"": 28, ""ask_source_age_over_1s"": 30, ""below_minimum_order_shares"": 5348, ""native_ask_bbo_reconciliation_mismatch"": 6, ""no_priceable_native_ask_side"": 3227}",free_cash_5pct_cap75|edge=0.0000|cap=75,free_cash_5pct_cap75,free_cash_5pct_cap75,75.0,0.0,2026-05-06T00:00:00Z,False,out_of_sample
2026-10,25.017504030036168,25.017504030036168,25.017504030036164,25.017504030036164,2.220446049250313e-15,0.0,0,0.0,0.0,0.0,25.017504030036164,2.220446049250313e-15,0,"{""ambiguous_equal_source_timestamp_order"": 1, ""ask_source_age_over_1s"": 3, ""below_minimum_order_shares"": 1717, ""future_source_timestamp_at_entry"": 2, ""no_priceable_native_ask_side"": 5}",free_cash_5pct_cap75|edge=0.0000|cap=75,free_cash_5pct_cap75,free_cash_5pct_cap75,75.0,0.0,2026-05-06T00:00:00Z,False,out_of_sample
2026-04,100.0,72.67261048485389,100.0,72.67261048485389,0.0,-27.32738951514611,240,1180.6653782317603,45.6163807,0.49808769633215433,64.76725367619973,13.362318797819942,2,"{""ambiguous_equal_source_timestamp_order"": 587, ""ask_source_age_over_1s"": 5, ""below_minimum_after_cost_return"": 286, ""exchange_maintenance_pause"": 1, ""native_ask_bbo_reconciliation_mismatch"": 234, ""no_positive_net_expected_value"": 2071, ""no_priceable_native_ask_side"": 977}",free_cash_5pct_cap75|edge=0.0200|cap=75,free_cash_5pct_cap75,free_cash_5pct_cap75,75.0,0.02,2026-05-06T00:00:00Z,False,training
2026-05,72.67261048485389,29.933910379120515,72.67261048485389,29.933910379120515,4.440892098500626e-16,-42.73870010573337,78,206.32943020157356,8.31087,0.587311732243632,29.933910379120515,6.766303271802233,2,"{""ambiguous_equal_source_timestamp_order"": 1184, ""ask_source_age_over_1s"": 339, ""below_minimum_after_cost_return"": 38, ""below_minimum_order_shares"": 2143, ""missing_official_outcome_or_resolution_time"": 10, ""native_ask_bbo_reconciliation_mismatch"": 410, ""no_native_book_snapshot"": 316, ""no_positive_net_expected_value"": 265, ""no_priceable_native_ask_side"": 4144}",free_cash_5pct_cap75|edge=0.0200|cap=75,free_cash_5pct_cap75,free_cash_5pct_cap75,75.0,0.02,2026-05-06T00:00:00Z,False,training
2026-06,29.933910379120515,29.933910379120515,29.933910379120515,29.933910379120515,4.440892098500626e-16,0.0,0,0.0,0.0,0.0,29.933910379120515,0.0,0,"{""ambiguous_equal_source_timestamp_order"": 375, ""archive_gap_after_book_initialization"": 8, ""archive_hour_missing_at_entry"": 36, ""ask_source_age_over_1s"": 1034, ""below_minimum_order_shares"": 1886, ""no_native_book_snapshot"": 5046, ""no_priceable_native_ask_side"": 249}",free_cash_5pct_cap75|edge=0.0200|cap=75,free_cash_5pct_cap75,free_cash_5pct_cap75,75.0,0.02,2026-05-06T00:00:00Z,False,out_of_sample
2026-07,29.933910379120515,28.35340486016449,29.933910379120515,28.35340486016449,4.440892098500626e-16,-1.580505518956027,1,1.4966955189560258,0.08381,0.05014038478754774,28.35340486016449,1.4966955189560263,1,"{""ambiguous_equal_source_timestamp_order"": 343, ""ask_source_age_over_1s"": 490, ""below_minimum_order_shares"": 5179, ""no_native_book_snapshot"": 2101, ""no_priceable_native_ask_side"": 813}",free_cash_5pct_cap75|edge=0.0200|cap=75,free_cash_5pct_cap75,free_cash_5pct_cap75,75.0,0.02,2026-05-06T00:00:00Z,False,out_of_sample
2026-08,28.35340486016449,25.114244525796142,28.35340486016449,25.114244525796142,4.440892098500626e-16,-3.2391603343683464,7,10.167661616911756,0.5338,0.23679459105735753,25.114244525796142,1.6453135834420936,1,"{""ambiguous_equal_source_timestamp_order"": 1511, ""ask_source_age_over_1s"": 81, ""below_minimum_order_shares"": 4875, ""future_source_timestamp_at_entry"": 1, ""missing_official_outcome_or_resolution_time"": 1, ""no_native_book_snapshot"": 916, ""no_priceable_native_ask_side"": 1536}",free_cash_5pct_cap75|edge=0.0200|cap=75,free_cash_5pct_cap75,free_cash_5pct_cap75,75.0,0.02,2026-05-06T00:00:00Z,False,out_of_sample
2026-09,25.114244525796142,25.114244525796142,25.114244525796142,25.114244525796142,4.440892098500626e-16,0.0,0,0.0,0.0,0.0,25.114244525796142,0.0,0,"{""ambiguous_equal_source_timestamp_order"": 28, ""ask_source_age_over_1s"": 30, ""below_minimum_order_shares"": 5348, ""native_ask_bbo_reconciliation_mismatch"": 6, ""no_priceable_native_ask_side"": 3227}",free_cash_5pct_cap75|edge=0.0200|cap=75,free_cash_5pct_cap75,free_cash_5pct_cap75,75.0,0.02,2026-05-06T00:00:00Z,False,out_of_sample
2026-10,25.114244525796142,25.114244525796142,25.114244525796142,25.114244525796142,4.440892098500626e-16,0.0,0,0.0,0.0,0.0,25.114244525796142,4.440892098500626e-16,0,"{""ambiguous_equal_source_timestamp_order"": 1, ""ask_source_age_over_1s"": 3, ""below_minimum_order_shares"": 1717, ""future_source_timestamp_at_entry"": 2, ""no_priceable_native_ask_side"": 5}",free_cash_5pct_cap75|edge=0.0200|cap=75,free_cash_5pct_cap75,free_cash_5pct_cap75,75.0,0.02,2026-05-06T00:00:00Z,False,out_of_sample
2026-04,100.0,39.946775454508156,100.0,39.946775454508156,8.881784197001252e-16,-60.053224545491844,117,439.46001110427267,17.551205060000004,0.6146839559912508,39.946775454508156,8.649858924207368,2,"{""ambiguous_equal_source_timestamp_order"": 587, ""ask_source_age_over_1s"": 5, ""below_minimum_after_cost_return"": 364, ""below_minimum_order_shares"": 33, ""exchange_maintenance_pause"": 1, ""native_ask_bbo_reconciliation_mismatch"": 234, ""no_positive_net_expected_value"": 1867, ""no_priceable_native_ask_side"": 1193}",free_cash_5pct_cap75|edge=0.0400|cap=75,free_cash_5pct_cap75,free_cash_5pct_cap75,75.0,0.04,2026-05-06T00:00:00Z,False,training
2026-05,39.946775454508156,30.519515994041313,39.946775454508156,30.519515994041313,8.881784197001252e-16,-9.427259460466843,5,8.993799460466848,0.43346,0.2342864557746804,30.519515994041313,1.997338772725409,1,"{""ambiguous_equal_source_timestamp_order"": 1184, ""ask_source_age_over_1s"": 339, ""below_minimum_order_shares"": 2210, ""missing_official_outcome_or_resolution_time"": 10, ""native_ask_bbo_reconciliation_mismatch"": 410, ""no_native_book_snapshot"": 316, ""no_priceable_native_ask_side"": 4453}",free_cash_5pct_cap75|edge=0.0400|cap=75,free_cash_5pct_cap75,free_cash_5pct_cap75,75.0,0.04,2026-05-06T00:00:00Z,False,training
2026-06,30.519515994041313,30.519515994041313,30.519515994041313,30.519515994041313,8.881784197001252e-16,0.0,0,0.0,0.0,0.0,30.519515994041313,0.0,0,"{""ambiguous_equal_source_timestamp_order"": 375, ""archive_gap_after_book_initialization"": 8, ""archive_hour_missing_at_entry"": 36, ""ask_source_age_over_1s"": 1034, ""below_minimum_order_shares"": 1886, ""no_native_book_snapshot"": 5046, ""no_priceable_native_ask_side"": 249}",free_cash_5pct_cap75|edge=0.0400|cap=75,free_cash_5pct_cap75,free_cash_5pct_cap75,75.0,0.04,2026-05-06T00:00:00Z,False,out_of_sample
2026-07,30.519515994041313,28.90809019433925,30.519515994041313,28.90809019433925,8.881784197001252e-16,-1.6114257997020651,1,1.5259757997020658,0.08545,0.05014038544836033,28.90809019433925,1.5259757997020666,1,"{""ambiguous_equal_source_timestamp_order"": 343, ""ask_source_age_over_1s"": 490, ""below_minimum_order_shares"": 5179, ""no_native_book_snapshot"": 2101, ""no_priceable_native_ask_side"": 813}",free_cash_5pct_cap75|edge=0.0400|cap=75,free_cash_5pct_cap75,free_cash_5pct_cap75,75.0,0.04,2026-05-06T00:00:00Z,False,out_of_sample
2026-08,28.90809019433925,25.609352557929373,28.90809019433925,25.609352557929373,8.881784197001252e-16,-3.298737636409875,7,10.36769532658273,0.53933,0.2366814880044064,25.609352557929373,1.6775010795282024,1,"{""ambiguous_equal_source_timestamp_order"": 1511, ""ask_source_age_over_1s"": 81, ""below_minimum_order_shares"": 4875, ""future_source_timestamp_at_entry"": 1, ""missing_official_outcome_or_resolution_time"": 1, ""no_native_book_snapshot"": 916, ""no_priceable_native_ask_side"": 1536}",free_cash_5pct_cap75|edge=0.0400|cap=75,free_cash_5pct_cap75,free_cash_5pct_cap75,75.0,0.04,2026-05-06T00:00:00Z,False,out_of_sample
2026-09,25.609352557929373,25.609352557929373,25.609352557929373,25.609352557929373,8.881784197001252e-16,0.0,0,0.0,0.0,0.0,25.609352557929373,0.0,0,"{""ambiguous_equal_source_timestamp_order"": 28, ""ask_source_age_over_1s"": 30, ""below_minimum_order_shares"": 5348, ""native_ask_bbo_reconciliation_mismatch"": 6, ""no_priceable_native_ask_side"": 3227}",free_cash_5pct_cap75|edge=0.0400|cap=75,free_cash_5pct_cap75,free_cash_5pct_cap75,75.0,0.04,2026-05-06T00:00:00Z,False,out_of_sample
2026-10,25.609352557929373,25.609352557929373,25.609352557929373,25.609352557929373,8.881784197001252e-16,0.0,0,0.0,0.0,0.0,25.609352557929373,8.881784197001252e-16,0,"{""ambiguous_equal_source_timestamp_order"": 1, ""ask_source_age_over_1s"": 3, ""below_minimum_order_shares"": 1717, ""future_source_timestamp_at_entry"": 2, ""no_priceable_native_ask_side"": 5}",free_cash_5pct_cap75|edge=0.0400|cap=75,free_cash_5pct_cap75,free_cash_5pct_cap75,75.0,0.04,2026-05-06T00:00:00Z,False,out_of_sample
2026-04,100.0,68.53408927050714,100.0,68.53408927050714,8.881784197001252e-16,-31.46591072949286,54,253.29477294209948,10.604019279999997,0.47646118164606344,64.40288546634257,8.315244270340896,2,"{""ambiguous_equal_source_timestamp_order"": 587, ""ask_source_age_over_1s"": 5, ""below_minimum_after_cost_return"": 472, ""exchange_maintenance_pause"": 1, ""native_ask_bbo_reconciliation_mismatch"": 234, ""no_positive_net_expected_value"": 2071, ""no_priceable_native_ask_side"": 977}",free_cash_5pct_cap75|edge=0.0800|cap=75,free_cash_5pct_cap75,free_cash_5pct_cap75,75.0,0.08,2026-05-06T00:00:00Z,False,training
2026-05,68.53408927050714,30.377282410905615,68.53408927050714,30.377282410905615,1.3322676295501878e-15,-38.156806859601524,34,83.2223039103675,3.6368499999999995,0.5558612517601316,30.377282410905615,5.628800856546071,2,"{""ambiguous_equal_source_timestamp_order"": 1184, ""ask_source_age_over_1s"": 339, ""below_minimum_after_cost_return"": 106, ""below_minimum_order_shares"": 2122, ""missing_official_outcome_or_resolution_time"": 10, ""native_ask_bbo_reconciliation_mismatch"": 410, ""no_native_book_snapshot"": 316, ""no_positive_net_expected_value"": 352, ""no_priceable_native_ask_side"": 4054}",free_cash_5pct_cap75|edge=0.0800|cap=75,free_cash_5pct_cap75,free_cash_5pct_cap75,75.0,0.08,2026-05-06T00:00:00Z,False,training
2026-06,30.377282410905615,30.377282410905615,30.377282410905615,30.377282410905615,1.3322676295501878e-15,0.0,0,0.0,0.0,0.0,30.377282410905615,0.0,0,"{""ambiguous_equal_source_timestamp_order"": 375, ""archive_gap_after_book_initialization"": 8, ""archive_hour_missing_at_entry"": 36, ""ask_source_age_over_1s"": 1034, ""below_minimum_order_shares"": 1886, ""no_native_book_snapshot"": 5046, ""no_priceable_native_ask_side"": 249}",free_cash_5pct_cap75|edge=0.0800|cap=75,free_cash_5pct_cap75,free_cash_5pct_cap75,75.0,0.08,2026-05-06T00:00:00Z,False,out_of_sample
2026-07,30.377282410905615,28.773358290360335,30.377282410905615,28.773358290360335,1.3322676295501878e-15,-1.6039241205452797,1,1.5188641205452809,0.08506,0.05014039907479582,28.773358290360335,1.5188641205452822,1,"{""ambiguous_equal_source_timestamp_order"": 343, ""ask_source_age_over_1s"": 490, ""below_minimum_order_shares"": 5179, ""no_native_book_snapshot"": 2101, ""no_priceable_native_ask_side"": 813}",free_cash_5pct_cap75|edge=0.0800|cap=75,free_cash_5pct_cap75,free_cash_5pct_cap75,75.0,0.08,2026-05-06T00:00:00Z,False,out_of_sample
2026-08,28.773358290360335,25.486236248435862,28.773358290360335,25.486236248435862,1.3322676295501878e-15,-3.287122041924473,7,10.318259924102897,0.54169,0.2367941450843954,25.486236248435862,1.6696829619614326,1,"{""ambiguous_equal_source_timestamp_order"": 1511, ""ask_source_age_over_1s"": 81, ""below_minimum_order_shares"": 4875, ""future_source_timestamp_at_entry"": 1, ""missing_official_outcome_or_resolution_time"": 1, ""no_native_book_snapshot"": 916, ""no_priceable_native_ask_side"": 1536}",free_cash_5pct_cap75|edge=0.0800|cap=75,free_cash_5pct_cap75,free_cash_5pct_cap75,75.0,0.08,2026-05-06T00:00:00Z,False,out_of_sample
2026-09,25.486236248435862,25.486236248435862,25.486236248435862,25.486236248435862,1.3322676295501878e-15,0.0,0,0.0,0.0,0.0,25.486236248435862,0.0,0,"{""ambiguous_equal_source_timestamp_order"": 28, ""ask_source_age_over_1s"": 30, ""below_minimum_order_shares"": 5348, ""native_ask_bbo_reconciliation_mismatch"": 6, ""no_priceable_native_ask_side"": 3227}",free_cash_5pct_cap75|edge=0.0800|cap=75,free_cash_5pct_cap75,free_cash_5pct_cap75,75.0,0.08,2026-05-06T00:00:00Z,False,out_of_sample
2026-10,25.486236248435862,25.486236248435862,25.486236248435862,25.486236248435862,1.3322676295501878e-15,0.0,0,0.0,0.0,0.0,25.486236248435862,1.3322676295501878e-15,0,"{""ambiguous_equal_source_timestamp_order"": 1, ""ask_source_age_over_1s"": 3, ""below_minimum_order_shares"": 1717, ""future_source_timestamp_at_entry"": 2, ""no_priceable_native_ask_side"": 5}",free_cash_5pct_cap75|edge=0.0800|cap=75,free_cash_5pct_cap75,free_cash_5pct_cap75,75.0,0.08,2026-05-06T00:00:00Z,False,out_of_sample
2026-04,100.0,39.03080644247175,100.0,39.03080644247175,2.220446049250313e-15,-60.96919355752825,420,2660.982756543604,100.08932334999994,0.8272483670284067,39.03080644247175,20.461409589319807,2,"{""ambiguous_equal_source_timestamp_order"": 587, ""ask_source_age_over_1s"": 5, ""below_minimum_order_shares"": 70, ""exchange_maintenance_pause"": 1, ""native_ask_bbo_reconciliation_mismatch"": 234, ""no_positive_net_expected_value"": 1682, ""no_priceable_native_ask_side"": 1402}",free_cash_5pct_cap100|edge=0.0000|cap=100,free_cash_5pct_cap100,free_cash_5pct_cap100,100.0,0.0,2026-05-06T00:00:00Z,False,training
2026-05,39.03080644247175,29.81860321093683,39.03080644247175,29.818603210936825,2.220446049250313e-15,-9.212203231534922,5,8.78757323153492,0.42463,0.23431482905488787,29.818603210936825,1.9515403221235896,1,"{""ambiguous_equal_source_timestamp_order"": 1184, ""ask_source_age_over_1s"": 339, ""below_minimum_order_shares"": 2211, ""missing_official_outcome_or_resolution_time"": 10, ""native_ask_bbo_reconciliation_mismatch"": 410, ""no_native_book_snapshot"": 316, ""no_priceable_native_ask_side"": 4452}",free_cash_5pct_cap100|edge=0.0000|cap=100,free_cash_5pct_cap100,free_cash_5pct_cap100,100.0,0.0,2026-05-06T00:00:00Z,False,training
2026-06,29.81860321093683,29.81860321093683,29.818603210936825,29.818603210936825,2.220446049250313e-15,0.0,0,0.0,0.0,0.0,29.818603210936825,0.0,0,"{""ambiguous_equal_source_timestamp_order"": 375, ""archive_gap_after_book_initialization"": 8, ""archive_hour_missing_at_entry"": 36, ""ask_source_age_over_1s"": 1034, ""below_minimum_order_shares"": 1886, ""no_native_book_snapshot"": 5046, ""no_priceable_native_ask_side"": 249}",free_cash_5pct_cap100|edge=0.0000|cap=100,free_cash_5pct_cap100,free_cash_5pct_cap100,100.0,0.0,2026-05-06T00:00:00Z,False,out_of_sample
2026-07,29.81860321093683,28.24418305038999,29.818603210936825,28.244183050389985,2.220446049250313e-15,-1.5744201605468398,1,1.4909301605468412,0.08349,0.050140389578152395,28.244183050389985,1.4909301605468435,1,"{""ambiguous_equal_source_timestamp_order"": 343, ""ask_source_age_over_1s"": 490, ""below_minimum_order_shares"": 5179, ""no_native_book_snapshot"": 2101, ""no_priceable_native_ask_side"": 813}",free_cash_5pct_cap100|edge=0.0000|cap=100,free_cash_5pct_cap100,free_cash_5pct_cap100,100.0,0.0,2026-05-06T00:00:00Z,False,out_of_sample
2026-08,28.24418305038999,25.017504030036168,28.244183050389985,25.017504030036164,2.220446049250313e-15,-3.2266790203538207,7,10.128492880873402,0.53174,0.23679440272333402,25.017504030036164,1.6389754031748294,1,"{""ambiguous_equal_source_timestamp_order"": 1511, ""ask_source_age_over_1s"": 81, ""below_minimum_order_shares"": 4875, ""future_source_timestamp_at_entry"": 1, ""missing_official_outcome_or_resolution_time"": 1, ""no_native_book_snapshot"": 916, ""no_priceable_native_ask_side"": 1536}",free_cash_5pct_cap100|edge=0.0000|cap=100,free_cash_5pct_cap100,free_cash_5pct_cap100,100.0,0.0,2026-05-06T00:00:00Z,False,out_of_sample
2026-09,25.017504030036168,25.017504030036168,25.017504030036164,25.017504030036164,2.220446049250313e-15,0.0,0,0.0,0.0,0.0,25.017504030036164,0.0,0,"{""ambiguous_equal_source_timestamp_order"": 28, ""ask_source_age_over_1s"": 30, ""below_minimum_order_shares"": 5348, ""native_ask_bbo_reconciliation_mismatch"": 6, ""no_priceable_native_ask_side"": 3227}",free_cash_5pct_cap100|edge=0.0000|cap=100,free_cash_5pct_cap100,free_cash_5pct_cap100,100.0,0.0,2026-05-06T00:00:00Z,False,out_of_sample
2026-10,25.017504030036168,25.017504030036168,25.017504030036164,25.017504030036164,2.220446049250313e-15,0.0,0,0.0,0.0,0.0,25.017504030036164,2.220446049250313e-15,0,"{""ambiguous_equal_source_timestamp_order"": 1, ""ask_source_age_over_1s"": 3, ""below_minimum_order_shares"": 1717, ""future_source_timestamp_at_entry"": 2, ""no_priceable_native_ask_side"": 5}",free_cash_5pct_cap100|edge=0.0000|cap=100,free_cash_5pct_cap100,free_cash_5pct_cap100,100.0,0.0,2026-05-06T00:00:00Z,False,out_of_sample
2026-04,100.0,72.67261048485389,100.0,72.67261048485389,0.0,-27.32738951514611,240,1180.6653782317603,45.6163807,0.49808769633215433,64.76725367619973,13.362318797819942,2,"{""ambiguous_equal_source_timestamp_order"": 587, ""ask_source_age_over_1s"": 5, ""below_minimum_after_cost_return"": 286, ""exchange_maintenance_pause"": 1, ""native_ask_bbo_reconciliation_mismatch"": 234, ""no_positive_net_expected_value"": 2071, ""no_priceable_native_ask_side"": 977}",free_cash_5pct_cap100|edge=0.0200|cap=100,free_cash_5pct_cap100,free_cash_5pct_cap100,100.0,0.02,2026-05-06T00:00:00Z,False,training
2026-05,72.67261048485389,29.933910379120515,72.67261048485389,29.933910379120515,4.440892098500626e-16,-42.73870010573337,78,206.32943020157356,8.31087,0.587311732243632,29.933910379120515,6.766303271802233,2,"{""ambiguous_equal_source_timestamp_order"": 1184, ""ask_source_age_over_1s"": 339, ""below_minimum_after_cost_return"": 38, ""below_minimum_order_shares"": 2143, ""missing_official_outcome_or_resolution_time"": 10, ""native_ask_bbo_reconciliation_mismatch"": 410, ""no_native_book_snapshot"": 316, ""no_positive_net_expected_value"": 265, ""no_priceable_native_ask_side"": 4144}",free_cash_5pct_cap100|edge=0.0200|cap=100,free_cash_5pct_cap100,free_cash_5pct_cap100,100.0,0.02,2026-05-06T00:00:00Z,False,training
2026-06,29.933910379120515,29.933910379120515,29.933910379120515,29.933910379120515,4.440892098500626e-16,0.0,0,0.0,0.0,0.0,29.933910379120515,0.0,0,"{""ambiguous_equal_source_timestamp_order"": 375, ""archive_gap_after_book_initialization"": 8, ""archive_hour_missing_at_entry"": 36, ""ask_source_age_over_1s"": 1034, ""below_minimum_order_shares"": 1886, ""no_native_book_snapshot"": 5046, ""no_priceable_native_ask_side"": 249}",free_cash_5pct_cap100|edge=0.0200|cap=100,free_cash_5pct_cap100,free_cash_5pct_cap100,100.0,0.02,2026-05-06T00:00:00Z,False,out_of_sample
2026-07,29.933910379120515,28.35340486016449,29.933910379120515,28.35340486016449,4.440892098500626e-16,-1.580505518956027,1,1.4966955189560258,0.08381,0.05014038478754774,28.35340486016449,1.4966955189560263,1,"{""ambiguous_equal_source_timestamp_order"": 343, ""ask_source_age_over_1s"": 490, ""below_minimum_order_shares"": 5179, ""no_native_book_snapshot"": 2101, ""no_priceable_native_ask_side"": 813}",free_cash_5pct_cap100|edge=0.0200|cap=100,free_cash_5pct_cap100,free_cash_5pct_cap100,100.0,0.02,2026-05-06T00:00:00Z,False,out_of_sample
2026-08,28.35340486016449,25.114244525796142,28.35340486016449,25.114244525796142,4.440892098500626e-16,-3.2391603343683464,7,10.167661616911756,0.5338,0.23679459105735753,25.114244525796142,1.6453135834420936,1,"{""ambiguous_equal_source_timestamp_order"": 1511, ""ask_source_age_over_1s"": 81, ""below_minimum_order_shares"": 4875, ""future_source_timestamp_at_entry"": 1, ""missing_official_outcome_or_resolution_time"": 1, ""no_native_book_snapshot"": 916, ""no_priceable_native_ask_side"": 1536}",free_cash_5pct_cap100|edge=0.0200|cap=100,free_cash_5pct_cap100,free_cash_5pct_cap100,100.0,0.02,2026-05-06T00:00:00Z,False,out_of_sample
2026-09,25.114244525796142,25.114244525796142,25.114244525796142,25.114244525796142,4.440892098500626e-16,0.0,0,0.0,0.0,0.0,25.114244525796142,0.0,0,"{""ambiguous_equal_source_timestamp_order"": 28, ""ask_source_age_over_1s"": 30, ""below_minimum_order_shares"": 5348, ""native_ask_bbo_reconciliation_mismatch"": 6, ""no_priceable_native_ask_side"": 3227}",free_cash_5pct_cap100|edge=0.0200|cap=100,free_cash_5pct_cap100,free_cash_5pct_cap100,100.0,0.02,2026-05-06T00:00:00Z,False,out_of_sample
2026-10,25.114244525796142,25.114244525796142,25.114244525796142,25.114244525796142,4.440892098500626e-16,0.0,0,0.0,0.0,0.0,25.114244525796142,4.440892098500626e-16,0,"{""ambiguous_equal_source_timestamp_order"": 1, ""ask_source_age_over_1s"": 3, ""below_minimum_order_shares"": 1717, ""future_source_timestamp_at_entry"": 2, ""no_priceable_native_ask_side"": 5}",free_cash_5pct_cap100|edge=0.0200|cap=100,free_cash_5pct_cap100,free_cash_5pct_cap100,100.0,0.02,2026-05-06T00:00:00Z,False,out_of_sample
2026-04,100.0,39.946775454508156,100.0,39.946775454508156,8.881784197001252e-16,-60.053224545491844,117,439.46001110427267,17.551205060000004,0.6146839559912508,39.946775454508156,8.649858924207368,2,"{""ambiguous_equal_source_timestamp_order"": 587, ""ask_source_age_over_1s"": 5, ""below_minimum_after_cost_return"": 364, ""below_minimum_order_shares"": 33, ""exchange_maintenance_pause"": 1, ""native_ask_bbo_reconciliation_mismatch"": 234, ""no_positive_net_expected_value"": 1867, ""no_priceable_native_ask_side"": 1193}",free_cash_5pct_cap100|edge=0.0400|cap=100,free_cash_5pct_cap100,free_cash_5pct_cap100,100.0,0.04,2026-05-06T00:00:00Z,False,training
2026-05,39.946775454508156,30.519515994041313,39.946775454508156,30.519515994041313,8.881784197001252e-16,-9.427259460466843,5,8.993799460466848,0.43346,0.2342864557746804,30.519515994041313,1.997338772725409,1,"{""ambiguous_equal_source_timestamp_order"": 1184, ""ask_source_age_over_1s"": 339, ""below_minimum_order_shares"": 2210, ""missing_official_outcome_or_resolution_time"": 10, ""native_ask_bbo_reconciliation_mismatch"": 410, ""no_native_book_snapshot"": 316, ""no_priceable_native_ask_side"": 4453}",free_cash_5pct_cap100|edge=0.0400|cap=100,free_cash_5pct_cap100,free_cash_5pct_cap100,100.0,0.04,2026-05-06T00:00:00Z,False,training
2026-06,30.519515994041313,30.519515994041313,30.519515994041313,30.519515994041313,8.881784197001252e-16,0.0,0,0.0,0.0,0.0,30.519515994041313,0.0,0,"{""ambiguous_equal_source_timestamp_order"": 375, ""archive_gap_after_book_initialization"": 8, ""archive_hour_missing_at_entry"": 36, ""ask_source_age_over_1s"": 1034, ""below_minimum_order_shares"": 1886, ""no_native_book_snapshot"": 5046, ""no_priceable_native_ask_side"": 249}",free_cash_5pct_cap100|edge=0.0400|cap=100,free_cash_5pct_cap100,free_cash_5pct_cap100,100.0,0.04,2026-05-06T00:00:00Z,False,out_of_sample
2026-07,30.519515994041313,28.90809019433925,30.519515994041313,28.90809019433925,8.881784197001252e-16,-1.6114257997020651,1,1.5259757997020658,0.08545,0.05014038544836033,28.90809019433925,1.5259757997020666,1,"{""ambiguous_equal_source_timestamp_order"": 343, ""ask_source_age_over_1s"": 490, ""below_minimum_order_shares"": 5179, ""no_native_book_snapshot"": 2101, ""no_priceable_native_ask_side"": 813}",free_cash_5pct_cap100|edge=0.0400|cap=100,free_cash_5pct_cap100,free_cash_5pct_cap100,100.0,0.04,2026-05-06T00:00:00Z,False,out_of_sample
2026-08,28.90809019433925,25.609352557929373,28.90809019433925,25.609352557929373,8.881784197001252e-16,-3.298737636409875,7,10.36769532658273,0.53933,0.2366814880044064,25.609352557929373,1.6775010795282024,1,"{""ambiguous_equal_source_timestamp_order"": 1511, ""ask_source_age_over_1s"": 81, ""below_minimum_order_shares"": 4875, ""future_source_timestamp_at_entry"": 1, ""missing_official_outcome_or_resolution_time"": 1, ""no_native_book_snapshot"": 916, ""no_priceable_native_ask_side"": 1536}",free_cash_5pct_cap100|edge=0.0400|cap=100,free_cash_5pct_cap100,free_cash_5pct_cap100,100.0,0.04,2026-05-06T00:00:00Z,False,out_of_sample
2026-09,25.609352557929373,25.609352557929373,25.609352557929373,25.609352557929373,8.881784197001252e-16,0.0,0,0.0,0.0,0.0,25.609352557929373,0.0,0,"{""ambiguous_equal_source_timestamp_order"": 28, ""ask_source_age_over_1s"": 30, ""below_minimum_order_shares"": 5348, ""native_ask_bbo_reconciliation_mismatch"": 6, ""no_priceable_native_ask_side"": 3227}",free_cash_5pct_cap100|edge=0.0400|cap=100,free_cash_5pct_cap100,free_cash_5pct_cap100,100.0,0.04,2026-05-06T00:00:00Z,False,out_of_sample
2026-10,25.609352557929373,25.609352557929373,25.609352557929373,25.609352557929373,8.881784197001252e-16,0.0,0,0.0,0.0,0.0,25.609352557929373,8.881784197001252e-16,0,"{""ambiguous_equal_source_timestamp_order"": 1, ""ask_source_age_over_1s"": 3, ""below_minimum_order_shares"": 1717, ""future_source_timestamp_at_entry"": 2, ""no_priceable_native_ask_side"": 5}",free_cash_5pct_cap100|edge=0.0400|cap=100,free_cash_5pct_cap100,free_cash_5pct_cap100,100.0,0.04,2026-05-06T00:00:00Z,False,out_of_sample
2026-04,100.0,68.53408927050714,100.0,68.53408927050714,8.881784197001252e-16,-31.46591072949286,54,253.29477294209948,10.604019279999997,0.47646118164606344,64.40288546634257,8.315244270340896,2,"{""ambiguous_equal_source_timestamp_order"": 587, ""ask_source_age_over_1s"": 5, ""below_minimum_after_cost_return"": 472, ""exchange_maintenance_pause"": 1, ""native_ask_bbo_reconciliation_mismatch"": 234, ""no_positive_net_expected_value"": 2071, ""no_priceable_native_ask_side"": 977}",free_cash_5pct_cap100|edge=0.0800|cap=100,free_cash_5pct_cap100,free_cash_5pct_cap100,100.0,0.08,2026-05-06T00:00:00Z,False,training
2026-05,68.53408927050714,30.377282410905615,68.53408927050714,30.377282410905615,1.3322676295501878e-15,-38.156806859601524,34,83.2223039103675,3.6368499999999995,0.5558612517601316,30.377282410905615,5.628800856546071,2,"{""ambiguous_equal_source_timestamp_order"": 1184, ""ask_source_age_over_1s"": 339, ""below_minimum_after_cost_return"": 106, ""below_minimum_order_shares"": 2122, ""missing_official_outcome_or_resolution_time"": 10, ""native_ask_bbo_reconciliation_mismatch"": 410, ""no_native_book_snapshot"": 316, ""no_positive_net_expected_value"": 352, ""no_priceable_native_ask_side"": 4054}",free_cash_5pct_cap100|edge=0.0800|cap=100,free_cash_5pct_cap100,free_cash_5pct_cap100,100.0,0.08,2026-05-06T00:00:00Z,False,training
2026-06,30.377282410905615,30.377282410905615,30.377282410905615,30.377282410905615,1.3322676295501878e-15,0.0,0,0.0,0.0,0.0,30.377282410905615,0.0,0,"{""ambiguous_equal_source_timestamp_order"": 375, ""archive_gap_after_book_initialization"": 8, ""archive_hour_missing_at_entry"": 36, ""ask_source_age_over_1s"": 1034, ""below_minimum_order_shares"": 1886, ""no_native_book_snapshot"": 5046, ""no_priceable_native_ask_side"": 249}",free_cash_5pct_cap100|edge=0.0800|cap=100,free_cash_5pct_cap100,free_cash_5pct_cap100,100.0,0.08,2026-05-06T00:00:00Z,False,out_of_sample
2026-07,30.377282410905615,28.773358290360335,30.377282410905615,28.773358290360335,1.3322676295501878e-15,-1.6039241205452797,1,1.5188641205452809,0.08506,0.05014039907479582,28.773358290360335,1.5188641205452822,1,"{""ambiguous_equal_source_timestamp_order"": 343, ""ask_source_age_over_1s"": 490, ""below_minimum_order_shares"": 5179, ""no_native_book_snapshot"": 2101, ""no_priceable_native_ask_side"": 813}",free_cash_5pct_cap100|edge=0.0800|cap=100,free_cash_5pct_cap100,free_cash_5pct_cap100,100.0,0.08,2026-05-06T00:00:00Z,False,out_of_sample
2026-08,28.773358290360335,25.486236248435862,28.773358290360335,25.486236248435862,1.3322676295501878e-15,-3.287122041924473,7,10.318259924102897,0.54169,0.2367941450843954,25.486236248435862,1.6696829619614326,1,"{""ambiguous_equal_source_timestamp_order"": 1511, ""ask_source_age_over_1s"": 81, ""below_minimum_order_shares"": 4875, ""future_source_timestamp_at_entry"": 1, ""missing_official_outcome_or_resolution_time"": 1, ""no_native_book_snapshot"": 916, ""no_priceable_native_ask_side"": 1536}",free_cash_5pct_cap100|edge=0.0800|cap=100,free_cash_5pct_cap100,free_cash_5pct_cap100,100.0,0.08,2026-05-06T00:00:00Z,False,out_of_sample
2026-09,25.486236248435862,25.486236248435862,25.486236248435862,25.486236248435862,1.3322676295501878e-15,0.0,0,0.0,0.0,0.0,25.486236248435862,0.0,0,"{""ambiguous_equal_source_timestamp_order"": 28, ""ask_source_age_over_1s"": 30, ""below_minimum_order_shares"": 5348, ""native_ask_bbo_reconciliation_mismatch"": 6, ""no_priceable_native_ask_side"": 3227}",free_cash_5pct_cap100|edge=0.0800|cap=100,free_cash_5pct_cap100,free_cash_5pct_cap100,100.0,0.08,2026-05-06T00:00:00Z,False,out_of_sample
2026-10,25.486236248435862,25.486236248435862,25.486236248435862,25.486236248435862,1.3322676295501878e-15,0.0,0,0.0,0.0,0.0,25.486236248435862,1.3322676295501878e-15,0,"{""ambiguous_equal_source_timestamp_order"": 1, ""ask_source_age_over_1s"": 3, ""below_minimum_order_shares"": 1717, ""future_source_timestamp_at_entry"": 2, ""no_priceable_native_ask_side"": 5}",free_cash_5pct_cap100|edge=0.0800|cap=100,free_cash_5pct_cap100,free_cash_5pct_cap100,100.0,0.08,2026-05-06T00:00:00Z,False,out_of_sample
2026-04,100.0,39.03080644247175,100.0,39.03080644247175,2.220446049250313e-15,-60.96919355752825,420,2660.982756543604,100.08932334999994,0.8272483670284067,39.03080644247175,20.461409589319807,2,"{""ambiguous_equal_source_timestamp_order"": 587, ""ask_source_age_over_1s"": 5, ""below_minimum_order_shares"": 70, ""exchange_maintenance_pause"": 1, ""native_ask_bbo_reconciliation_mismatch"": 234, ""no_positive_net_expected_value"": 1682, ""no_priceable_native_ask_side"": 1402}",free_cash_5pct_cap_none|edge=0.0000|cap=none,free_cash_5pct_cap_none,free_cash_5pct_cap_none,,0.0,2026-05-06T00:00:00Z,False,training
2026-05,39.03080644247175,29.81860321093683,39.03080644247175,29.818603210936825,2.220446049250313e-15,-9.212203231534922,5,8.78757323153492,0.42463,0.23431482905488787,29.818603210936825,1.9515403221235896,1,"{""ambiguous_equal_source_timestamp_order"": 1184, ""ask_source_age_over_1s"": 339, ""below_minimum_order_shares"": 2211, ""missing_official_outcome_or_resolution_time"": 10, ""native_ask_bbo_reconciliation_mismatch"": 410, ""no_native_book_snapshot"": 316, ""no_priceable_native_ask_side"": 4452}",free_cash_5pct_cap_none|edge=0.0000|cap=none,free_cash_5pct_cap_none,free_cash_5pct_cap_none,,0.0,2026-05-06T00:00:00Z,False,training
2026-06,29.81860321093683,29.81860321093683,29.818603210936825,29.818603210936825,2.220446049250313e-15,0.0,0,0.0,0.0,0.0,29.818603210936825,0.0,0,"{""ambiguous_equal_source_timestamp_order"": 375, ""archive_gap_after_book_initialization"": 8, ""archive_hour_missing_at_entry"": 36, ""ask_source_age_over_1s"": 1034, ""below_minimum_order_shares"": 1886, ""no_native_book_snapshot"": 5046, ""no_priceable_native_ask_side"": 249}",free_cash_5pct_cap_none|edge=0.0000|cap=none,free_cash_5pct_cap_none,free_cash_5pct_cap_none,,0.0,2026-05-06T00:00:00Z,False,out_of_sample
2026-07,29.81860321093683,28.24418305038999,29.818603210936825,28.244183050389985,2.220446049250313e-15,-1.5744201605468398,1,1.4909301605468412,0.08349,0.050140389578152395,28.244183050389985,1.4909301605468435,1,"{""ambiguous_equal_source_timestamp_order"": 343, ""ask_source_age_over_1s"": 490, ""below_minimum_order_shares"": 5179, ""no_native_book_snapshot"": 2101, ""no_priceable_native_ask_side"": 813}",free_cash_5pct_cap_none|edge=0.0000|cap=none,free_cash_5pct_cap_none,free_cash_5pct_cap_none,,0.0,2026-05-06T00:00:00Z,False,out_of_sample
2026-08,28.24418305038999,25.017504030036168,28.244183050389985,25.017504030036164,2.220446049250313e-15,-3.2266790203538207,7,10.128492880873402,0.53174,0.23679440272333402,25.017504030036164,1.6389754031748294,1,"{""ambiguous_equal_source_timestamp_order"": 1511, ""ask_source_age_over_1s"": 81, ""below_minimum_order_shares"": 4875, ""future_source_timestamp_at_entry"": 1, ""missing_official_outcome_or_resolution_time"": 1, ""no_native_book_snapshot"": 916, ""no_priceable_native_ask_side"": 1536}",free_cash_5pct_cap_none|edge=0.0000|cap=none,free_cash_5pct_cap_none,free_cash_5pct_cap_none,,0.0,2026-05-06T00:00:00Z,False,out_of_sample
2026-09,25.017504030036168,25.017504030036168,25.017504030036164,25.017504030036164,2.220446049250313e-15,0.0,0,0.0,0.0,0.0,25.017504030036164,0.0,0,"{""ambiguous_equal_source_timestamp_order"": 28, ""ask_source_age_over_1s"": 30, ""below_minimum_order_shares"": 5348, ""native_ask_bbo_reconciliation_mismatch"": 6, ""no_priceable_native_ask_side"": 3227}",free_cash_5pct_cap_none|edge=0.0000|cap=none,free_cash_5pct_cap_none,free_cash_5pct_cap_none,,0.0,2026-05-06T00:00:00Z,False,out_of_sample
2026-10,25.017504030036168,25.017504030036168,25.017504030036164,25.017504030036164,2.220446049250313e-15,0.0,0,0.0,0.0,0.0,25.017504030036164,2.220446049250313e-15,0,"{""ambiguous_equal_source_timestamp_order"": 1, ""ask_source_age_over_1s"": 3, ""below_minimum_order_shares"": 1717, ""future_source_timestamp_at_entry"": 2, ""no_priceable_native_ask_side"": 5}",free_cash_5pct_cap_none|edge=0.0000|cap=none,free_cash_5pct_cap_none,free_cash_5pct_cap_none,,0.0,2026-05-06T00:00:00Z,False,out_of_sample
2026-04,100.0,72.67261048485389,100.0,72.67261048485389,0.0,-27.32738951514611,240,1180.6653782317603,45.6163807,0.49808769633215433,64.76725367619973,13.362318797819942,2,"{""ambiguous_equal_source_timestamp_order"": 587, ""ask_source_age_over_1s"": 5, ""below_minimum_after_cost_return"": 286, ""exchange_maintenance_pause"": 1, ""native_ask_bbo_reconciliation_mismatch"": 234, ""no_positive_net_expected_value"": 2071, ""no_priceable_native_ask_side"": 977}",free_cash_5pct_cap_none|edge=0.0200|cap=none,free_cash_5pct_cap_none,free_cash_5pct_cap_none,,0.02,2026-05-06T00:00:00Z,False,training
2026-05,72.67261048485389,29.933910379120515,72.67261048485389,29.933910379120515,4.440892098500626e-16,-42.73870010573337,78,206.32943020157356,8.31087,0.587311732243632,29.933910379120515,6.766303271802233,2,"{""ambiguous_equal_source_timestamp_order"": 1184, ""ask_source_age_over_1s"": 339, ""below_minimum_after_cost_return"": 38, ""below_minimum_order_shares"": 2143, ""missing_official_outcome_or_resolution_time"": 10, ""native_ask_bbo_reconciliation_mismatch"": 410, ""no_native_book_snapshot"": 316, ""no_positive_net_expected_value"": 265, ""no_priceable_native_ask_side"": 4144}",free_cash_5pct_cap_none|edge=0.0200|cap=none,free_cash_5pct_cap_none,free_cash_5pct_cap_none,,0.02,2026-05-06T00:00:00Z,False,training
2026-06,29.933910379120515,29.933910379120515,29.933910379120515,29.933910379120515,4.440892098500626e-16,0.0,0,0.0,0.0,0.0,29.933910379120515,0.0,0,"{""ambiguous_equal_source_timestamp_order"": 375, ""archive_gap_after_book_initialization"": 8, ""archive_hour_missing_at_entry"": 36, ""ask_source_age_over_1s"": 1034, ""below_minimum_order_shares"": 1886, ""no_native_book_snapshot"": 5046, ""no_priceable_native_ask_side"": 249}",free_cash_5pct_cap_none|edge=0.0200|cap=none,free_cash_5pct_cap_none,free_cash_5pct_cap_none,,0.02,2026-05-06T00:00:00Z,False,out_of_sample
2026-07,29.933910379120515,28.35340486016449,29.933910379120515,28.35340486016449,4.440892098500626e-16,-1.580505518956027,1,1.4966955189560258,0.08381,0.05014038478754774,28.35340486016449,1.4966955189560263,1,"{""ambiguous_equal_source_timestamp_order"": 343, ""ask_source_age_over_1s"": 490, ""below_minimum_order_shares"": 5179, ""no_native_book_snapshot"": 2101, ""no_priceable_native_ask_side"": 813}",free_cash_5pct_cap_none|edge=0.0200|cap=none,free_cash_5pct_cap_none,free_cash_5pct_cap_none,,0.02,2026-05-06T00:00:00Z,False,out_of_sample
2026-08,28.35340486016449,25.114244525796142,28.35340486016449,25.114244525796142,4.440892098500626e-16,-3.2391603343683464,7,10.167661616911756,0.5338,0.23679459105735753,25.114244525796142,1.6453135834420936,1,"{""ambiguous_equal_source_timestamp_order"": 1511, ""ask_source_age_over_1s"": 81, ""below_minimum_order_shares"": 4875, ""future_source_timestamp_at_entry"": 1, ""missing_official_outcome_or_resolution_time"": 1, ""no_native_book_snapshot"": 916, ""no_priceable_native_ask_side"": 1536}",free_cash_5pct_cap_none|edge=0.0200|cap=none,free_cash_5pct_cap_none,free_cash_5pct_cap_none,,0.02,2026-05-06T00:00:00Z,False,out_of_sample
2026-09,25.114244525796142,25.114244525796142,25.114244525796142,25.114244525796142,4.440892098500626e-16,0.0,0,0.0,0.0,0.0,25.114244525796142,0.0,0,"{""ambiguous_equal_source_timestamp_order"": 28, ""ask_source_age_over_1s"": 30, ""below_minimum_order_shares"": 5348, ""native_ask_bbo_reconciliation_mismatch"": 6, ""no_priceable_native_ask_side"": 3227}",free_cash_5pct_cap_none|edge=0.0200|cap=none,free_cash_5pct_cap_none,free_cash_5pct_cap_none,,0.02,2026-05-06T00:00:00Z,False,out_of_sample
2026-10,25.114244525796142,25.114244525796142,25.114244525796142,25.114244525796142,4.440892098500626e-16,0.0,0,0.0,0.0,0.0,25.114244525796142,4.440892098500626e-16,0,"{""ambiguous_equal_source_timestamp_order"": 1, ""ask_source_age_over_1s"": 3, ""below_minimum_order_shares"": 1717, ""future_source_timestamp_at_entry"": 2, ""no_priceable_native_ask_side"": 5}",free_cash_5pct_cap_none|edge=0.0200|cap=none,free_cash_5pct_cap_none,free_cash_5pct_cap_none,,0.02,2026-05-06T00:00:00Z,False,out_of_sample
2026-04,100.0,39.946775454508156,100.0,39.946775454508156,8.881784197001252e-16,-60.053224545491844,117,439.46001110427267,17.551205060000004,0.6146839559912508,39.946775454508156,8.649858924207368,2,"{""ambiguous_equal_source_timestamp_order"": 587, ""ask_source_age_over_1s"": 5, ""below_minimum_after_cost_return"": 364, ""below_minimum_order_shares"": 33, ""exchange_maintenance_pause"": 1, ""native_ask_bbo_reconciliation_mismatch"": 234, ""no_positive_net_expected_value"": 1867, ""no_priceable_native_ask_side"": 1193}",free_cash_5pct_cap_none|edge=0.0400|cap=none,free_cash_5pct_cap_none,free_cash_5pct_cap_none,,0.04,2026-05-06T00:00:00Z,False,training
2026-05,39.946775454508156,30.519515994041313,39.946775454508156,30.519515994041313,8.881784197001252e-16,-9.427259460466843,5,8.993799460466848,0.43346,0.2342864557746804,30.519515994041313,1.997338772725409,1,"{""ambiguous_equal_source_timestamp_order"": 1184, ""ask_source_age_over_1s"": 339, ""below_minimum_order_shares"": 2210, ""missing_official_outcome_or_resolution_time"": 10, ""native_ask_bbo_reconciliation_mismatch"": 410, ""no_native_book_snapshot"": 316, ""no_priceable_native_ask_side"": 4453}",free_cash_5pct_cap_none|edge=0.0400|cap=none,free_cash_5pct_cap_none,free_cash_5pct_cap_none,,0.04,2026-05-06T00:00:00Z,False,training
2026-06,30.519515994041313,30.519515994041313,30.519515994041313,30.519515994041313,8.881784197001252e-16,0.0,0,0.0,0.0,0.0,30.519515994041313,0.0,0,"{""ambiguous_equal_source_timestamp_order"": 375, ""archive_gap_after_book_initialization"": 8, ""archive_hour_missing_at_entry"": 36, ""ask_source_age_over_1s"": 1034, ""below_minimum_order_shares"": 1886, ""no_native_book_snapshot"": 5046, ""no_priceable_native_ask_side"": 249}",free_cash_5pct_cap_none|edge=0.0400|cap=none,free_cash_5pct_cap_none,free_cash_5pct_cap_none,,0.04,2026-05-06T00:00:00Z,False,out_of_sample
2026-07,30.519515994041313,28.90809019433925,30.519515994041313,28.90809019433925,8.881784197001252e-16,-1.6114257997020651,1,1.5259757997020658,0.08545,0.05014038544836033,28.90809019433925,1.5259757997020666,1,"{""ambiguous_equal_source_timestamp_order"": 343, ""ask_source_age_over_1s"": 490, ""below_minimum_order_shares"": 5179, ""no_native_book_snapshot"": 2101, ""no_priceable_native_ask_side"": 813}",free_cash_5pct_cap_none|edge=0.0400|cap=none,free_cash_5pct_cap_none,free_cash_5pct_cap_none,,0.04,2026-05-06T00:00:00Z,False,out_of_sample
2026-08,28.90809019433925,25.609352557929373,28.90809019433925,25.609352557929373,8.881784197001252e-16,-3.298737636409875,7,10.36769532658273,0.53933,0.2366814880044064,25.609352557929373,1.6775010795282024,1,"{""ambiguous_equal_source_timestamp_order"": 1511, ""ask_source_age_over_1s"": 81, ""below_minimum_order_shares"": 4875, ""future_source_timestamp_at_entry"": 1, ""missing_official_outcome_or_resolution_time"": 1, ""no_native_book_snapshot"": 916, ""no_priceable_native_ask_side"": 1536}",free_cash_5pct_cap_none|edge=0.0400|cap=none,free_cash_5pct_cap_none,free_cash_5pct_cap_none,,0.04,2026-05-06T00:00:00Z,False,out_of_sample
2026-09,25.609352557929373,25.609352557929373,25.609352557929373,25.609352557929373,8.881784197001252e-16,0.0,0,0.0,0.0,0.0,25.609352557929373,0.0,0,"{""ambiguous_equal_source_timestamp_order"": 28, ""ask_source_age_over_1s"": 30, ""below_minimum_order_shares"": 5348, ""native_ask_bbo_reconciliation_mismatch"": 6, ""no_priceable_native_ask_side"": 3227}",free_cash_5pct_cap_none|edge=0.0400|cap=none,free_cash_5pct_cap_none,free_cash_5pct_cap_none,,0.04,2026-05-06T00:00:00Z,False,out_of_sample
2026-10,25.609352557929373,25.609352557929373,25.609352557929373,25.609352557929373,8.881784197001252e-16,0.0,0,0.0,0.0,0.0,25.609352557929373,8.881784197001252e-16,0,"{""ambiguous_equal_source_timestamp_order"": 1, ""ask_source_age_over_1s"": 3, ""below_minimum_order_shares"": 1717, ""future_source_timestamp_at_entry"": 2, ""no_priceable_native_ask_side"": 5}",free_cash_5pct_cap_none|edge=0.0400|cap=none,free_cash_5pct_cap_none,free_cash_5pct_cap_none,,0.04,2026-05-06T00:00:00Z,False,out_of_sample
2026-04,100.0,68.53408927050714,100.0,68.53408927050714,8.881784197001252e-16,-31.46591072949286,54,253.29477294209948,10.604019279999997,0.47646118164606344,64.40288546634257,8.315244270340896,2,"{""ambiguous_equal_source_timestamp_order"": 587, ""ask_source_age_over_1s"": 5, ""below_minimum_after_cost_return"": 472, ""exchange_maintenance_pause"": 1, ""native_ask_bbo_reconciliation_mismatch"": 234, ""no_positive_net_expected_value"": 2071, ""no_priceable_native_ask_side"": 977}",free_cash_5pct_cap_none|edge=0.0800|cap=none,free_cash_5pct_cap_none,free_cash_5pct_cap_none,,0.08,2026-05-06T00:00:00Z,False,training
2026-05,68.53408927050714,30.377282410905615,68.53408927050714,30.377282410905615,1.3322676295501878e-15,-38.156806859601524,34,83.2223039103675,3.6368499999999995,0.5558612517601316,30.377282410905615,5.628800856546071,2,"{""ambiguous_equal_source_timestamp_order"": 1184, ""ask_source_age_over_1s"": 339, ""below_minimum_after_cost_return"": 106, ""below_minimum_order_shares"": 2122, ""missing_official_outcome_or_resolution_time"": 10, ""native_ask_bbo_reconciliation_mismatch"": 410, ""no_native_book_snapshot"": 316, ""no_positive_net_expected_value"": 352, ""no_priceable_native_ask_side"": 4054}",free_cash_5pct_cap_none|edge=0.0800|cap=none,free_cash_5pct_cap_none,free_cash_5pct_cap_none,,0.08,2026-05-06T00:00:00Z,False,training
2026-06,30.377282410905615,30.377282410905615,30.377282410905615,30.377282410905615,1.3322676295501878e-15,0.0,0,0.0,0.0,0.0,30.377282410905615,0.0,0,"{""ambiguous_equal_source_timestamp_order"": 375, ""archive_gap_after_book_initialization"": 8, ""archive_hour_missing_at_entry"": 36, ""ask_source_age_over_1s"": 1034, ""below_minimum_order_shares"": 1886, ""no_native_book_snapshot"": 5046, ""no_priceable_native_ask_side"": 249}",free_cash_5pct_cap_none|edge=0.0800|cap=none,free_cash_5pct_cap_none,free_cash_5pct_cap_none,,0.08,2026-05-06T00:00:00Z,False,out_of_sample
2026-07,30.377282410905615,28.773358290360335,30.377282410905615,28.773358290360335,1.3322676295501878e-15,-1.6039241205452797,1,1.5188641205452809,0.08506,0.05014039907479582,28.773358290360335,1.5188641205452822,1,"{""ambiguous_equal_source_timestamp_order"": 343, ""ask_source_age_over_1s"": 490, ""below_minimum_order_shares"": 5179, ""no_native_book_snapshot"": 2101, ""no_priceable_native_ask_side"": 813}",free_cash_5pct_cap_none|edge=0.0800|cap=none,free_cash_5pct_cap_none,free_cash_5pct_cap_none,,0.08,2026-05-06T00:00:00Z,False,out_of_sample
2026-08,28.773358290360335,25.486236248435862,28.773358290360335,25.486236248435862,1.3322676295501878e-15,-3.287122041924473,7,10.318259924102897,0.54169,0.2367941450843954,25.486236248435862,1.6696829619614326,1,"{""ambiguous_equal_source_timestamp_order"": 1511, ""ask_source_age_over_1s"": 81, ""below_minimum_order_shares"": 4875, ""future_source_timestamp_at_entry"": 1, ""missing_official_outcome_or_resolution_time"": 1, ""no_native_book_snapshot"": 916, ""no_priceable_native_ask_side"": 1536}",free_cash_5pct_cap_none|edge=0.0800|cap=none,free_cash_5pct_cap_none,free_cash_5pct_cap_none,,0.08,2026-05-06T00:00:00Z,False,out_of_sample
2026-09,25.486236248435862,25.486236248435862,25.486236248435862,25.486236248435862,1.3322676295501878e-15,0.0,0,0.0,0.0,0.0,25.486236248435862,0.0,0,"{""ambiguous_equal_source_timestamp_order"": 28, ""ask_source_age_over_1s"": 30, ""below_minimum_order_shares"": 5348, ""native_ask_bbo_reconciliation_mismatch"": 6, ""no_priceable_native_ask_side"": 3227}",free_cash_5pct_cap_none|edge=0.0800|cap=none,free_cash_5pct_cap_none,free_cash_5pct_cap_none,,0.08,2026-05-06T00:00:00Z,False,out_of_sample
2026-10,25.486236248435862,25.486236248435862,25.486236248435862,25.486236248435862,1.3322676295501878e-15,0.0,0,0.0,0.0,0.0,25.486236248435862,1.3322676295501878e-15,0,"{""ambiguous_equal_source_timestamp_order"": 1, ""ask_source_age_over_1s"": 3, ""below_minimum_order_shares"": 1717, ""future_source_timestamp_at_entry"": 2, ""no_priceable_native_ask_side"": 5}",free_cash_5pct_cap_none|edge=0.0800|cap=none,free_cash_5pct_cap_none,free_cash_5pct_cap_none,,0.08,2026-05-06T00:00:00Z,False,out_of_sample
2026-04,100.0,100.0,100.0,100.0,0.0,0.0,0,0.0,0.0,0.0,100.0,0.0,0,{},no_trade,no_trade,no_trade,,1.0,,True,training
2026-05,100.0,100.0,100.0,100.0,0.0,0.0,0,0.0,0.0,0.0,100.0,0.0,0,{},no_trade,no_trade,no_trade,,1.0,,True,training
2026-06,100.0,100.0,100.0,100.0,0.0,0.0,0,0.0,0.0,0.0,100.0,0.0,0,{},no_trade,no_trade,no_trade,,1.0,,True,out_of_sample
2026-07,100.0,100.0,100.0,100.0,0.0,0.0,0,0.0,0.0,0.0,100.0,0.0,0,{},no_trade,no_trade,no_trade,,1.0,,True,out_of_sample
2026-08,100.0,100.0,100.0,100.0,0.0,0.0,0,0.0,0.0,0.0,100.0,0.0,0,{},no_trade,no_trade,no_trade,,1.0,,True,out_of_sample
2026-09,100.0,100.0,100.0,100.0,0.0,0.0,0,0.0,0.0,0.0,100.0,0.0,0,{},no_trade,no_trade,no_trade,,1.0,,True,out_of_sample
2026-10,100.0,100.0,100.0,100.0,0.0,0.0,0,0.0,0.0,0.0,100.0,0.0,0,{},no_trade,no_trade,no_trade,,1.0,,True,out_of_sample
