month_utc,opening_cost_basis_equity_usd,closing_cost_basis_equity_usd,net_pnl_usd,entry_count,scenario_id,policy,cap_usd,fee_scenario,ask_age_limit_seconds,release_delay_seconds,execution_assumption,evaluation_month_utc,selection_data_through_month_utc,selected_policy,selected_cap_usd,selected_policy_prior_month_pnl_usd,selection_rule,status
2026-04,100,244.6209804,144.6209804,302,fee=archived_event_bps_literal|ask_age<=1s|release=60s|exec=full_ladder_snapshot_upper_bound,fixed_5_usd,,archived_event_bps_literal,1,60,full_ladder_snapshot_upper_bound,,,,,,,
2026-05,244.6209804,945.5841155,700.963135,3493,fee=archived_event_bps_literal|ask_age<=1s|release=60s|exec=full_ladder_snapshot_upper_bound,fixed_5_usd,,archived_event_bps_literal,1,60,full_ladder_snapshot_upper_bound,,,,,,,
2026-06,945.5841155,1241.344859,295.7607435,1583,fee=archived_event_bps_literal|ask_age<=1s|release=60s|exec=full_ladder_snapshot_upper_bound,fixed_5_usd,,archived_event_bps_literal,1,60,full_ladder_snapshot_upper_bound,,,,,,,
2026-07,1241.344859,1247.642244,6.297385075,4504,fee=archived_event_bps_literal|ask_age<=1s|release=60s|exec=full_ladder_snapshot_upper_bound,fixed_5_usd,,archived_event_bps_literal,1,60,full_ladder_snapshot_upper_bound,,,,,,,
2026-08,1247.642244,1522.97726,275.3350164,4328,fee=archived_event_bps_literal|ask_age<=1s|release=60s|exec=full_ladder_snapshot_upper_bound,fixed_5_usd,,archived_event_bps_literal,1,60,full_ladder_snapshot_upper_bound,,,,,,,
2026-09,1522.97726,2049.359098,526.3818376,5306,fee=archived_event_bps_literal|ask_age<=1s|release=60s|exec=full_ladder_snapshot_upper_bound,fixed_5_usd,,archived_event_bps_literal,1,60,full_ladder_snapshot_upper_bound,,,,,,,
2026-10,2049.359098,1682.603876,-366.7552224,1298,fee=archived_event_bps_literal|ask_age<=1s|release=60s|exec=full_ladder_snapshot_upper_bound,fixed_5_usd,,archived_event_bps_literal,1,60,full_ladder_snapshot_upper_bound,,,,,,,
2026-04,100,232.3614426,132.3614426,302,fee=archived_event_bps_literal|ask_age<=1s|release=60s|exec=full_ladder_snapshot_upper_bound,free_cash_5pct_cap5,5,archived_event_bps_literal,1,60,full_ladder_snapshot_upper_bound,,,,,,,
2026-05,232.3614426,933.3245776,700.963135,3493,fee=archived_event_bps_literal|ask_age<=1s|release=60s|exec=full_ladder_snapshot_upper_bound,free_cash_5pct_cap5,5,archived_event_bps_literal,1,60,full_ladder_snapshot_upper_bound,,,,,,,
2026-06,933.3245776,1229.085321,295.7607435,1583,fee=archived_event_bps_literal|ask_age<=1s|release=60s|exec=full_ladder_snapshot_upper_bound,free_cash_5pct_cap5,5,archived_event_bps_literal,1,60,full_ladder_snapshot_upper_bound,,,,,,,
2026-07,1229.085321,1235.382706,6.297385075,4504,fee=archived_event_bps_literal|ask_age<=1s|release=60s|exec=full_ladder_snapshot_upper_bound,free_cash_5pct_cap5,5,archived_event_bps_literal,1,60,full_ladder_snapshot_upper_bound,,,,,,,
2026-08,1235.382706,1510.717723,275.3350164,4328,fee=archived_event_bps_literal|ask_age<=1s|release=60s|exec=full_ladder_snapshot_upper_bound,free_cash_5pct_cap5,5,archived_event_bps_literal,1,60,full_ladder_snapshot_upper_bound,,,,,,,
2026-09,1510.717723,2037.09956,526.3818376,5306,fee=archived_event_bps_literal|ask_age<=1s|release=60s|exec=full_ladder_snapshot_upper_bound,free_cash_5pct_cap5,5,archived_event_bps_literal,1,60,full_ladder_snapshot_upper_bound,,,,,,,
2026-10,2037.09956,1670.344338,-366.7552224,1298,fee=archived_event_bps_literal|ask_age<=1s|release=60s|exec=full_ladder_snapshot_upper_bound,free_cash_5pct_cap5,5,archived_event_bps_literal,1,60,full_ladder_snapshot_upper_bound,,,,,,,
2026-04,100,297.3773934,197.3773934,300,fee=archived_event_bps_literal|ask_age<=1s|release=60s|exec=full_ladder_snapshot_upper_bound,free_cash_5pct_cap10,10,archived_event_bps_literal,1,60,full_ladder_snapshot_upper_bound,,,,,,,
2026-05,297.3773934,1722.589714,1425.212321,3469,fee=archived_event_bps_literal|ask_age<=1s|release=60s|exec=full_ladder_snapshot_upper_bound,free_cash_5pct_cap10,10,archived_event_bps_literal,1,60,full_ladder_snapshot_upper_bound,,,,,,,
2026-06,1722.589714,2328.655164,606.0654495,1579,fee=archived_event_bps_literal|ask_age<=1s|release=60s|exec=full_ladder_snapshot_upper_bound,free_cash_5pct_cap10,10,archived_event_bps_literal,1,60,full_ladder_snapshot_upper_bound,,,,,,,
2026-07,2328.655164,2403.951801,75.29663765,4487,fee=archived_event_bps_literal|ask_age<=1s|release=60s|exec=full_ladder_snapshot_upper_bound,free_cash_5pct_cap10,10,archived_event_bps_literal,1,60,full_ladder_snapshot_upper_bound,,,,,,,
2026-08,2403.951801,2925.334653,521.3828517,4274,fee=archived_event_bps_literal|ask_age<=1s|release=60s|exec=full_ladder_snapshot_upper_bound,free_cash_5pct_cap10,10,archived_event_bps_literal,1,60,full_ladder_snapshot_upper_bound,,,,,,,
2026-09,2925.334653,4099.309816,1173.975163,5255,fee=archived_event_bps_literal|ask_age<=1s|release=60s|exec=full_ladder_snapshot_upper_bound,free_cash_5pct_cap10,10,archived_event_bps_literal,1,60,full_ladder_snapshot_upper_bound,,,,,,,
2026-10,4099.309816,3409.58916,-689.7206555,1279,fee=archived_event_bps_literal|ask_age<=1s|release=60s|exec=full_ladder_snapshot_upper_bound,free_cash_5pct_cap10,10,archived_event_bps_literal,1,60,full_ladder_snapshot_upper_bound,,,,,,,
2026-04,100,297.2641064,197.2641064,298,fee=archived_event_bps_literal|ask_age<=1s|release=60s|exec=full_ladder_snapshot_upper_bound,free_cash_5pct_cap15,15,archived_event_bps_literal,1,60,full_ladder_snapshot_upper_bound,,,,,,,
2026-05,297.2641064,2363.020268,2065.756161,3443,fee=archived_event_bps_literal|ask_age<=1s|release=60s|exec=full_ladder_snapshot_upper_bound,free_cash_5pct_cap15,15,archived_event_bps_literal,1,60,full_ladder_snapshot_upper_bound,,,,,,,
2026-06,2363.020268,3342.195427,979.1751592,1570,fee=archived_event_bps_literal|ask_age<=1s|release=60s|exec=full_ladder_snapshot_upper_bound,free_cash_5pct_cap15,15,archived_event_bps_literal,1,60,full_ladder_snapshot_upper_bound,,,,,,,
2026-07,3342.195427,3453.291285,111.0958577,4478,fee=archived_event_bps_literal|ask_age<=1s|release=60s|exec=full_ladder_snapshot_upper_bound,free_cash_5pct_cap15,15,archived_event_bps_literal,1,60,full_ladder_snapshot_upper_bound,,,,,,,
2026-08,3453.291285,4155.268766,701.9774811,4222,fee=archived_event_bps_literal|ask_age<=1s|release=60s|exec=full_ladder_snapshot_upper_bound,free_cash_5pct_cap15,15,archived_event_bps_literal,1,60,full_ladder_snapshot_upper_bound,,,,,,,
2026-09,4155.268766,5860.418778,1705.150012,5195,fee=archived_event_bps_literal|ask_age<=1s|release=60s|exec=full_ladder_snapshot_upper_bound,free_cash_5pct_cap15,15,archived_event_bps_literal,1,60,full_ladder_snapshot_upper_bound,,,,,,,
2026-10,5860.418778,4876.52144,-983.8973383,1257,fee=archived_event_bps_literal|ask_age<=1s|release=60s|exec=full_ladder_snapshot_upper_bound,free_cash_5pct_cap15,15,archived_event_bps_literal,1,60,full_ladder_snapshot_upper_bound,,,,,,,
2026-04,100,270.1847182,170.1847182,297,fee=archived_event_bps_literal|ask_age<=1s|release=60s|exec=full_ladder_snapshot_upper_bound,free_cash_5pct_cap20,20,archived_event_bps_literal,1,60,full_ladder_snapshot_upper_bound,,,,,,,
2026-05,270.1847182,2795.34986,2525.165142,3420,fee=archived_event_bps_literal|ask_age<=1s|release=60s|exec=full_ladder_snapshot_upper_bound,free_cash_5pct_cap20,20,archived_event_bps_literal,1,60,full_ladder_snapshot_upper_bound,,,,,,,
2026-06,2795.34986,4120.39058,1325.040719,1561,fee=archived_event_bps_literal|ask_age<=1s|release=60s|exec=full_ladder_snapshot_upper_bound,free_cash_5pct_cap20,20,archived_event_bps_literal,1,60,full_ladder_snapshot_upper_bound,,,,,,,
2026-07,4120.39058,4269.864262,149.4736823,4457,fee=archived_event_bps_literal|ask_age<=1s|release=60s|exec=full_ladder_snapshot_upper_bound,free_cash_5pct_cap20,20,archived_event_bps_literal,1,60,full_ladder_snapshot_upper_bound,,,,,,,
2026-08,4269.864262,5154.786822,884.9225603,4166,fee=archived_event_bps_literal|ask_age<=1s|release=60s|exec=full_ladder_snapshot_upper_bound,free_cash_5pct_cap20,20,archived_event_bps_literal,1,60,full_ladder_snapshot_upper_bound,,,,,,,
2026-09,5154.786822,7151.538693,1996.75187,5105,fee=archived_event_bps_literal|ask_age<=1s|release=60s|exec=full_ladder_snapshot_upper_bound,free_cash_5pct_cap20,20,archived_event_bps_literal,1,60,full_ladder_snapshot_upper_bound,,,,,,,
2026-10,7151.538693,5881.141323,-1270.39737,1238,fee=archived_event_bps_literal|ask_age<=1s|release=60s|exec=full_ladder_snapshot_upper_bound,free_cash_5pct_cap20,20,archived_event_bps_literal,1,60,full_ladder_snapshot_upper_bound,,,,,,,
2026-04,100,270.1847182,170.1847182,297,fee=archived_event_bps_literal|ask_age<=1s|release=60s|exec=full_ladder_snapshot_upper_bound,free_cash_5pct_cap30,30,archived_event_bps_literal,1,60,full_ladder_snapshot_upper_bound,,,,,,,
2026-05,270.1847182,3172.977044,2902.792326,3368,fee=archived_event_bps_literal|ask_age<=1s|release=60s|exec=full_ladder_snapshot_upper_bound,free_cash_5pct_cap30,30,archived_event_bps_literal,1,60,full_ladder_snapshot_upper_bound,,,,,,,
2026-06,3172.977044,5229.462406,2056.485362,1550,fee=archived_event_bps_literal|ask_age<=1s|release=60s|exec=full_ladder_snapshot_upper_bound,free_cash_5pct_cap30,30,archived_event_bps_literal,1,60,full_ladder_snapshot_upper_bound,,,,,,,
2026-07,5229.462406,5270.291808,40.82940168,4435,fee=archived_event_bps_literal|ask_age<=1s|release=60s|exec=full_ladder_snapshot_upper_bound,free_cash_5pct_cap30,30,archived_event_bps_literal,1,60,full_ladder_snapshot_upper_bound,,,,,,,
2026-08,5270.291808,6836.342759,1566.050951,4075,fee=archived_event_bps_literal|ask_age<=1s|release=60s|exec=full_ladder_snapshot_upper_bound,free_cash_5pct_cap30,30,archived_event_bps_literal,1,60,full_ladder_snapshot_upper_bound,,,,,,,
2026-09,6836.342759,9258.509083,2422.166323,4933,fee=archived_event_bps_literal|ask_age<=1s|release=60s|exec=full_ladder_snapshot_upper_bound,free_cash_5pct_cap30,30,archived_event_bps_literal,1,60,full_ladder_snapshot_upper_bound,,,,,,,
2026-10,9258.509083,7918.565021,-1339.944062,1196,fee=archived_event_bps_literal|ask_age<=1s|release=60s|exec=full_ladder_snapshot_upper_bound,free_cash_5pct_cap30,30,archived_event_bps_literal,1,60,full_ladder_snapshot_upper_bound,,,,,,,
2026-04,100,270.1847182,170.1847182,297,fee=archived_event_bps_literal|ask_age<=1s|release=60s|exec=full_ladder_snapshot_upper_bound,free_cash_5pct_cap50,50,archived_event_bps_literal,1,60,full_ladder_snapshot_upper_bound,,,,,,,
2026-05,270.1847182,3325.251318,3055.0666,3324,fee=archived_event_bps_literal|ask_age<=1s|release=60s|exec=full_ladder_snapshot_upper_bound,free_cash_5pct_cap50,50,archived_event_bps_literal,1,60,full_ladder_snapshot_upper_bound,,,,,,,
2026-06,3325.251318,6988.173622,3662.922304,1516,fee=archived_event_bps_literal|ask_age<=1s|release=60s|exec=full_ladder_snapshot_upper_bound,free_cash_5pct_cap50,50,archived_event_bps_literal,1,60,full_ladder_snapshot_upper_bound,,,,,,,
2026-07,6988.173622,7226.007132,237.8335096,4397,fee=archived_event_bps_literal|ask_age<=1s|release=60s|exec=full_ladder_snapshot_upper_bound,free_cash_5pct_cap50,50,archived_event_bps_literal,1,60,full_ladder_snapshot_upper_bound,,,,,,,
2026-08,7226.007132,9186.92528,1960.918148,3904,fee=archived_event_bps_literal|ask_age<=1s|release=60s|exec=full_ladder_snapshot_upper_bound,free_cash_5pct_cap50,50,archived_event_bps_literal,1,60,full_ladder_snapshot_upper_bound,,,,,,,
2026-09,9186.92528,12339.17334,3152.248055,4623,fee=archived_event_bps_literal|ask_age<=1s|release=60s|exec=full_ladder_snapshot_upper_bound,free_cash_5pct_cap50,50,archived_event_bps_literal,1,60,full_ladder_snapshot_upper_bound,,,,,,,
2026-10,12339.17334,9565.706659,-2773.466676,1139,fee=archived_event_bps_literal|ask_age<=1s|release=60s|exec=full_ladder_snapshot_upper_bound,free_cash_5pct_cap50,50,archived_event_bps_literal,1,60,full_ladder_snapshot_upper_bound,,,,,,,
2026-04,100,270.1847182,170.1847182,297,fee=archived_event_bps_literal|ask_age<=1s|release=60s|exec=full_ladder_snapshot_upper_bound,free_cash_5pct_cap75,75,archived_event_bps_literal,1,60,full_ladder_snapshot_upper_bound,,,,,,,
2026-05,270.1847182,4661.472223,4391.287504,3254,fee=archived_event_bps_literal|ask_age<=1s|release=60s|exec=full_ladder_snapshot_upper_bound,free_cash_5pct_cap75,75,archived_event_bps_literal,1,60,full_ladder_snapshot_upper_bound,,,,,,,
2026-06,4661.472223,9839.492297,5178.020075,1479,fee=archived_event_bps_literal|ask_age<=1s|release=60s|exec=full_ladder_snapshot_upper_bound,free_cash_5pct_cap75,75,archived_event_bps_literal,1,60,full_ladder_snapshot_upper_bound,,,,,,,
2026-07,9839.492297,10189.48386,349.9915617,4332,fee=archived_event_bps_literal|ask_age<=1s|release=60s|exec=full_ladder_snapshot_upper_bound,free_cash_5pct_cap75,75,archived_event_bps_literal,1,60,full_ladder_snapshot_upper_bound,,,,,,,
2026-08,10189.48386,14007.82996,3818.346105,3723,fee=archived_event_bps_literal|ask_age<=1s|release=60s|exec=full_ladder_snapshot_upper_bound,free_cash_5pct_cap75,75,archived_event_bps_literal,1,60,full_ladder_snapshot_upper_bound,,,,,,,
2026-09,14007.82996,18761.74623,4753.916262,4276,fee=archived_event_bps_literal|ask_age<=1s|release=60s|exec=full_ladder_snapshot_upper_bound,free_cash_5pct_cap75,75,archived_event_bps_literal,1,60,full_ladder_snapshot_upper_bound,,,,,,,
2026-10,18761.74623,14718.01531,-4043.730918,1062,fee=archived_event_bps_literal|ask_age<=1s|release=60s|exec=full_ladder_snapshot_upper_bound,free_cash_5pct_cap75,75,archived_event_bps_literal,1,60,full_ladder_snapshot_upper_bound,,,,,,,
2026-04,100,270.1847182,170.1847182,297,fee=archived_event_bps_literal|ask_age<=1s|release=60s|exec=full_ladder_snapshot_upper_bound,free_cash_5pct_cap100,100,archived_event_bps_literal,1,60,full_ladder_snapshot_upper_bound,,,,,,,
2026-05,270.1847182,5593.476902,5323.292184,3196,fee=archived_event_bps_literal|ask_age<=1s|release=60s|exec=full_ladder_snapshot_upper_bound,free_cash_5pct_cap100,100,archived_event_bps_literal,1,60,full_ladder_snapshot_upper_bound,,,,,,,
2026-06,5593.476902,11149.15962,5555.682718,1431,fee=archived_event_bps_literal|ask_age<=1s|release=60s|exec=full_ladder_snapshot_upper_bound,free_cash_5pct_cap100,100,archived_event_bps_literal,1,60,full_ladder_snapshot_upper_bound,,,,,,,
2026-07,11149.15962,12725.96903,1576.809406,4269,fee=archived_event_bps_literal|ask_age<=1s|release=60s|exec=full_ladder_snapshot_upper_bound,free_cash_5pct_cap100,100,archived_event_bps_literal,1,60,full_ladder_snapshot_upper_bound,,,,,,,
2026-08,12725.96903,14358.98453,1633.015506,3547,fee=archived_event_bps_literal|ask_age<=1s|release=60s|exec=full_ladder_snapshot_upper_bound,free_cash_5pct_cap100,100,archived_event_bps_literal,1,60,full_ladder_snapshot_upper_bound,,,,,,,
2026-09,14358.98453,17748.13986,3389.155329,3979,fee=archived_event_bps_literal|ask_age<=1s|release=60s|exec=full_ladder_snapshot_upper_bound,free_cash_5pct_cap100,100,archived_event_bps_literal,1,60,full_ladder_snapshot_upper_bound,,,,,,,
2026-10,17748.13986,12629.41496,-5118.724902,984,fee=archived_event_bps_literal|ask_age<=1s|release=60s|exec=full_ladder_snapshot_upper_bound,free_cash_5pct_cap100,100,archived_event_bps_literal,1,60,full_ladder_snapshot_upper_bound,,,,,,,
2026-04,100,270.1847182,170.1847182,297,fee=archived_event_bps_literal|ask_age<=1s|release=60s|exec=full_ladder_snapshot_upper_bound,free_cash_5pct_cap_none,,archived_event_bps_literal,1,60,full_ladder_snapshot_upper_bound,,,,,,,
2026-05,270.1847182,898.1576612,627.972943,3207,fee=archived_event_bps_literal|ask_age<=1s|release=60s|exec=full_ladder_snapshot_upper_bound,free_cash_5pct_cap_none,,archived_event_bps_literal,1,60,full_ladder_snapshot_upper_bound,,,,,,,
2026-06,898.1576612,3758.096059,2859.938398,1404,fee=archived_event_bps_literal|ask_age<=1s|release=60s|exec=full_ladder_snapshot_upper_bound,free_cash_5pct_cap_none,,archived_event_bps_literal,1,60,full_ladder_snapshot_upper_bound,,,,,,,
2026-07,3758.096059,33.28445821,-3724.811601,1697,fee=archived_event_bps_literal|ask_age<=1s|release=60s|exec=full_ladder_snapshot_upper_bound,free_cash_5pct_cap_none,,archived_event_bps_literal,1,60,full_ladder_snapshot_upper_bound,,,,,,,
2026-08,33.28445821,25.75572078,-7.528737427,10,fee=archived_event_bps_literal|ask_age<=1s|release=60s|exec=full_ladder_snapshot_upper_bound,free_cash_5pct_cap_none,,archived_event_bps_literal,1,60,full_ladder_snapshot_upper_bound,,,,,,,
2026-09,25.75572078,25.75572078,0,0,fee=archived_event_bps_literal|ask_age<=1s|release=60s|exec=full_ladder_snapshot_upper_bound,free_cash_5pct_cap_none,,archived_event_bps_literal,1,60,full_ladder_snapshot_upper_bound,,,,,,,
2026-10,25.75572078,25.75572078,0,0,fee=archived_event_bps_literal|ask_age<=1s|release=60s|exec=full_ladder_snapshot_upper_bound,free_cash_5pct_cap_none,,archived_event_bps_literal,1,60,full_ladder_snapshot_upper_bound,,,,,,,
2026-04,100,239.6209804,139.6209804,303,fee=archived_event_bps_literal|ask_age<=5s|release=60s|exec=full_ladder_snapshot_upper_bound,fixed_5_usd,,archived_event_bps_literal,5,60,full_ladder_snapshot_upper_bound,,,,,,,
2026-05,239.6209804,968.6841218,729.0631414,3557,fee=archived_event_bps_literal|ask_age<=5s|release=60s|exec=full_ladder_snapshot_upper_bound,fixed_5_usd,,archived_event_bps_literal,5,60,full_ladder_snapshot_upper_bound,,,,,,,
2026-06,968.6841218,1186.393679,217.7095576,1769,fee=archived_event_bps_literal|ask_age<=5s|release=60s|exec=full_ladder_snapshot_upper_bound,fixed_5_usd,,archived_event_bps_literal,5,60,full_ladder_snapshot_upper_bound,,,,,,,
2026-07,1186.393679,1295.375752,108.9820721,4673,fee=archived_event_bps_literal|ask_age<=5s|release=60s|exec=full_ladder_snapshot_upper_bound,fixed_5_usd,,archived_event_bps_literal,5,60,full_ladder_snapshot_upper_bound,,,,,,,
2026-08,1295.375752,1571.871296,276.4955449,4360,fee=archived_event_bps_literal|ask_age<=5s|release=60s|exec=full_ladder_snapshot_upper_bound,fixed_5_usd,,archived_event_bps_literal,5,60,full_ladder_snapshot_upper_bound,,,,,,,
2026-09,1571.871296,2102.876522,531.0052254,5311,fee=archived_event_bps_literal|ask_age<=5s|release=60s|exec=full_ladder_snapshot_upper_bound,fixed_5_usd,,archived_event_bps_literal,5,60,full_ladder_snapshot_upper_bound,,,,,,,
2026-10,2102.876522,1740.736684,-362.1398378,1301,fee=archived_event_bps_literal|ask_age<=5s|release=60s|exec=full_ladder_snapshot_upper_bound,fixed_5_usd,,archived_event_bps_literal,5,60,full_ladder_snapshot_upper_bound,,,,,,,
2026-04,100,227.3614426,127.3614426,303,fee=archived_event_bps_literal|ask_age<=5s|release=60s|exec=full_ladder_snapshot_upper_bound,free_cash_5pct_cap5,5,archived_event_bps_literal,5,60,full_ladder_snapshot_upper_bound,,,,,,,
2026-05,227.3614426,956.424584,729.0631414,3557,fee=archived_event_bps_literal|ask_age<=5s|release=60s|exec=full_ladder_snapshot_upper_bound,free_cash_5pct_cap5,5,archived_event_bps_literal,5,60,full_ladder_snapshot_upper_bound,,,,,,,
2026-06,956.424584,1174.134142,217.7095576,1769,fee=archived_event_bps_literal|ask_age<=5s|release=60s|exec=full_ladder_snapshot_upper_bound,free_cash_5pct_cap5,5,archived_event_bps_literal,5,60,full_ladder_snapshot_upper_bound,,,,,,,
2026-07,1174.134142,1283.116214,108.9820721,4673,fee=archived_event_bps_literal|ask_age<=5s|release=60s|exec=full_ladder_snapshot_upper_bound,free_cash_5pct_cap5,5,archived_event_bps_literal,5,60,full_ladder_snapshot_upper_bound,,,,,,,
2026-08,1283.116214,1559.611759,276.4955449,4360,fee=archived_event_bps_literal|ask_age<=5s|release=60s|exec=full_ladder_snapshot_upper_bound,free_cash_5pct_cap5,5,archived_event_bps_literal,5,60,full_ladder_snapshot_upper_bound,,,,,,,
2026-09,1559.611759,2090.616984,531.0052254,5311,fee=archived_event_bps_literal|ask_age<=5s|release=60s|exec=full_ladder_snapshot_upper_bound,free_cash_5pct_cap5,5,archived_event_bps_literal,5,60,full_ladder_snapshot_upper_bound,,,,,,,
2026-10,2090.616984,1728.477146,-362.1398378,1301,fee=archived_event_bps_literal|ask_age<=5s|release=60s|exec=full_ladder_snapshot_upper_bound,free_cash_5pct_cap5,5,archived_event_bps_literal,5,60,full_ladder_snapshot_upper_bound,,,,,,,
2026-04,100,286.4418734,186.4418734,301,fee=archived_event_bps_literal|ask_age<=5s|release=60s|exec=full_ladder_snapshot_upper_bound,free_cash_5pct_cap10,10,archived_event_bps_literal,5,60,full_ladder_snapshot_upper_bound,,,,,,,
2026-05,286.4418734,1767.493927,1481.052054,3533,fee=archived_event_bps_literal|ask_age<=5s|release=60s|exec=full_ladder_snapshot_upper_bound,free_cash_5pct_cap10,10,archived_event_bps_literal,5,60,full_ladder_snapshot_upper_bound,,,,,,,
2026-06,1767.493927,2207.568004,440.0740766,1764,fee=archived_event_bps_literal|ask_age<=5s|release=60s|exec=full_ladder_snapshot_upper_bound,free_cash_5pct_cap10,10,archived_event_bps_literal,5,60,full_ladder_snapshot_upper_bound,,,,,,,
2026-07,2207.568004,2497.920435,290.3524316,4655,fee=archived_event_bps_literal|ask_age<=5s|release=60s|exec=full_ladder_snapshot_upper_bound,free_cash_5pct_cap10,10,archived_event_bps_literal,5,60,full_ladder_snapshot_upper_bound,,,,,,,
2026-08,2497.920435,3020.928186,523.0077504,4306,fee=archived_event_bps_literal|ask_age<=5s|release=60s|exec=full_ladder_snapshot_upper_bound,free_cash_5pct_cap10,10,archived_event_bps_literal,5,60,full_ladder_snapshot_upper_bound,,,,,,,
2026-09,3020.928186,4204.141961,1183.213775,5260,fee=archived_event_bps_literal|ask_age<=5s|release=60s|exec=full_ladder_snapshot_upper_bound,free_cash_5pct_cap10,10,archived_event_bps_literal,5,60,full_ladder_snapshot_upper_bound,,,,,,,
2026-10,4204.141961,3523.652074,-680.4898863,1282,fee=archived_event_bps_literal|ask_age<=5s|release=60s|exec=full_ladder_snapshot_upper_bound,free_cash_5pct_cap10,10,archived_event_bps_literal,5,60,full_ladder_snapshot_upper_bound,,,,,,,
2026-04,100,267.4854607,167.4854607,300,fee=archived_event_bps_literal|ask_age<=5s|release=60s|exec=full_ladder_snapshot_upper_bound,free_cash_5pct_cap15,15,archived_event_bps_literal,5,60,full_ladder_snapshot_upper_bound,,,,,,,
2026-05,267.4854607,2412.454969,2144.969508,3508,fee=archived_event_bps_literal|ask_age<=5s|release=60s|exec=full_ladder_snapshot_upper_bound,free_cash_5pct_cap15,15,archived_event_bps_literal,5,60,full_ladder_snapshot_upper_bound,,,,,,,
2026-06,2412.454969,3141.559094,729.1041249,1755,fee=archived_event_bps_literal|ask_age<=5s|release=60s|exec=full_ladder_snapshot_upper_bound,free_cash_5pct_cap15,15,archived_event_bps_literal,5,60,full_ladder_snapshot_upper_bound,,,,,,,
2026-07,3141.559094,3589.663809,448.104715,4645,fee=archived_event_bps_literal|ask_age<=5s|release=60s|exec=full_ladder_snapshot_upper_bound,free_cash_5pct_cap15,15,archived_event_bps_literal,5,60,full_ladder_snapshot_upper_bound,,,,,,,
2026-08,3589.663809,4293.556049,703.8922401,4254,fee=archived_event_bps_literal|ask_age<=5s|release=60s|exec=full_ladder_snapshot_upper_bound,free_cash_5pct_cap15,15,archived_event_bps_literal,5,60,full_ladder_snapshot_upper_bound,,,,,,,
2026-09,4293.556049,6012.363979,1718.807931,5200,fee=archived_event_bps_literal|ask_age<=5s|release=60s|exec=full_ladder_snapshot_upper_bound,free_cash_5pct_cap15,15,archived_event_bps_literal,5,60,full_ladder_snapshot_upper_bound,,,,,,,
2026-10,6012.363979,5042.312795,-970.0511844,1260,fee=archived_event_bps_literal|ask_age<=5s|release=60s|exec=full_ladder_snapshot_upper_bound,free_cash_5pct_cap15,15,archived_event_bps_literal,5,60,full_ladder_snapshot_upper_bound,,,,,,,
2026-04,100,258.8243741,158.8243741,300,fee=archived_event_bps_literal|ask_age<=5s|release=60s|exec=full_ladder_snapshot_upper_bound,free_cash_5pct_cap20,20,archived_event_bps_literal,5,60,full_ladder_snapshot_upper_bound,,,,,,,
2026-05,258.8243741,2905.18772,2646.363346,3483,fee=archived_event_bps_literal|ask_age<=5s|release=60s|exec=full_ladder_snapshot_upper_bound,free_cash_5pct_cap20,20,archived_event_bps_literal,5,60,full_ladder_snapshot_upper_bound,,,,,,,
2026-06,2905.18772,3915.904443,1010.716723,1745,fee=archived_event_bps_literal|ask_age<=5s|release=60s|exec=full_ladder_snapshot_upper_bound,free_cash_5pct_cap20,20,archived_event_bps_literal,5,60,full_ladder_snapshot_upper_bound,,,,,,,
2026-07,3915.904443,4534.032408,618.1279649,4623,fee=archived_event_bps_literal|ask_age<=5s|release=60s|exec=full_ladder_snapshot_upper_bound,free_cash_5pct_cap20,20,archived_event_bps_literal,5,60,full_ladder_snapshot_upper_bound,,,,,,,
2026-08,4534.032408,5420.980668,886.9482595,4198,fee=archived_event_bps_literal|ask_age<=5s|release=60s|exec=full_ladder_snapshot_upper_bound,free_cash_5pct_cap20,20,archived_event_bps_literal,5,60,full_ladder_snapshot_upper_bound,,,,,,,
2026-09,5420.980668,7435.809763,2014.829095,5110,fee=archived_event_bps_literal|ask_age<=5s|release=60s|exec=full_ladder_snapshot_upper_bound,free_cash_5pct_cap20,20,archived_event_bps_literal,5,60,full_ladder_snapshot_upper_bound,,,,,,,
2026-10,7435.809763,6183.873931,-1251.935831,1241,fee=archived_event_bps_literal|ask_age<=5s|release=60s|exec=full_ladder_snapshot_upper_bound,free_cash_5pct_cap20,20,archived_event_bps_literal,5,60,full_ladder_snapshot_upper_bound,,,,,,,
2026-04,100,258.8243741,158.8243741,300,fee=archived_event_bps_literal|ask_age<=5s|release=60s|exec=full_ladder_snapshot_upper_bound,free_cash_5pct_cap30,30,archived_event_bps_literal,5,60,full_ladder_snapshot_upper_bound,,,,,,,
2026-05,258.8243741,3444.22436,3185.399986,3429,fee=archived_event_bps_literal|ask_age<=5s|release=60s|exec=full_ladder_snapshot_upper_bound,free_cash_5pct_cap30,30,archived_event_bps_literal,5,60,full_ladder_snapshot_upper_bound,,,,,,,
2026-06,3444.22436,4998.566064,1554.341703,1733,fee=archived_event_bps_literal|ask_age<=5s|release=60s|exec=full_ladder_snapshot_upper_bound,free_cash_5pct_cap30,30,archived_event_bps_literal,5,60,full_ladder_snapshot_upper_bound,,,,,,,
2026-07,4998.566064,5740.63406,742.0679961,4601,fee=archived_event_bps_literal|ask_age<=5s|release=60s|exec=full_ladder_snapshot_upper_bound,free_cash_5pct_cap30,30,archived_event_bps_literal,5,60,full_ladder_snapshot_upper_bound,,,,,,,
2026-08,5740.63406,7278.729572,1538.095512,4106,fee=archived_event_bps_literal|ask_age<=5s|release=60s|exec=full_ladder_snapshot_upper_bound,free_cash_5pct_cap30,30,archived_event_bps_literal,5,60,full_ladder_snapshot_upper_bound,,,,,,,
2026-09,7278.729572,9727.811732,2449.08216,4938,fee=archived_event_bps_literal|ask_age<=5s|release=60s|exec=full_ladder_snapshot_upper_bound,free_cash_5pct_cap30,30,archived_event_bps_literal,5,60,full_ladder_snapshot_upper_bound,,,,,,,
2026-10,9727.811732,8415.559979,-1312.251754,1199,fee=archived_event_bps_literal|ask_age<=5s|release=60s|exec=full_ladder_snapshot_upper_bound,free_cash_5pct_cap30,30,archived_event_bps_literal,5,60,full_ladder_snapshot_upper_bound,,,,,,,
2026-04,100,258.8243741,158.8243741,300,fee=archived_event_bps_literal|ask_age<=5s|release=60s|exec=full_ladder_snapshot_upper_bound,free_cash_5pct_cap50,50,archived_event_bps_literal,5,60,full_ladder_snapshot_upper_bound,,,,,,,
2026-05,258.8243741,3811.248117,3552.423743,3369,fee=archived_event_bps_literal|ask_age<=5s|release=60s|exec=full_ladder_snapshot_upper_bound,free_cash_5pct_cap50,50,archived_event_bps_literal,5,60,full_ladder_snapshot_upper_bound,,,,,,,
2026-06,3811.248117,6526.327574,2715.079457,1697,fee=archived_event_bps_literal|ask_age<=5s|release=60s|exec=full_ladder_snapshot_upper_bound,free_cash_5pct_cap50,50,archived_event_bps_literal,5,60,full_ladder_snapshot_upper_bound,,,,,,,
2026-07,6526.327574,7882.405413,1356.077839,4560,fee=archived_event_bps_literal|ask_age<=5s|release=60s|exec=full_ladder_snapshot_upper_bound,free_cash_5pct_cap50,50,archived_event_bps_literal,5,60,full_ladder_snapshot_upper_bound,,,,,,,
2026-08,7882.405413,9846.376302,1963.970889,3930,fee=archived_event_bps_literal|ask_age<=5s|release=60s|exec=full_ladder_snapshot_upper_bound,free_cash_5pct_cap50,50,archived_event_bps_literal,5,60,full_ladder_snapshot_upper_bound,,,,,,,
2026-09,9846.376302,13042.91546,3196.539156,4628,fee=archived_event_bps_literal|ask_age<=5s|release=60s|exec=full_ladder_snapshot_upper_bound,free_cash_5pct_cap50,50,archived_event_bps_literal,5,60,full_ladder_snapshot_upper_bound,,,,,,,
2026-10,13042.91546,10314.29281,-2728.622647,1142,fee=archived_event_bps_literal|ask_age<=5s|release=60s|exec=full_ladder_snapshot_upper_bound,free_cash_5pct_cap50,50,archived_event_bps_literal,5,60,full_ladder_snapshot_upper_bound,,,,,,,
2026-04,100,258.8243741,158.8243741,300,fee=archived_event_bps_literal|ask_age<=5s|release=60s|exec=full_ladder_snapshot_upper_bound,free_cash_5pct_cap75,75,archived_event_bps_literal,5,60,full_ladder_snapshot_upper_bound,,,,,,,
2026-05,258.8243741,4892.072493,4633.248119,3305,fee=archived_event_bps_literal|ask_age<=5s|release=60s|exec=full_ladder_snapshot_upper_bound,free_cash_5pct_cap75,75,archived_event_bps_literal,5,60,full_ladder_snapshot_upper_bound,,,,,,,
2026-06,4892.072493,8866.437422,3974.364928,1653,fee=archived_event_bps_literal|ask_age<=5s|release=60s|exec=full_ladder_snapshot_upper_bound,free_cash_5pct_cap75,75,archived_event_bps_literal,5,60,full_ladder_snapshot_upper_bound,,,,,,,
2026-07,8866.437422,10662.40678,1795.969361,4490,fee=archived_event_bps_literal|ask_age<=5s|release=60s|exec=full_ladder_snapshot_upper_bound,free_cash_5pct_cap75,75,archived_event_bps_literal,5,60,full_ladder_snapshot_upper_bound,,,,,,,
2026-08,10662.40678,14631.8328,3969.426015,3747,fee=archived_event_bps_literal|ask_age<=5s|release=60s|exec=full_ladder_snapshot_upper_bound,free_cash_5pct_cap75,75,archived_event_bps_literal,5,60,full_ladder_snapshot_upper_bound,,,,,,,
2026-09,14631.8328,19451.1563,4819.323502,4281,fee=archived_event_bps_literal|ask_age<=5s|release=60s|exec=full_ladder_snapshot_upper_bound,free_cash_5pct_cap75,75,archived_event_bps_literal,5,60,full_ladder_snapshot_upper_bound,,,,,,,
2026-10,19451.1563,15473.45883,-3977.69747,1065,fee=archived_event_bps_literal|ask_age<=5s|release=60s|exec=full_ladder_snapshot_upper_bound,free_cash_5pct_cap75,75,archived_event_bps_literal,5,60,full_ladder_snapshot_upper_bound,,,,,,,
2026-04,100,258.8243741,158.8243741,300,fee=archived_event_bps_literal|ask_age<=5s|release=60s|exec=full_ladder_snapshot_upper_bound,free_cash_5pct_cap100,100,archived_event_bps_literal,5,60,full_ladder_snapshot_upper_bound,,,,,,,
2026-05,258.8243741,5421.962396,5163.138022,3247,fee=archived_event_bps_literal|ask_age<=5s|release=60s|exec=full_ladder_snapshot_upper_bound,free_cash_5pct_cap100,100,archived_event_bps_literal,5,60,full_ladder_snapshot_upper_bound,,,,,,,
2026-06,5421.962396,9391.247444,3969.285048,1599,fee=archived_event_bps_literal|ask_age<=5s|release=60s|exec=full_ladder_snapshot_upper_bound,free_cash_5pct_cap100,100,archived_event_bps_literal,5,60,full_ladder_snapshot_upper_bound,,,,,,,
2026-07,9391.247444,12868.44929,3477.201847,4423,fee=archived_event_bps_literal|ask_age<=5s|release=60s|exec=full_ladder_snapshot_upper_bound,free_cash_5pct_cap100,100,archived_event_bps_literal,5,60,full_ladder_snapshot_upper_bound,,,,,,,
2026-08,12868.44929,14490.82314,1622.373852,3569,fee=archived_event_bps_literal|ask_age<=5s|release=60s|exec=full_ladder_snapshot_upper_bound,free_cash_5pct_cap100,100,archived_event_bps_literal,5,60,full_ladder_snapshot_upper_bound,,,,,,,
2026-09,14490.82314,17966.38921,3475.566068,3984,fee=archived_event_bps_literal|ask_age<=5s|release=60s|exec=full_ladder_snapshot_upper_bound,free_cash_5pct_cap100,100,archived_event_bps_literal,5,60,full_ladder_snapshot_upper_bound,,,,,,,
2026-10,17966.38921,12934.88718,-5031.502035,987,fee=archived_event_bps_literal|ask_age<=5s|release=60s|exec=full_ladder_snapshot_upper_bound,free_cash_5pct_cap100,100,archived_event_bps_literal,5,60,full_ladder_snapshot_upper_bound,,,,,,,
2026-04,100,258.8243741,158.8243741,300,fee=archived_event_bps_literal|ask_age<=5s|release=60s|exec=full_ladder_snapshot_upper_bound,free_cash_5pct_cap_none,,archived_event_bps_literal,5,60,full_ladder_snapshot_upper_bound,,,,,,,
2026-05,258.8243741,823.0575132,564.2331391,3272,fee=archived_event_bps_literal|ask_age<=5s|release=60s|exec=full_ladder_snapshot_upper_bound,free_cash_5pct_cap_none,,archived_event_bps_literal,5,60,full_ladder_snapshot_upper_bound,,,,,,,
2026-06,823.0575132,1027.621799,204.5642857,1677,fee=archived_event_bps_literal|ask_age<=5s|release=60s|exec=full_ladder_snapshot_upper_bound,free_cash_5pct_cap_none,,archived_event_bps_literal,5,60,full_ladder_snapshot_upper_bound,,,,,,,
2026-07,1027.621799,29.65000145,-997.9717974,1852,fee=archived_event_bps_literal|ask_age<=5s|release=60s|exec=full_ladder_snapshot_upper_bound,free_cash_5pct_cap_none,,archived_event_bps_literal,5,60,full_ladder_snapshot_upper_bound,,,,,,,
2026-08,29.65000145,25.4220006,-4.228000856,8,fee=archived_event_bps_literal|ask_age<=5s|release=60s|exec=full_ladder_snapshot_upper_bound,free_cash_5pct_cap_none,,archived_event_bps_literal,5,60,full_ladder_snapshot_upper_bound,,,,,,,
2026-09,25.4220006,25.4220006,0,0,fee=archived_event_bps_literal|ask_age<=5s|release=60s|exec=full_ladder_snapshot_upper_bound,free_cash_5pct_cap_none,,archived_event_bps_literal,5,60,full_ladder_snapshot_upper_bound,,,,,,,
2026-10,25.4220006,25.4220006,0,0,fee=archived_event_bps_literal|ask_age<=5s|release=60s|exec=full_ladder_snapshot_upper_bound,free_cash_5pct_cap_none,,archived_event_bps_literal,5,60,full_ladder_snapshot_upper_bound,,,,,,,
2026-04,100,244.424902,144.424902,304,fee=archived_event_bps_literal|ask_age<=30s|release=60s|exec=full_ladder_snapshot_upper_bound,fixed_5_usd,,archived_event_bps_literal,30,60,full_ladder_snapshot_upper_bound,,,,,,,
2026-05,244.424902,899.4748247,655.0499227,3610,fee=archived_event_bps_literal|ask_age<=30s|release=60s|exec=full_ladder_snapshot_upper_bound,fixed_5_usd,,archived_event_bps_literal,30,60,full_ladder_snapshot_upper_bound,,,,,,,
2026-06,899.4748247,1123.80973,224.3349056,1900,fee=archived_event_bps_literal|ask_age<=30s|release=60s|exec=full_ladder_snapshot_upper_bound,fixed_5_usd,,archived_event_bps_literal,30,60,full_ladder_snapshot_upper_bound,,,,,,,
2026-07,1123.80973,1266.147106,142.3373753,4925,fee=archived_event_bps_literal|ask_age<=30s|release=60s|exec=full_ladder_snapshot_upper_bound,fixed_5_usd,,archived_event_bps_literal,30,60,full_ladder_snapshot_upper_bound,,,,,,,
2026-08,1266.147106,1551.315385,285.1682796,4370,fee=archived_event_bps_literal|ask_age<=30s|release=60s|exec=full_ladder_snapshot_upper_bound,fixed_5_usd,,archived_event_bps_literal,30,60,full_ladder_snapshot_upper_bound,,,,,,,
2026-09,1551.315385,2087.132535,535.8171502,5316,fee=archived_event_bps_literal|ask_age<=30s|release=60s|exec=full_ladder_snapshot_upper_bound,fixed_5_usd,,archived_event_bps_literal,30,60,full_ladder_snapshot_upper_bound,,,,,,,
2026-10,2087.132535,1724.992698,-362.1398378,1301,fee=archived_event_bps_literal|ask_age<=30s|release=60s|exec=full_ladder_snapshot_upper_bound,fixed_5_usd,,archived_event_bps_literal,30,60,full_ladder_snapshot_upper_bound,,,,,,,
2026-04,100,233.0933369,133.0933369,304,fee=archived_event_bps_literal|ask_age<=30s|release=60s|exec=full_ladder_snapshot_upper_bound,free_cash_5pct_cap5,5,archived_event_bps_literal,30,60,full_ladder_snapshot_upper_bound,,,,,,,
2026-05,233.0933369,888.1432596,655.0499227,3610,fee=archived_event_bps_literal|ask_age<=30s|release=60s|exec=full_ladder_snapshot_upper_bound,free_cash_5pct_cap5,5,archived_event_bps_literal,30,60,full_ladder_snapshot_upper_bound,,,,,,,
2026-06,888.1432596,1112.478165,224.3349056,1900,fee=archived_event_bps_literal|ask_age<=30s|release=60s|exec=full_ladder_snapshot_upper_bound,free_cash_5pct_cap5,5,archived_event_bps_literal,30,60,full_ladder_snapshot_upper_bound,,,,,,,
2026-07,1112.478165,1254.81554,142.3373753,4925,fee=archived_event_bps_literal|ask_age<=30s|release=60s|exec=full_ladder_snapshot_upper_bound,free_cash_5pct_cap5,5,archived_event_bps_literal,30,60,full_ladder_snapshot_upper_bound,,,,,,,
2026-08,1254.81554,1539.98382,285.1682796,4370,fee=archived_event_bps_literal|ask_age<=30s|release=60s|exec=full_ladder_snapshot_upper_bound,free_cash_5pct_cap5,5,archived_event_bps_literal,30,60,full_ladder_snapshot_upper_bound,,,,,,,
2026-09,1539.98382,2075.80097,535.8171502,5316,fee=archived_event_bps_literal|ask_age<=30s|release=60s|exec=full_ladder_snapshot_upper_bound,free_cash_5pct_cap5,5,archived_event_bps_literal,30,60,full_ladder_snapshot_upper_bound,,,,,,,
2026-10,2075.80097,1713.661133,-362.1398378,1301,fee=archived_event_bps_literal|ask_age<=30s|release=60s|exec=full_ladder_snapshot_upper_bound,free_cash_5pct_cap5,5,archived_event_bps_literal,30,60,full_ladder_snapshot_upper_bound,,,,,,,
2026-04,100,297.3087446,197.3087446,302,fee=archived_event_bps_literal|ask_age<=30s|release=60s|exec=full_ladder_snapshot_upper_bound,free_cash_5pct_cap10,10,archived_event_bps_literal,30,60,full_ladder_snapshot_upper_bound,,,,,,,
2026-05,297.3087446,1618.880279,1321.571535,3585,fee=archived_event_bps_literal|ask_age<=30s|release=60s|exec=full_ladder_snapshot_upper_bound,free_cash_5pct_cap10,10,archived_event_bps_literal,30,60,full_ladder_snapshot_upper_bound,,,,,,,
2026-06,1618.880279,2072.072209,453.1919294,1895,fee=archived_event_bps_literal|ask_age<=30s|release=60s|exec=full_ladder_snapshot_upper_bound,free_cash_5pct_cap10,10,archived_event_bps_literal,30,60,full_ladder_snapshot_upper_bound,,,,,,,
2026-07,2072.072209,2428.493197,356.4209888,4907,fee=archived_event_bps_literal|ask_age<=30s|release=60s|exec=full_ladder_snapshot_upper_bound,free_cash_5pct_cap10,10,archived_event_bps_literal,30,60,full_ladder_snapshot_upper_bound,,,,,,,
2026-08,2428.493197,2968.846417,540.3532198,4316,fee=archived_event_bps_literal|ask_age<=30s|release=60s|exec=full_ladder_snapshot_upper_bound,free_cash_5pct_cap10,10,archived_event_bps_literal,30,60,full_ladder_snapshot_upper_bound,,,,,,,
2026-09,2968.846417,4161.684042,1192.837624,5265,fee=archived_event_bps_literal|ask_age<=30s|release=60s|exec=full_ladder_snapshot_upper_bound,free_cash_5pct_cap10,10,archived_event_bps_literal,30,60,full_ladder_snapshot_upper_bound,,,,,,,
2026-10,4161.684042,3481.194155,-680.4898863,1282,fee=archived_event_bps_literal|ask_age<=30s|release=60s|exec=full_ladder_snapshot_upper_bound,free_cash_5pct_cap10,10,archived_event_bps_literal,30,60,full_ladder_snapshot_upper_bound,,,,,,,
2026-04,100,297.1669441,197.1669441,300,fee=archived_event_bps_literal|ask_age<=30s|release=60s|exec=full_ladder_snapshot_upper_bound,free_cash_5pct_cap15,15,archived_event_bps_literal,30,60,full_ladder_snapshot_upper_bound,,,,,,,
2026-05,297.1669441,2206.025678,1908.858733,3557,fee=archived_event_bps_literal|ask_age<=30s|release=60s|exec=full_ladder_snapshot_upper_bound,free_cash_5pct_cap15,15,archived_event_bps_literal,30,60,full_ladder_snapshot_upper_bound,,,,,,,
2026-06,2206.025678,2954.684466,748.6587887,1886,fee=archived_event_bps_literal|ask_age<=30s|release=60s|exec=full_ladder_snapshot_upper_bound,free_cash_5pct_cap15,15,archived_event_bps_literal,30,60,full_ladder_snapshot_upper_bound,,,,,,,
2026-07,2954.684466,3471.222277,516.5378113,4895,fee=archived_event_bps_literal|ask_age<=30s|release=60s|exec=full_ladder_snapshot_upper_bound,free_cash_5pct_cap15,15,archived_event_bps_literal,30,60,full_ladder_snapshot_upper_bound,,,,,,,
2026-08,3471.222277,4201.132722,729.9104442,4264,fee=archived_event_bps_literal|ask_age<=30s|release=60s|exec=full_ladder_snapshot_upper_bound,free_cash_5pct_cap15,15,archived_event_bps_literal,30,60,full_ladder_snapshot_upper_bound,,,,,,,
2026-09,4201.132722,5934.376427,1733.243705,5205,fee=archived_event_bps_literal|ask_age<=30s|release=60s|exec=full_ladder_snapshot_upper_bound,free_cash_5pct_cap15,15,archived_event_bps_literal,30,60,full_ladder_snapshot_upper_bound,,,,,,,
2026-10,5934.376427,4964.325242,-970.0511844,1260,fee=archived_event_bps_literal|ask_age<=30s|release=60s|exec=full_ladder_snapshot_upper_bound,free_cash_5pct_cap15,15,archived_event_bps_literal,30,60,full_ladder_snapshot_upper_bound,,,,,,,
2026-04,100,270.0977153,170.0977153,299,fee=archived_event_bps_literal|ask_age<=30s|release=60s|exec=full_ladder_snapshot_upper_bound,free_cash_5pct_cap20,20,archived_event_bps_literal,30,60,full_ladder_snapshot_upper_bound,,,,,,,
2026-05,270.0977153,2604.964149,2334.866434,3533,fee=archived_event_bps_literal|ask_age<=30s|release=60s|exec=full_ladder_snapshot_upper_bound,free_cash_5pct_cap20,20,archived_event_bps_literal,30,60,full_ladder_snapshot_upper_bound,,,,,,,
2026-06,2604.964149,3641.61162,1036.647471,1876,fee=archived_event_bps_literal|ask_age<=30s|release=60s|exec=full_ladder_snapshot_upper_bound,free_cash_5pct_cap20,20,archived_event_bps_literal,30,60,full_ladder_snapshot_upper_bound,,,,,,,
2026-07,3641.61162,4349.883889,708.2722693,4873,fee=archived_event_bps_literal|ask_age<=30s|release=60s|exec=full_ladder_snapshot_upper_bound,free_cash_5pct_cap20,20,archived_event_bps_literal,30,60,full_ladder_snapshot_upper_bound,,,,,,,
2026-08,4349.883889,5271.363436,921.4795466,4208,fee=archived_event_bps_literal|ask_age<=30s|release=60s|exec=full_ladder_snapshot_upper_bound,free_cash_5pct_cap20,20,archived_event_bps_literal,30,60,full_ladder_snapshot_upper_bound,,,,,,,
2026-09,5271.363436,7305.44023,2034.076794,5115,fee=archived_event_bps_literal|ask_age<=30s|release=60s|exec=full_ladder_snapshot_upper_bound,free_cash_5pct_cap20,20,archived_event_bps_literal,30,60,full_ladder_snapshot_upper_bound,,,,,,,
2026-10,7305.44023,6053.504399,-1251.935831,1241,fee=archived_event_bps_literal|ask_age<=30s|release=60s|exec=full_ladder_snapshot_upper_bound,free_cash_5pct_cap20,20,archived_event_bps_literal,30,60,full_ladder_snapshot_upper_bound,,,,,,,
2026-04,100,270.0977153,170.0977153,299,fee=archived_event_bps_literal|ask_age<=30s|release=60s|exec=full_ladder_snapshot_upper_bound,free_cash_5pct_cap30,30,archived_event_bps_literal,30,60,full_ladder_snapshot_upper_bound,,,,,,,
2026-05,270.0977153,3014.35241,2744.254695,3478,fee=archived_event_bps_literal|ask_age<=30s|release=60s|exec=full_ladder_snapshot_upper_bound,free_cash_5pct_cap30,30,archived_event_bps_literal,30,60,full_ladder_snapshot_upper_bound,,,,,,,
2026-06,3014.35241,4606.462602,1592.110192,1864,fee=archived_event_bps_literal|ask_age<=30s|release=60s|exec=full_ladder_snapshot_upper_bound,free_cash_5pct_cap30,30,archived_event_bps_literal,30,60,full_ladder_snapshot_upper_bound,,,,,,,
2026-07,4606.462602,5483.822335,877.3597328,4849,fee=archived_event_bps_literal|ask_age<=30s|release=60s|exec=full_ladder_snapshot_upper_bound,free_cash_5pct_cap30,30,archived_event_bps_literal,30,60,full_ladder_snapshot_upper_bound,,,,,,,
2026-08,5483.822335,7073.00194,1589.179605,4116,fee=archived_event_bps_literal|ask_age<=30s|release=60s|exec=full_ladder_snapshot_upper_bound,free_cash_5pct_cap30,30,archived_event_bps_literal,30,60,full_ladder_snapshot_upper_bound,,,,,,,
2026-09,7073.00194,9550.955649,2477.953709,4943,fee=archived_event_bps_literal|ask_age<=30s|release=60s|exec=full_ladder_snapshot_upper_bound,free_cash_5pct_cap30,30,archived_event_bps_literal,30,60,full_ladder_snapshot_upper_bound,,,,,,,
2026-10,9550.955649,8238.703895,-1312.251754,1199,fee=archived_event_bps_literal|ask_age<=30s|release=60s|exec=full_ladder_snapshot_upper_bound,free_cash_5pct_cap30,30,archived_event_bps_literal,30,60,full_ladder_snapshot_upper_bound,,,,,,,
2026-04,100,270.0977153,170.0977153,299,fee=archived_event_bps_literal|ask_age<=30s|release=60s|exec=full_ladder_snapshot_upper_bound,free_cash_5pct_cap50,50,archived_event_bps_literal,30,60,full_ladder_snapshot_upper_bound,,,,,,,
2026-05,270.0977153,2828.231342,2558.133627,3432,fee=archived_event_bps_literal|ask_age<=30s|release=60s|exec=full_ladder_snapshot_upper_bound,free_cash_5pct_cap50,50,archived_event_bps_literal,30,60,full_ladder_snapshot_upper_bound,,,,,,,
2026-06,2828.231342,5500.212907,2671.981565,1826,fee=archived_event_bps_literal|ask_age<=30s|release=60s|exec=full_ladder_snapshot_upper_bound,free_cash_5pct_cap50,50,archived_event_bps_literal,30,60,full_ladder_snapshot_upper_bound,,,,,,,
2026-07,5500.212907,7364.946592,1864.733685,4800,fee=archived_event_bps_literal|ask_age<=30s|release=60s|exec=full_ladder_snapshot_upper_bound,free_cash_5pct_cap50,50,archived_event_bps_literal,30,60,full_ladder_snapshot_upper_bound,,,,,,,
2026-08,7364.946592,9367.490688,2002.544096,3939,fee=archived_event_bps_literal|ask_age<=30s|release=60s|exec=full_ladder_snapshot_upper_bound,free_cash_5pct_cap50,50,archived_event_bps_literal,30,60,full_ladder_snapshot_upper_bound,,,,,,,
2026-09,9367.490688,12612.14909,3244.658404,4633,fee=archived_event_bps_literal|ask_age<=30s|release=60s|exec=full_ladder_snapshot_upper_bound,free_cash_5pct_cap50,50,archived_event_bps_literal,30,60,full_ladder_snapshot_upper_bound,,,,,,,
2026-10,12612.14909,9883.526444,-2728.622647,1142,fee=archived_event_bps_literal|ask_age<=30s|release=60s|exec=full_ladder_snapshot_upper_bound,free_cash_5pct_cap50,50,archived_event_bps_literal,30,60,full_ladder_snapshot_upper_bound,,,,,,,
2026-04,100,270.0977153,170.0977153,299,fee=archived_event_bps_literal|ask_age<=30s|release=60s|exec=full_ladder_snapshot_upper_bound,free_cash_5pct_cap75,75,archived_event_bps_literal,30,60,full_ladder_snapshot_upper_bound,,,,,,,
2026-05,270.0977153,3905.23943,3635.141714,3357,fee=archived_event_bps_literal|ask_age<=30s|release=60s|exec=full_ladder_snapshot_upper_bound,free_cash_5pct_cap75,75,archived_event_bps_literal,30,60,full_ladder_snapshot_upper_bound,,,,,,,
2026-06,3905.23943,7784.609712,3879.370282,1780,fee=archived_event_bps_literal|ask_age<=30s|release=60s|exec=full_ladder_snapshot_upper_bound,free_cash_5pct_cap75,75,archived_event_bps_literal,30,60,full_ladder_snapshot_upper_bound,,,,,,,
2026-07,7784.609712,10335.4394,2550.82969,4724,fee=archived_event_bps_literal|ask_age<=30s|release=60s|exec=full_ladder_snapshot_upper_bound,free_cash_5pct_cap75,75,archived_event_bps_literal,30,60,full_ladder_snapshot_upper_bound,,,,,,,
2026-08,10335.4394,14361.55601,4026.116605,3756,fee=archived_event_bps_literal|ask_age<=30s|release=60s|exec=full_ladder_snapshot_upper_bound,free_cash_5pct_cap75,75,archived_event_bps_literal,30,60,full_ladder_snapshot_upper_bound,,,,,,,
2026-09,14361.55601,19253.05838,4891.502374,4286,fee=archived_event_bps_literal|ask_age<=30s|release=60s|exec=full_ladder_snapshot_upper_bound,free_cash_5pct_cap75,75,archived_event_bps_literal,30,60,full_ladder_snapshot_upper_bound,,,,,,,
2026-10,19253.05838,15275.36091,-3977.69747,1065,fee=archived_event_bps_literal|ask_age<=30s|release=60s|exec=full_ladder_snapshot_upper_bound,free_cash_5pct_cap75,75,archived_event_bps_literal,30,60,full_ladder_snapshot_upper_bound,,,,,,,
2026-04,100,270.0977153,170.0977153,299,fee=archived_event_bps_literal|ask_age<=30s|release=60s|exec=full_ladder_snapshot_upper_bound,free_cash_5pct_cap100,100,archived_event_bps_literal,30,60,full_ladder_snapshot_upper_bound,,,,,,,
2026-05,270.0977153,4385.029771,4114.932056,3296,fee=archived_event_bps_literal|ask_age<=30s|release=60s|exec=full_ladder_snapshot_upper_bound,free_cash_5pct_cap100,100,archived_event_bps_literal,30,60,full_ladder_snapshot_upper_bound,,,,,,,
2026-06,4385.029771,8606.620754,4221.590983,1720,fee=archived_event_bps_literal|ask_age<=30s|release=60s|exec=full_ladder_snapshot_upper_bound,free_cash_5pct_cap100,100,archived_event_bps_literal,30,60,full_ladder_snapshot_upper_bound,,,,,,,
2026-07,8606.620754,13274.66988,4668.049123,4651,fee=archived_event_bps_literal|ask_age<=30s|release=60s|exec=full_ladder_snapshot_upper_bound,free_cash_5pct_cap100,100,archived_event_bps_literal,30,60,full_ladder_snapshot_upper_bound,,,,,,,
2026-08,13274.66988,14971.07758,1696.407707,3578,fee=archived_event_bps_literal|ask_age<=30s|release=60s|exec=full_ladder_snapshot_upper_bound,free_cash_5pct_cap100,100,archived_event_bps_literal,30,60,full_ladder_snapshot_upper_bound,,,,,,,
2026-09,14971.07758,18542.73506,3571.657478,3989,fee=archived_event_bps_literal|ask_age<=30s|release=60s|exec=full_ladder_snapshot_upper_bound,free_cash_5pct_cap100,100,archived_event_bps_literal,30,60,full_ladder_snapshot_upper_bound,,,,,,,
2026-10,18542.73506,13511.23303,-5031.502035,987,fee=archived_event_bps_literal|ask_age<=30s|release=60s|exec=full_ladder_snapshot_upper_bound,free_cash_5pct_cap100,100,archived_event_bps_literal,30,60,full_ladder_snapshot_upper_bound,,,,,,,
2026-04,100,270.0977153,170.0977153,299,fee=archived_event_bps_literal|ask_age<=30s|release=60s|exec=full_ladder_snapshot_upper_bound,free_cash_5pct_cap_none,,archived_event_bps_literal,30,60,full_ladder_snapshot_upper_bound,,,,,,,
2026-05,270.0977153,743.8751113,473.7773959,3338,fee=archived_event_bps_literal|ask_age<=30s|release=60s|exec=full_ladder_snapshot_upper_bound,free_cash_5pct_cap_none,,archived_event_bps_literal,30,60,full_ladder_snapshot_upper_bound,,,,,,,
2026-06,743.8751113,2062.196249,1318.321137,1747,fee=archived_event_bps_literal|ask_age<=30s|release=60s|exec=full_ladder_snapshot_upper_bound,free_cash_5pct_cap_none,,archived_event_bps_literal,30,60,full_ladder_snapshot_upper_bound,,,,,,,
2026-07,2062.196249,33.33868877,-2028.85756,2116,fee=archived_event_bps_literal|ask_age<=30s|release=60s|exec=full_ladder_snapshot_upper_bound,free_cash_5pct_cap_none,,archived_event_bps_literal,30,60,full_ladder_snapshot_upper_bound,,,,,,,
2026-08,33.33868877,25.79768473,-7.541004042,10,fee=archived_event_bps_literal|ask_age<=30s|release=60s|exec=full_ladder_snapshot_upper_bound,free_cash_5pct_cap_none,,archived_event_bps_literal,30,60,full_ladder_snapshot_upper_bound,,,,,,,
2026-09,25.79768473,25.79768473,0,0,fee=archived_event_bps_literal|ask_age<=30s|release=60s|exec=full_ladder_snapshot_upper_bound,free_cash_5pct_cap_none,,archived_event_bps_literal,30,60,full_ladder_snapshot_upper_bound,,,,,,,
2026-10,25.79768473,25.79768473,0,0,fee=archived_event_bps_literal|ask_age<=30s|release=60s|exec=full_ladder_snapshot_upper_bound,free_cash_5pct_cap_none,,archived_event_bps_literal,30,60,full_ladder_snapshot_upper_bound,,,,,,,
2026-04,100,3.137090862,-96.86290914,457,fee=current_gamma_schedule_0p07_counterfactual|ask_age<=1s|release=60s|exec=full_ladder_snapshot_upper_bound,fixed_5_usd,,current_gamma_schedule_0p07_counterfactual,1,60,full_ladder_snapshot_upper_bound,,,,,,,
2026-05,3.137090862,3.137090862,0,0,fee=current_gamma_schedule_0p07_counterfactual|ask_age<=1s|release=60s|exec=full_ladder_snapshot_upper_bound,fixed_5_usd,,current_gamma_schedule_0p07_counterfactual,1,60,full_ladder_snapshot_upper_bound,,,,,,,
2026-06,3.137090862,3.137090862,0,0,fee=current_gamma_schedule_0p07_counterfactual|ask_age<=1s|release=60s|exec=full_ladder_snapshot_upper_bound,fixed_5_usd,,current_gamma_schedule_0p07_counterfactual,1,60,full_ladder_snapshot_upper_bound,,,,,,,
2026-07,3.137090862,3.137090862,0,0,fee=current_gamma_schedule_0p07_counterfactual|ask_age<=1s|release=60s|exec=full_ladder_snapshot_upper_bound,fixed_5_usd,,current_gamma_schedule_0p07_counterfactual,1,60,full_ladder_snapshot_upper_bound,,,,,,,
2026-08,3.137090862,3.137090862,0,0,fee=current_gamma_schedule_0p07_counterfactual|ask_age<=1s|release=60s|exec=full_ladder_snapshot_upper_bound,fixed_5_usd,,current_gamma_schedule_0p07_counterfactual,1,60,full_ladder_snapshot_upper_bound,,,,,,,
2026-09,3.137090862,3.137090862,0,0,fee=current_gamma_schedule_0p07_counterfactual|ask_age<=1s|release=60s|exec=full_ladder_snapshot_upper_bound,fixed_5_usd,,current_gamma_schedule_0p07_counterfactual,1,60,full_ladder_snapshot_upper_bound,,,,,,,
2026-10,3.137090862,3.137090862,0,0,fee=current_gamma_schedule_0p07_counterfactual|ask_age<=1s|release=60s|exec=full_ladder_snapshot_upper_bound,fixed_5_usd,,current_gamma_schedule_0p07_counterfactual,1,60,full_ladder_snapshot_upper_bound,,,,,,,
2026-04,100,40.11851328,-59.88148672,444,fee=current_gamma_schedule_0p07_counterfactual|ask_age<=1s|release=60s|exec=full_ladder_snapshot_upper_bound,free_cash_5pct_cap5,5,current_gamma_schedule_0p07_counterfactual,1,60,full_ladder_snapshot_upper_bound,,,,,,,
2026-05,40.11851328,30.6673561,-9.451157174,5,fee=current_gamma_schedule_0p07_counterfactual|ask_age<=1s|release=60s|exec=full_ladder_snapshot_upper_bound,free_cash_5pct_cap5,5,current_gamma_schedule_0p07_counterfactual,1,60,full_ladder_snapshot_upper_bound,,,,,,,
2026-06,30.6673561,30.6673561,0,0,fee=current_gamma_schedule_0p07_counterfactual|ask_age<=1s|release=60s|exec=full_ladder_snapshot_upper_bound,free_cash_5pct_cap5,5,current_gamma_schedule_0p07_counterfactual,1,60,full_ladder_snapshot_upper_bound,,,,,,,
2026-07,30.6673561,29.0481183,-1.619237805,1,fee=current_gamma_schedule_0p07_counterfactual|ask_age<=1s|release=60s|exec=full_ladder_snapshot_upper_bound,free_cash_5pct_cap5,5,current_gamma_schedule_0p07_counterfactual,1,60,full_ladder_snapshot_upper_bound,,,,,,,
2026-08,29.0481183,25.73436375,-3.31375455,7,fee=current_gamma_schedule_0p07_counterfactual|ask_age<=1s|release=60s|exec=full_ladder_snapshot_upper_bound,free_cash_5pct_cap5,5,current_gamma_schedule_0p07_counterfactual,1,60,full_ladder_snapshot_upper_bound,,,,,,,
2026-09,25.73436375,25.73436375,0,0,fee=current_gamma_schedule_0p07_counterfactual|ask_age<=1s|release=60s|exec=full_ladder_snapshot_upper_bound,free_cash_5pct_cap5,5,current_gamma_schedule_0p07_counterfactual,1,60,full_ladder_snapshot_upper_bound,,,,,,,
2026-10,25.73436375,25.73436375,0,0,fee=current_gamma_schedule_0p07_counterfactual|ask_age<=1s|release=60s|exec=full_ladder_snapshot_upper_bound,free_cash_5pct_cap5,5,current_gamma_schedule_0p07_counterfactual,1,60,full_ladder_snapshot_upper_bound,,,,,,,
2026-04,100,38.99254243,-61.00745757,420,fee=current_gamma_schedule_0p07_counterfactual|ask_age<=1s|release=60s|exec=full_ladder_snapshot_upper_bound,free_cash_5pct_cap10,10,current_gamma_schedule_0p07_counterfactual,1,60,full_ladder_snapshot_upper_bound,,,,,,,
2026-05,38.99254243,29.7978418,-9.194700621,5,fee=current_gamma_schedule_0p07_counterfactual|ask_age<=1s|release=60s|exec=full_ladder_snapshot_upper_bound,free_cash_5pct_cap10,10,current_gamma_schedule_0p07_counterfactual,1,60,full_ladder_snapshot_upper_bound,,,,,,,
2026-06,29.7978418,29.7978418,0,0,fee=current_gamma_schedule_0p07_counterfactual|ask_age<=1s|release=60s|exec=full_ladder_snapshot_upper_bound,free_cash_5pct_cap10,10,current_gamma_schedule_0p07_counterfactual,1,60,full_ladder_snapshot_upper_bound,,,,,,,
2026-07,29.7978418,28.22451971,-1.57332209,1,fee=current_gamma_schedule_0p07_counterfactual|ask_age<=1s|release=60s|exec=full_ladder_snapshot_upper_bound,free_cash_5pct_cap10,10,current_gamma_schedule_0p07_counterfactual,1,60,full_ladder_snapshot_upper_bound,,,,,,,
2026-08,28.22451971,25.00009544,-3.224424271,7,fee=current_gamma_schedule_0p07_counterfactual|ask_age<=1s|release=60s|exec=full_ladder_snapshot_upper_bound,free_cash_5pct_cap10,10,current_gamma_schedule_0p07_counterfactual,1,60,full_ladder_snapshot_upper_bound,,,,,,,
2026-09,25.00009544,25.00009544,0,0,fee=current_gamma_schedule_0p07_counterfactual|ask_age<=1s|release=60s|exec=full_ladder_snapshot_upper_bound,free_cash_5pct_cap10,10,current_gamma_schedule_0p07_counterfactual,1,60,full_ladder_snapshot_upper_bound,,,,,,,
2026-10,25.00009544,25.00009544,0,0,fee=current_gamma_schedule_0p07_counterfactual|ask_age<=1s|release=60s|exec=full_ladder_snapshot_upper_bound,free_cash_5pct_cap10,10,current_gamma_schedule_0p07_counterfactual,1,60,full_ladder_snapshot_upper_bound,,,,,,,
2026-04,100,40.68032468,-59.31967532,403,fee=current_gamma_schedule_0p07_counterfactual|ask_age<=1s|release=60s|exec=full_ladder_snapshot_upper_bound,free_cash_5pct_cap15,15,current_gamma_schedule_0p07_counterfactual,1,60,full_ladder_snapshot_upper_bound,,,,,,,
2026-05,40.68032468,29.46686654,-11.21345814,6,fee=current_gamma_schedule_0p07_counterfactual|ask_age<=1s|release=60s|exec=full_ladder_snapshot_upper_bound,free_cash_5pct_cap15,15,current_gamma_schedule_0p07_counterfactual,1,60,full_ladder_snapshot_upper_bound,,,,,,,
2026-06,29.46686654,29.46686654,0,0,fee=current_gamma_schedule_0p07_counterfactual|ask_age<=1s|release=60s|exec=full_ladder_snapshot_upper_bound,free_cash_5pct_cap15,15,current_gamma_schedule_0p07_counterfactual,1,60,full_ladder_snapshot_upper_bound,,,,,,,
2026-07,29.46686654,27.91101321,-1.555853327,1,fee=current_gamma_schedule_0p07_counterfactual|ask_age<=1s|release=60s|exec=full_ladder_snapshot_upper_bound,free_cash_5pct_cap15,15,current_gamma_schedule_0p07_counterfactual,1,60,full_ladder_snapshot_upper_bound,,,,,,,
2026-08,27.91101321,24.72697451,-3.184038704,7,fee=current_gamma_schedule_0p07_counterfactual|ask_age<=1s|release=60s|exec=full_ladder_snapshot_upper_bound,free_cash_5pct_cap15,15,current_gamma_schedule_0p07_counterfactual,1,60,full_ladder_snapshot_upper_bound,,,,,,,
2026-09,24.72697451,24.72697451,0,0,fee=current_gamma_schedule_0p07_counterfactual|ask_age<=1s|release=60s|exec=full_ladder_snapshot_upper_bound,free_cash_5pct_cap15,15,current_gamma_schedule_0p07_counterfactual,1,60,full_ladder_snapshot_upper_bound,,,,,,,
2026-10,24.72697451,24.72697451,0,0,fee=current_gamma_schedule_0p07_counterfactual|ask_age<=1s|release=60s|exec=full_ladder_snapshot_upper_bound,free_cash_5pct_cap15,15,current_gamma_schedule_0p07_counterfactual,1,60,full_ladder_snapshot_upper_bound,,,,,,,
2026-04,100,40.68032468,-59.31967532,403,fee=current_gamma_schedule_0p07_counterfactual|ask_age<=1s|release=60s|exec=full_ladder_snapshot_upper_bound,free_cash_5pct_cap20,20,current_gamma_schedule_0p07_counterfactual,1,60,full_ladder_snapshot_upper_bound,,,,,,,
2026-05,40.68032468,29.46686654,-11.21345814,6,fee=current_gamma_schedule_0p07_counterfactual|ask_age<=1s|release=60s|exec=full_ladder_snapshot_upper_bound,free_cash_5pct_cap20,20,current_gamma_schedule_0p07_counterfactual,1,60,full_ladder_snapshot_upper_bound,,,,,,,
2026-06,29.46686654,29.46686654,0,0,fee=current_gamma_schedule_0p07_counterfactual|ask_age<=1s|release=60s|exec=full_ladder_snapshot_upper_bound,free_cash_5pct_cap20,20,current_gamma_schedule_0p07_counterfactual,1,60,full_ladder_snapshot_upper_bound,,,,,,,
2026-07,29.46686654,27.91101321,-1.555853327,1,fee=current_gamma_schedule_0p07_counterfactual|ask_age<=1s|release=60s|exec=full_ladder_snapshot_upper_bound,free_cash_5pct_cap20,20,current_gamma_schedule_0p07_counterfactual,1,60,full_ladder_snapshot_upper_bound,,,,,,,
2026-08,27.91101321,24.72697451,-3.184038704,7,fee=current_gamma_schedule_0p07_counterfactual|ask_age<=1s|release=60s|exec=full_ladder_snapshot_upper_bound,free_cash_5pct_cap20,20,current_gamma_schedule_0p07_counterfactual,1,60,full_ladder_snapshot_upper_bound,,,,,,,
2026-09,24.72697451,24.72697451,0,0,fee=current_gamma_schedule_0p07_counterfactual|ask_age<=1s|release=60s|exec=full_ladder_snapshot_upper_bound,free_cash_5pct_cap20,20,current_gamma_schedule_0p07_counterfactual,1,60,full_ladder_snapshot_upper_bound,,,,,,,
2026-10,24.72697451,24.72697451,0,0,fee=current_gamma_schedule_0p07_counterfactual|ask_age<=1s|release=60s|exec=full_ladder_snapshot_upper_bound,free_cash_5pct_cap20,20,current_gamma_schedule_0p07_counterfactual,1,60,full_ladder_snapshot_upper_bound,,,,,,,
2026-04,100,40.68032468,-59.31967532,403,fee=current_gamma_schedule_0p07_counterfactual|ask_age<=1s|release=60s|exec=full_ladder_snapshot_upper_bound,free_cash_5pct_cap30,30,current_gamma_schedule_0p07_counterfactual,1,60,full_ladder_snapshot_upper_bound,,,,,,,
2026-05,40.68032468,29.46686654,-11.21345814,6,fee=current_gamma_schedule_0p07_counterfactual|ask_age<=1s|release=60s|exec=full_ladder_snapshot_upper_bound,free_cash_5pct_cap30,30,current_gamma_schedule_0p07_counterfactual,1,60,full_ladder_snapshot_upper_bound,,,,,,,
2026-06,29.46686654,29.46686654,0,0,fee=current_gamma_schedule_0p07_counterfactual|ask_age<=1s|release=60s|exec=full_ladder_snapshot_upper_bound,free_cash_5pct_cap30,30,current_gamma_schedule_0p07_counterfactual,1,60,full_ladder_snapshot_upper_bound,,,,,,,
2026-07,29.46686654,27.91101321,-1.555853327,1,fee=current_gamma_schedule_0p07_counterfactual|ask_age<=1s|release=60s|exec=full_ladder_snapshot_upper_bound,free_cash_5pct_cap30,30,current_gamma_schedule_0p07_counterfactual,1,60,full_ladder_snapshot_upper_bound,,,,,,,
2026-08,27.91101321,24.72697451,-3.184038704,7,fee=current_gamma_schedule_0p07_counterfactual|ask_age<=1s|release=60s|exec=full_ladder_snapshot_upper_bound,free_cash_5pct_cap30,30,current_gamma_schedule_0p07_counterfactual,1,60,full_ladder_snapshot_upper_bound,,,,,,,
2026-09,24.72697451,24.72697451,0,0,fee=current_gamma_schedule_0p07_counterfactual|ask_age<=1s|release=60s|exec=full_ladder_snapshot_upper_bound,free_cash_5pct_cap30,30,current_gamma_schedule_0p07_counterfactual,1,60,full_ladder_snapshot_upper_bound,,,,,,,
2026-10,24.72697451,24.72697451,0,0,fee=current_gamma_schedule_0p07_counterfactual|ask_age<=1s|release=60s|exec=full_ladder_snapshot_upper_bound,free_cash_5pct_cap30,30,current_gamma_schedule_0p07_counterfactual,1,60,full_ladder_snapshot_upper_bound,,,,,,,
2026-04,100,40.68032468,-59.31967532,403,fee=current_gamma_schedule_0p07_counterfactual|ask_age<=1s|release=60s|exec=full_ladder_snapshot_upper_bound,free_cash_5pct_cap50,50,current_gamma_schedule_0p07_counterfactual,1,60,full_ladder_snapshot_upper_bound,,,,,,,
2026-05,40.68032468,29.46686654,-11.21345814,6,fee=current_gamma_schedule_0p07_counterfactual|ask_age<=1s|release=60s|exec=full_ladder_snapshot_upper_bound,free_cash_5pct_cap50,50,current_gamma_schedule_0p07_counterfactual,1,60,full_ladder_snapshot_upper_bound,,,,,,,
2026-06,29.46686654,29.46686654,0,0,fee=current_gamma_schedule_0p07_counterfactual|ask_age<=1s|release=60s|exec=full_ladder_snapshot_upper_bound,free_cash_5pct_cap50,50,current_gamma_schedule_0p07_counterfactual,1,60,full_ladder_snapshot_upper_bound,,,,,,,
2026-07,29.46686654,27.91101321,-1.555853327,1,fee=current_gamma_schedule_0p07_counterfactual|ask_age<=1s|release=60s|exec=full_ladder_snapshot_upper_bound,free_cash_5pct_cap50,50,current_gamma_schedule_0p07_counterfactual,1,60,full_ladder_snapshot_upper_bound,,,,,,,
2026-08,27.91101321,24.72697451,-3.184038704,7,fee=current_gamma_schedule_0p07_counterfactual|ask_age<=1s|release=60s|exec=full_ladder_snapshot_upper_bound,free_cash_5pct_cap50,50,current_gamma_schedule_0p07_counterfactual,1,60,full_ladder_snapshot_upper_bound,,,,,,,
2026-09,24.72697451,24.72697451,0,0,fee=current_gamma_schedule_0p07_counterfactual|ask_age<=1s|release=60s|exec=full_ladder_snapshot_upper_bound,free_cash_5pct_cap50,50,current_gamma_schedule_0p07_counterfactual,1,60,full_ladder_snapshot_upper_bound,,,,,,,
2026-10,24.72697451,24.72697451,0,0,fee=current_gamma_schedule_0p07_counterfactual|ask_age<=1s|release=60s|exec=full_ladder_snapshot_upper_bound,free_cash_5pct_cap50,50,current_gamma_schedule_0p07_counterfactual,1,60,full_ladder_snapshot_upper_bound,,,,,,,
2026-04,100,40.68032468,-59.31967532,403,fee=current_gamma_schedule_0p07_counterfactual|ask_age<=1s|release=60s|exec=full_ladder_snapshot_upper_bound,free_cash_5pct_cap75,75,current_gamma_schedule_0p07_counterfactual,1,60,full_ladder_snapshot_upper_bound,,,,,,,
2026-05,40.68032468,29.46686654,-11.21345814,6,fee=current_gamma_schedule_0p07_counterfactual|ask_age<=1s|release=60s|exec=full_ladder_snapshot_upper_bound,free_cash_5pct_cap75,75,current_gamma_schedule_0p07_counterfactual,1,60,full_ladder_snapshot_upper_bound,,,,,,,
2026-06,29.46686654,29.46686654,0,0,fee=current_gamma_schedule_0p07_counterfactual|ask_age<=1s|release=60s|exec=full_ladder_snapshot_upper_bound,free_cash_5pct_cap75,75,current_gamma_schedule_0p07_counterfactual,1,60,full_ladder_snapshot_upper_bound,,,,,,,
2026-07,29.46686654,27.91101321,-1.555853327,1,fee=current_gamma_schedule_0p07_counterfactual|ask_age<=1s|release=60s|exec=full_ladder_snapshot_upper_bound,free_cash_5pct_cap75,75,current_gamma_schedule_0p07_counterfactual,1,60,full_ladder_snapshot_upper_bound,,,,,,,
2026-08,27.91101321,24.72697451,-3.184038704,7,fee=current_gamma_schedule_0p07_counterfactual|ask_age<=1s|release=60s|exec=full_ladder_snapshot_upper_bound,free_cash_5pct_cap75,75,current_gamma_schedule_0p07_counterfactual,1,60,full_ladder_snapshot_upper_bound,,,,,,,
2026-09,24.72697451,24.72697451,0,0,fee=current_gamma_schedule_0p07_counterfactual|ask_age<=1s|release=60s|exec=full_ladder_snapshot_upper_bound,free_cash_5pct_cap75,75,current_gamma_schedule_0p07_counterfactual,1,60,full_ladder_snapshot_upper_bound,,,,,,,
2026-10,24.72697451,24.72697451,0,0,fee=current_gamma_schedule_0p07_counterfactual|ask_age<=1s|release=60s|exec=full_ladder_snapshot_upper_bound,free_cash_5pct_cap75,75,current_gamma_schedule_0p07_counterfactual,1,60,full_ladder_snapshot_upper_bound,,,,,,,
2026-04,100,40.68032468,-59.31967532,403,fee=current_gamma_schedule_0p07_counterfactual|ask_age<=1s|release=60s|exec=full_ladder_snapshot_upper_bound,free_cash_5pct_cap100,100,current_gamma_schedule_0p07_counterfactual,1,60,full_ladder_snapshot_upper_bound,,,,,,,
2026-05,40.68032468,29.46686654,-11.21345814,6,fee=current_gamma_schedule_0p07_counterfactual|ask_age<=1s|release=60s|exec=full_ladder_snapshot_upper_bound,free_cash_5pct_cap100,100,current_gamma_schedule_0p07_counterfactual,1,60,full_ladder_snapshot_upper_bound,,,,,,,
2026-06,29.46686654,29.46686654,0,0,fee=current_gamma_schedule_0p07_counterfactual|ask_age<=1s|release=60s|exec=full_ladder_snapshot_upper_bound,free_cash_5pct_cap100,100,current_gamma_schedule_0p07_counterfactual,1,60,full_ladder_snapshot_upper_bound,,,,,,,
2026-07,29.46686654,27.91101321,-1.555853327,1,fee=current_gamma_schedule_0p07_counterfactual|ask_age<=1s|release=60s|exec=full_ladder_snapshot_upper_bound,free_cash_5pct_cap100,100,current_gamma_schedule_0p07_counterfactual,1,60,full_ladder_snapshot_upper_bound,,,,,,,
2026-08,27.91101321,24.72697451,-3.184038704,7,fee=current_gamma_schedule_0p07_counterfactual|ask_age<=1s|release=60s|exec=full_ladder_snapshot_upper_bound,free_cash_5pct_cap100,100,current_gamma_schedule_0p07_counterfactual,1,60,full_ladder_snapshot_upper_bound,,,,,,,
2026-09,24.72697451,24.72697451,0,0,fee=current_gamma_schedule_0p07_counterfactual|ask_age<=1s|release=60s|exec=full_ladder_snapshot_upper_bound,free_cash_5pct_cap100,100,current_gamma_schedule_0p07_counterfactual,1,60,full_ladder_snapshot_upper_bound,,,,,,,
2026-10,24.72697451,24.72697451,0,0,fee=current_gamma_schedule_0p07_counterfactual|ask_age<=1s|release=60s|exec=full_ladder_snapshot_upper_bound,free_cash_5pct_cap100,100,current_gamma_schedule_0p07_counterfactual,1,60,full_ladder_snapshot_upper_bound,,,,,,,
2026-04,100,40.68032468,-59.31967532,403,fee=current_gamma_schedule_0p07_counterfactual|ask_age<=1s|release=60s|exec=full_ladder_snapshot_upper_bound,free_cash_5pct_cap_none,,current_gamma_schedule_0p07_counterfactual,1,60,full_ladder_snapshot_upper_bound,,,,,,,
2026-05,40.68032468,29.46686654,-11.21345814,6,fee=current_gamma_schedule_0p07_counterfactual|ask_age<=1s|release=60s|exec=full_ladder_snapshot_upper_bound,free_cash_5pct_cap_none,,current_gamma_schedule_0p07_counterfactual,1,60,full_ladder_snapshot_upper_bound,,,,,,,
2026-06,29.46686654,29.46686654,0,0,fee=current_gamma_schedule_0p07_counterfactual|ask_age<=1s|release=60s|exec=full_ladder_snapshot_upper_bound,free_cash_5pct_cap_none,,current_gamma_schedule_0p07_counterfactual,1,60,full_ladder_snapshot_upper_bound,,,,,,,
2026-07,29.46686654,27.91101321,-1.555853327,1,fee=current_gamma_schedule_0p07_counterfactual|ask_age<=1s|release=60s|exec=full_ladder_snapshot_upper_bound,free_cash_5pct_cap_none,,current_gamma_schedule_0p07_counterfactual,1,60,full_ladder_snapshot_upper_bound,,,,,,,
2026-08,27.91101321,24.72697451,-3.184038704,7,fee=current_gamma_schedule_0p07_counterfactual|ask_age<=1s|release=60s|exec=full_ladder_snapshot_upper_bound,free_cash_5pct_cap_none,,current_gamma_schedule_0p07_counterfactual,1,60,full_ladder_snapshot_upper_bound,,,,,,,
2026-09,24.72697451,24.72697451,0,0,fee=current_gamma_schedule_0p07_counterfactual|ask_age<=1s|release=60s|exec=full_ladder_snapshot_upper_bound,free_cash_5pct_cap_none,,current_gamma_schedule_0p07_counterfactual,1,60,full_ladder_snapshot_upper_bound,,,,,,,
2026-10,24.72697451,24.72697451,0,0,fee=current_gamma_schedule_0p07_counterfactual|ask_age<=1s|release=60s|exec=full_ladder_snapshot_upper_bound,free_cash_5pct_cap_none,,current_gamma_schedule_0p07_counterfactual,1,60,full_ladder_snapshot_upper_bound,,,,,,,
2026-04,100,3.137090862,-96.86290914,457,fee=current_gamma_schedule_0p07_counterfactual|ask_age<=5s|release=60s|exec=full_ladder_snapshot_upper_bound,fixed_5_usd,,current_gamma_schedule_0p07_counterfactual,5,60,full_ladder_snapshot_upper_bound,,,,,,,
2026-05,3.137090862,3.137090862,0,0,fee=current_gamma_schedule_0p07_counterfactual|ask_age<=5s|release=60s|exec=full_ladder_snapshot_upper_bound,fixed_5_usd,,current_gamma_schedule_0p07_counterfactual,5,60,full_ladder_snapshot_upper_bound,,,,,,,
2026-06,3.137090862,3.137090862,0,0,fee=current_gamma_schedule_0p07_counterfactual|ask_age<=5s|release=60s|exec=full_ladder_snapshot_upper_bound,fixed_5_usd,,current_gamma_schedule_0p07_counterfactual,5,60,full_ladder_snapshot_upper_bound,,,,,,,
2026-07,3.137090862,3.137090862,0,0,fee=current_gamma_schedule_0p07_counterfactual|ask_age<=5s|release=60s|exec=full_ladder_snapshot_upper_bound,fixed_5_usd,,current_gamma_schedule_0p07_counterfactual,5,60,full_ladder_snapshot_upper_bound,,,,,,,
2026-08,3.137090862,3.137090862,0,0,fee=current_gamma_schedule_0p07_counterfactual|ask_age<=5s|release=60s|exec=full_ladder_snapshot_upper_bound,fixed_5_usd,,current_gamma_schedule_0p07_counterfactual,5,60,full_ladder_snapshot_upper_bound,,,,,,,
2026-09,3.137090862,3.137090862,0,0,fee=current_gamma_schedule_0p07_counterfactual|ask_age<=5s|release=60s|exec=full_ladder_snapshot_upper_bound,fixed_5_usd,,current_gamma_schedule_0p07_counterfactual,5,60,full_ladder_snapshot_upper_bound,,,,,,,
2026-10,3.137090862,3.137090862,0,0,fee=current_gamma_schedule_0p07_counterfactual|ask_age<=5s|release=60s|exec=full_ladder_snapshot_upper_bound,fixed_5_usd,,current_gamma_schedule_0p07_counterfactual,5,60,full_ladder_snapshot_upper_bound,,,,,,,
2026-04,100,40.11851328,-59.88148672,444,fee=current_gamma_schedule_0p07_counterfactual|ask_age<=5s|release=60s|exec=full_ladder_snapshot_upper_bound,free_cash_5pct_cap5,5,current_gamma_schedule_0p07_counterfactual,5,60,full_ladder_snapshot_upper_bound,,,,,,,
2026-05,40.11851328,30.6673561,-9.451157174,5,fee=current_gamma_schedule_0p07_counterfactual|ask_age<=5s|release=60s|exec=full_ladder_snapshot_upper_bound,free_cash_5pct_cap5,5,current_gamma_schedule_0p07_counterfactual,5,60,full_ladder_snapshot_upper_bound,,,,,,,
2026-06,30.6673561,30.6673561,0,0,fee=current_gamma_schedule_0p07_counterfactual|ask_age<=5s|release=60s|exec=full_ladder_snapshot_upper_bound,free_cash_5pct_cap5,5,current_gamma_schedule_0p07_counterfactual,5,60,full_ladder_snapshot_upper_bound,,,,,,,
2026-07,30.6673561,29.0481183,-1.619237805,1,fee=current_gamma_schedule_0p07_counterfactual|ask_age<=5s|release=60s|exec=full_ladder_snapshot_upper_bound,free_cash_5pct_cap5,5,current_gamma_schedule_0p07_counterfactual,5,60,full_ladder_snapshot_upper_bound,,,,,,,
2026-08,29.0481183,25.73436375,-3.31375455,7,fee=current_gamma_schedule_0p07_counterfactual|ask_age<=5s|release=60s|exec=full_ladder_snapshot_upper_bound,free_cash_5pct_cap5,5,current_gamma_schedule_0p07_counterfactual,5,60,full_ladder_snapshot_upper_bound,,,,,,,
2026-09,25.73436375,25.73436375,0,0,fee=current_gamma_schedule_0p07_counterfactual|ask_age<=5s|release=60s|exec=full_ladder_snapshot_upper_bound,free_cash_5pct_cap5,5,current_gamma_schedule_0p07_counterfactual,5,60,full_ladder_snapshot_upper_bound,,,,,,,
2026-10,25.73436375,25.73436375,0,0,fee=current_gamma_schedule_0p07_counterfactual|ask_age<=5s|release=60s|exec=full_ladder_snapshot_upper_bound,free_cash_5pct_cap5,5,current_gamma_schedule_0p07_counterfactual,5,60,full_ladder_snapshot_upper_bound,,,,,,,
2026-04,100,38.99254243,-61.00745757,420,fee=current_gamma_schedule_0p07_counterfactual|ask_age<=5s|release=60s|exec=full_ladder_snapshot_upper_bound,free_cash_5pct_cap10,10,current_gamma_schedule_0p07_counterfactual,5,60,full_ladder_snapshot_upper_bound,,,,,,,
2026-05,38.99254243,29.7978418,-9.194700621,5,fee=current_gamma_schedule_0p07_counterfactual|ask_age<=5s|release=60s|exec=full_ladder_snapshot_upper_bound,free_cash_5pct_cap10,10,current_gamma_schedule_0p07_counterfactual,5,60,full_ladder_snapshot_upper_bound,,,,,,,
2026-06,29.7978418,29.7978418,0,0,fee=current_gamma_schedule_0p07_counterfactual|ask_age<=5s|release=60s|exec=full_ladder_snapshot_upper_bound,free_cash_5pct_cap10,10,current_gamma_schedule_0p07_counterfactual,5,60,full_ladder_snapshot_upper_bound,,,,,,,
2026-07,29.7978418,28.22451971,-1.57332209,1,fee=current_gamma_schedule_0p07_counterfactual|ask_age<=5s|release=60s|exec=full_ladder_snapshot_upper_bound,free_cash_5pct_cap10,10,current_gamma_schedule_0p07_counterfactual,5,60,full_ladder_snapshot_upper_bound,,,,,,,
2026-08,28.22451971,25.00009544,-3.224424271,7,fee=current_gamma_schedule_0p07_counterfactual|ask_age<=5s|release=60s|exec=full_ladder_snapshot_upper_bound,free_cash_5pct_cap10,10,current_gamma_schedule_0p07_counterfactual,5,60,full_ladder_snapshot_upper_bound,,,,,,,
2026-09,25.00009544,25.00009544,0,0,fee=current_gamma_schedule_0p07_counterfactual|ask_age<=5s|release=60s|exec=full_ladder_snapshot_upper_bound,free_cash_5pct_cap10,10,current_gamma_schedule_0p07_counterfactual,5,60,full_ladder_snapshot_upper_bound,,,,,,,
2026-10,25.00009544,25.00009544,0,0,fee=current_gamma_schedule_0p07_counterfactual|ask_age<=5s|release=60s|exec=full_ladder_snapshot_upper_bound,free_cash_5pct_cap10,10,current_gamma_schedule_0p07_counterfactual,5,60,full_ladder_snapshot_upper_bound,,,,,,,
2026-04,100,40.68032468,-59.31967532,403,fee=current_gamma_schedule_0p07_counterfactual|ask_age<=5s|release=60s|exec=full_ladder_snapshot_upper_bound,free_cash_5pct_cap15,15,current_gamma_schedule_0p07_counterfactual,5,60,full_ladder_snapshot_upper_bound,,,,,,,
2026-05,40.68032468,29.46686654,-11.21345814,6,fee=current_gamma_schedule_0p07_counterfactual|ask_age<=5s|release=60s|exec=full_ladder_snapshot_upper_bound,free_cash_5pct_cap15,15,current_gamma_schedule_0p07_counterfactual,5,60,full_ladder_snapshot_upper_bound,,,,,,,
2026-06,29.46686654,29.46686654,0,0,fee=current_gamma_schedule_0p07_counterfactual|ask_age<=5s|release=60s|exec=full_ladder_snapshot_upper_bound,free_cash_5pct_cap15,15,current_gamma_schedule_0p07_counterfactual,5,60,full_ladder_snapshot_upper_bound,,,,,,,
2026-07,29.46686654,27.91101321,-1.555853327,1,fee=current_gamma_schedule_0p07_counterfactual|ask_age<=5s|release=60s|exec=full_ladder_snapshot_upper_bound,free_cash_5pct_cap15,15,current_gamma_schedule_0p07_counterfactual,5,60,full_ladder_snapshot_upper_bound,,,,,,,
2026-08,27.91101321,24.72697451,-3.184038704,7,fee=current_gamma_schedule_0p07_counterfactual|ask_age<=5s|release=60s|exec=full_ladder_snapshot_upper_bound,free_cash_5pct_cap15,15,current_gamma_schedule_0p07_counterfactual,5,60,full_ladder_snapshot_upper_bound,,,,,,,
2026-09,24.72697451,24.72697451,0,0,fee=current_gamma_schedule_0p07_counterfactual|ask_age<=5s|release=60s|exec=full_ladder_snapshot_upper_bound,free_cash_5pct_cap15,15,current_gamma_schedule_0p07_counterfactual,5,60,full_ladder_snapshot_upper_bound,,,,,,,
2026-10,24.72697451,24.72697451,0,0,fee=current_gamma_schedule_0p07_counterfactual|ask_age<=5s|release=60s|exec=full_ladder_snapshot_upper_bound,free_cash_5pct_cap15,15,current_gamma_schedule_0p07_counterfactual,5,60,full_ladder_snapshot_upper_bound,,,,,,,
2026-04,100,40.68032468,-59.31967532,403,fee=current_gamma_schedule_0p07_counterfactual|ask_age<=5s|release=60s|exec=full_ladder_snapshot_upper_bound,free_cash_5pct_cap20,20,current_gamma_schedule_0p07_counterfactual,5,60,full_ladder_snapshot_upper_bound,,,,,,,
2026-05,40.68032468,29.46686654,-11.21345814,6,fee=current_gamma_schedule_0p07_counterfactual|ask_age<=5s|release=60s|exec=full_ladder_snapshot_upper_bound,free_cash_5pct_cap20,20,current_gamma_schedule_0p07_counterfactual,5,60,full_ladder_snapshot_upper_bound,,,,,,,
2026-06,29.46686654,29.46686654,0,0,fee=current_gamma_schedule_0p07_counterfactual|ask_age<=5s|release=60s|exec=full_ladder_snapshot_upper_bound,free_cash_5pct_cap20,20,current_gamma_schedule_0p07_counterfactual,5,60,full_ladder_snapshot_upper_bound,,,,,,,
2026-07,29.46686654,27.91101321,-1.555853327,1,fee=current_gamma_schedule_0p07_counterfactual|ask_age<=5s|release=60s|exec=full_ladder_snapshot_upper_bound,free_cash_5pct_cap20,20,current_gamma_schedule_0p07_counterfactual,5,60,full_ladder_snapshot_upper_bound,,,,,,,
2026-08,27.91101321,24.72697451,-3.184038704,7,fee=current_gamma_schedule_0p07_counterfactual|ask_age<=5s|release=60s|exec=full_ladder_snapshot_upper_bound,free_cash_5pct_cap20,20,current_gamma_schedule_0p07_counterfactual,5,60,full_ladder_snapshot_upper_bound,,,,,,,
2026-09,24.72697451,24.72697451,0,0,fee=current_gamma_schedule_0p07_counterfactual|ask_age<=5s|release=60s|exec=full_ladder_snapshot_upper_bound,free_cash_5pct_cap20,20,current_gamma_schedule_0p07_counterfactual,5,60,full_ladder_snapshot_upper_bound,,,,,,,
2026-10,24.72697451,24.72697451,0,0,fee=current_gamma_schedule_0p07_counterfactual|ask_age<=5s|release=60s|exec=full_ladder_snapshot_upper_bound,free_cash_5pct_cap20,20,current_gamma_schedule_0p07_counterfactual,5,60,full_ladder_snapshot_upper_bound,,,,,,,
2026-04,100,40.68032468,-59.31967532,403,fee=current_gamma_schedule_0p07_counterfactual|ask_age<=5s|release=60s|exec=full_ladder_snapshot_upper_bound,free_cash_5pct_cap30,30,current_gamma_schedule_0p07_counterfactual,5,60,full_ladder_snapshot_upper_bound,,,,,,,
2026-05,40.68032468,29.46686654,-11.21345814,6,fee=current_gamma_schedule_0p07_counterfactual|ask_age<=5s|release=60s|exec=full_ladder_snapshot_upper_bound,free_cash_5pct_cap30,30,current_gamma_schedule_0p07_counterfactual,5,60,full_ladder_snapshot_upper_bound,,,,,,,
2026-06,29.46686654,29.46686654,0,0,fee=current_gamma_schedule_0p07_counterfactual|ask_age<=5s|release=60s|exec=full_ladder_snapshot_upper_bound,free_cash_5pct_cap30,30,current_gamma_schedule_0p07_counterfactual,5,60,full_ladder_snapshot_upper_bound,,,,,,,
2026-07,29.46686654,27.91101321,-1.555853327,1,fee=current_gamma_schedule_0p07_counterfactual|ask_age<=5s|release=60s|exec=full_ladder_snapshot_upper_bound,free_cash_5pct_cap30,30,current_gamma_schedule_0p07_counterfactual,5,60,full_ladder_snapshot_upper_bound,,,,,,,
2026-08,27.91101321,24.72697451,-3.184038704,7,fee=current_gamma_schedule_0p07_counterfactual|ask_age<=5s|release=60s|exec=full_ladder_snapshot_upper_bound,free_cash_5pct_cap30,30,current_gamma_schedule_0p07_counterfactual,5,60,full_ladder_snapshot_upper_bound,,,,,,,
2026-09,24.72697451,24.72697451,0,0,fee=current_gamma_schedule_0p07_counterfactual|ask_age<=5s|release=60s|exec=full_ladder_snapshot_upper_bound,free_cash_5pct_cap30,30,current_gamma_schedule_0p07_counterfactual,5,60,full_ladder_snapshot_upper_bound,,,,,,,
2026-10,24.72697451,24.72697451,0,0,fee=current_gamma_schedule_0p07_counterfactual|ask_age<=5s|release=60s|exec=full_ladder_snapshot_upper_bound,free_cash_5pct_cap30,30,current_gamma_schedule_0p07_counterfactual,5,60,full_ladder_snapshot_upper_bound,,,,,,,
2026-04,100,40.68032468,-59.31967532,403,fee=current_gamma_schedule_0p07_counterfactual|ask_age<=5s|release=60s|exec=full_ladder_snapshot_upper_bound,free_cash_5pct_cap50,50,current_gamma_schedule_0p07_counterfactual,5,60,full_ladder_snapshot_upper_bound,,,,,,,
2026-05,40.68032468,29.46686654,-11.21345814,6,fee=current_gamma_schedule_0p07_counterfactual|ask_age<=5s|release=60s|exec=full_ladder_snapshot_upper_bound,free_cash_5pct_cap50,50,current_gamma_schedule_0p07_counterfactual,5,60,full_ladder_snapshot_upper_bound,,,,,,,
2026-06,29.46686654,29.46686654,0,0,fee=current_gamma_schedule_0p07_counterfactual|ask_age<=5s|release=60s|exec=full_ladder_snapshot_upper_bound,free_cash_5pct_cap50,50,current_gamma_schedule_0p07_counterfactual,5,60,full_ladder_snapshot_upper_bound,,,,,,,
2026-07,29.46686654,27.91101321,-1.555853327,1,fee=current_gamma_schedule_0p07_counterfactual|ask_age<=5s|release=60s|exec=full_ladder_snapshot_upper_bound,free_cash_5pct_cap50,50,current_gamma_schedule_0p07_counterfactual,5,60,full_ladder_snapshot_upper_bound,,,,,,,
2026-08,27.91101321,24.72697451,-3.184038704,7,fee=current_gamma_schedule_0p07_counterfactual|ask_age<=5s|release=60s|exec=full_ladder_snapshot_upper_bound,free_cash_5pct_cap50,50,current_gamma_schedule_0p07_counterfactual,5,60,full_ladder_snapshot_upper_bound,,,,,,,
2026-09,24.72697451,24.72697451,0,0,fee=current_gamma_schedule_0p07_counterfactual|ask_age<=5s|release=60s|exec=full_ladder_snapshot_upper_bound,free_cash_5pct_cap50,50,current_gamma_schedule_0p07_counterfactual,5,60,full_ladder_snapshot_upper_bound,,,,,,,
2026-10,24.72697451,24.72697451,0,0,fee=current_gamma_schedule_0p07_counterfactual|ask_age<=5s|release=60s|exec=full_ladder_snapshot_upper_bound,free_cash_5pct_cap50,50,current_gamma_schedule_0p07_counterfactual,5,60,full_ladder_snapshot_upper_bound,,,,,,,
2026-04,100,40.68032468,-59.31967532,403,fee=current_gamma_schedule_0p07_counterfactual|ask_age<=5s|release=60s|exec=full_ladder_snapshot_upper_bound,free_cash_5pct_cap75,75,current_gamma_schedule_0p07_counterfactual,5,60,full_ladder_snapshot_upper_bound,,,,,,,
2026-05,40.68032468,29.46686654,-11.21345814,6,fee=current_gamma_schedule_0p07_counterfactual|ask_age<=5s|release=60s|exec=full_ladder_snapshot_upper_bound,free_cash_5pct_cap75,75,current_gamma_schedule_0p07_counterfactual,5,60,full_ladder_snapshot_upper_bound,,,,,,,
2026-06,29.46686654,29.46686654,0,0,fee=current_gamma_schedule_0p07_counterfactual|ask_age<=5s|release=60s|exec=full_ladder_snapshot_upper_bound,free_cash_5pct_cap75,75,current_gamma_schedule_0p07_counterfactual,5,60,full_ladder_snapshot_upper_bound,,,,,,,
2026-07,29.46686654,27.91101321,-1.555853327,1,fee=current_gamma_schedule_0p07_counterfactual|ask_age<=5s|release=60s|exec=full_ladder_snapshot_upper_bound,free_cash_5pct_cap75,75,current_gamma_schedule_0p07_counterfactual,5,60,full_ladder_snapshot_upper_bound,,,,,,,
2026-08,27.91101321,24.72697451,-3.184038704,7,fee=current_gamma_schedule_0p07_counterfactual|ask_age<=5s|release=60s|exec=full_ladder_snapshot_upper_bound,free_cash_5pct_cap75,75,current_gamma_schedule_0p07_counterfactual,5,60,full_ladder_snapshot_upper_bound,,,,,,,
2026-09,24.72697451,24.72697451,0,0,fee=current_gamma_schedule_0p07_counterfactual|ask_age<=5s|release=60s|exec=full_ladder_snapshot_upper_bound,free_cash_5pct_cap75,75,current_gamma_schedule_0p07_counterfactual,5,60,full_ladder_snapshot_upper_bound,,,,,,,
2026-10,24.72697451,24.72697451,0,0,fee=current_gamma_schedule_0p07_counterfactual|ask_age<=5s|release=60s|exec=full_ladder_snapshot_upper_bound,free_cash_5pct_cap75,75,current_gamma_schedule_0p07_counterfactual,5,60,full_ladder_snapshot_upper_bound,,,,,,,
2026-04,100,40.68032468,-59.31967532,403,fee=current_gamma_schedule_0p07_counterfactual|ask_age<=5s|release=60s|exec=full_ladder_snapshot_upper_bound,free_cash_5pct_cap100,100,current_gamma_schedule_0p07_counterfactual,5,60,full_ladder_snapshot_upper_bound,,,,,,,
2026-05,40.68032468,29.46686654,-11.21345814,6,fee=current_gamma_schedule_0p07_counterfactual|ask_age<=5s|release=60s|exec=full_ladder_snapshot_upper_bound,free_cash_5pct_cap100,100,current_gamma_schedule_0p07_counterfactual,5,60,full_ladder_snapshot_upper_bound,,,,,,,
2026-06,29.46686654,29.46686654,0,0,fee=current_gamma_schedule_0p07_counterfactual|ask_age<=5s|release=60s|exec=full_ladder_snapshot_upper_bound,free_cash_5pct_cap100,100,current_gamma_schedule_0p07_counterfactual,5,60,full_ladder_snapshot_upper_bound,,,,,,,
2026-07,29.46686654,27.91101321,-1.555853327,1,fee=current_gamma_schedule_0p07_counterfactual|ask_age<=5s|release=60s|exec=full_ladder_snapshot_upper_bound,free_cash_5pct_cap100,100,current_gamma_schedule_0p07_counterfactual,5,60,full_ladder_snapshot_upper_bound,,,,,,,
2026-08,27.91101321,24.72697451,-3.184038704,7,fee=current_gamma_schedule_0p07_counterfactual|ask_age<=5s|release=60s|exec=full_ladder_snapshot_upper_bound,free_cash_5pct_cap100,100,current_gamma_schedule_0p07_counterfactual,5,60,full_ladder_snapshot_upper_bound,,,,,,,
2026-09,24.72697451,24.72697451,0,0,fee=current_gamma_schedule_0p07_counterfactual|ask_age<=5s|release=60s|exec=full_ladder_snapshot_upper_bound,free_cash_5pct_cap100,100,current_gamma_schedule_0p07_counterfactual,5,60,full_ladder_snapshot_upper_bound,,,,,,,
2026-10,24.72697451,24.72697451,0,0,fee=current_gamma_schedule_0p07_counterfactual|ask_age<=5s|release=60s|exec=full_ladder_snapshot_upper_bound,free_cash_5pct_cap100,100,current_gamma_schedule_0p07_counterfactual,5,60,full_ladder_snapshot_upper_bound,,,,,,,
2026-04,100,40.68032468,-59.31967532,403,fee=current_gamma_schedule_0p07_counterfactual|ask_age<=5s|release=60s|exec=full_ladder_snapshot_upper_bound,free_cash_5pct_cap_none,,current_gamma_schedule_0p07_counterfactual,5,60,full_ladder_snapshot_upper_bound,,,,,,,
2026-05,40.68032468,29.46686654,-11.21345814,6,fee=current_gamma_schedule_0p07_counterfactual|ask_age<=5s|release=60s|exec=full_ladder_snapshot_upper_bound,free_cash_5pct_cap_none,,current_gamma_schedule_0p07_counterfactual,5,60,full_ladder_snapshot_upper_bound,,,,,,,
2026-06,29.46686654,29.46686654,0,0,fee=current_gamma_schedule_0p07_counterfactual|ask_age<=5s|release=60s|exec=full_ladder_snapshot_upper_bound,free_cash_5pct_cap_none,,current_gamma_schedule_0p07_counterfactual,5,60,full_ladder_snapshot_upper_bound,,,,,,,
2026-07,29.46686654,27.91101321,-1.555853327,1,fee=current_gamma_schedule_0p07_counterfactual|ask_age<=5s|release=60s|exec=full_ladder_snapshot_upper_bound,free_cash_5pct_cap_none,,current_gamma_schedule_0p07_counterfactual,5,60,full_ladder_snapshot_upper_bound,,,,,,,
2026-08,27.91101321,24.72697451,-3.184038704,7,fee=current_gamma_schedule_0p07_counterfactual|ask_age<=5s|release=60s|exec=full_ladder_snapshot_upper_bound,free_cash_5pct_cap_none,,current_gamma_schedule_0p07_counterfactual,5,60,full_ladder_snapshot_upper_bound,,,,,,,
2026-09,24.72697451,24.72697451,0,0,fee=current_gamma_schedule_0p07_counterfactual|ask_age<=5s|release=60s|exec=full_ladder_snapshot_upper_bound,free_cash_5pct_cap_none,,current_gamma_schedule_0p07_counterfactual,5,60,full_ladder_snapshot_upper_bound,,,,,,,
2026-10,24.72697451,24.72697451,0,0,fee=current_gamma_schedule_0p07_counterfactual|ask_age<=5s|release=60s|exec=full_ladder_snapshot_upper_bound,free_cash_5pct_cap_none,,current_gamma_schedule_0p07_counterfactual,5,60,full_ladder_snapshot_upper_bound,,,,,,,
2026-04,100,3.137090862,-96.86290914,457,fee=current_gamma_schedule_0p07_counterfactual|ask_age<=30s|release=60s|exec=full_ladder_snapshot_upper_bound,fixed_5_usd,,current_gamma_schedule_0p07_counterfactual,30,60,full_ladder_snapshot_upper_bound,,,,,,,
2026-05,3.137090862,3.137090862,0,0,fee=current_gamma_schedule_0p07_counterfactual|ask_age<=30s|release=60s|exec=full_ladder_snapshot_upper_bound,fixed_5_usd,,current_gamma_schedule_0p07_counterfactual,30,60,full_ladder_snapshot_upper_bound,,,,,,,
2026-06,3.137090862,3.137090862,0,0,fee=current_gamma_schedule_0p07_counterfactual|ask_age<=30s|release=60s|exec=full_ladder_snapshot_upper_bound,fixed_5_usd,,current_gamma_schedule_0p07_counterfactual,30,60,full_ladder_snapshot_upper_bound,,,,,,,
2026-07,3.137090862,3.137090862,0,0,fee=current_gamma_schedule_0p07_counterfactual|ask_age<=30s|release=60s|exec=full_ladder_snapshot_upper_bound,fixed_5_usd,,current_gamma_schedule_0p07_counterfactual,30,60,full_ladder_snapshot_upper_bound,,,,,,,
2026-08,3.137090862,3.137090862,0,0,fee=current_gamma_schedule_0p07_counterfactual|ask_age<=30s|release=60s|exec=full_ladder_snapshot_upper_bound,fixed_5_usd,,current_gamma_schedule_0p07_counterfactual,30,60,full_ladder_snapshot_upper_bound,,,,,,,
2026-09,3.137090862,3.137090862,0,0,fee=current_gamma_schedule_0p07_counterfactual|ask_age<=30s|release=60s|exec=full_ladder_snapshot_upper_bound,fixed_5_usd,,current_gamma_schedule_0p07_counterfactual,30,60,full_ladder_snapshot_upper_bound,,,,,,,
2026-10,3.137090862,3.137090862,0,0,fee=current_gamma_schedule_0p07_counterfactual|ask_age<=30s|release=60s|exec=full_ladder_snapshot_upper_bound,fixed_5_usd,,current_gamma_schedule_0p07_counterfactual,30,60,full_ladder_snapshot_upper_bound,,,,,,,
2026-04,100,40.11851328,-59.88148672,444,fee=current_gamma_schedule_0p07_counterfactual|ask_age<=30s|release=60s|exec=full_ladder_snapshot_upper_bound,free_cash_5pct_cap5,5,current_gamma_schedule_0p07_counterfactual,30,60,full_ladder_snapshot_upper_bound,,,,,,,
2026-05,40.11851328,30.6673561,-9.451157174,5,fee=current_gamma_schedule_0p07_counterfactual|ask_age<=30s|release=60s|exec=full_ladder_snapshot_upper_bound,free_cash_5pct_cap5,5,current_gamma_schedule_0p07_counterfactual,30,60,full_ladder_snapshot_upper_bound,,,,,,,
2026-06,30.6673561,30.6673561,0,0,fee=current_gamma_schedule_0p07_counterfactual|ask_age<=30s|release=60s|exec=full_ladder_snapshot_upper_bound,free_cash_5pct_cap5,5,current_gamma_schedule_0p07_counterfactual,30,60,full_ladder_snapshot_upper_bound,,,,,,,
2026-07,30.6673561,29.0481183,-1.619237805,1,fee=current_gamma_schedule_0p07_counterfactual|ask_age<=30s|release=60s|exec=full_ladder_snapshot_upper_bound,free_cash_5pct_cap5,5,current_gamma_schedule_0p07_counterfactual,30,60,full_ladder_snapshot_upper_bound,,,,,,,
2026-08,29.0481183,25.73436375,-3.31375455,7,fee=current_gamma_schedule_0p07_counterfactual|ask_age<=30s|release=60s|exec=full_ladder_snapshot_upper_bound,free_cash_5pct_cap5,5,current_gamma_schedule_0p07_counterfactual,30,60,full_ladder_snapshot_upper_bound,,,,,,,
2026-09,25.73436375,25.73436375,0,0,fee=current_gamma_schedule_0p07_counterfactual|ask_age<=30s|release=60s|exec=full_ladder_snapshot_upper_bound,free_cash_5pct_cap5,5,current_gamma_schedule_0p07_counterfactual,30,60,full_ladder_snapshot_upper_bound,,,,,,,
2026-10,25.73436375,25.73436375,0,0,fee=current_gamma_schedule_0p07_counterfactual|ask_age<=30s|release=60s|exec=full_ladder_snapshot_upper_bound,free_cash_5pct_cap5,5,current_gamma_schedule_0p07_counterfactual,30,60,full_ladder_snapshot_upper_bound,,,,,,,
2026-04,100,38.99254243,-61.00745757,420,fee=current_gamma_schedule_0p07_counterfactual|ask_age<=30s|release=60s|exec=full_ladder_snapshot_upper_bound,free_cash_5pct_cap10,10,current_gamma_schedule_0p07_counterfactual,30,60,full_ladder_snapshot_upper_bound,,,,,,,
2026-05,38.99254243,29.7978418,-9.194700621,5,fee=current_gamma_schedule_0p07_counterfactual|ask_age<=30s|release=60s|exec=full_ladder_snapshot_upper_bound,free_cash_5pct_cap10,10,current_gamma_schedule_0p07_counterfactual,30,60,full_ladder_snapshot_upper_bound,,,,,,,
2026-06,29.7978418,29.7978418,0,0,fee=current_gamma_schedule_0p07_counterfactual|ask_age<=30s|release=60s|exec=full_ladder_snapshot_upper_bound,free_cash_5pct_cap10,10,current_gamma_schedule_0p07_counterfactual,30,60,full_ladder_snapshot_upper_bound,,,,,,,
2026-07,29.7978418,28.22451971,-1.57332209,1,fee=current_gamma_schedule_0p07_counterfactual|ask_age<=30s|release=60s|exec=full_ladder_snapshot_upper_bound,free_cash_5pct_cap10,10,current_gamma_schedule_0p07_counterfactual,30,60,full_ladder_snapshot_upper_bound,,,,,,,
2026-08,28.22451971,25.00009544,-3.224424271,7,fee=current_gamma_schedule_0p07_counterfactual|ask_age<=30s|release=60s|exec=full_ladder_snapshot_upper_bound,free_cash_5pct_cap10,10,current_gamma_schedule_0p07_counterfactual,30,60,full_ladder_snapshot_upper_bound,,,,,,,
2026-09,25.00009544,25.00009544,0,0,fee=current_gamma_schedule_0p07_counterfactual|ask_age<=30s|release=60s|exec=full_ladder_snapshot_upper_bound,free_cash_5pct_cap10,10,current_gamma_schedule_0p07_counterfactual,30,60,full_ladder_snapshot_upper_bound,,,,,,,
2026-10,25.00009544,25.00009544,0,0,fee=current_gamma_schedule_0p07_counterfactual|ask_age<=30s|release=60s|exec=full_ladder_snapshot_upper_bound,free_cash_5pct_cap10,10,current_gamma_schedule_0p07_counterfactual,30,60,full_ladder_snapshot_upper_bound,,,,,,,
2026-04,100,40.68032468,-59.31967532,403,fee=current_gamma_schedule_0p07_counterfactual|ask_age<=30s|release=60s|exec=full_ladder_snapshot_upper_bound,free_cash_5pct_cap15,15,current_gamma_schedule_0p07_counterfactual,30,60,full_ladder_snapshot_upper_bound,,,,,,,
2026-05,40.68032468,29.46686654,-11.21345814,6,fee=current_gamma_schedule_0p07_counterfactual|ask_age<=30s|release=60s|exec=full_ladder_snapshot_upper_bound,free_cash_5pct_cap15,15,current_gamma_schedule_0p07_counterfactual,30,60,full_ladder_snapshot_upper_bound,,,,,,,
2026-06,29.46686654,29.46686654,0,0,fee=current_gamma_schedule_0p07_counterfactual|ask_age<=30s|release=60s|exec=full_ladder_snapshot_upper_bound,free_cash_5pct_cap15,15,current_gamma_schedule_0p07_counterfactual,30,60,full_ladder_snapshot_upper_bound,,,,,,,
2026-07,29.46686654,27.91101321,-1.555853327,1,fee=current_gamma_schedule_0p07_counterfactual|ask_age<=30s|release=60s|exec=full_ladder_snapshot_upper_bound,free_cash_5pct_cap15,15,current_gamma_schedule_0p07_counterfactual,30,60,full_ladder_snapshot_upper_bound,,,,,,,
2026-08,27.91101321,24.72697451,-3.184038704,7,fee=current_gamma_schedule_0p07_counterfactual|ask_age<=30s|release=60s|exec=full_ladder_snapshot_upper_bound,free_cash_5pct_cap15,15,current_gamma_schedule_0p07_counterfactual,30,60,full_ladder_snapshot_upper_bound,,,,,,,
2026-09,24.72697451,24.72697451,0,0,fee=current_gamma_schedule_0p07_counterfactual|ask_age<=30s|release=60s|exec=full_ladder_snapshot_upper_bound,free_cash_5pct_cap15,15,current_gamma_schedule_0p07_counterfactual,30,60,full_ladder_snapshot_upper_bound,,,,,,,
2026-10,24.72697451,24.72697451,0,0,fee=current_gamma_schedule_0p07_counterfactual|ask_age<=30s|release=60s|exec=full_ladder_snapshot_upper_bound,free_cash_5pct_cap15,15,current_gamma_schedule_0p07_counterfactual,30,60,full_ladder_snapshot_upper_bound,,,,,,,
2026-04,100,40.68032468,-59.31967532,403,fee=current_gamma_schedule_0p07_counterfactual|ask_age<=30s|release=60s|exec=full_ladder_snapshot_upper_bound,free_cash_5pct_cap20,20,current_gamma_schedule_0p07_counterfactual,30,60,full_ladder_snapshot_upper_bound,,,,,,,
2026-05,40.68032468,29.46686654,-11.21345814,6,fee=current_gamma_schedule_0p07_counterfactual|ask_age<=30s|release=60s|exec=full_ladder_snapshot_upper_bound,free_cash_5pct_cap20,20,current_gamma_schedule_0p07_counterfactual,30,60,full_ladder_snapshot_upper_bound,,,,,,,
2026-06,29.46686654,29.46686654,0,0,fee=current_gamma_schedule_0p07_counterfactual|ask_age<=30s|release=60s|exec=full_ladder_snapshot_upper_bound,free_cash_5pct_cap20,20,current_gamma_schedule_0p07_counterfactual,30,60,full_ladder_snapshot_upper_bound,,,,,,,
2026-07,29.46686654,27.91101321,-1.555853327,1,fee=current_gamma_schedule_0p07_counterfactual|ask_age<=30s|release=60s|exec=full_ladder_snapshot_upper_bound,free_cash_5pct_cap20,20,current_gamma_schedule_0p07_counterfactual,30,60,full_ladder_snapshot_upper_bound,,,,,,,
2026-08,27.91101321,24.72697451,-3.184038704,7,fee=current_gamma_schedule_0p07_counterfactual|ask_age<=30s|release=60s|exec=full_ladder_snapshot_upper_bound,free_cash_5pct_cap20,20,current_gamma_schedule_0p07_counterfactual,30,60,full_ladder_snapshot_upper_bound,,,,,,,
2026-09,24.72697451,24.72697451,0,0,fee=current_gamma_schedule_0p07_counterfactual|ask_age<=30s|release=60s|exec=full_ladder_snapshot_upper_bound,free_cash_5pct_cap20,20,current_gamma_schedule_0p07_counterfactual,30,60,full_ladder_snapshot_upper_bound,,,,,,,
2026-10,24.72697451,24.72697451,0,0,fee=current_gamma_schedule_0p07_counterfactual|ask_age<=30s|release=60s|exec=full_ladder_snapshot_upper_bound,free_cash_5pct_cap20,20,current_gamma_schedule_0p07_counterfactual,30,60,full_ladder_snapshot_upper_bound,,,,,,,
2026-04,100,40.68032468,-59.31967532,403,fee=current_gamma_schedule_0p07_counterfactual|ask_age<=30s|release=60s|exec=full_ladder_snapshot_upper_bound,free_cash_5pct_cap30,30,current_gamma_schedule_0p07_counterfactual,30,60,full_ladder_snapshot_upper_bound,,,,,,,
2026-05,40.68032468,29.46686654,-11.21345814,6,fee=current_gamma_schedule_0p07_counterfactual|ask_age<=30s|release=60s|exec=full_ladder_snapshot_upper_bound,free_cash_5pct_cap30,30,current_gamma_schedule_0p07_counterfactual,30,60,full_ladder_snapshot_upper_bound,,,,,,,
2026-06,29.46686654,29.46686654,0,0,fee=current_gamma_schedule_0p07_counterfactual|ask_age<=30s|release=60s|exec=full_ladder_snapshot_upper_bound,free_cash_5pct_cap30,30,current_gamma_schedule_0p07_counterfactual,30,60,full_ladder_snapshot_upper_bound,,,,,,,
2026-07,29.46686654,27.91101321,-1.555853327,1,fee=current_gamma_schedule_0p07_counterfactual|ask_age<=30s|release=60s|exec=full_ladder_snapshot_upper_bound,free_cash_5pct_cap30,30,current_gamma_schedule_0p07_counterfactual,30,60,full_ladder_snapshot_upper_bound,,,,,,,
2026-08,27.91101321,24.72697451,-3.184038704,7,fee=current_gamma_schedule_0p07_counterfactual|ask_age<=30s|release=60s|exec=full_ladder_snapshot_upper_bound,free_cash_5pct_cap30,30,current_gamma_schedule_0p07_counterfactual,30,60,full_ladder_snapshot_upper_bound,,,,,,,
2026-09,24.72697451,24.72697451,0,0,fee=current_gamma_schedule_0p07_counterfactual|ask_age<=30s|release=60s|exec=full_ladder_snapshot_upper_bound,free_cash_5pct_cap30,30,current_gamma_schedule_0p07_counterfactual,30,60,full_ladder_snapshot_upper_bound,,,,,,,
2026-10,24.72697451,24.72697451,0,0,fee=current_gamma_schedule_0p07_counterfactual|ask_age<=30s|release=60s|exec=full_ladder_snapshot_upper_bound,free_cash_5pct_cap30,30,current_gamma_schedule_0p07_counterfactual,30,60,full_ladder_snapshot_upper_bound,,,,,,,
2026-04,100,40.68032468,-59.31967532,403,fee=current_gamma_schedule_0p07_counterfactual|ask_age<=30s|release=60s|exec=full_ladder_snapshot_upper_bound,free_cash_5pct_cap50,50,current_gamma_schedule_0p07_counterfactual,30,60,full_ladder_snapshot_upper_bound,,,,,,,
2026-05,40.68032468,29.46686654,-11.21345814,6,fee=current_gamma_schedule_0p07_counterfactual|ask_age<=30s|release=60s|exec=full_ladder_snapshot_upper_bound,free_cash_5pct_cap50,50,current_gamma_schedule_0p07_counterfactual,30,60,full_ladder_snapshot_upper_bound,,,,,,,
2026-06,29.46686654,29.46686654,0,0,fee=current_gamma_schedule_0p07_counterfactual|ask_age<=30s|release=60s|exec=full_ladder_snapshot_upper_bound,free_cash_5pct_cap50,50,current_gamma_schedule_0p07_counterfactual,30,60,full_ladder_snapshot_upper_bound,,,,,,,
2026-07,29.46686654,27.91101321,-1.555853327,1,fee=current_gamma_schedule_0p07_counterfactual|ask_age<=30s|release=60s|exec=full_ladder_snapshot_upper_bound,free_cash_5pct_cap50,50,current_gamma_schedule_0p07_counterfactual,30,60,full_ladder_snapshot_upper_bound,,,,,,,
2026-08,27.91101321,24.72697451,-3.184038704,7,fee=current_gamma_schedule_0p07_counterfactual|ask_age<=30s|release=60s|exec=full_ladder_snapshot_upper_bound,free_cash_5pct_cap50,50,current_gamma_schedule_0p07_counterfactual,30,60,full_ladder_snapshot_upper_bound,,,,,,,
2026-09,24.72697451,24.72697451,0,0,fee=current_gamma_schedule_0p07_counterfactual|ask_age<=30s|release=60s|exec=full_ladder_snapshot_upper_bound,free_cash_5pct_cap50,50,current_gamma_schedule_0p07_counterfactual,30,60,full_ladder_snapshot_upper_bound,,,,,,,
2026-10,24.72697451,24.72697451,0,0,fee=current_gamma_schedule_0p07_counterfactual|ask_age<=30s|release=60s|exec=full_ladder_snapshot_upper_bound,free_cash_5pct_cap50,50,current_gamma_schedule_0p07_counterfactual,30,60,full_ladder_snapshot_upper_bound,,,,,,,
2026-04,100,40.68032468,-59.31967532,403,fee=current_gamma_schedule_0p07_counterfactual|ask_age<=30s|release=60s|exec=full_ladder_snapshot_upper_bound,free_cash_5pct_cap75,75,current_gamma_schedule_0p07_counterfactual,30,60,full_ladder_snapshot_upper_bound,,,,,,,
2026-05,40.68032468,29.46686654,-11.21345814,6,fee=current_gamma_schedule_0p07_counterfactual|ask_age<=30s|release=60s|exec=full_ladder_snapshot_upper_bound,free_cash_5pct_cap75,75,current_gamma_schedule_0p07_counterfactual,30,60,full_ladder_snapshot_upper_bound,,,,,,,
2026-06,29.46686654,29.46686654,0,0,fee=current_gamma_schedule_0p07_counterfactual|ask_age<=30s|release=60s|exec=full_ladder_snapshot_upper_bound,free_cash_5pct_cap75,75,current_gamma_schedule_0p07_counterfactual,30,60,full_ladder_snapshot_upper_bound,,,,,,,
2026-07,29.46686654,27.91101321,-1.555853327,1,fee=current_gamma_schedule_0p07_counterfactual|ask_age<=30s|release=60s|exec=full_ladder_snapshot_upper_bound,free_cash_5pct_cap75,75,current_gamma_schedule_0p07_counterfactual,30,60,full_ladder_snapshot_upper_bound,,,,,,,
2026-08,27.91101321,24.72697451,-3.184038704,7,fee=current_gamma_schedule_0p07_counterfactual|ask_age<=30s|release=60s|exec=full_ladder_snapshot_upper_bound,free_cash_5pct_cap75,75,current_gamma_schedule_0p07_counterfactual,30,60,full_ladder_snapshot_upper_bound,,,,,,,
2026-09,24.72697451,24.72697451,0,0,fee=current_gamma_schedule_0p07_counterfactual|ask_age<=30s|release=60s|exec=full_ladder_snapshot_upper_bound,free_cash_5pct_cap75,75,current_gamma_schedule_0p07_counterfactual,30,60,full_ladder_snapshot_upper_bound,,,,,,,
2026-10,24.72697451,24.72697451,0,0,fee=current_gamma_schedule_0p07_counterfactual|ask_age<=30s|release=60s|exec=full_ladder_snapshot_upper_bound,free_cash_5pct_cap75,75,current_gamma_schedule_0p07_counterfactual,30,60,full_ladder_snapshot_upper_bound,,,,,,,
2026-04,100,40.68032468,-59.31967532,403,fee=current_gamma_schedule_0p07_counterfactual|ask_age<=30s|release=60s|exec=full_ladder_snapshot_upper_bound,free_cash_5pct_cap100,100,current_gamma_schedule_0p07_counterfactual,30,60,full_ladder_snapshot_upper_bound,,,,,,,
2026-05,40.68032468,29.46686654,-11.21345814,6,fee=current_gamma_schedule_0p07_counterfactual|ask_age<=30s|release=60s|exec=full_ladder_snapshot_upper_bound,free_cash_5pct_cap100,100,current_gamma_schedule_0p07_counterfactual,30,60,full_ladder_snapshot_upper_bound,,,,,,,
2026-06,29.46686654,29.46686654,0,0,fee=current_gamma_schedule_0p07_counterfactual|ask_age<=30s|release=60s|exec=full_ladder_snapshot_upper_bound,free_cash_5pct_cap100,100,current_gamma_schedule_0p07_counterfactual,30,60,full_ladder_snapshot_upper_bound,,,,,,,
2026-07,29.46686654,27.91101321,-1.555853327,1,fee=current_gamma_schedule_0p07_counterfactual|ask_age<=30s|release=60s|exec=full_ladder_snapshot_upper_bound,free_cash_5pct_cap100,100,current_gamma_schedule_0p07_counterfactual,30,60,full_ladder_snapshot_upper_bound,,,,,,,
2026-08,27.91101321,24.72697451,-3.184038704,7,fee=current_gamma_schedule_0p07_counterfactual|ask_age<=30s|release=60s|exec=full_ladder_snapshot_upper_bound,free_cash_5pct_cap100,100,current_gamma_schedule_0p07_counterfactual,30,60,full_ladder_snapshot_upper_bound,,,,,,,
2026-09,24.72697451,24.72697451,0,0,fee=current_gamma_schedule_0p07_counterfactual|ask_age<=30s|release=60s|exec=full_ladder_snapshot_upper_bound,free_cash_5pct_cap100,100,current_gamma_schedule_0p07_counterfactual,30,60,full_ladder_snapshot_upper_bound,,,,,,,
2026-10,24.72697451,24.72697451,0,0,fee=current_gamma_schedule_0p07_counterfactual|ask_age<=30s|release=60s|exec=full_ladder_snapshot_upper_bound,free_cash_5pct_cap100,100,current_gamma_schedule_0p07_counterfactual,30,60,full_ladder_snapshot_upper_bound,,,,,,,
2026-04,100,40.68032468,-59.31967532,403,fee=current_gamma_schedule_0p07_counterfactual|ask_age<=30s|release=60s|exec=full_ladder_snapshot_upper_bound,free_cash_5pct_cap_none,,current_gamma_schedule_0p07_counterfactual,30,60,full_ladder_snapshot_upper_bound,,,,,,,
2026-05,40.68032468,29.46686654,-11.21345814,6,fee=current_gamma_schedule_0p07_counterfactual|ask_age<=30s|release=60s|exec=full_ladder_snapshot_upper_bound,free_cash_5pct_cap_none,,current_gamma_schedule_0p07_counterfactual,30,60,full_ladder_snapshot_upper_bound,,,,,,,
2026-06,29.46686654,29.46686654,0,0,fee=current_gamma_schedule_0p07_counterfactual|ask_age<=30s|release=60s|exec=full_ladder_snapshot_upper_bound,free_cash_5pct_cap_none,,current_gamma_schedule_0p07_counterfactual,30,60,full_ladder_snapshot_upper_bound,,,,,,,
2026-07,29.46686654,27.91101321,-1.555853327,1,fee=current_gamma_schedule_0p07_counterfactual|ask_age<=30s|release=60s|exec=full_ladder_snapshot_upper_bound,free_cash_5pct_cap_none,,current_gamma_schedule_0p07_counterfactual,30,60,full_ladder_snapshot_upper_bound,,,,,,,
2026-08,27.91101321,24.72697451,-3.184038704,7,fee=current_gamma_schedule_0p07_counterfactual|ask_age<=30s|release=60s|exec=full_ladder_snapshot_upper_bound,free_cash_5pct_cap_none,,current_gamma_schedule_0p07_counterfactual,30,60,full_ladder_snapshot_upper_bound,,,,,,,
2026-09,24.72697451,24.72697451,0,0,fee=current_gamma_schedule_0p07_counterfactual|ask_age<=30s|release=60s|exec=full_ladder_snapshot_upper_bound,free_cash_5pct_cap_none,,current_gamma_schedule_0p07_counterfactual,30,60,full_ladder_snapshot_upper_bound,,,,,,,
2026-10,24.72697451,24.72697451,0,0,fee=current_gamma_schedule_0p07_counterfactual|ask_age<=30s|release=60s|exec=full_ladder_snapshot_upper_bound,free_cash_5pct_cap_none,,current_gamma_schedule_0p07_counterfactual,30,60,full_ladder_snapshot_upper_bound,,,,,,,
2026-04,100,3.137090862,-96.86290914,457,fee=current_gamma_schedule_0p07_counterfactual|ask_age<=1s|release=300s|exec=full_ladder_snapshot_upper_bound,fixed_5_usd,,current_gamma_schedule_0p07_counterfactual,1,300,full_ladder_snapshot_upper_bound,,,,,,,
2026-05,3.137090862,3.137090862,0,0,fee=current_gamma_schedule_0p07_counterfactual|ask_age<=1s|release=300s|exec=full_ladder_snapshot_upper_bound,fixed_5_usd,,current_gamma_schedule_0p07_counterfactual,1,300,full_ladder_snapshot_upper_bound,,,,,,,
2026-06,3.137090862,3.137090862,0,0,fee=current_gamma_schedule_0p07_counterfactual|ask_age<=1s|release=300s|exec=full_ladder_snapshot_upper_bound,fixed_5_usd,,current_gamma_schedule_0p07_counterfactual,1,300,full_ladder_snapshot_upper_bound,,,,,,,
2026-07,3.137090862,3.137090862,0,0,fee=current_gamma_schedule_0p07_counterfactual|ask_age<=1s|release=300s|exec=full_ladder_snapshot_upper_bound,fixed_5_usd,,current_gamma_schedule_0p07_counterfactual,1,300,full_ladder_snapshot_upper_bound,,,,,,,
2026-08,3.137090862,3.137090862,0,0,fee=current_gamma_schedule_0p07_counterfactual|ask_age<=1s|release=300s|exec=full_ladder_snapshot_upper_bound,fixed_5_usd,,current_gamma_schedule_0p07_counterfactual,1,300,full_ladder_snapshot_upper_bound,,,,,,,
2026-09,3.137090862,3.137090862,0,0,fee=current_gamma_schedule_0p07_counterfactual|ask_age<=1s|release=300s|exec=full_ladder_snapshot_upper_bound,fixed_5_usd,,current_gamma_schedule_0p07_counterfactual,1,300,full_ladder_snapshot_upper_bound,,,,,,,
2026-10,3.137090862,3.137090862,0,0,fee=current_gamma_schedule_0p07_counterfactual|ask_age<=1s|release=300s|exec=full_ladder_snapshot_upper_bound,fixed_5_usd,,current_gamma_schedule_0p07_counterfactual,1,300,full_ladder_snapshot_upper_bound,,,,,,,
2026-04,100,39.99676721,-60.00323279,444,fee=current_gamma_schedule_0p07_counterfactual|ask_age<=1s|release=300s|exec=full_ladder_snapshot_upper_bound,free_cash_5pct_cap5,5,current_gamma_schedule_0p07_counterfactual,1,300,full_ladder_snapshot_upper_bound,,,,,,,
2026-05,39.99676721,30.56638176,-9.43038545,5,fee=current_gamma_schedule_0p07_counterfactual|ask_age<=1s|release=300s|exec=full_ladder_snapshot_upper_bound,free_cash_5pct_cap5,5,current_gamma_schedule_0p07_counterfactual,1,300,full_ladder_snapshot_upper_bound,,,,,,,
2026-06,30.56638176,30.56638176,0,0,fee=current_gamma_schedule_0p07_counterfactual|ask_age<=1s|release=300s|exec=full_ladder_snapshot_upper_bound,free_cash_5pct_cap5,5,current_gamma_schedule_0p07_counterfactual,1,300,full_ladder_snapshot_upper_bound,,,,,,,
2026-07,30.56638176,28.95247267,-1.613909088,1,fee=current_gamma_schedule_0p07_counterfactual|ask_age<=1s|release=300s|exec=full_ladder_snapshot_upper_bound,free_cash_5pct_cap5,5,current_gamma_schedule_0p07_counterfactual,1,300,full_ladder_snapshot_upper_bound,,,,,,,
2026-08,28.95247267,25.6486778,-3.303794877,7,fee=current_gamma_schedule_0p07_counterfactual|ask_age<=1s|release=300s|exec=full_ladder_snapshot_upper_bound,free_cash_5pct_cap5,5,current_gamma_schedule_0p07_counterfactual,1,300,full_ladder_snapshot_upper_bound,,,,,,,
2026-09,25.6486778,25.6486778,0,0,fee=current_gamma_schedule_0p07_counterfactual|ask_age<=1s|release=300s|exec=full_ladder_snapshot_upper_bound,free_cash_5pct_cap5,5,current_gamma_schedule_0p07_counterfactual,1,300,full_ladder_snapshot_upper_bound,,,,,,,
2026-10,25.6486778,25.6486778,0,0,fee=current_gamma_schedule_0p07_counterfactual|ask_age<=1s|release=300s|exec=full_ladder_snapshot_upper_bound,free_cash_5pct_cap5,5,current_gamma_schedule_0p07_counterfactual,1,300,full_ladder_snapshot_upper_bound,,,,,,,
2026-04,100,40.28632199,-59.71367801,423,fee=current_gamma_schedule_0p07_counterfactual|ask_age<=1s|release=300s|exec=full_ladder_snapshot_upper_bound,free_cash_5pct_cap10,10,current_gamma_schedule_0p07_counterfactual,1,300,full_ladder_snapshot_upper_bound,,,,,,,
2026-05,40.28632199,30.79564025,-9.490681736,5,fee=current_gamma_schedule_0p07_counterfactual|ask_age<=1s|release=300s|exec=full_ladder_snapshot_upper_bound,free_cash_5pct_cap10,10,current_gamma_schedule_0p07_counterfactual,1,300,full_ladder_snapshot_upper_bound,,,,,,,
2026-06,30.79564025,30.79564025,0,0,fee=current_gamma_schedule_0p07_counterfactual|ask_age<=1s|release=300s|exec=full_ladder_snapshot_upper_bound,free_cash_5pct_cap10,10,current_gamma_schedule_0p07_counterfactual,1,300,full_ladder_snapshot_upper_bound,,,,,,,
2026-07,30.79564025,29.16962824,-1.626012013,1,fee=current_gamma_schedule_0p07_counterfactual|ask_age<=1s|release=300s|exec=full_ladder_snapshot_upper_bound,free_cash_5pct_cap10,10,current_gamma_schedule_0p07_counterfactual,1,300,full_ladder_snapshot_upper_bound,,,,,,,
2026-08,29.16962824,25.8420052,-3.327623039,7,fee=current_gamma_schedule_0p07_counterfactual|ask_age<=1s|release=300s|exec=full_ladder_snapshot_upper_bound,free_cash_5pct_cap10,10,current_gamma_schedule_0p07_counterfactual,1,300,full_ladder_snapshot_upper_bound,,,,,,,
2026-09,25.8420052,25.8420052,0,0,fee=current_gamma_schedule_0p07_counterfactual|ask_age<=1s|release=300s|exec=full_ladder_snapshot_upper_bound,free_cash_5pct_cap10,10,current_gamma_schedule_0p07_counterfactual,1,300,full_ladder_snapshot_upper_bound,,,,,,,
2026-10,25.8420052,25.8420052,0,0,fee=current_gamma_schedule_0p07_counterfactual|ask_age<=1s|release=300s|exec=full_ladder_snapshot_upper_bound,free_cash_5pct_cap10,10,current_gamma_schedule_0p07_counterfactual,1,300,full_ladder_snapshot_upper_bound,,,,,,,
2026-04,100,40.47400213,-59.52599787,403,fee=current_gamma_schedule_0p07_counterfactual|ask_age<=1s|release=300s|exec=full_ladder_snapshot_upper_bound,free_cash_5pct_cap15,15,current_gamma_schedule_0p07_counterfactual,1,300,full_ladder_snapshot_upper_bound,,,,,,,
2026-05,40.47400213,30.93908244,-9.534919692,5,fee=current_gamma_schedule_0p07_counterfactual|ask_age<=1s|release=300s|exec=full_ladder_snapshot_upper_bound,free_cash_5pct_cap15,15,current_gamma_schedule_0p07_counterfactual,1,300,full_ladder_snapshot_upper_bound,,,,,,,
2026-06,30.93908244,30.93908244,0,0,fee=current_gamma_schedule_0p07_counterfactual|ask_age<=1s|release=300s|exec=full_ladder_snapshot_upper_bound,free_cash_5pct_cap15,15,current_gamma_schedule_0p07_counterfactual,1,300,full_ladder_snapshot_upper_bound,,,,,,,
2026-07,30.93908244,29.30549831,-1.633584122,1,fee=current_gamma_schedule_0p07_counterfactual|ask_age<=1s|release=300s|exec=full_ladder_snapshot_upper_bound,free_cash_5pct_cap15,15,current_gamma_schedule_0p07_counterfactual,1,300,full_ladder_snapshot_upper_bound,,,,,,,
2026-08,29.30549831,25.96524636,-3.340251956,7,fee=current_gamma_schedule_0p07_counterfactual|ask_age<=1s|release=300s|exec=full_ladder_snapshot_upper_bound,free_cash_5pct_cap15,15,current_gamma_schedule_0p07_counterfactual,1,300,full_ladder_snapshot_upper_bound,,,,,,,
2026-09,25.96524636,25.96524636,0,0,fee=current_gamma_schedule_0p07_counterfactual|ask_age<=1s|release=300s|exec=full_ladder_snapshot_upper_bound,free_cash_5pct_cap15,15,current_gamma_schedule_0p07_counterfactual,1,300,full_ladder_snapshot_upper_bound,,,,,,,
2026-10,25.96524636,25.96524636,0,0,fee=current_gamma_schedule_0p07_counterfactual|ask_age<=1s|release=300s|exec=full_ladder_snapshot_upper_bound,free_cash_5pct_cap15,15,current_gamma_schedule_0p07_counterfactual,1,300,full_ladder_snapshot_upper_bound,,,,,,,
2026-04,100,40.47400213,-59.52599787,403,fee=current_gamma_schedule_0p07_counterfactual|ask_age<=1s|release=300s|exec=full_ladder_snapshot_upper_bound,free_cash_5pct_cap20,20,current_gamma_schedule_0p07_counterfactual,1,300,full_ladder_snapshot_upper_bound,,,,,,,
2026-05,40.47400213,30.93908244,-9.534919692,5,fee=current_gamma_schedule_0p07_counterfactual|ask_age<=1s|release=300s|exec=full_ladder_snapshot_upper_bound,free_cash_5pct_cap20,20,current_gamma_schedule_0p07_counterfactual,1,300,full_ladder_snapshot_upper_bound,,,,,,,
2026-06,30.93908244,30.93908244,0,0,fee=current_gamma_schedule_0p07_counterfactual|ask_age<=1s|release=300s|exec=full_ladder_snapshot_upper_bound,free_cash_5pct_cap20,20,current_gamma_schedule_0p07_counterfactual,1,300,full_ladder_snapshot_upper_bound,,,,,,,
2026-07,30.93908244,29.30549831,-1.633584122,1,fee=current_gamma_schedule_0p07_counterfactual|ask_age<=1s|release=300s|exec=full_ladder_snapshot_upper_bound,free_cash_5pct_cap20,20,current_gamma_schedule_0p07_counterfactual,1,300,full_ladder_snapshot_upper_bound,,,,,,,
2026-08,29.30549831,25.96524636,-3.340251956,7,fee=current_gamma_schedule_0p07_counterfactual|ask_age<=1s|release=300s|exec=full_ladder_snapshot_upper_bound,free_cash_5pct_cap20,20,current_gamma_schedule_0p07_counterfactual,1,300,full_ladder_snapshot_upper_bound,,,,,,,
2026-09,25.96524636,25.96524636,0,0,fee=current_gamma_schedule_0p07_counterfactual|ask_age<=1s|release=300s|exec=full_ladder_snapshot_upper_bound,free_cash_5pct_cap20,20,current_gamma_schedule_0p07_counterfactual,1,300,full_ladder_snapshot_upper_bound,,,,,,,
2026-10,25.96524636,25.96524636,0,0,fee=current_gamma_schedule_0p07_counterfactual|ask_age<=1s|release=300s|exec=full_ladder_snapshot_upper_bound,free_cash_5pct_cap20,20,current_gamma_schedule_0p07_counterfactual,1,300,full_ladder_snapshot_upper_bound,,,,,,,
2026-04,100,40.47400213,-59.52599787,403,fee=current_gamma_schedule_0p07_counterfactual|ask_age<=1s|release=300s|exec=full_ladder_snapshot_upper_bound,free_cash_5pct_cap30,30,current_gamma_schedule_0p07_counterfactual,1,300,full_ladder_snapshot_upper_bound,,,,,,,
2026-05,40.47400213,30.93908244,-9.534919692,5,fee=current_gamma_schedule_0p07_counterfactual|ask_age<=1s|release=300s|exec=full_ladder_snapshot_upper_bound,free_cash_5pct_cap30,30,current_gamma_schedule_0p07_counterfactual,1,300,full_ladder_snapshot_upper_bound,,,,,,,
2026-06,30.93908244,30.93908244,0,0,fee=current_gamma_schedule_0p07_counterfactual|ask_age<=1s|release=300s|exec=full_ladder_snapshot_upper_bound,free_cash_5pct_cap30,30,current_gamma_schedule_0p07_counterfactual,1,300,full_ladder_snapshot_upper_bound,,,,,,,
2026-07,30.93908244,29.30549831,-1.633584122,1,fee=current_gamma_schedule_0p07_counterfactual|ask_age<=1s|release=300s|exec=full_ladder_snapshot_upper_bound,free_cash_5pct_cap30,30,current_gamma_schedule_0p07_counterfactual,1,300,full_ladder_snapshot_upper_bound,,,,,,,
2026-08,29.30549831,25.96524636,-3.340251956,7,fee=current_gamma_schedule_0p07_counterfactual|ask_age<=1s|release=300s|exec=full_ladder_snapshot_upper_bound,free_cash_5pct_cap30,30,current_gamma_schedule_0p07_counterfactual,1,300,full_ladder_snapshot_upper_bound,,,,,,,
2026-09,25.96524636,25.96524636,0,0,fee=current_gamma_schedule_0p07_counterfactual|ask_age<=1s|release=300s|exec=full_ladder_snapshot_upper_bound,free_cash_5pct_cap30,30,current_gamma_schedule_0p07_counterfactual,1,300,full_ladder_snapshot_upper_bound,,,,,,,
2026-10,25.96524636,25.96524636,0,0,fee=current_gamma_schedule_0p07_counterfactual|ask_age<=1s|release=300s|exec=full_ladder_snapshot_upper_bound,free_cash_5pct_cap30,30,current_gamma_schedule_0p07_counterfactual,1,300,full_ladder_snapshot_upper_bound,,,,,,,
2026-04,100,40.47400213,-59.52599787,403,fee=current_gamma_schedule_0p07_counterfactual|ask_age<=1s|release=300s|exec=full_ladder_snapshot_upper_bound,free_cash_5pct_cap50,50,current_gamma_schedule_0p07_counterfactual,1,300,full_ladder_snapshot_upper_bound,,,,,,,
2026-05,40.47400213,30.93908244,-9.534919692,5,fee=current_gamma_schedule_0p07_counterfactual|ask_age<=1s|release=300s|exec=full_ladder_snapshot_upper_bound,free_cash_5pct_cap50,50,current_gamma_schedule_0p07_counterfactual,1,300,full_ladder_snapshot_upper_bound,,,,,,,
2026-06,30.93908244,30.93908244,0,0,fee=current_gamma_schedule_0p07_counterfactual|ask_age<=1s|release=300s|exec=full_ladder_snapshot_upper_bound,free_cash_5pct_cap50,50,current_gamma_schedule_0p07_counterfactual,1,300,full_ladder_snapshot_upper_bound,,,,,,,
2026-07,30.93908244,29.30549831,-1.633584122,1,fee=current_gamma_schedule_0p07_counterfactual|ask_age<=1s|release=300s|exec=full_ladder_snapshot_upper_bound,free_cash_5pct_cap50,50,current_gamma_schedule_0p07_counterfactual,1,300,full_ladder_snapshot_upper_bound,,,,,,,
2026-08,29.30549831,25.96524636,-3.340251956,7,fee=current_gamma_schedule_0p07_counterfactual|ask_age<=1s|release=300s|exec=full_ladder_snapshot_upper_bound,free_cash_5pct_cap50,50,current_gamma_schedule_0p07_counterfactual,1,300,full_ladder_snapshot_upper_bound,,,,,,,
2026-09,25.96524636,25.96524636,0,0,fee=current_gamma_schedule_0p07_counterfactual|ask_age<=1s|release=300s|exec=full_ladder_snapshot_upper_bound,free_cash_5pct_cap50,50,current_gamma_schedule_0p07_counterfactual,1,300,full_ladder_snapshot_upper_bound,,,,,,,
2026-10,25.96524636,25.96524636,0,0,fee=current_gamma_schedule_0p07_counterfactual|ask_age<=1s|release=300s|exec=full_ladder_snapshot_upper_bound,free_cash_5pct_cap50,50,current_gamma_schedule_0p07_counterfactual,1,300,full_ladder_snapshot_upper_bound,,,,,,,
2026-04,100,40.47400213,-59.52599787,403,fee=current_gamma_schedule_0p07_counterfactual|ask_age<=1s|release=300s|exec=full_ladder_snapshot_upper_bound,free_cash_5pct_cap75,75,current_gamma_schedule_0p07_counterfactual,1,300,full_ladder_snapshot_upper_bound,,,,,,,
2026-05,40.47400213,30.93908244,-9.534919692,5,fee=current_gamma_schedule_0p07_counterfactual|ask_age<=1s|release=300s|exec=full_ladder_snapshot_upper_bound,free_cash_5pct_cap75,75,current_gamma_schedule_0p07_counterfactual,1,300,full_ladder_snapshot_upper_bound,,,,,,,
2026-06,30.93908244,30.93908244,0,0,fee=current_gamma_schedule_0p07_counterfactual|ask_age<=1s|release=300s|exec=full_ladder_snapshot_upper_bound,free_cash_5pct_cap75,75,current_gamma_schedule_0p07_counterfactual,1,300,full_ladder_snapshot_upper_bound,,,,,,,
2026-07,30.93908244,29.30549831,-1.633584122,1,fee=current_gamma_schedule_0p07_counterfactual|ask_age<=1s|release=300s|exec=full_ladder_snapshot_upper_bound,free_cash_5pct_cap75,75,current_gamma_schedule_0p07_counterfactual,1,300,full_ladder_snapshot_upper_bound,,,,,,,
2026-08,29.30549831,25.96524636,-3.340251956,7,fee=current_gamma_schedule_0p07_counterfactual|ask_age<=1s|release=300s|exec=full_ladder_snapshot_upper_bound,free_cash_5pct_cap75,75,current_gamma_schedule_0p07_counterfactual,1,300,full_ladder_snapshot_upper_bound,,,,,,,
2026-09,25.96524636,25.96524636,0,0,fee=current_gamma_schedule_0p07_counterfactual|ask_age<=1s|release=300s|exec=full_ladder_snapshot_upper_bound,free_cash_5pct_cap75,75,current_gamma_schedule_0p07_counterfactual,1,300,full_ladder_snapshot_upper_bound,,,,,,,
2026-10,25.96524636,25.96524636,0,0,fee=current_gamma_schedule_0p07_counterfactual|ask_age<=1s|release=300s|exec=full_ladder_snapshot_upper_bound,free_cash_5pct_cap75,75,current_gamma_schedule_0p07_counterfactual,1,300,full_ladder_snapshot_upper_bound,,,,,,,
2026-04,100,40.47400213,-59.52599787,403,fee=current_gamma_schedule_0p07_counterfactual|ask_age<=1s|release=300s|exec=full_ladder_snapshot_upper_bound,free_cash_5pct_cap100,100,current_gamma_schedule_0p07_counterfactual,1,300,full_ladder_snapshot_upper_bound,,,,,,,
2026-05,40.47400213,30.93908244,-9.534919692,5,fee=current_gamma_schedule_0p07_counterfactual|ask_age<=1s|release=300s|exec=full_ladder_snapshot_upper_bound,free_cash_5pct_cap100,100,current_gamma_schedule_0p07_counterfactual,1,300,full_ladder_snapshot_upper_bound,,,,,,,
2026-06,30.93908244,30.93908244,0,0,fee=current_gamma_schedule_0p07_counterfactual|ask_age<=1s|release=300s|exec=full_ladder_snapshot_upper_bound,free_cash_5pct_cap100,100,current_gamma_schedule_0p07_counterfactual,1,300,full_ladder_snapshot_upper_bound,,,,,,,
2026-07,30.93908244,29.30549831,-1.633584122,1,fee=current_gamma_schedule_0p07_counterfactual|ask_age<=1s|release=300s|exec=full_ladder_snapshot_upper_bound,free_cash_5pct_cap100,100,current_gamma_schedule_0p07_counterfactual,1,300,full_ladder_snapshot_upper_bound,,,,,,,
2026-08,29.30549831,25.96524636,-3.340251956,7,fee=current_gamma_schedule_0p07_counterfactual|ask_age<=1s|release=300s|exec=full_ladder_snapshot_upper_bound,free_cash_5pct_cap100,100,current_gamma_schedule_0p07_counterfactual,1,300,full_ladder_snapshot_upper_bound,,,,,,,
2026-09,25.96524636,25.96524636,0,0,fee=current_gamma_schedule_0p07_counterfactual|ask_age<=1s|release=300s|exec=full_ladder_snapshot_upper_bound,free_cash_5pct_cap100,100,current_gamma_schedule_0p07_counterfactual,1,300,full_ladder_snapshot_upper_bound,,,,,,,
2026-10,25.96524636,25.96524636,0,0,fee=current_gamma_schedule_0p07_counterfactual|ask_age<=1s|release=300s|exec=full_ladder_snapshot_upper_bound,free_cash_5pct_cap100,100,current_gamma_schedule_0p07_counterfactual,1,300,full_ladder_snapshot_upper_bound,,,,,,,
2026-04,100,40.47400213,-59.52599787,403,fee=current_gamma_schedule_0p07_counterfactual|ask_age<=1s|release=300s|exec=full_ladder_snapshot_upper_bound,free_cash_5pct_cap_none,,current_gamma_schedule_0p07_counterfactual,1,300,full_ladder_snapshot_upper_bound,,,,,,,
2026-05,40.47400213,30.93908244,-9.534919692,5,fee=current_gamma_schedule_0p07_counterfactual|ask_age<=1s|release=300s|exec=full_ladder_snapshot_upper_bound,free_cash_5pct_cap_none,,current_gamma_schedule_0p07_counterfactual,1,300,full_ladder_snapshot_upper_bound,,,,,,,
2026-06,30.93908244,30.93908244,0,0,fee=current_gamma_schedule_0p07_counterfactual|ask_age<=1s|release=300s|exec=full_ladder_snapshot_upper_bound,free_cash_5pct_cap_none,,current_gamma_schedule_0p07_counterfactual,1,300,full_ladder_snapshot_upper_bound,,,,,,,
2026-07,30.93908244,29.30549831,-1.633584122,1,fee=current_gamma_schedule_0p07_counterfactual|ask_age<=1s|release=300s|exec=full_ladder_snapshot_upper_bound,free_cash_5pct_cap_none,,current_gamma_schedule_0p07_counterfactual,1,300,full_ladder_snapshot_upper_bound,,,,,,,
2026-08,29.30549831,25.96524636,-3.340251956,7,fee=current_gamma_schedule_0p07_counterfactual|ask_age<=1s|release=300s|exec=full_ladder_snapshot_upper_bound,free_cash_5pct_cap_none,,current_gamma_schedule_0p07_counterfactual,1,300,full_ladder_snapshot_upper_bound,,,,,,,
2026-09,25.96524636,25.96524636,0,0,fee=current_gamma_schedule_0p07_counterfactual|ask_age<=1s|release=300s|exec=full_ladder_snapshot_upper_bound,free_cash_5pct_cap_none,,current_gamma_schedule_0p07_counterfactual,1,300,full_ladder_snapshot_upper_bound,,,,,,,
2026-10,25.96524636,25.96524636,0,0,fee=current_gamma_schedule_0p07_counterfactual|ask_age<=1s|release=300s|exec=full_ladder_snapshot_upper_bound,free_cash_5pct_cap_none,,current_gamma_schedule_0p07_counterfactual,1,300,full_ladder_snapshot_upper_bound,,,,,,,
2026-04,100,3.137090862,-96.86290914,457,fee=current_gamma_schedule_0p07_counterfactual|ask_age<=1s|release=900s|exec=full_ladder_snapshot_upper_bound,fixed_5_usd,,current_gamma_schedule_0p07_counterfactual,1,900,full_ladder_snapshot_upper_bound,,,,,,,
2026-05,3.137090862,3.137090862,0,0,fee=current_gamma_schedule_0p07_counterfactual|ask_age<=1s|release=900s|exec=full_ladder_snapshot_upper_bound,fixed_5_usd,,current_gamma_schedule_0p07_counterfactual,1,900,full_ladder_snapshot_upper_bound,,,,,,,
2026-06,3.137090862,3.137090862,0,0,fee=current_gamma_schedule_0p07_counterfactual|ask_age<=1s|release=900s|exec=full_ladder_snapshot_upper_bound,fixed_5_usd,,current_gamma_schedule_0p07_counterfactual,1,900,full_ladder_snapshot_upper_bound,,,,,,,
2026-07,3.137090862,3.137090862,0,0,fee=current_gamma_schedule_0p07_counterfactual|ask_age<=1s|release=900s|exec=full_ladder_snapshot_upper_bound,fixed_5_usd,,current_gamma_schedule_0p07_counterfactual,1,900,full_ladder_snapshot_upper_bound,,,,,,,
2026-08,3.137090862,3.137090862,0,0,fee=current_gamma_schedule_0p07_counterfactual|ask_age<=1s|release=900s|exec=full_ladder_snapshot_upper_bound,fixed_5_usd,,current_gamma_schedule_0p07_counterfactual,1,900,full_ladder_snapshot_upper_bound,,,,,,,
2026-09,3.137090862,3.137090862,0,0,fee=current_gamma_schedule_0p07_counterfactual|ask_age<=1s|release=900s|exec=full_ladder_snapshot_upper_bound,fixed_5_usd,,current_gamma_schedule_0p07_counterfactual,1,900,full_ladder_snapshot_upper_bound,,,,,,,
2026-10,3.137090862,3.137090862,0,0,fee=current_gamma_schedule_0p07_counterfactual|ask_age<=1s|release=900s|exec=full_ladder_snapshot_upper_bound,fixed_5_usd,,current_gamma_schedule_0p07_counterfactual,1,900,full_ladder_snapshot_upper_bound,,,,,,,
2026-04,100,39.46395574,-60.53604426,444,fee=current_gamma_schedule_0p07_counterfactual|ask_age<=1s|release=900s|exec=full_ladder_snapshot_upper_bound,free_cash_5pct_cap5,5,current_gamma_schedule_0p07_counterfactual,1,900,full_ladder_snapshot_upper_bound,,,,,,,
2026-05,39.46395574,30.15808553,-9.305870209,5,fee=current_gamma_schedule_0p07_counterfactual|ask_age<=1s|release=900s|exec=full_ladder_snapshot_upper_bound,free_cash_5pct_cap5,5,current_gamma_schedule_0p07_counterfactual,1,900,full_ladder_snapshot_upper_bound,,,,,,,
2026-06,30.15808553,30.15808553,0,0,fee=current_gamma_schedule_0p07_counterfactual|ask_age<=1s|release=900s|exec=full_ladder_snapshot_upper_bound,free_cash_5pct_cap5,5,current_gamma_schedule_0p07_counterfactual,1,900,full_ladder_snapshot_upper_bound,,,,,,,
2026-07,30.15808553,28.56574126,-1.592344277,1,fee=current_gamma_schedule_0p07_counterfactual|ask_age<=1s|release=900s|exec=full_ladder_snapshot_upper_bound,free_cash_5pct_cap5,5,current_gamma_schedule_0p07_counterfactual,1,900,full_ladder_snapshot_upper_bound,,,,,,,
2026-08,28.56574126,25.30232953,-3.263411725,7,fee=current_gamma_schedule_0p07_counterfactual|ask_age<=1s|release=900s|exec=full_ladder_snapshot_upper_bound,free_cash_5pct_cap5,5,current_gamma_schedule_0p07_counterfactual,1,900,full_ladder_snapshot_upper_bound,,,,,,,
2026-09,25.30232953,25.30232953,0,0,fee=current_gamma_schedule_0p07_counterfactual|ask_age<=1s|release=900s|exec=full_ladder_snapshot_upper_bound,free_cash_5pct_cap5,5,current_gamma_schedule_0p07_counterfactual,1,900,full_ladder_snapshot_upper_bound,,,,,,,
2026-10,25.30232953,25.30232953,0,0,fee=current_gamma_schedule_0p07_counterfactual|ask_age<=1s|release=900s|exec=full_ladder_snapshot_upper_bound,free_cash_5pct_cap5,5,current_gamma_schedule_0p07_counterfactual,1,900,full_ladder_snapshot_upper_bound,,,,,,,
2026-04,100,40.16243941,-59.83756059,406,fee=current_gamma_schedule_0p07_counterfactual|ask_age<=1s|release=900s|exec=full_ladder_snapshot_upper_bound,free_cash_5pct_cap10,10,current_gamma_schedule_0p07_counterfactual,1,900,full_ladder_snapshot_upper_bound,,,,,,,
2026-05,40.16243941,30.70092861,-9.461510797,5,fee=current_gamma_schedule_0p07_counterfactual|ask_age<=1s|release=900s|exec=full_ladder_snapshot_upper_bound,free_cash_5pct_cap10,10,current_gamma_schedule_0p07_counterfactual,1,900,full_ladder_snapshot_upper_bound,,,,,,,
2026-06,30.70092861,30.70092861,0,0,fee=current_gamma_schedule_0p07_counterfactual|ask_age<=1s|release=900s|exec=full_ladder_snapshot_upper_bound,free_cash_5pct_cap10,10,current_gamma_schedule_0p07_counterfactual,1,900,full_ladder_snapshot_upper_bound,,,,,,,
2026-07,30.70092861,29.07992218,-1.621006431,1,fee=current_gamma_schedule_0p07_counterfactual|ask_age<=1s|release=900s|exec=full_ladder_snapshot_upper_bound,free_cash_5pct_cap10,10,current_gamma_schedule_0p07_counterfactual,1,900,full_ladder_snapshot_upper_bound,,,,,,,
2026-08,29.07992218,25.76252388,-3.317398303,7,fee=current_gamma_schedule_0p07_counterfactual|ask_age<=1s|release=900s|exec=full_ladder_snapshot_upper_bound,free_cash_5pct_cap10,10,current_gamma_schedule_0p07_counterfactual,1,900,full_ladder_snapshot_upper_bound,,,,,,,
2026-09,25.76252388,25.76252388,0,0,fee=current_gamma_schedule_0p07_counterfactual|ask_age<=1s|release=900s|exec=full_ladder_snapshot_upper_bound,free_cash_5pct_cap10,10,current_gamma_schedule_0p07_counterfactual,1,900,full_ladder_snapshot_upper_bound,,,,,,,
2026-10,25.76252388,25.76252388,0,0,fee=current_gamma_schedule_0p07_counterfactual|ask_age<=1s|release=900s|exec=full_ladder_snapshot_upper_bound,free_cash_5pct_cap10,10,current_gamma_schedule_0p07_counterfactual,1,900,full_ladder_snapshot_upper_bound,,,,,,,
2026-04,100,39.5148871,-60.4851129,402,fee=current_gamma_schedule_0p07_counterfactual|ask_age<=1s|release=900s|exec=full_ladder_snapshot_upper_bound,free_cash_5pct_cap15,15,current_gamma_schedule_0p07_counterfactual,1,900,full_ladder_snapshot_upper_bound,,,,,,,
2026-05,39.5148871,30.19699946,-9.317887632,5,fee=current_gamma_schedule_0p07_counterfactual|ask_age<=1s|release=900s|exec=full_ladder_snapshot_upper_bound,free_cash_5pct_cap15,15,current_gamma_schedule_0p07_counterfactual,1,900,full_ladder_snapshot_upper_bound,,,,,,,
2026-06,30.19699946,30.19699946,0,0,fee=current_gamma_schedule_0p07_counterfactual|ask_age<=1s|release=900s|exec=full_ladder_snapshot_upper_bound,free_cash_5pct_cap15,15,current_gamma_schedule_0p07_counterfactual,1,900,full_ladder_snapshot_upper_bound,,,,,,,
2026-07,30.19699946,28.60259949,-1.594399973,1,fee=current_gamma_schedule_0p07_counterfactual|ask_age<=1s|release=900s|exec=full_ladder_snapshot_upper_bound,free_cash_5pct_cap15,15,current_gamma_schedule_0p07_counterfactual,1,900,full_ladder_snapshot_upper_bound,,,,,,,
2026-08,28.60259949,25.33497269,-3.267626805,7,fee=current_gamma_schedule_0p07_counterfactual|ask_age<=1s|release=900s|exec=full_ladder_snapshot_upper_bound,free_cash_5pct_cap15,15,current_gamma_schedule_0p07_counterfactual,1,900,full_ladder_snapshot_upper_bound,,,,,,,
2026-09,25.33497269,25.33497269,0,0,fee=current_gamma_schedule_0p07_counterfactual|ask_age<=1s|release=900s|exec=full_ladder_snapshot_upper_bound,free_cash_5pct_cap15,15,current_gamma_schedule_0p07_counterfactual,1,900,full_ladder_snapshot_upper_bound,,,,,,,
2026-10,25.33497269,25.33497269,0,0,fee=current_gamma_schedule_0p07_counterfactual|ask_age<=1s|release=900s|exec=full_ladder_snapshot_upper_bound,free_cash_5pct_cap15,15,current_gamma_schedule_0p07_counterfactual,1,900,full_ladder_snapshot_upper_bound,,,,,,,
2026-04,100,39.5148871,-60.4851129,402,fee=current_gamma_schedule_0p07_counterfactual|ask_age<=1s|release=900s|exec=full_ladder_snapshot_upper_bound,free_cash_5pct_cap20,20,current_gamma_schedule_0p07_counterfactual,1,900,full_ladder_snapshot_upper_bound,,,,,,,
2026-05,39.5148871,30.19699946,-9.317887632,5,fee=current_gamma_schedule_0p07_counterfactual|ask_age<=1s|release=900s|exec=full_ladder_snapshot_upper_bound,free_cash_5pct_cap20,20,current_gamma_schedule_0p07_counterfactual,1,900,full_ladder_snapshot_upper_bound,,,,,,,
2026-06,30.19699946,30.19699946,0,0,fee=current_gamma_schedule_0p07_counterfactual|ask_age<=1s|release=900s|exec=full_ladder_snapshot_upper_bound,free_cash_5pct_cap20,20,current_gamma_schedule_0p07_counterfactual,1,900,full_ladder_snapshot_upper_bound,,,,,,,
2026-07,30.19699946,28.60259949,-1.594399973,1,fee=current_gamma_schedule_0p07_counterfactual|ask_age<=1s|release=900s|exec=full_ladder_snapshot_upper_bound,free_cash_5pct_cap20,20,current_gamma_schedule_0p07_counterfactual,1,900,full_ladder_snapshot_upper_bound,,,,,,,
2026-08,28.60259949,25.33497269,-3.267626805,7,fee=current_gamma_schedule_0p07_counterfactual|ask_age<=1s|release=900s|exec=full_ladder_snapshot_upper_bound,free_cash_5pct_cap20,20,current_gamma_schedule_0p07_counterfactual,1,900,full_ladder_snapshot_upper_bound,,,,,,,
2026-09,25.33497269,25.33497269,0,0,fee=current_gamma_schedule_0p07_counterfactual|ask_age<=1s|release=900s|exec=full_ladder_snapshot_upper_bound,free_cash_5pct_cap20,20,current_gamma_schedule_0p07_counterfactual,1,900,full_ladder_snapshot_upper_bound,,,,,,,
2026-10,25.33497269,25.33497269,0,0,fee=current_gamma_schedule_0p07_counterfactual|ask_age<=1s|release=900s|exec=full_ladder_snapshot_upper_bound,free_cash_5pct_cap20,20,current_gamma_schedule_0p07_counterfactual,1,900,full_ladder_snapshot_upper_bound,,,,,,,
2026-04,100,39.5148871,-60.4851129,402,fee=current_gamma_schedule_0p07_counterfactual|ask_age<=1s|release=900s|exec=full_ladder_snapshot_upper_bound,free_cash_5pct_cap30,30,current_gamma_schedule_0p07_counterfactual,1,900,full_ladder_snapshot_upper_bound,,,,,,,
2026-05,39.5148871,30.19699946,-9.317887632,5,fee=current_gamma_schedule_0p07_counterfactual|ask_age<=1s|release=900s|exec=full_ladder_snapshot_upper_bound,free_cash_5pct_cap30,30,current_gamma_schedule_0p07_counterfactual,1,900,full_ladder_snapshot_upper_bound,,,,,,,
2026-06,30.19699946,30.19699946,0,0,fee=current_gamma_schedule_0p07_counterfactual|ask_age<=1s|release=900s|exec=full_ladder_snapshot_upper_bound,free_cash_5pct_cap30,30,current_gamma_schedule_0p07_counterfactual,1,900,full_ladder_snapshot_upper_bound,,,,,,,
2026-07,30.19699946,28.60259949,-1.594399973,1,fee=current_gamma_schedule_0p07_counterfactual|ask_age<=1s|release=900s|exec=full_ladder_snapshot_upper_bound,free_cash_5pct_cap30,30,current_gamma_schedule_0p07_counterfactual,1,900,full_ladder_snapshot_upper_bound,,,,,,,
2026-08,28.60259949,25.33497269,-3.267626805,7,fee=current_gamma_schedule_0p07_counterfactual|ask_age<=1s|release=900s|exec=full_ladder_snapshot_upper_bound,free_cash_5pct_cap30,30,current_gamma_schedule_0p07_counterfactual,1,900,full_ladder_snapshot_upper_bound,,,,,,,
2026-09,25.33497269,25.33497269,0,0,fee=current_gamma_schedule_0p07_counterfactual|ask_age<=1s|release=900s|exec=full_ladder_snapshot_upper_bound,free_cash_5pct_cap30,30,current_gamma_schedule_0p07_counterfactual,1,900,full_ladder_snapshot_upper_bound,,,,,,,
2026-10,25.33497269,25.33497269,0,0,fee=current_gamma_schedule_0p07_counterfactual|ask_age<=1s|release=900s|exec=full_ladder_snapshot_upper_bound,free_cash_5pct_cap30,30,current_gamma_schedule_0p07_counterfactual,1,900,full_ladder_snapshot_upper_bound,,,,,,,
2026-04,100,39.5148871,-60.4851129,402,fee=current_gamma_schedule_0p07_counterfactual|ask_age<=1s|release=900s|exec=full_ladder_snapshot_upper_bound,free_cash_5pct_cap50,50,current_gamma_schedule_0p07_counterfactual,1,900,full_ladder_snapshot_upper_bound,,,,,,,
2026-05,39.5148871,30.19699946,-9.317887632,5,fee=current_gamma_schedule_0p07_counterfactual|ask_age<=1s|release=900s|exec=full_ladder_snapshot_upper_bound,free_cash_5pct_cap50,50,current_gamma_schedule_0p07_counterfactual,1,900,full_ladder_snapshot_upper_bound,,,,,,,
2026-06,30.19699946,30.19699946,0,0,fee=current_gamma_schedule_0p07_counterfactual|ask_age<=1s|release=900s|exec=full_ladder_snapshot_upper_bound,free_cash_5pct_cap50,50,current_gamma_schedule_0p07_counterfactual,1,900,full_ladder_snapshot_upper_bound,,,,,,,
2026-07,30.19699946,28.60259949,-1.594399973,1,fee=current_gamma_schedule_0p07_counterfactual|ask_age<=1s|release=900s|exec=full_ladder_snapshot_upper_bound,free_cash_5pct_cap50,50,current_gamma_schedule_0p07_counterfactual,1,900,full_ladder_snapshot_upper_bound,,,,,,,
2026-08,28.60259949,25.33497269,-3.267626805,7,fee=current_gamma_schedule_0p07_counterfactual|ask_age<=1s|release=900s|exec=full_ladder_snapshot_upper_bound,free_cash_5pct_cap50,50,current_gamma_schedule_0p07_counterfactual,1,900,full_ladder_snapshot_upper_bound,,,,,,,
2026-09,25.33497269,25.33497269,0,0,fee=current_gamma_schedule_0p07_counterfactual|ask_age<=1s|release=900s|exec=full_ladder_snapshot_upper_bound,free_cash_5pct_cap50,50,current_gamma_schedule_0p07_counterfactual,1,900,full_ladder_snapshot_upper_bound,,,,,,,
2026-10,25.33497269,25.33497269,0,0,fee=current_gamma_schedule_0p07_counterfactual|ask_age<=1s|release=900s|exec=full_ladder_snapshot_upper_bound,free_cash_5pct_cap50,50,current_gamma_schedule_0p07_counterfactual,1,900,full_ladder_snapshot_upper_bound,,,,,,,
2026-04,100,39.5148871,-60.4851129,402,fee=current_gamma_schedule_0p07_counterfactual|ask_age<=1s|release=900s|exec=full_ladder_snapshot_upper_bound,free_cash_5pct_cap75,75,current_gamma_schedule_0p07_counterfactual,1,900,full_ladder_snapshot_upper_bound,,,,,,,
2026-05,39.5148871,30.19699946,-9.317887632,5,fee=current_gamma_schedule_0p07_counterfactual|ask_age<=1s|release=900s|exec=full_ladder_snapshot_upper_bound,free_cash_5pct_cap75,75,current_gamma_schedule_0p07_counterfactual,1,900,full_ladder_snapshot_upper_bound,,,,,,,
2026-06,30.19699946,30.19699946,0,0,fee=current_gamma_schedule_0p07_counterfactual|ask_age<=1s|release=900s|exec=full_ladder_snapshot_upper_bound,free_cash_5pct_cap75,75,current_gamma_schedule_0p07_counterfactual,1,900,full_ladder_snapshot_upper_bound,,,,,,,
2026-07,30.19699946,28.60259949,-1.594399973,1,fee=current_gamma_schedule_0p07_counterfactual|ask_age<=1s|release=900s|exec=full_ladder_snapshot_upper_bound,free_cash_5pct_cap75,75,current_gamma_schedule_0p07_counterfactual,1,900,full_ladder_snapshot_upper_bound,,,,,,,
2026-08,28.60259949,25.33497269,-3.267626805,7,fee=current_gamma_schedule_0p07_counterfactual|ask_age<=1s|release=900s|exec=full_ladder_snapshot_upper_bound,free_cash_5pct_cap75,75,current_gamma_schedule_0p07_counterfactual,1,900,full_ladder_snapshot_upper_bound,,,,,,,
2026-09,25.33497269,25.33497269,0,0,fee=current_gamma_schedule_0p07_counterfactual|ask_age<=1s|release=900s|exec=full_ladder_snapshot_upper_bound,free_cash_5pct_cap75,75,current_gamma_schedule_0p07_counterfactual,1,900,full_ladder_snapshot_upper_bound,,,,,,,
2026-10,25.33497269,25.33497269,0,0,fee=current_gamma_schedule_0p07_counterfactual|ask_age<=1s|release=900s|exec=full_ladder_snapshot_upper_bound,free_cash_5pct_cap75,75,current_gamma_schedule_0p07_counterfactual,1,900,full_ladder_snapshot_upper_bound,,,,,,,
2026-04,100,39.5148871,-60.4851129,402,fee=current_gamma_schedule_0p07_counterfactual|ask_age<=1s|release=900s|exec=full_ladder_snapshot_upper_bound,free_cash_5pct_cap100,100,current_gamma_schedule_0p07_counterfactual,1,900,full_ladder_snapshot_upper_bound,,,,,,,
2026-05,39.5148871,30.19699946,-9.317887632,5,fee=current_gamma_schedule_0p07_counterfactual|ask_age<=1s|release=900s|exec=full_ladder_snapshot_upper_bound,free_cash_5pct_cap100,100,current_gamma_schedule_0p07_counterfactual,1,900,full_ladder_snapshot_upper_bound,,,,,,,
2026-06,30.19699946,30.19699946,0,0,fee=current_gamma_schedule_0p07_counterfactual|ask_age<=1s|release=900s|exec=full_ladder_snapshot_upper_bound,free_cash_5pct_cap100,100,current_gamma_schedule_0p07_counterfactual,1,900,full_ladder_snapshot_upper_bound,,,,,,,
2026-07,30.19699946,28.60259949,-1.594399973,1,fee=current_gamma_schedule_0p07_counterfactual|ask_age<=1s|release=900s|exec=full_ladder_snapshot_upper_bound,free_cash_5pct_cap100,100,current_gamma_schedule_0p07_counterfactual,1,900,full_ladder_snapshot_upper_bound,,,,,,,
2026-08,28.60259949,25.33497269,-3.267626805,7,fee=current_gamma_schedule_0p07_counterfactual|ask_age<=1s|release=900s|exec=full_ladder_snapshot_upper_bound,free_cash_5pct_cap100,100,current_gamma_schedule_0p07_counterfactual,1,900,full_ladder_snapshot_upper_bound,,,,,,,
2026-09,25.33497269,25.33497269,0,0,fee=current_gamma_schedule_0p07_counterfactual|ask_age<=1s|release=900s|exec=full_ladder_snapshot_upper_bound,free_cash_5pct_cap100,100,current_gamma_schedule_0p07_counterfactual,1,900,full_ladder_snapshot_upper_bound,,,,,,,
2026-10,25.33497269,25.33497269,0,0,fee=current_gamma_schedule_0p07_counterfactual|ask_age<=1s|release=900s|exec=full_ladder_snapshot_upper_bound,free_cash_5pct_cap100,100,current_gamma_schedule_0p07_counterfactual,1,900,full_ladder_snapshot_upper_bound,,,,,,,
2026-04,100,39.5148871,-60.4851129,402,fee=current_gamma_schedule_0p07_counterfactual|ask_age<=1s|release=900s|exec=full_ladder_snapshot_upper_bound,free_cash_5pct_cap_none,,current_gamma_schedule_0p07_counterfactual,1,900,full_ladder_snapshot_upper_bound,,,,,,,
2026-05,39.5148871,30.19699946,-9.317887632,5,fee=current_gamma_schedule_0p07_counterfactual|ask_age<=1s|release=900s|exec=full_ladder_snapshot_upper_bound,free_cash_5pct_cap_none,,current_gamma_schedule_0p07_counterfactual,1,900,full_ladder_snapshot_upper_bound,,,,,,,
2026-06,30.19699946,30.19699946,0,0,fee=current_gamma_schedule_0p07_counterfactual|ask_age<=1s|release=900s|exec=full_ladder_snapshot_upper_bound,free_cash_5pct_cap_none,,current_gamma_schedule_0p07_counterfactual,1,900,full_ladder_snapshot_upper_bound,,,,,,,
2026-07,30.19699946,28.60259949,-1.594399973,1,fee=current_gamma_schedule_0p07_counterfactual|ask_age<=1s|release=900s|exec=full_ladder_snapshot_upper_bound,free_cash_5pct_cap_none,,current_gamma_schedule_0p07_counterfactual,1,900,full_ladder_snapshot_upper_bound,,,,,,,
2026-08,28.60259949,25.33497269,-3.267626805,7,fee=current_gamma_schedule_0p07_counterfactual|ask_age<=1s|release=900s|exec=full_ladder_snapshot_upper_bound,free_cash_5pct_cap_none,,current_gamma_schedule_0p07_counterfactual,1,900,full_ladder_snapshot_upper_bound,,,,,,,
2026-09,25.33497269,25.33497269,0,0,fee=current_gamma_schedule_0p07_counterfactual|ask_age<=1s|release=900s|exec=full_ladder_snapshot_upper_bound,free_cash_5pct_cap_none,,current_gamma_schedule_0p07_counterfactual,1,900,full_ladder_snapshot_upper_bound,,,,,,,
2026-10,25.33497269,25.33497269,0,0,fee=current_gamma_schedule_0p07_counterfactual|ask_age<=1s|release=900s|exec=full_ladder_snapshot_upper_bound,free_cash_5pct_cap_none,,current_gamma_schedule_0p07_counterfactual,1,900,full_ladder_snapshot_upper_bound,,,,,,,
2026-04,100,40.68032468,-59.31967532,403,previous-month-best-cap_seed20|current_fee|age<=1s|release=60s,walk_forward_previous_month_best_cap_seed20,20,current_gamma_schedule_0p07_counterfactual,1,60,full_ladder_snapshot_upper_bound,2026-04,,free_cash_5pct_cap20,20,,seeded to existing $20 control; no prior evaluation month,retrospective_chronological_diagnostic_not_OOS
2026-05,40.68032468,29.46686654,-11.21345814,6,previous-month-best-cap_seed20|current_fee|age<=1s|release=60s,walk_forward_previous_month_best_cap_seed20,15,current_gamma_schedule_0p07_counterfactual,1,60,full_ladder_snapshot_upper_bound,2026-05,2026-04,free_cash_5pct_cap15,15,-59.31967532,highest prior-month cap-portfolio net PnL; ties prefer smaller cap,retrospective_chronological_diagnostic_not_OOS
2026-06,29.46686654,29.46686654,0,0,previous-month-best-cap_seed20|current_fee|age<=1s|release=60s,walk_forward_previous_month_best_cap_seed20,10,current_gamma_schedule_0p07_counterfactual,1,60,full_ladder_snapshot_upper_bound,2026-06,2026-05,free_cash_5pct_cap10,10,-9.194700621,highest prior-month cap-portfolio net PnL; ties prefer smaller cap,retrospective_chronological_diagnostic_not_OOS
2026-07,29.46686654,27.91101321,-1.555853327,1,previous-month-best-cap_seed20|current_fee|age<=1s|release=60s,walk_forward_previous_month_best_cap_seed20,5,current_gamma_schedule_0p07_counterfactual,1,60,full_ladder_snapshot_upper_bound,2026-07,2026-06,free_cash_5pct_cap5,5,0,highest prior-month cap-portfolio net PnL; ties prefer smaller cap,retrospective_chronological_diagnostic_not_OOS
2026-08,27.91101321,24.72697451,-3.184038704,7,previous-month-best-cap_seed20|current_fee|age<=1s|release=60s,walk_forward_previous_month_best_cap_seed20,15,current_gamma_schedule_0p07_counterfactual,1,60,full_ladder_snapshot_upper_bound,2026-08,2026-07,free_cash_5pct_cap15,15,-1.555853327,highest prior-month cap-portfolio net PnL; ties prefer smaller cap,retrospective_chronological_diagnostic_not_OOS
2026-09,24.72697451,24.72697451,0,0,previous-month-best-cap_seed20|current_fee|age<=1s|release=60s,walk_forward_previous_month_best_cap_seed20,15,current_gamma_schedule_0p07_counterfactual,1,60,full_ladder_snapshot_upper_bound,2026-09,2026-08,free_cash_5pct_cap15,15,-3.184038704,highest prior-month cap-portfolio net PnL; ties prefer smaller cap,retrospective_chronological_diagnostic_not_OOS
2026-10,24.72697451,24.72697451,0,0,previous-month-best-cap_seed20|current_fee|age<=1s|release=60s,walk_forward_previous_month_best_cap_seed20,5,current_gamma_schedule_0p07_counterfactual,1,60,full_ladder_snapshot_upper_bound,2026-10,2026-09,free_cash_5pct_cap5,5,0,highest prior-month cap-portfolio net PnL; ties prefer smaller cap,retrospective_chronological_diagnostic_not_OOS
