policy,cap_usd,fee_scenario,ask_age_limit_seconds,release_delay_seconds,execution_assumption,initial_cash_usd,ending_cash_after_assumed_release_usd,net_pnl_usd,trade_pnl_sum_usd,trade_count,skip_count,gross_turnover_usd,fees_paid_estimated_usd,max_drawdown_cost_basis_equity,max_drawdown_peak_utc,max_drawdown_trough_utc,max_drawdown_recovery_utc,maximum_concurrent_cost_basis_exposure_usd,maximum_concurrent_positions,minimum_free_cash_usd,mean_gross_stake_usd,median_gross_stake_usd,max_gross_stake_usd,mean_ask_vwap_usd,median_ask_vwap_usd,top_positive_pnl_entry_day_utc,top_entry_day_net_pnl_usd,top_positive_day_share_of_positive_daily_pnl,worst_entry_day_utc,worst_entry_day_net_pnl_usd,skip_reasons,scenario_id,scenario_group,retrospective_pnl_rank_within_scenario
fixed_5_usd,,archived_event_bps_literal,1,60,full_ladder_snapshot_upper_bound,100,1682.603876,1582.603876,1582.603876,20814,29370,104070,26.4999903,0.6362670054,2026-04-18T06:51:20+00:00,2026-04-25T07:46:18+00:00,2026-04-28T20:51:22+00:00,40,8,35.99546832,5,5,5,0.4948638268,0.5,2026-09-06,189.5836863,0.04874928987,2026-07-18,-145.6787716,"{""ambiguous_equal_source_timestamp_order"": 4029, ""archive_gap_after_book_initialization"": 8, ""archive_hour_missing_at_entry"": 36, ""ask_source_age_over_1s"": 1982, ""exchange_maintenance_pause"": 1, ""future_source_timestamp_at_entry"": 3, ""missing_official_outcome_or_resolution_time"": 11, ""native_ask_bbo_reconciliation_mismatch"": 650, ""no_native_book_snapshot"": 8379, ""no_positive_net_expected_value"": 11490, ""no_priceable_native_ask_side"": 2731, ""unknown_archived_fee"": 50}",fee=archived_event_bps_literal|ask_age<=1s|release=60s|exec=full_ladder_snapshot_upper_bound,primary_full_ladder_snapshot_upper_bound,8
free_cash_5pct_cap5,5,archived_event_bps_literal,1,60,full_ladder_snapshot_upper_bound,100,1670.344338,1570.344338,1570.344338,20814,29370,103977.2824,20.90019295,0.5234585036,2026-04-18T06:51:20+00:00,2026-04-25T07:46:18+00:00,2026-04-28T21:56:20+00:00,40,8,50.70670126,4.99554542,5,5,0.4948634152,0.5,2026-09-06,189.5836863,0.04901017008,2026-07-18,-145.6787716,"{""ambiguous_equal_source_timestamp_order"": 4029, ""archive_gap_after_book_initialization"": 8, ""archive_hour_missing_at_entry"": 36, ""ask_source_age_over_1s"": 1982, ""exchange_maintenance_pause"": 1, ""future_source_timestamp_at_entry"": 3, ""missing_official_outcome_or_resolution_time"": 11, ""native_ask_bbo_reconciliation_mismatch"": 650, ""no_native_book_snapshot"": 8379, ""no_positive_net_expected_value"": 11490, ""no_priceable_native_ask_side"": 2731, ""unknown_archived_fee"": 50}",fee=archived_event_bps_literal|ask_age<=1s|release=60s|exec=full_ladder_snapshot_upper_bound,primary_full_ladder_snapshot_upper_bound,9
free_cash_5pct_cap10,10,archived_event_bps_literal,1,60,full_ladder_snapshot_upper_bound,100,3409.58916,3309.58916,3309.58916,20643,29541,205505.4799,20.96762001,0.5287936844,2026-04-18T06:51:20+00:00,2026-04-25T07:46:18+00:00,2026-04-28T21:56:20+00:00,80,8,50.00582968,9.955213871,10,10,0.4950531452,0.5,2026-09-06,387.6397227,0.04981924233,2026-07-18,-272.2689545,"{""ambiguous_equal_source_timestamp_order"": 4029, ""archive_gap_after_book_initialization"": 8, ""archive_hour_missing_at_entry"": 36, ""ask_source_age_over_1s"": 1982, ""exchange_maintenance_pause"": 1, ""future_source_timestamp_at_entry"": 3, ""missing_official_outcome_or_resolution_time"": 11, ""native_ask_bbo_reconciliation_mismatch"": 650, ""no_native_book_snapshot"": 8379, ""no_positive_net_expected_value"": 11661, ""no_priceable_native_ask_side"": 2731, ""unknown_archived_fee"": 50}",fee=archived_event_bps_literal|ask_age<=1s|release=60s|exec=full_ladder_snapshot_upper_bound,primary_full_ladder_snapshot_upper_bound,7
free_cash_5pct_cap15,15,archived_event_bps_literal,1,60,full_ladder_snapshot_upper_bound,100,4876.52144,4776.52144,4776.52144,20463,29721,304824.0554,20.96762001,0.5287936844,2026-04-18T06:51:20+00:00,2026-04-25T07:46:18+00:00,2026-04-28T21:56:20+00:00,120,8,50.00582968,14.89635221,15,15,0.4952447952,0.5,2026-09-06,576.4160311,0.05039097786,2026-07-18,-410.2079518,"{""ambiguous_equal_source_timestamp_order"": 4029, ""archive_gap_after_book_initialization"": 8, ""archive_hour_missing_at_entry"": 36, ""ask_source_age_over_1s"": 1982, ""exchange_maintenance_pause"": 1, ""future_source_timestamp_at_entry"": 3, ""missing_official_outcome_or_resolution_time"": 11, ""native_ask_bbo_reconciliation_mismatch"": 650, ""no_native_book_snapshot"": 8379, ""no_positive_net_expected_value"": 11841, ""no_priceable_native_ask_side"": 2731, ""unknown_archived_fee"": 50}",fee=archived_event_bps_literal|ask_age<=1s|release=60s|exec=full_ladder_snapshot_upper_bound,primary_full_ladder_snapshot_upper_bound,6
free_cash_5pct_cap20,20,archived_event_bps_literal,1,60,full_ladder_snapshot_upper_bound,100,5881.141323,5781.141323,5781.141323,20244,29940,400552.1556,20.96762001,0.5287936844,2026-04-18T06:51:20+00:00,2026-04-25T07:46:18+00:00,2026-04-28T21:56:20+00:00,140,7,50.00582968,19.78621595,20,20,0.4954315862,0.5,2026-09-06,707.0827012,0.04835681434,2026-07-18,-548.7002888,"{""ambiguous_equal_source_timestamp_order"": 4029, ""archive_gap_after_book_initialization"": 8, ""archive_hour_missing_at_entry"": 36, ""ask_source_age_over_1s"": 1982, ""exchange_maintenance_pause"": 1, ""future_source_timestamp_at_entry"": 3, ""missing_official_outcome_or_resolution_time"": 11, ""native_ask_bbo_reconciliation_mismatch"": 650, ""no_native_book_snapshot"": 8379, ""no_positive_net_expected_value"": 12060, ""no_priceable_native_ask_side"": 2731, ""unknown_archived_fee"": 50}",fee=archived_event_bps_literal|ask_age<=1s|release=60s|exec=full_ladder_snapshot_upper_bound,primary_full_ladder_snapshot_upper_bound,5
free_cash_5pct_cap30,30,archived_event_bps_literal,1,60,full_ladder_snapshot_upper_bound,100,7918.565021,7818.565021,7818.565021,19854,30330,585686.8505,20.96762001,0.6632403205,2026-05-04T14:51:54+00:00,2026-05-11T20:56:51+00:00,2026-05-12T17:56:16+00:00,210,7,50.00582968,29.49969026,30,30,0.4957810976,0.5,2026-09-06,984.3259891,0.04666895279,2026-07-18,-801.0652057,"{""ambiguous_equal_source_timestamp_order"": 4029, ""archive_gap_after_book_initialization"": 8, ""archive_hour_missing_at_entry"": 36, ""ask_source_age_over_1s"": 1982, ""exchange_maintenance_pause"": 1, ""future_source_timestamp_at_entry"": 3, ""missing_official_outcome_or_resolution_time"": 11, ""native_ask_bbo_reconciliation_mismatch"": 650, ""no_native_book_snapshot"": 8379, ""no_positive_net_expected_value"": 12450, ""no_priceable_native_ask_side"": 2731, ""unknown_archived_fee"": 50}",fee=archived_event_bps_literal|ask_age<=1s|release=60s|exec=full_ladder_snapshot_upper_bound,primary_full_ladder_snapshot_upper_bound,4
free_cash_5pct_cap50,50,archived_event_bps_literal,1,60,full_ladder_snapshot_upper_bound,100,9565.706659,9465.706659,9465.706659,19200,30984,917277.2005,20.96762001,0.8655462746,2026-05-04T14:51:54+00:00,2026-05-11T20:56:51+00:00,2026-05-13T10:46:19+00:00,350,7,50.00582968,47.77485419,50,50,0.4962898056,0.5,2026-09-06,1513.825793,0.04738819373,2026-07-18,-1362.730862,"{""ambiguous_equal_source_timestamp_order"": 4029, ""archive_gap_after_book_initialization"": 8, ""archive_hour_missing_at_entry"": 36, ""ask_source_age_over_1s"": 1982, ""exchange_maintenance_pause"": 1, ""future_source_timestamp_at_entry"": 3, ""missing_official_outcome_or_resolution_time"": 11, ""native_ask_bbo_reconciliation_mismatch"": 650, ""no_native_book_snapshot"": 8379, ""no_positive_net_expected_value"": 13104, ""no_priceable_native_ask_side"": 2731, ""unknown_archived_fee"": 50}",fee=archived_event_bps_literal|ask_age<=1s|release=60s|exec=full_ladder_snapshot_upper_bound,primary_full_ladder_snapshot_upper_bound,3
free_cash_5pct_cap75,75,archived_event_bps_literal,1,60,full_ladder_snapshot_upper_bound,100,14718.01531,14618.01531,14618.01531,18423,31761,1295338.008,20.96762001,0.8838328829,2026-05-04T14:51:54+00:00,2026-05-11T20:56:51+00:00,2026-05-13T11:01:22+00:00,525,7,50.00582968,70.31091612,75,75,0.4968515144,0.5,2026-07-24,2132.480231,0.0454621797,2026-08-03,-2062.875849,"{""ambiguous_equal_source_timestamp_order"": 4029, ""archive_gap_after_book_initialization"": 8, ""archive_hour_missing_at_entry"": 36, ""ask_source_age_over_1s"": 1982, ""exchange_maintenance_pause"": 1, ""future_source_timestamp_at_entry"": 3, ""missing_official_outcome_or_resolution_time"": 11, ""native_ask_bbo_reconciliation_mismatch"": 650, ""no_native_book_snapshot"": 8379, ""no_positive_net_expected_value"": 13881, ""no_priceable_native_ask_side"": 2731, ""unknown_archived_fee"": 50}",fee=archived_event_bps_literal|ask_age<=1s|release=60s|exec=full_ladder_snapshot_upper_bound,primary_full_ladder_snapshot_upper_bound,1
free_cash_5pct_cap100,100,archived_event_bps_literal,1,60,full_ladder_snapshot_upper_bound,100,12629.41496,12529.41496,12529.41496,17703,32481,1639923.811,20.96762001,0.8838328829,2026-05-04T14:51:54+00:00,2026-05-11T20:56:51+00:00,2026-05-13T11:01:22+00:00,600,6,50.00582968,92.63536184,100,100,0.4973118997,0.5,2026-07-24,2828.505213,0.05012887835,2026-08-03,-2780.20019,"{""ambiguous_equal_source_timestamp_order"": 4029, ""archive_gap_after_book_initialization"": 8, ""archive_hour_missing_at_entry"": 36, ""ask_source_age_over_1s"": 1982, ""exchange_maintenance_pause"": 1, ""future_source_timestamp_at_entry"": 3, ""missing_official_outcome_or_resolution_time"": 11, ""native_ask_bbo_reconciliation_mismatch"": 650, ""no_native_book_snapshot"": 8379, ""no_positive_net_expected_value"": 14601, ""no_priceable_native_ask_side"": 2731, ""unknown_archived_fee"": 50}",fee=archived_event_bps_literal|ask_age<=1s|release=60s|exec=full_ladder_snapshot_upper_bound,primary_full_ladder_snapshot_upper_bound,2
free_cash_5pct_cap_none,,archived_event_bps_literal,1,60,full_ladder_snapshot_upper_bound,100,25.75572078,-74.24427922,-74.24427922,6615,43569,443750.1747,20.96762001,0.9965567246,2026-06-09T13:01:19+00:00,2026-08-08T21:32:25+00:00,,698.7572149,4,25.75487928,67.08241492,45.8871169,356.9078273,0.4906777704,0.5,2026-06-09,3367.648764,0.21529853,2026-06-11,-1603.038462,"{""ambiguous_equal_source_timestamp_order"": 4029, ""archive_gap_after_book_initialization"": 8, ""archive_hour_missing_at_entry"": 36, ""ask_source_age_over_1s"": 1982, ""below_minimum_order_shares"": 15056, ""exchange_maintenance_pause"": 1, ""future_source_timestamp_at_entry"": 3, ""missing_official_outcome_or_resolution_time"": 11, ""native_ask_bbo_reconciliation_mismatch"": 650, ""no_native_book_snapshot"": 8379, ""no_positive_net_expected_value"": 5634, ""no_priceable_native_ask_side"": 7730, ""unknown_archived_fee"": 50}",fee=archived_event_bps_literal|ask_age<=1s|release=60s|exec=full_ladder_snapshot_upper_bound,primary_full_ladder_snapshot_upper_bound,10
fixed_5_usd,,archived_event_bps_literal,5,60,full_ladder_snapshot_upper_bound,100,1740.736684,1640.736684,1640.736684,21274,28910,106370,26.4999903,0.6362670054,2026-04-18T06:51:20+00:00,2026-04-25T07:46:18+00:00,2026-04-28T20:51:22+00:00,40,8,35.99546832,5,5,5,0.4949498507,0.5,2026-09-06,189.5836863,0.04793409796,2026-07-18,-145.6787716,"{""ambiguous_equal_source_timestamp_order"": 4029, ""archive_gap_after_book_initialization"": 8, ""archive_hour_missing_at_entry"": 36, ""ask_source_age_over_5s"": 1449, ""exchange_maintenance_pause"": 1, ""future_source_timestamp_at_entry"": 3, ""missing_official_outcome_or_resolution_time"": 11, ""native_ask_bbo_reconciliation_mismatch"": 664, ""no_native_book_snapshot"": 8379, ""no_positive_net_expected_value"": 11645, ""no_priceable_native_ask_side"": 2619, ""unknown_archived_fee"": 66}",fee=archived_event_bps_literal|ask_age<=5s|release=60s|exec=full_ladder_snapshot_upper_bound,primary_full_ladder_snapshot_upper_bound,8
free_cash_5pct_cap5,5,archived_event_bps_literal,5,60,full_ladder_snapshot_upper_bound,100,1728.477146,1628.477146,1628.477146,21274,28910,106277.2824,20.90019295,0.5234585036,2026-04-18T06:51:20+00:00,2026-04-25T07:46:18+00:00,2026-04-28T21:56:20+00:00,40,8,50.70670126,4.99564174,5,5,0.494949448,0.5,2026-09-06,189.5836863,0.04818630361,2026-07-18,-145.6787716,"{""ambiguous_equal_source_timestamp_order"": 4029, ""archive_gap_after_book_initialization"": 8, ""archive_hour_missing_at_entry"": 36, ""ask_source_age_over_5s"": 1449, ""exchange_maintenance_pause"": 1, ""future_source_timestamp_at_entry"": 3, ""missing_official_outcome_or_resolution_time"": 11, ""native_ask_bbo_reconciliation_mismatch"": 664, ""no_native_book_snapshot"": 8379, ""no_positive_net_expected_value"": 11645, ""no_priceable_native_ask_side"": 2619, ""unknown_archived_fee"": 66}",fee=archived_event_bps_literal|ask_age<=5s|release=60s|exec=full_ladder_snapshot_upper_bound,primary_full_ladder_snapshot_upper_bound,9
free_cash_5pct_cap10,10,archived_event_bps_literal,5,60,full_ladder_snapshot_upper_bound,100,3523.652074,3423.652074,3423.652074,21101,29083,210062.0825,20.96762001,0.5287936844,2026-04-18T06:51:20+00:00,2026-04-25T07:46:18+00:00,2026-04-28T21:56:20+00:00,80,8,50.00582968,9.955077129,10,10,0.4951367777,0.5,2026-09-06,387.6397227,0.04880663898,2026-07-18,-272.2689545,"{""ambiguous_equal_source_timestamp_order"": 4029, ""archive_gap_after_book_initialization"": 8, ""archive_hour_missing_at_entry"": 36, ""ask_source_age_over_5s"": 1449, ""exchange_maintenance_pause"": 1, ""future_source_timestamp_at_entry"": 3, ""missing_official_outcome_or_resolution_time"": 11, ""native_ask_bbo_reconciliation_mismatch"": 664, ""no_native_book_snapshot"": 8379, ""no_positive_net_expected_value"": 11818, ""no_priceable_native_ask_side"": 2619, ""unknown_archived_fee"": 66}",fee=archived_event_bps_literal|ask_age<=5s|release=60s|exec=full_ladder_snapshot_upper_bound,primary_full_ladder_snapshot_upper_bound,7
free_cash_5pct_cap15,15,archived_event_bps_literal,5,60,full_ladder_snapshot_upper_bound,100,5042.312795,4942.312795,4942.312795,20922,29262,311565.4454,20.96762001,0.5287936844,2026-04-18T06:51:20+00:00,2026-04-25T07:46:18+00:00,2026-04-28T21:56:20+00:00,120,8,50.00582968,14.89176204,15,15,0.4953281529,0.5,2026-09-06,576.4160311,0.04918755694,2026-07-18,-410.2079518,"{""ambiguous_equal_source_timestamp_order"": 4029, ""archive_gap_after_book_initialization"": 8, ""archive_hour_missing_at_entry"": 36, ""ask_source_age_over_5s"": 1449, ""exchange_maintenance_pause"": 1, ""future_source_timestamp_at_entry"": 3, ""missing_official_outcome_or_resolution_time"": 11, ""native_ask_bbo_reconciliation_mismatch"": 664, ""no_native_book_snapshot"": 8379, ""no_positive_net_expected_value"": 11997, ""no_priceable_native_ask_side"": 2619, ""unknown_archived_fee"": 66}",fee=archived_event_bps_literal|ask_age<=5s|release=60s|exec=full_ladder_snapshot_upper_bound,primary_full_ladder_snapshot_upper_bound,6
free_cash_5pct_cap20,20,archived_event_bps_literal,5,60,full_ladder_snapshot_upper_bound,100,6183.873931,6083.873931,6083.873931,20700,29484,409457.3828,20.96762001,0.5287936844,2026-04-18T06:51:20+00:00,2026-04-25T07:46:18+00:00,2026-04-28T21:56:20+00:00,140,7,50.00582968,19.78054989,20,20,0.495517276,0.5,2026-09-06,707.0827012,0.04714878294,2026-07-18,-548.7002888,"{""ambiguous_equal_source_timestamp_order"": 4029, ""archive_gap_after_book_initialization"": 8, ""archive_hour_missing_at_entry"": 36, ""ask_source_age_over_5s"": 1449, ""exchange_maintenance_pause"": 1, ""future_source_timestamp_at_entry"": 3, ""missing_official_outcome_or_resolution_time"": 11, ""native_ask_bbo_reconciliation_mismatch"": 664, ""no_native_book_snapshot"": 8379, ""no_positive_net_expected_value"": 12219, ""no_priceable_native_ask_side"": 2619, ""unknown_archived_fee"": 66}",fee=archived_event_bps_literal|ask_age<=5s|release=60s|exec=full_ladder_snapshot_upper_bound,primary_full_ladder_snapshot_upper_bound,5
free_cash_5pct_cap30,30,archived_event_bps_literal,5,60,full_ladder_snapshot_upper_bound,100,8415.559979,8315.559979,8315.559979,20306,29878,599562.7933,20.96762001,0.5791791121,2026-05-04T14:51:54+00:00,2026-05-11T20:56:51+00:00,2026-05-12T17:56:16+00:00,210,7,50.00582968,29.52638596,30,30,0.4958658202,0.5,2026-09-06,984.3259891,0.04529449024,2026-07-18,-801.0652057,"{""ambiguous_equal_source_timestamp_order"": 4029, ""archive_gap_after_book_initialization"": 8, ""archive_hour_missing_at_entry"": 36, ""ask_source_age_over_5s"": 1449, ""exchange_maintenance_pause"": 1, ""future_source_timestamp_at_entry"": 3, ""missing_official_outcome_or_resolution_time"": 11, ""native_ask_bbo_reconciliation_mismatch"": 664, ""no_native_book_snapshot"": 8379, ""no_positive_net_expected_value"": 12613, ""no_priceable_native_ask_side"": 2619, ""unknown_archived_fee"": 66}",fee=archived_event_bps_literal|ask_age<=5s|release=60s|exec=full_ladder_snapshot_upper_bound,primary_full_ladder_snapshot_upper_bound,4
free_cash_5pct_cap50,50,archived_event_bps_literal,5,60,full_ladder_snapshot_upper_bound,100,10314.29281,10214.29281,10214.29281,19626,30558,948024.5707,20.96762001,0.8267694931,2026-05-04T14:51:54+00:00,2026-05-11T20:56:51+00:00,2026-05-13T10:11:17+00:00,350,7,50.00582968,48.30452312,50,50,0.4963909995,0.5,2026-09-06,1513.825793,0.04539269014,2026-07-18,-1362.730862,"{""ambiguous_equal_source_timestamp_order"": 4029, ""archive_gap_after_book_initialization"": 8, ""archive_hour_missing_at_entry"": 36, ""ask_source_age_over_5s"": 1449, ""exchange_maintenance_pause"": 1, ""future_source_timestamp_at_entry"": 3, ""missing_official_outcome_or_resolution_time"": 11, ""native_ask_bbo_reconciliation_mismatch"": 664, ""no_native_book_snapshot"": 8379, ""no_positive_net_expected_value"": 13293, ""no_priceable_native_ask_side"": 2619, ""unknown_archived_fee"": 66}",fee=archived_event_bps_literal|ask_age<=5s|release=60s|exec=full_ladder_snapshot_upper_bound,primary_full_ladder_snapshot_upper_bound,3
free_cash_5pct_cap75,75,archived_event_bps_literal,5,60,full_ladder_snapshot_upper_bound,100,15473.45883,15373.45883,15373.45883,18841,31343,1329476.382,20.96762001,0.8935725144,2026-05-04T14:51:54+00:00,2026-05-11T20:56:51+00:00,2026-05-13T11:31:17+00:00,525,7,50.00582968,70.56294154,75,75,0.4969380429,0.5,2026-07-24,2132.480231,0.0440662212,2026-08-03,-2062.875849,"{""ambiguous_equal_source_timestamp_order"": 4029, ""archive_gap_after_book_initialization"": 8, ""archive_hour_missing_at_entry"": 36, ""ask_source_age_over_5s"": 1449, ""exchange_maintenance_pause"": 1, ""future_source_timestamp_at_entry"": 3, ""missing_official_outcome_or_resolution_time"": 11, ""native_ask_bbo_reconciliation_mismatch"": 664, ""no_native_book_snapshot"": 8379, ""no_positive_net_expected_value"": 14078, ""no_priceable_native_ask_side"": 2619, ""unknown_archived_fee"": 66}",fee=archived_event_bps_literal|ask_age<=5s|release=60s|exec=full_ladder_snapshot_upper_bound,primary_full_ladder_snapshot_upper_bound,1
free_cash_5pct_cap100,100,archived_event_bps_literal,5,60,full_ladder_snapshot_upper_bound,100,12934.88718,12834.88718,12834.88718,18109,32075,1681054.065,20.96762001,0.9050454164,2026-05-04T14:51:54+00:00,2026-05-11T20:56:51+00:00,2026-05-13T14:01:18+00:00,600,6,50.00582968,92.82975673,100,100,0.4973927806,0.5,2026-07-24,2828.505213,0.04867733536,2026-08-03,-2780.20019,"{""ambiguous_equal_source_timestamp_order"": 4029, ""archive_gap_after_book_initialization"": 8, ""archive_hour_missing_at_entry"": 36, ""ask_source_age_over_5s"": 1449, ""exchange_maintenance_pause"": 1, ""future_source_timestamp_at_entry"": 3, ""missing_official_outcome_or_resolution_time"": 11, ""native_ask_bbo_reconciliation_mismatch"": 664, ""no_native_book_snapshot"": 8379, ""no_positive_net_expected_value"": 14810, ""no_priceable_native_ask_side"": 2619, ""unknown_archived_fee"": 66}",fee=archived_event_bps_literal|ask_age<=5s|release=60s|exec=full_ladder_snapshot_upper_bound,primary_full_ladder_snapshot_upper_bound,2
free_cash_5pct_cap_none,,archived_event_bps_literal,5,60,full_ladder_snapshot_upper_bound,100,25.4220006,-74.5779994,-74.5779994,7109,43075,361803.476,20.96762001,0.9952154797,2026-05-26T18:21:25+00:00,2026-08-29T14:11:54+00:00,,494.5754132,4,25.42117,50.89372288,36.25500653,253.628417,0.4915154066,0.5,2026-05-14,1736.267095,0.1453269333,2026-05-29,-1631.951718,"{""ambiguous_equal_source_timestamp_order"": 4029, ""archive_gap_after_book_initialization"": 8, ""archive_hour_missing_at_entry"": 36, ""ask_source_age_over_5s"": 1449, ""below_minimum_order_shares"": 15158, ""exchange_maintenance_pause"": 1, ""future_source_timestamp_at_entry"": 3, ""missing_official_outcome_or_resolution_time"": 11, ""native_ask_bbo_reconciliation_mismatch"": 664, ""no_native_book_snapshot"": 8379, ""no_positive_net_expected_value"": 5643, ""no_priceable_native_ask_side"": 7628, ""unknown_archived_fee"": 66}",fee=archived_event_bps_literal|ask_age<=5s|release=60s|exec=full_ladder_snapshot_upper_bound,primary_full_ladder_snapshot_upper_bound,10
fixed_5_usd,,archived_event_bps_literal,30,60,full_ladder_snapshot_upper_bound,100,1724.992698,1624.992698,1624.992698,21726,28458,108630,26.4999903,0.6362670054,2026-04-18T06:51:20+00:00,2026-04-25T07:46:18+00:00,2026-04-28T20:46:18+00:00,40,8,35.99546832,5,5,5,0.4950349925,0.5,2026-09-06,189.5836863,0.04755983995,2026-07-18,-145.6787716,"{""ambiguous_equal_source_timestamp_order"": 4029, ""archive_gap_after_book_initialization"": 8, ""archive_hour_missing_at_entry"": 36, ""ask_source_age_over_30s"": 947, ""exchange_maintenance_pause"": 1, ""future_source_timestamp_at_entry"": 3, ""missing_official_outcome_or_resolution_time"": 11, ""native_ask_bbo_reconciliation_mismatch"": 671, ""no_native_book_snapshot"": 8379, ""no_positive_net_expected_value"": 11783, ""no_priceable_native_ask_side"": 2523, ""unknown_archived_fee"": 67}",fee=archived_event_bps_literal|ask_age<=30s|release=60s|exec=full_ladder_snapshot_upper_bound,primary_full_ladder_snapshot_upper_bound,8
free_cash_5pct_cap5,5,archived_event_bps_literal,30,60,full_ladder_snapshot_upper_bound,100,1713.661133,1613.661133,1613.661133,21726,28458,108540.4912,20.90019295,0.5234585036,2026-04-18T06:51:20+00:00,2026-04-25T07:46:18+00:00,2026-04-28T21:21:26+00:00,40,8,50.70670126,4.995880108,5,5,0.4950345982,0.5,2026-09-06,189.5836863,0.04779692745,2026-07-18,-145.6787716,"{""ambiguous_equal_source_timestamp_order"": 4029, ""archive_gap_after_book_initialization"": 8, ""archive_hour_missing_at_entry"": 36, ""ask_source_age_over_30s"": 947, ""exchange_maintenance_pause"": 1, ""future_source_timestamp_at_entry"": 3, ""missing_official_outcome_or_resolution_time"": 11, ""native_ask_bbo_reconciliation_mismatch"": 671, ""no_native_book_snapshot"": 8379, ""no_positive_net_expected_value"": 11783, ""no_priceable_native_ask_side"": 2523, ""unknown_archived_fee"": 67}",fee=archived_event_bps_literal|ask_age<=30s|release=60s|exec=full_ladder_snapshot_upper_bound,primary_full_ladder_snapshot_upper_bound,9
free_cash_5pct_cap10,10,archived_event_bps_literal,30,60,full_ladder_snapshot_upper_bound,100,3481.194155,3381.194155,3381.194155,21552,28632,214610.9265,20.96762001,0.5287936844,2026-04-18T06:51:20+00:00,2026-04-25T07:46:18+00:00,2026-04-28T21:21:26+00:00,80,8,50.00582968,9.95781953,10,10,0.4952226601,0.5,2026-09-06,387.6397227,0.04856049483,2026-07-18,-272.2689545,"{""ambiguous_equal_source_timestamp_order"": 4029, ""archive_gap_after_book_initialization"": 8, ""archive_hour_missing_at_entry"": 36, ""ask_source_age_over_30s"": 947, ""exchange_maintenance_pause"": 1, ""future_source_timestamp_at_entry"": 3, ""missing_official_outcome_or_resolution_time"": 11, ""native_ask_bbo_reconciliation_mismatch"": 671, ""no_native_book_snapshot"": 8379, ""no_positive_net_expected_value"": 11957, ""no_priceable_native_ask_side"": 2523, ""unknown_archived_fee"": 67}",fee=archived_event_bps_literal|ask_age<=30s|release=60s|exec=full_ladder_snapshot_upper_bound,primary_full_ladder_snapshot_upper_bound,7
free_cash_5pct_cap15,15,archived_event_bps_literal,30,60,full_ladder_snapshot_upper_bound,100,4964.325242,4864.325242,4864.325242,21367,28817,318389.1074,20.96762001,0.5287936844,2026-04-18T06:51:20+00:00,2026-04-25T07:46:18+00:00,2026-04-28T21:21:26+00:00,120,8,50.00582968,14.90097381,15,15,0.4954128786,0.5,2026-09-06,576.4160311,0.04891719283,2026-07-18,-410.2079518,"{""ambiguous_equal_source_timestamp_order"": 4029, ""archive_gap_after_book_initialization"": 8, ""archive_hour_missing_at_entry"": 36, ""ask_source_age_over_30s"": 947, ""exchange_maintenance_pause"": 1, ""future_source_timestamp_at_entry"": 3, ""missing_official_outcome_or_resolution_time"": 11, ""native_ask_bbo_reconciliation_mismatch"": 671, ""no_native_book_snapshot"": 8379, ""no_positive_net_expected_value"": 12142, ""no_priceable_native_ask_side"": 2523, ""unknown_archived_fee"": 67}",fee=archived_event_bps_literal|ask_age<=30s|release=60s|exec=full_ladder_snapshot_upper_bound,primary_full_ladder_snapshot_upper_bound,6
free_cash_5pct_cap20,20,archived_event_bps_literal,30,60,full_ladder_snapshot_upper_bound,100,6053.504399,5953.504399,5953.504399,21145,29039,418566.4259,20.96762001,0.5287936844,2026-04-18T06:51:20+00:00,2026-04-25T07:46:18+00:00,2026-04-28T21:21:26+00:00,140,7,50.00582968,19.79505443,20,20,0.4956008762,0.5,2026-09-06,707.0827012,0.04666677772,2026-07-18,-548.7002888,"{""ambiguous_equal_source_timestamp_order"": 4029, ""archive_gap_after_book_initialization"": 8, ""archive_hour_missing_at_entry"": 36, ""ask_source_age_over_30s"": 947, ""exchange_maintenance_pause"": 1, ""future_source_timestamp_at_entry"": 3, ""missing_official_outcome_or_resolution_time"": 11, ""native_ask_bbo_reconciliation_mismatch"": 671, ""no_native_book_snapshot"": 8379, ""no_positive_net_expected_value"": 12364, ""no_priceable_native_ask_side"": 2523, ""unknown_archived_fee"": 67}",fee=archived_event_bps_literal|ask_age<=30s|release=60s|exec=full_ladder_snapshot_upper_bound,primary_full_ladder_snapshot_upper_bound,5
free_cash_5pct_cap30,30,archived_event_bps_literal,30,60,full_ladder_snapshot_upper_bound,100,8238.703895,8138.703895,8138.703895,20748,29436,612754.9984,20.96762001,0.6504599093,2026-05-04T14:51:54+00:00,2026-05-11T20:56:51+00:00,2026-05-12T18:16:17+00:00,210,7,50.00582968,29.53320794,30,30,0.4959454496,0.5,2026-09-06,984.3259891,0.04496957362,2026-07-18,-801.0652057,"{""ambiguous_equal_source_timestamp_order"": 4029, ""archive_gap_after_book_initialization"": 8, ""archive_hour_missing_at_entry"": 36, ""ask_source_age_over_30s"": 947, ""exchange_maintenance_pause"": 1, ""future_source_timestamp_at_entry"": 3, ""missing_official_outcome_or_resolution_time"": 11, ""native_ask_bbo_reconciliation_mismatch"": 671, ""no_native_book_snapshot"": 8379, ""no_positive_net_expected_value"": 12761, ""no_priceable_native_ask_side"": 2523, ""unknown_archived_fee"": 67}",fee=archived_event_bps_literal|ask_age<=30s|release=60s|exec=full_ladder_snapshot_upper_bound,primary_full_ladder_snapshot_upper_bound,4
free_cash_5pct_cap50,50,archived_event_bps_literal,30,60,full_ladder_snapshot_upper_bound,100,9883.526444,9783.526444,9783.526444,20071,30113,960131.8789,20.96762001,0.8742493138,2026-05-04T14:51:54+00:00,2026-05-11T20:56:51+00:00,2026-05-13T10:56:17+00:00,350,7,50.00582968,47.8367734,50,50,0.4964491137,0.5,2026-09-06,1513.825793,0.04575460541,2026-07-18,-1362.730862,"{""ambiguous_equal_source_timestamp_order"": 4029, ""archive_gap_after_book_initialization"": 8, ""archive_hour_missing_at_entry"": 36, ""ask_source_age_over_30s"": 947, ""exchange_maintenance_pause"": 1, ""future_source_timestamp_at_entry"": 3, ""missing_official_outcome_or_resolution_time"": 11, ""native_ask_bbo_reconciliation_mismatch"": 671, ""no_native_book_snapshot"": 8379, ""no_positive_net_expected_value"": 13438, ""no_priceable_native_ask_side"": 2523, ""unknown_archived_fee"": 67}",fee=archived_event_bps_literal|ask_age<=30s|release=60s|exec=full_ladder_snapshot_upper_bound,primary_full_ladder_snapshot_upper_bound,3
free_cash_5pct_cap75,75,archived_event_bps_literal,30,60,full_ladder_snapshot_upper_bound,100,15275.36091,15175.36091,15175.36091,19267,30917,1356412.643,20.96762001,0.8946853612,2026-05-04T14:51:54+00:00,2026-05-11T20:56:51+00:00,2026-05-13T11:31:17+00:00,525,7,50.00582968,70.40082229,75,75,0.4970069289,0.5,2026-07-24,2132.480231,0.04376834652,2026-08-03,-2062.875849,"{""ambiguous_equal_source_timestamp_order"": 4029, ""archive_gap_after_book_initialization"": 8, ""archive_hour_missing_at_entry"": 36, ""ask_source_age_over_30s"": 947, ""exchange_maintenance_pause"": 1, ""future_source_timestamp_at_entry"": 3, ""missing_official_outcome_or_resolution_time"": 11, ""native_ask_bbo_reconciliation_mismatch"": 671, ""no_native_book_snapshot"": 8379, ""no_positive_net_expected_value"": 14242, ""no_priceable_native_ask_side"": 2523, ""unknown_archived_fee"": 67}",fee=archived_event_bps_literal|ask_age<=30s|release=60s|exec=full_ladder_snapshot_upper_bound,primary_full_ladder_snapshot_upper_bound,1
free_cash_5pct_cap100,100,archived_event_bps_literal,30,60,full_ladder_snapshot_upper_bound,100,13511.23303,13411.23303,13411.23303,18520,31664,1717124.883,20.96762001,0.8947530946,2026-05-04T14:51:54+00:00,2026-05-11T20:56:51+00:00,2026-05-13T11:31:17+00:00,600,6,50.00582968,92.71732627,100,100,0.4974633784,0.5,2026-07-24,2828.505213,0.04814983121,2026-08-03,-2780.20019,"{""ambiguous_equal_source_timestamp_order"": 4029, ""archive_gap_after_book_initialization"": 8, ""archive_hour_missing_at_entry"": 36, ""ask_source_age_over_30s"": 947, ""exchange_maintenance_pause"": 1, ""future_source_timestamp_at_entry"": 3, ""missing_official_outcome_or_resolution_time"": 11, ""native_ask_bbo_reconciliation_mismatch"": 671, ""no_native_book_snapshot"": 8379, ""no_positive_net_expected_value"": 14989, ""no_priceable_native_ask_side"": 2523, ""unknown_archived_fee"": 67}",fee=archived_event_bps_literal|ask_age<=30s|release=60s|exec=full_ladder_snapshot_upper_bound,primary_full_ladder_snapshot_upper_bound,2
free_cash_5pct_cap_none,,archived_event_bps_literal,30,60,full_ladder_snapshot_upper_bound,100,25.79768473,-74.20231527,-74.20231527,7510,42674,437637.1012,20.96762001,0.9952027197,2026-06-09T22:31:21+00:00,2026-08-08T21:32:25+00:00,,524.3125451,4,25.79684185,58.27391494,45.64573938,268.8782283,0.4915767514,0.5,2026-06-09,3395.264179,0.2263576346,2026-06-10,-2478.073452,"{""ambiguous_equal_source_timestamp_order"": 4029, ""archive_gap_after_book_initialization"": 8, ""archive_hour_missing_at_entry"": 36, ""ask_source_age_over_30s"": 947, ""below_minimum_order_shares"": 15115, ""exchange_maintenance_pause"": 1, ""future_source_timestamp_at_entry"": 3, ""missing_official_outcome_or_resolution_time"": 11, ""native_ask_bbo_reconciliation_mismatch"": 671, ""no_native_book_snapshot"": 8379, ""no_positive_net_expected_value"": 5870, ""no_priceable_native_ask_side"": 7537, ""unknown_archived_fee"": 67}",fee=archived_event_bps_literal|ask_age<=30s|release=60s|exec=full_ladder_snapshot_upper_bound,primary_full_ladder_snapshot_upper_bound,10
fixed_5_usd,,current_gamma_schedule_0p07_counterfactual,1,60,full_ladder_snapshot_upper_bound,100,3.137090862,-96.86290914,-96.86290914,457,49727,2285,83.54948,0.9847061855,2026-04-22T06:26:22+00:00,2026-04-28T06:36:26+00:00,,10,2,3.137090862,5,5,5,0.4776496565,0.48,2026-04-18,61.90021835,0.4317124316,2026-04-27,-44.90826327,"{""ambiguous_equal_source_timestamp_order"": 4029, ""archive_gap_after_book_initialization"": 8, ""archive_hour_missing_at_entry"": 36, ""ask_source_age_over_1s"": 1982, ""future_source_timestamp_at_entry"": 3, ""insufficient_free_cash_for_cash_debit"": 7374, ""missing_official_outcome_or_resolution_time"": 11, ""native_ask_bbo_reconciliation_mismatch"": 650, ""no_native_book_snapshot"": 8379, ""no_positive_net_expected_value"": 24581, ""no_priceable_native_ask_side"": 2674}",fee=current_gamma_schedule_0p07_counterfactual|ask_age<=1s|release=60s|exec=full_ladder_snapshot_upper_bound,primary_full_ladder_snapshot_upper_bound,11
free_cash_5pct_cap5,5,current_gamma_schedule_0p07_counterfactual,1,60,full_ladder_snapshot_upper_bound,100,25.73436375,-74.26563625,-74.26563625,457,49727,2077.47175,76.20201,0.8698544016,2026-04-22T06:26:22+00:00,2026-08-08T21:32:25+00:00,,10,2,25.73436375,4.545890044,5,5,0.4717643599,0.48,2026-04-18,61.25791808,0.4471711348,2026-04-17,-37.03734001,"{""ambiguous_equal_source_timestamp_order"": 4029, ""archive_gap_after_book_initialization"": 8, ""archive_hour_missing_at_entry"": 36, ""ask_source_age_over_1s"": 1982, ""below_minimum_order_shares"": 21288, ""future_source_timestamp_at_entry"": 3, ""missing_official_outcome_or_resolution_time"": 11, ""native_ask_bbo_reconciliation_mismatch"": 650, ""no_native_book_snapshot"": 8379, ""no_positive_net_expected_value"": 1625, ""no_priceable_native_ask_side"": 11716}",fee=current_gamma_schedule_0p07_counterfactual|ask_age<=1s|release=60s|exec=full_ladder_snapshot_upper_bound,primary_full_ladder_snapshot_upper_bound,1
free_cash_5pct_cap10,10,current_gamma_schedule_0p07_counterfactual,1,60,full_ladder_snapshot_upper_bound,100,25.00009544,-74.99990456,-74.99990456,433,49751,2490.042251,91.07339,0.8878627046,2026-04-22T06:26:22+00:00,2026-08-29T14:11:54+00:00,,20,2,25.00009544,5.750674945,5.124316902,10,0.47040245,0.48,2026-04-18,68.57204909,0.4475287626,2026-04-23,-52.55811214,"{""ambiguous_equal_source_timestamp_order"": 4029, ""archive_gap_after_book_initialization"": 8, ""archive_hour_missing_at_entry"": 36, ""ask_source_age_over_1s"": 1982, ""below_minimum_order_shares"": 21306, ""future_source_timestamp_at_entry"": 3, ""missing_official_outcome_or_resolution_time"": 11, ""native_ask_bbo_reconciliation_mismatch"": 650, ""no_native_book_snapshot"": 8379, ""no_positive_net_expected_value"": 1564, ""no_priceable_native_ask_side"": 11783}",fee=current_gamma_schedule_0p07_counterfactual|ask_age<=1s|release=60s|exec=full_ladder_snapshot_upper_bound,primary_full_ladder_snapshot_upper_bound,2
free_cash_5pct_cap15,15,current_gamma_schedule_0p07_counterfactual,1,60,full_ladder_snapshot_upper_bound,100,24.72697451,-75.27302549,-75.27302549,417,49767,2433.826818,89.00369,0.8886583485,2026-04-22T06:26:22+00:00,2026-08-29T14:11:54+00:00,,21.63356113,2,24.72697451,5.83651515,5.3376609,11.10409904,0.470321668,0.48,2026-04-18,68.57204909,0.4558940697,2026-04-23,-51.4554949,"{""ambiguous_equal_source_timestamp_order"": 4029, ""archive_gap_after_book_initialization"": 8, ""archive_hour_missing_at_entry"": 36, ""ask_source_age_over_1s"": 1982, ""below_minimum_order_shares"": 21315, ""future_source_timestamp_at_entry"": 3, ""missing_official_outcome_or_resolution_time"": 11, ""native_ask_bbo_reconciliation_mismatch"": 650, ""no_native_book_snapshot"": 8379, ""no_positive_net_expected_value"": 1518, ""no_priceable_native_ask_side"": 11836}",fee=current_gamma_schedule_0p07_counterfactual|ask_age<=1s|release=60s|exec=full_ladder_snapshot_upper_bound,primary_full_ladder_snapshot_upper_bound,3
free_cash_5pct_cap20,20,current_gamma_schedule_0p07_counterfactual,1,60,full_ladder_snapshot_upper_bound,100,24.72697451,-75.27302549,-75.27302549,417,49767,2433.826818,89.00369,0.8886583485,2026-04-22T06:26:22+00:00,2026-08-29T14:11:54+00:00,,21.63356113,2,24.72697451,5.83651515,5.3376609,11.10409904,0.470321668,0.48,2026-04-18,68.57204909,0.4558940697,2026-04-23,-51.4554949,"{""ambiguous_equal_source_timestamp_order"": 4029, ""archive_gap_after_book_initialization"": 8, ""archive_hour_missing_at_entry"": 36, ""ask_source_age_over_1s"": 1982, ""below_minimum_order_shares"": 21315, ""future_source_timestamp_at_entry"": 3, ""missing_official_outcome_or_resolution_time"": 11, ""native_ask_bbo_reconciliation_mismatch"": 650, ""no_native_book_snapshot"": 8379, ""no_positive_net_expected_value"": 1518, ""no_priceable_native_ask_side"": 11836}",fee=current_gamma_schedule_0p07_counterfactual|ask_age<=1s|release=60s|exec=full_ladder_snapshot_upper_bound,primary_full_ladder_snapshot_upper_bound,3
free_cash_5pct_cap30,30,current_gamma_schedule_0p07_counterfactual,1,60,full_ladder_snapshot_upper_bound,100,24.72697451,-75.27302549,-75.27302549,417,49767,2433.826818,89.00369,0.8886583485,2026-04-22T06:26:22+00:00,2026-08-29T14:11:54+00:00,,21.63356113,2,24.72697451,5.83651515,5.3376609,11.10409904,0.470321668,0.48,2026-04-18,68.57204909,0.4558940697,2026-04-23,-51.4554949,"{""ambiguous_equal_source_timestamp_order"": 4029, ""archive_gap_after_book_initialization"": 8, ""archive_hour_missing_at_entry"": 36, ""ask_source_age_over_1s"": 1982, ""below_minimum_order_shares"": 21315, ""future_source_timestamp_at_entry"": 3, ""missing_official_outcome_or_resolution_time"": 11, ""native_ask_bbo_reconciliation_mismatch"": 650, ""no_native_book_snapshot"": 8379, ""no_positive_net_expected_value"": 1518, ""no_priceable_native_ask_side"": 11836}",fee=current_gamma_schedule_0p07_counterfactual|ask_age<=1s|release=60s|exec=full_ladder_snapshot_upper_bound,primary_full_ladder_snapshot_upper_bound,3
free_cash_5pct_cap50,50,current_gamma_schedule_0p07_counterfactual,1,60,full_ladder_snapshot_upper_bound,100,24.72697451,-75.27302549,-75.27302549,417,49767,2433.826818,89.00369,0.8886583485,2026-04-22T06:26:22+00:00,2026-08-29T14:11:54+00:00,,21.63356113,2,24.72697451,5.83651515,5.3376609,11.10409904,0.470321668,0.48,2026-04-18,68.57204909,0.4558940697,2026-04-23,-51.4554949,"{""ambiguous_equal_source_timestamp_order"": 4029, ""archive_gap_after_book_initialization"": 8, ""archive_hour_missing_at_entry"": 36, ""ask_source_age_over_1s"": 1982, ""below_minimum_order_shares"": 21315, ""future_source_timestamp_at_entry"": 3, ""missing_official_outcome_or_resolution_time"": 11, ""native_ask_bbo_reconciliation_mismatch"": 650, ""no_native_book_snapshot"": 8379, ""no_positive_net_expected_value"": 1518, ""no_priceable_native_ask_side"": 11836}",fee=current_gamma_schedule_0p07_counterfactual|ask_age<=1s|release=60s|exec=full_ladder_snapshot_upper_bound,primary_full_ladder_snapshot_upper_bound,3
free_cash_5pct_cap75,75,current_gamma_schedule_0p07_counterfactual,1,60,full_ladder_snapshot_upper_bound,100,24.72697451,-75.27302549,-75.27302549,417,49767,2433.826818,89.00369,0.8886583485,2026-04-22T06:26:22+00:00,2026-08-29T14:11:54+00:00,,21.63356113,2,24.72697451,5.83651515,5.3376609,11.10409904,0.470321668,0.48,2026-04-18,68.57204909,0.4558940697,2026-04-23,-51.4554949,"{""ambiguous_equal_source_timestamp_order"": 4029, ""archive_gap_after_book_initialization"": 8, ""archive_hour_missing_at_entry"": 36, ""ask_source_age_over_1s"": 1982, ""below_minimum_order_shares"": 21315, ""future_source_timestamp_at_entry"": 3, ""missing_official_outcome_or_resolution_time"": 11, ""native_ask_bbo_reconciliation_mismatch"": 650, ""no_native_book_snapshot"": 8379, ""no_positive_net_expected_value"": 1518, ""no_priceable_native_ask_side"": 11836}",fee=current_gamma_schedule_0p07_counterfactual|ask_age<=1s|release=60s|exec=full_ladder_snapshot_upper_bound,primary_full_ladder_snapshot_upper_bound,3
free_cash_5pct_cap100,100,current_gamma_schedule_0p07_counterfactual,1,60,full_ladder_snapshot_upper_bound,100,24.72697451,-75.27302549,-75.27302549,417,49767,2433.826818,89.00369,0.8886583485,2026-04-22T06:26:22+00:00,2026-08-29T14:11:54+00:00,,21.63356113,2,24.72697451,5.83651515,5.3376609,11.10409904,0.470321668,0.48,2026-04-18,68.57204909,0.4558940697,2026-04-23,-51.4554949,"{""ambiguous_equal_source_timestamp_order"": 4029, ""archive_gap_after_book_initialization"": 8, ""archive_hour_missing_at_entry"": 36, ""ask_source_age_over_1s"": 1982, ""below_minimum_order_shares"": 21315, ""future_source_timestamp_at_entry"": 3, ""missing_official_outcome_or_resolution_time"": 11, ""native_ask_bbo_reconciliation_mismatch"": 650, ""no_native_book_snapshot"": 8379, ""no_positive_net_expected_value"": 1518, ""no_priceable_native_ask_side"": 11836}",fee=current_gamma_schedule_0p07_counterfactual|ask_age<=1s|release=60s|exec=full_ladder_snapshot_upper_bound,primary_full_ladder_snapshot_upper_bound,3
free_cash_5pct_cap_none,,current_gamma_schedule_0p07_counterfactual,1,60,full_ladder_snapshot_upper_bound,100,24.72697451,-75.27302549,-75.27302549,417,49767,2433.826818,89.00369,0.8886583485,2026-04-22T06:26:22+00:00,2026-08-29T14:11:54+00:00,,21.63356113,2,24.72697451,5.83651515,5.3376609,11.10409904,0.470321668,0.48,2026-04-18,68.57204909,0.4558940697,2026-04-23,-51.4554949,"{""ambiguous_equal_source_timestamp_order"": 4029, ""archive_gap_after_book_initialization"": 8, ""archive_hour_missing_at_entry"": 36, ""ask_source_age_over_1s"": 1982, ""below_minimum_order_shares"": 21315, ""future_source_timestamp_at_entry"": 3, ""missing_official_outcome_or_resolution_time"": 11, ""native_ask_bbo_reconciliation_mismatch"": 650, ""no_native_book_snapshot"": 8379, ""no_positive_net_expected_value"": 1518, ""no_priceable_native_ask_side"": 11836}",fee=current_gamma_schedule_0p07_counterfactual|ask_age<=1s|release=60s|exec=full_ladder_snapshot_upper_bound,primary_full_ladder_snapshot_upper_bound,3
fixed_5_usd,,current_gamma_schedule_0p07_counterfactual,5,60,full_ladder_snapshot_upper_bound,100,3.137090862,-96.86290914,-96.86290914,457,49727,2285,83.54948,0.9847061855,2026-04-22T06:26:22+00:00,2026-04-28T06:36:26+00:00,,10,2,3.137090862,5,5,5,0.4776496565,0.48,2026-04-18,61.90021835,0.4317124316,2026-04-27,-44.90826327,"{""ambiguous_equal_source_timestamp_order"": 4029, ""archive_gap_after_book_initialization"": 8, ""archive_hour_missing_at_entry"": 36, ""ask_source_age_over_5s"": 1449, ""future_source_timestamp_at_entry"": 3, ""insufficient_free_cash_for_cash_debit"": 7528, ""missing_official_outcome_or_resolution_time"": 11, ""native_ask_bbo_reconciliation_mismatch"": 664, ""no_native_book_snapshot"": 8379, ""no_positive_net_expected_value"": 25066, ""no_priceable_native_ask_side"": 2554}",fee=current_gamma_schedule_0p07_counterfactual|ask_age<=5s|release=60s|exec=full_ladder_snapshot_upper_bound,primary_full_ladder_snapshot_upper_bound,10
free_cash_5pct_cap5,5,current_gamma_schedule_0p07_counterfactual,5,60,full_ladder_snapshot_upper_bound,100,25.73436375,-74.26563625,-74.26563625,457,49727,2077.47175,76.20201,0.8698544016,2026-04-22T06:26:22+00:00,2026-08-08T21:32:25+00:00,,10,2,25.73436375,4.545890044,5,5,0.4717643599,0.48,2026-04-18,61.25791808,0.4471711348,2026-04-17,-37.03734001,"{""ambiguous_equal_source_timestamp_order"": 4029, ""archive_gap_after_book_initialization"": 8, ""archive_hour_missing_at_entry"": 36, ""ask_source_age_over_5s"": 1449, ""below_minimum_order_shares"": 21853, ""future_source_timestamp_at_entry"": 3, ""missing_official_outcome_or_resolution_time"": 11, ""native_ask_bbo_reconciliation_mismatch"": 664, ""no_native_book_snapshot"": 8379, ""no_positive_net_expected_value"": 1625, ""no_priceable_native_ask_side"": 11670}",fee=current_gamma_schedule_0p07_counterfactual|ask_age<=5s|release=60s|exec=full_ladder_snapshot_upper_bound,primary_full_ladder_snapshot_upper_bound,1
free_cash_5pct_cap10,10,current_gamma_schedule_0p07_counterfactual,5,60,full_ladder_snapshot_upper_bound,100,25.00009544,-74.99990456,-74.99990456,433,49751,2490.042251,91.07339,0.8878627046,2026-04-22T06:26:22+00:00,2026-08-29T14:11:54+00:00,,20,2,25.00009544,5.750674945,5.124316902,10,0.47040245,0.48,2026-04-18,68.57204909,0.4475287626,2026-04-23,-52.55811214,"{""ambiguous_equal_source_timestamp_order"": 4029, ""archive_gap_after_book_initialization"": 8, ""archive_hour_missing_at_entry"": 36, ""ask_source_age_over_5s"": 1449, ""below_minimum_order_shares"": 21870, ""future_source_timestamp_at_entry"": 3, ""missing_official_outcome_or_resolution_time"": 11, ""native_ask_bbo_reconciliation_mismatch"": 664, ""no_native_book_snapshot"": 8379, ""no_positive_net_expected_value"": 1564, ""no_priceable_native_ask_side"": 11738}",fee=current_gamma_schedule_0p07_counterfactual|ask_age<=5s|release=60s|exec=full_ladder_snapshot_upper_bound,primary_full_ladder_snapshot_upper_bound,2
free_cash_5pct_cap15,15,current_gamma_schedule_0p07_counterfactual,5,60,full_ladder_snapshot_upper_bound,100,24.72697451,-75.27302549,-75.27302549,417,49767,2433.826818,89.00369,0.8886583485,2026-04-22T06:26:22+00:00,2026-08-29T14:11:54+00:00,,21.63356113,2,24.72697451,5.83651515,5.3376609,11.10409904,0.470321668,0.48,2026-04-18,68.57204909,0.4558940697,2026-04-23,-51.4554949,"{""ambiguous_equal_source_timestamp_order"": 4029, ""archive_gap_after_book_initialization"": 8, ""archive_hour_missing_at_entry"": 36, ""ask_source_age_over_5s"": 1449, ""below_minimum_order_shares"": 21880, ""future_source_timestamp_at_entry"": 3, ""missing_official_outcome_or_resolution_time"": 11, ""native_ask_bbo_reconciliation_mismatch"": 664, ""no_native_book_snapshot"": 8379, ""no_positive_net_expected_value"": 1518, ""no_priceable_native_ask_side"": 11790}",fee=current_gamma_schedule_0p07_counterfactual|ask_age<=5s|release=60s|exec=full_ladder_snapshot_upper_bound,primary_full_ladder_snapshot_upper_bound,3
free_cash_5pct_cap20,20,current_gamma_schedule_0p07_counterfactual,5,60,full_ladder_snapshot_upper_bound,100,24.72697451,-75.27302549,-75.27302549,417,49767,2433.826818,89.00369,0.8886583485,2026-04-22T06:26:22+00:00,2026-08-29T14:11:54+00:00,,21.63356113,2,24.72697451,5.83651515,5.3376609,11.10409904,0.470321668,0.48,2026-04-18,68.57204909,0.4558940697,2026-04-23,-51.4554949,"{""ambiguous_equal_source_timestamp_order"": 4029, ""archive_gap_after_book_initialization"": 8, ""archive_hour_missing_at_entry"": 36, ""ask_source_age_over_5s"": 1449, ""below_minimum_order_shares"": 21880, ""future_source_timestamp_at_entry"": 3, ""missing_official_outcome_or_resolution_time"": 11, ""native_ask_bbo_reconciliation_mismatch"": 664, ""no_native_book_snapshot"": 8379, ""no_positive_net_expected_value"": 1518, ""no_priceable_native_ask_side"": 11790}",fee=current_gamma_schedule_0p07_counterfactual|ask_age<=5s|release=60s|exec=full_ladder_snapshot_upper_bound,primary_full_ladder_snapshot_upper_bound,3
free_cash_5pct_cap30,30,current_gamma_schedule_0p07_counterfactual,5,60,full_ladder_snapshot_upper_bound,100,24.72697451,-75.27302549,-75.27302549,417,49767,2433.826818,89.00369,0.8886583485,2026-04-22T06:26:22+00:00,2026-08-29T14:11:54+00:00,,21.63356113,2,24.72697451,5.83651515,5.3376609,11.10409904,0.470321668,0.48,2026-04-18,68.57204909,0.4558940697,2026-04-23,-51.4554949,"{""ambiguous_equal_source_timestamp_order"": 4029, ""archive_gap_after_book_initialization"": 8, ""archive_hour_missing_at_entry"": 36, ""ask_source_age_over_5s"": 1449, ""below_minimum_order_shares"": 21880, ""future_source_timestamp_at_entry"": 3, ""missing_official_outcome_or_resolution_time"": 11, ""native_ask_bbo_reconciliation_mismatch"": 664, ""no_native_book_snapshot"": 8379, ""no_positive_net_expected_value"": 1518, ""no_priceable_native_ask_side"": 11790}",fee=current_gamma_schedule_0p07_counterfactual|ask_age<=5s|release=60s|exec=full_ladder_snapshot_upper_bound,primary_full_ladder_snapshot_upper_bound,3
free_cash_5pct_cap50,50,current_gamma_schedule_0p07_counterfactual,5,60,full_ladder_snapshot_upper_bound,100,24.72697451,-75.27302549,-75.27302549,417,49767,2433.826818,89.00369,0.8886583485,2026-04-22T06:26:22+00:00,2026-08-29T14:11:54+00:00,,21.63356113,2,24.72697451,5.83651515,5.3376609,11.10409904,0.470321668,0.48,2026-04-18,68.57204909,0.4558940697,2026-04-23,-51.4554949,"{""ambiguous_equal_source_timestamp_order"": 4029, ""archive_gap_after_book_initialization"": 8, ""archive_hour_missing_at_entry"": 36, ""ask_source_age_over_5s"": 1449, ""below_minimum_order_shares"": 21880, ""future_source_timestamp_at_entry"": 3, ""missing_official_outcome_or_resolution_time"": 11, ""native_ask_bbo_reconciliation_mismatch"": 664, ""no_native_book_snapshot"": 8379, ""no_positive_net_expected_value"": 1518, ""no_priceable_native_ask_side"": 11790}",fee=current_gamma_schedule_0p07_counterfactual|ask_age<=5s|release=60s|exec=full_ladder_snapshot_upper_bound,primary_full_ladder_snapshot_upper_bound,3
free_cash_5pct_cap75,75,current_gamma_schedule_0p07_counterfactual,5,60,full_ladder_snapshot_upper_bound,100,24.72697451,-75.27302549,-75.27302549,417,49767,2433.826818,89.00369,0.8886583485,2026-04-22T06:26:22+00:00,2026-08-29T14:11:54+00:00,,21.63356113,2,24.72697451,5.83651515,5.3376609,11.10409904,0.470321668,0.48,2026-04-18,68.57204909,0.4558940697,2026-04-23,-51.4554949,"{""ambiguous_equal_source_timestamp_order"": 4029, ""archive_gap_after_book_initialization"": 8, ""archive_hour_missing_at_entry"": 36, ""ask_source_age_over_5s"": 1449, ""below_minimum_order_shares"": 21880, ""future_source_timestamp_at_entry"": 3, ""missing_official_outcome_or_resolution_time"": 11, ""native_ask_bbo_reconciliation_mismatch"": 664, ""no_native_book_snapshot"": 8379, ""no_positive_net_expected_value"": 1518, ""no_priceable_native_ask_side"": 11790}",fee=current_gamma_schedule_0p07_counterfactual|ask_age<=5s|release=60s|exec=full_ladder_snapshot_upper_bound,primary_full_ladder_snapshot_upper_bound,3
free_cash_5pct_cap100,100,current_gamma_schedule_0p07_counterfactual,5,60,full_ladder_snapshot_upper_bound,100,24.72697451,-75.27302549,-75.27302549,417,49767,2433.826818,89.00369,0.8886583485,2026-04-22T06:26:22+00:00,2026-08-29T14:11:54+00:00,,21.63356113,2,24.72697451,5.83651515,5.3376609,11.10409904,0.470321668,0.48,2026-04-18,68.57204909,0.4558940697,2026-04-23,-51.4554949,"{""ambiguous_equal_source_timestamp_order"": 4029, ""archive_gap_after_book_initialization"": 8, ""archive_hour_missing_at_entry"": 36, ""ask_source_age_over_5s"": 1449, ""below_minimum_order_shares"": 21880, ""future_source_timestamp_at_entry"": 3, ""missing_official_outcome_or_resolution_time"": 11, ""native_ask_bbo_reconciliation_mismatch"": 664, ""no_native_book_snapshot"": 8379, ""no_positive_net_expected_value"": 1518, ""no_priceable_native_ask_side"": 11790}",fee=current_gamma_schedule_0p07_counterfactual|ask_age<=5s|release=60s|exec=full_ladder_snapshot_upper_bound,primary_full_ladder_snapshot_upper_bound,3
free_cash_5pct_cap_none,,current_gamma_schedule_0p07_counterfactual,5,60,full_ladder_snapshot_upper_bound,100,24.72697451,-75.27302549,-75.27302549,417,49767,2433.826818,89.00369,0.8886583485,2026-04-22T06:26:22+00:00,2026-08-29T14:11:54+00:00,,21.63356113,2,24.72697451,5.83651515,5.3376609,11.10409904,0.470321668,0.48,2026-04-18,68.57204909,0.4558940697,2026-04-23,-51.4554949,"{""ambiguous_equal_source_timestamp_order"": 4029, ""archive_gap_after_book_initialization"": 8, ""archive_hour_missing_at_entry"": 36, ""ask_source_age_over_5s"": 1449, ""below_minimum_order_shares"": 21880, ""future_source_timestamp_at_entry"": 3, ""missing_official_outcome_or_resolution_time"": 11, ""native_ask_bbo_reconciliation_mismatch"": 664, ""no_native_book_snapshot"": 8379, ""no_positive_net_expected_value"": 1518, ""no_priceable_native_ask_side"": 11790}",fee=current_gamma_schedule_0p07_counterfactual|ask_age<=5s|release=60s|exec=full_ladder_snapshot_upper_bound,primary_full_ladder_snapshot_upper_bound,3
fixed_5_usd,,current_gamma_schedule_0p07_counterfactual,30,60,full_ladder_snapshot_upper_bound,100,3.137090862,-96.86290914,-96.86290914,457,49727,2285,83.54948,0.9847061855,2026-04-22T06:26:22+00:00,2026-04-28T06:36:26+00:00,,10,2,3.137090862,5,5,5,0.4776496565,0.48,2026-04-18,61.90021835,0.4317124316,2026-04-27,-44.90826327,"{""ambiguous_equal_source_timestamp_order"": 4029, ""archive_gap_after_book_initialization"": 8, ""archive_hour_missing_at_entry"": 36, ""ask_source_age_over_30s"": 947, ""future_source_timestamp_at_entry"": 3, ""insufficient_free_cash_for_cash_debit"": 7691, ""missing_official_outcome_or_resolution_time"": 11, ""native_ask_bbo_reconciliation_mismatch"": 671, ""no_native_book_snapshot"": 8379, ""no_positive_net_expected_value"": 25496, ""no_priceable_native_ask_side"": 2456}",fee=current_gamma_schedule_0p07_counterfactual|ask_age<=30s|release=60s|exec=full_ladder_snapshot_upper_bound,primary_full_ladder_snapshot_upper_bound,10
free_cash_5pct_cap5,5,current_gamma_schedule_0p07_counterfactual,30,60,full_ladder_snapshot_upper_bound,100,25.73436375,-74.26563625,-74.26563625,457,49727,2077.47175,76.20201,0.8698544016,2026-04-22T06:26:22+00:00,2026-08-08T21:32:25+00:00,,10,2,25.73436375,4.545890044,5,5,0.4717643599,0.48,2026-04-18,61.25791808,0.4471711348,2026-04-17,-37.03734001,"{""ambiguous_equal_source_timestamp_order"": 4029, ""archive_gap_after_book_initialization"": 8, ""archive_hour_missing_at_entry"": 36, ""ask_source_age_over_30s"": 947, ""below_minimum_order_shares"": 22391, ""future_source_timestamp_at_entry"": 3, ""missing_official_outcome_or_resolution_time"": 11, ""native_ask_bbo_reconciliation_mismatch"": 671, ""no_native_book_snapshot"": 8379, ""no_positive_net_expected_value"": 1625, ""no_priceable_native_ask_side"": 11627}",fee=current_gamma_schedule_0p07_counterfactual|ask_age<=30s|release=60s|exec=full_ladder_snapshot_upper_bound,primary_full_ladder_snapshot_upper_bound,1
free_cash_5pct_cap10,10,current_gamma_schedule_0p07_counterfactual,30,60,full_ladder_snapshot_upper_bound,100,25.00009544,-74.99990456,-74.99990456,433,49751,2490.042251,91.07339,0.8878627046,2026-04-22T06:26:22+00:00,2026-08-29T14:11:54+00:00,,20,2,25.00009544,5.750674945,5.124316902,10,0.47040245,0.48,2026-04-18,68.57204909,0.4475287626,2026-04-23,-52.55811214,"{""ambiguous_equal_source_timestamp_order"": 4029, ""archive_gap_after_book_initialization"": 8, ""archive_hour_missing_at_entry"": 36, ""ask_source_age_over_30s"": 947, ""below_minimum_order_shares"": 22408, ""future_source_timestamp_at_entry"": 3, ""missing_official_outcome_or_resolution_time"": 11, ""native_ask_bbo_reconciliation_mismatch"": 671, ""no_native_book_snapshot"": 8379, ""no_positive_net_expected_value"": 1564, ""no_priceable_native_ask_side"": 11695}",fee=current_gamma_schedule_0p07_counterfactual|ask_age<=30s|release=60s|exec=full_ladder_snapshot_upper_bound,primary_full_ladder_snapshot_upper_bound,2
free_cash_5pct_cap15,15,current_gamma_schedule_0p07_counterfactual,30,60,full_ladder_snapshot_upper_bound,100,24.72697451,-75.27302549,-75.27302549,417,49767,2433.826818,89.00369,0.8886583485,2026-04-22T06:26:22+00:00,2026-08-29T14:11:54+00:00,,21.63356113,2,24.72697451,5.83651515,5.3376609,11.10409904,0.470321668,0.48,2026-04-18,68.57204909,0.4558940697,2026-04-23,-51.4554949,"{""ambiguous_equal_source_timestamp_order"": 4029, ""archive_gap_after_book_initialization"": 8, ""archive_hour_missing_at_entry"": 36, ""ask_source_age_over_30s"": 947, ""below_minimum_order_shares"": 22418, ""future_source_timestamp_at_entry"": 3, ""missing_official_outcome_or_resolution_time"": 11, ""native_ask_bbo_reconciliation_mismatch"": 671, ""no_native_book_snapshot"": 8379, ""no_positive_net_expected_value"": 1518, ""no_priceable_native_ask_side"": 11747}",fee=current_gamma_schedule_0p07_counterfactual|ask_age<=30s|release=60s|exec=full_ladder_snapshot_upper_bound,primary_full_ladder_snapshot_upper_bound,3
free_cash_5pct_cap20,20,current_gamma_schedule_0p07_counterfactual,30,60,full_ladder_snapshot_upper_bound,100,24.72697451,-75.27302549,-75.27302549,417,49767,2433.826818,89.00369,0.8886583485,2026-04-22T06:26:22+00:00,2026-08-29T14:11:54+00:00,,21.63356113,2,24.72697451,5.83651515,5.3376609,11.10409904,0.470321668,0.48,2026-04-18,68.57204909,0.4558940697,2026-04-23,-51.4554949,"{""ambiguous_equal_source_timestamp_order"": 4029, ""archive_gap_after_book_initialization"": 8, ""archive_hour_missing_at_entry"": 36, ""ask_source_age_over_30s"": 947, ""below_minimum_order_shares"": 22418, ""future_source_timestamp_at_entry"": 3, ""missing_official_outcome_or_resolution_time"": 11, ""native_ask_bbo_reconciliation_mismatch"": 671, ""no_native_book_snapshot"": 8379, ""no_positive_net_expected_value"": 1518, ""no_priceable_native_ask_side"": 11747}",fee=current_gamma_schedule_0p07_counterfactual|ask_age<=30s|release=60s|exec=full_ladder_snapshot_upper_bound,primary_full_ladder_snapshot_upper_bound,3
free_cash_5pct_cap30,30,current_gamma_schedule_0p07_counterfactual,30,60,full_ladder_snapshot_upper_bound,100,24.72697451,-75.27302549,-75.27302549,417,49767,2433.826818,89.00369,0.8886583485,2026-04-22T06:26:22+00:00,2026-08-29T14:11:54+00:00,,21.63356113,2,24.72697451,5.83651515,5.3376609,11.10409904,0.470321668,0.48,2026-04-18,68.57204909,0.4558940697,2026-04-23,-51.4554949,"{""ambiguous_equal_source_timestamp_order"": 4029, ""archive_gap_after_book_initialization"": 8, ""archive_hour_missing_at_entry"": 36, ""ask_source_age_over_30s"": 947, ""below_minimum_order_shares"": 22418, ""future_source_timestamp_at_entry"": 3, ""missing_official_outcome_or_resolution_time"": 11, ""native_ask_bbo_reconciliation_mismatch"": 671, ""no_native_book_snapshot"": 8379, ""no_positive_net_expected_value"": 1518, ""no_priceable_native_ask_side"": 11747}",fee=current_gamma_schedule_0p07_counterfactual|ask_age<=30s|release=60s|exec=full_ladder_snapshot_upper_bound,primary_full_ladder_snapshot_upper_bound,3
free_cash_5pct_cap50,50,current_gamma_schedule_0p07_counterfactual,30,60,full_ladder_snapshot_upper_bound,100,24.72697451,-75.27302549,-75.27302549,417,49767,2433.826818,89.00369,0.8886583485,2026-04-22T06:26:22+00:00,2026-08-29T14:11:54+00:00,,21.63356113,2,24.72697451,5.83651515,5.3376609,11.10409904,0.470321668,0.48,2026-04-18,68.57204909,0.4558940697,2026-04-23,-51.4554949,"{""ambiguous_equal_source_timestamp_order"": 4029, ""archive_gap_after_book_initialization"": 8, ""archive_hour_missing_at_entry"": 36, ""ask_source_age_over_30s"": 947, ""below_minimum_order_shares"": 22418, ""future_source_timestamp_at_entry"": 3, ""missing_official_outcome_or_resolution_time"": 11, ""native_ask_bbo_reconciliation_mismatch"": 671, ""no_native_book_snapshot"": 8379, ""no_positive_net_expected_value"": 1518, ""no_priceable_native_ask_side"": 11747}",fee=current_gamma_schedule_0p07_counterfactual|ask_age<=30s|release=60s|exec=full_ladder_snapshot_upper_bound,primary_full_ladder_snapshot_upper_bound,3
free_cash_5pct_cap75,75,current_gamma_schedule_0p07_counterfactual,30,60,full_ladder_snapshot_upper_bound,100,24.72697451,-75.27302549,-75.27302549,417,49767,2433.826818,89.00369,0.8886583485,2026-04-22T06:26:22+00:00,2026-08-29T14:11:54+00:00,,21.63356113,2,24.72697451,5.83651515,5.3376609,11.10409904,0.470321668,0.48,2026-04-18,68.57204909,0.4558940697,2026-04-23,-51.4554949,"{""ambiguous_equal_source_timestamp_order"": 4029, ""archive_gap_after_book_initialization"": 8, ""archive_hour_missing_at_entry"": 36, ""ask_source_age_over_30s"": 947, ""below_minimum_order_shares"": 22418, ""future_source_timestamp_at_entry"": 3, ""missing_official_outcome_or_resolution_time"": 11, ""native_ask_bbo_reconciliation_mismatch"": 671, ""no_native_book_snapshot"": 8379, ""no_positive_net_expected_value"": 1518, ""no_priceable_native_ask_side"": 11747}",fee=current_gamma_schedule_0p07_counterfactual|ask_age<=30s|release=60s|exec=full_ladder_snapshot_upper_bound,primary_full_ladder_snapshot_upper_bound,3
free_cash_5pct_cap100,100,current_gamma_schedule_0p07_counterfactual,30,60,full_ladder_snapshot_upper_bound,100,24.72697451,-75.27302549,-75.27302549,417,49767,2433.826818,89.00369,0.8886583485,2026-04-22T06:26:22+00:00,2026-08-29T14:11:54+00:00,,21.63356113,2,24.72697451,5.83651515,5.3376609,11.10409904,0.470321668,0.48,2026-04-18,68.57204909,0.4558940697,2026-04-23,-51.4554949,"{""ambiguous_equal_source_timestamp_order"": 4029, ""archive_gap_after_book_initialization"": 8, ""archive_hour_missing_at_entry"": 36, ""ask_source_age_over_30s"": 947, ""below_minimum_order_shares"": 22418, ""future_source_timestamp_at_entry"": 3, ""missing_official_outcome_or_resolution_time"": 11, ""native_ask_bbo_reconciliation_mismatch"": 671, ""no_native_book_snapshot"": 8379, ""no_positive_net_expected_value"": 1518, ""no_priceable_native_ask_side"": 11747}",fee=current_gamma_schedule_0p07_counterfactual|ask_age<=30s|release=60s|exec=full_ladder_snapshot_upper_bound,primary_full_ladder_snapshot_upper_bound,3
free_cash_5pct_cap_none,,current_gamma_schedule_0p07_counterfactual,30,60,full_ladder_snapshot_upper_bound,100,24.72697451,-75.27302549,-75.27302549,417,49767,2433.826818,89.00369,0.8886583485,2026-04-22T06:26:22+00:00,2026-08-29T14:11:54+00:00,,21.63356113,2,24.72697451,5.83651515,5.3376609,11.10409904,0.470321668,0.48,2026-04-18,68.57204909,0.4558940697,2026-04-23,-51.4554949,"{""ambiguous_equal_source_timestamp_order"": 4029, ""archive_gap_after_book_initialization"": 8, ""archive_hour_missing_at_entry"": 36, ""ask_source_age_over_30s"": 947, ""below_minimum_order_shares"": 22418, ""future_source_timestamp_at_entry"": 3, ""missing_official_outcome_or_resolution_time"": 11, ""native_ask_bbo_reconciliation_mismatch"": 671, ""no_native_book_snapshot"": 8379, ""no_positive_net_expected_value"": 1518, ""no_priceable_native_ask_side"": 11747}",fee=current_gamma_schedule_0p07_counterfactual|ask_age<=30s|release=60s|exec=full_ladder_snapshot_upper_bound,primary_full_ladder_snapshot_upper_bound,3
fixed_5_usd,,current_gamma_schedule_0p07_counterfactual,1,300,full_ladder_snapshot_upper_bound,100,3.137090862,-96.86290914,-96.86290914,457,49727,2285,83.54948,0.9847061855,2026-04-22T06:30:22+00:00,2026-04-28T06:40:26+00:00,,15,3,3.137090862,5,5,5,0.4776496565,0.48,2026-04-18,61.90021835,0.4317124316,2026-04-27,-44.90826327,"{""ambiguous_equal_source_timestamp_order"": 4029, ""archive_gap_after_book_initialization"": 8, ""archive_hour_missing_at_entry"": 36, ""ask_source_age_over_1s"": 1982, ""future_source_timestamp_at_entry"": 3, ""insufficient_free_cash_for_cash_debit"": 7374, ""missing_official_outcome_or_resolution_time"": 11, ""native_ask_bbo_reconciliation_mismatch"": 650, ""no_native_book_snapshot"": 8379, ""no_positive_net_expected_value"": 24581, ""no_priceable_native_ask_side"": 2674}",fee=current_gamma_schedule_0p07_counterfactual|ask_age<=1s|release=300s|exec=full_ladder_snapshot_upper_bound,payout_delay_sensitivity,10
free_cash_5pct_cap5,5,current_gamma_schedule_0p07_counterfactual,1,300,full_ladder_snapshot_upper_bound,100,25.6486778,-74.3513222,-74.3513222,457,49727,2070.599056,75.9588,0.8702472536,2026-04-22T06:30:22+00:00,2026-08-08T21:36:25+00:00,,15,3,25.6486778,4.530851327,5,5,0.4715155887,0.48,2026-04-18,61.24937167,0.4471594819,2026-04-17,-37.03989902,"{""ambiguous_equal_source_timestamp_order"": 4029, ""archive_gap_after_book_initialization"": 8, ""archive_hour_missing_at_entry"": 36, ""ask_source_age_over_1s"": 1982, ""below_minimum_order_shares"": 21288, ""future_source_timestamp_at_entry"": 3, ""missing_official_outcome_or_resolution_time"": 11, ""native_ask_bbo_reconciliation_mismatch"": 650, ""no_native_book_snapshot"": 8379, ""no_positive_net_expected_value"": 1635, ""no_priceable_native_ask_side"": 11706}",fee=current_gamma_schedule_0p07_counterfactual|ask_age<=1s|release=300s|exec=full_ladder_snapshot_upper_bound,payout_delay_sensitivity,9
free_cash_5pct_cap10,10,current_gamma_schedule_0p07_counterfactual,1,300,full_ladder_snapshot_upper_bound,100,25.8420052,-74.1579948,-74.1579948,436,49748,2468.174854,90.25263,0.8843769995,2026-04-22T06:30:22+00:00,2026-08-08T21:36:25+00:00,,30,3,25.8420052,5.660951501,5.086987674,10,0.470849506,0.48,2026-04-18,66.36618934,0.4389958944,2026-04-23,-53.17853224,"{""ambiguous_equal_source_timestamp_order"": 4029, ""archive_gap_after_book_initialization"": 8, ""archive_hour_missing_at_entry"": 36, ""ask_source_age_over_1s"": 1982, ""below_minimum_order_shares"": 21306, ""future_source_timestamp_at_entry"": 3, ""missing_official_outcome_or_resolution_time"": 11, ""native_ask_bbo_reconciliation_mismatch"": 650, ""no_native_book_snapshot"": 8379, ""no_positive_net_expected_value"": 1562, ""no_priceable_native_ask_side"": 11782}",fee=current_gamma_schedule_0p07_counterfactual|ask_age<=1s|release=300s|exec=full_ladder_snapshot_upper_bound,payout_delay_sensitivity,8
free_cash_5pct_cap15,15,current_gamma_schedule_0p07_counterfactual,1,300,full_ladder_snapshot_upper_bound,100,25.96524636,-74.03475364,-74.03475364,416,49768,2405.227288,87.93281,0.8838483409,2026-04-22T06:30:22+00:00,2026-08-08T21:36:25+00:00,,31.82656658,3,25.96524636,5.781796365,5.341392076,11.17730326,0.470771382,0.48,2026-04-18,66.36618934,0.4404321286,2026-04-23,-52.25772155,"{""ambiguous_equal_source_timestamp_order"": 4029, ""archive_gap_after_book_initialization"": 8, ""archive_hour_missing_at_entry"": 36, ""ask_source_age_over_1s"": 1982, ""below_minimum_order_shares"": 21317, ""future_source_timestamp_at_entry"": 3, ""missing_official_outcome_or_resolution_time"": 11, ""native_ask_bbo_reconciliation_mismatch"": 650, ""no_native_book_snapshot"": 8379, ""no_positive_net_expected_value"": 1503, ""no_priceable_native_ask_side"": 11850}",fee=current_gamma_schedule_0p07_counterfactual|ask_age<=1s|release=300s|exec=full_ladder_snapshot_upper_bound,payout_delay_sensitivity,1
free_cash_5pct_cap20,20,current_gamma_schedule_0p07_counterfactual,1,300,full_ladder_snapshot_upper_bound,100,25.96524636,-74.03475364,-74.03475364,416,49768,2405.227288,87.93281,0.8838483409,2026-04-22T06:30:22+00:00,2026-08-08T21:36:25+00:00,,31.82656658,3,25.96524636,5.781796365,5.341392076,11.17730326,0.470771382,0.48,2026-04-18,66.36618934,0.4404321286,2026-04-23,-52.25772155,"{""ambiguous_equal_source_timestamp_order"": 4029, ""archive_gap_after_book_initialization"": 8, ""archive_hour_missing_at_entry"": 36, ""ask_source_age_over_1s"": 1982, ""below_minimum_order_shares"": 21317, ""future_source_timestamp_at_entry"": 3, ""missing_official_outcome_or_resolution_time"": 11, ""native_ask_bbo_reconciliation_mismatch"": 650, ""no_native_book_snapshot"": 8379, ""no_positive_net_expected_value"": 1503, ""no_priceable_native_ask_side"": 11850}",fee=current_gamma_schedule_0p07_counterfactual|ask_age<=1s|release=300s|exec=full_ladder_snapshot_upper_bound,payout_delay_sensitivity,1
free_cash_5pct_cap30,30,current_gamma_schedule_0p07_counterfactual,1,300,full_ladder_snapshot_upper_bound,100,25.96524636,-74.03475364,-74.03475364,416,49768,2405.227288,87.93281,0.8838483409,2026-04-22T06:30:22+00:00,2026-08-08T21:36:25+00:00,,31.82656658,3,25.96524636,5.781796365,5.341392076,11.17730326,0.470771382,0.48,2026-04-18,66.36618934,0.4404321286,2026-04-23,-52.25772155,"{""ambiguous_equal_source_timestamp_order"": 4029, ""archive_gap_after_book_initialization"": 8, ""archive_hour_missing_at_entry"": 36, ""ask_source_age_over_1s"": 1982, ""below_minimum_order_shares"": 21317, ""future_source_timestamp_at_entry"": 3, ""missing_official_outcome_or_resolution_time"": 11, ""native_ask_bbo_reconciliation_mismatch"": 650, ""no_native_book_snapshot"": 8379, ""no_positive_net_expected_value"": 1503, ""no_priceable_native_ask_side"": 11850}",fee=current_gamma_schedule_0p07_counterfactual|ask_age<=1s|release=300s|exec=full_ladder_snapshot_upper_bound,payout_delay_sensitivity,1
free_cash_5pct_cap50,50,current_gamma_schedule_0p07_counterfactual,1,300,full_ladder_snapshot_upper_bound,100,25.96524636,-74.03475364,-74.03475364,416,49768,2405.227288,87.93281,0.8838483409,2026-04-22T06:30:22+00:00,2026-08-08T21:36:25+00:00,,31.82656658,3,25.96524636,5.781796365,5.341392076,11.17730326,0.470771382,0.48,2026-04-18,66.36618934,0.4404321286,2026-04-23,-52.25772155,"{""ambiguous_equal_source_timestamp_order"": 4029, ""archive_gap_after_book_initialization"": 8, ""archive_hour_missing_at_entry"": 36, ""ask_source_age_over_1s"": 1982, ""below_minimum_order_shares"": 21317, ""future_source_timestamp_at_entry"": 3, ""missing_official_outcome_or_resolution_time"": 11, ""native_ask_bbo_reconciliation_mismatch"": 650, ""no_native_book_snapshot"": 8379, ""no_positive_net_expected_value"": 1503, ""no_priceable_native_ask_side"": 11850}",fee=current_gamma_schedule_0p07_counterfactual|ask_age<=1s|release=300s|exec=full_ladder_snapshot_upper_bound,payout_delay_sensitivity,1
free_cash_5pct_cap75,75,current_gamma_schedule_0p07_counterfactual,1,300,full_ladder_snapshot_upper_bound,100,25.96524636,-74.03475364,-74.03475364,416,49768,2405.227288,87.93281,0.8838483409,2026-04-22T06:30:22+00:00,2026-08-08T21:36:25+00:00,,31.82656658,3,25.96524636,5.781796365,5.341392076,11.17730326,0.470771382,0.48,2026-04-18,66.36618934,0.4404321286,2026-04-23,-52.25772155,"{""ambiguous_equal_source_timestamp_order"": 4029, ""archive_gap_after_book_initialization"": 8, ""archive_hour_missing_at_entry"": 36, ""ask_source_age_over_1s"": 1982, ""below_minimum_order_shares"": 21317, ""future_source_timestamp_at_entry"": 3, ""missing_official_outcome_or_resolution_time"": 11, ""native_ask_bbo_reconciliation_mismatch"": 650, ""no_native_book_snapshot"": 8379, ""no_positive_net_expected_value"": 1503, ""no_priceable_native_ask_side"": 11850}",fee=current_gamma_schedule_0p07_counterfactual|ask_age<=1s|release=300s|exec=full_ladder_snapshot_upper_bound,payout_delay_sensitivity,1
free_cash_5pct_cap100,100,current_gamma_schedule_0p07_counterfactual,1,300,full_ladder_snapshot_upper_bound,100,25.96524636,-74.03475364,-74.03475364,416,49768,2405.227288,87.93281,0.8838483409,2026-04-22T06:30:22+00:00,2026-08-08T21:36:25+00:00,,31.82656658,3,25.96524636,5.781796365,5.341392076,11.17730326,0.470771382,0.48,2026-04-18,66.36618934,0.4404321286,2026-04-23,-52.25772155,"{""ambiguous_equal_source_timestamp_order"": 4029, ""archive_gap_after_book_initialization"": 8, ""archive_hour_missing_at_entry"": 36, ""ask_source_age_over_1s"": 1982, ""below_minimum_order_shares"": 21317, ""future_source_timestamp_at_entry"": 3, ""missing_official_outcome_or_resolution_time"": 11, ""native_ask_bbo_reconciliation_mismatch"": 650, ""no_native_book_snapshot"": 8379, ""no_positive_net_expected_value"": 1503, ""no_priceable_native_ask_side"": 11850}",fee=current_gamma_schedule_0p07_counterfactual|ask_age<=1s|release=300s|exec=full_ladder_snapshot_upper_bound,payout_delay_sensitivity,1
free_cash_5pct_cap_none,,current_gamma_schedule_0p07_counterfactual,1,300,full_ladder_snapshot_upper_bound,100,25.96524636,-74.03475364,-74.03475364,416,49768,2405.227288,87.93281,0.8838483409,2026-04-22T06:30:22+00:00,2026-08-08T21:36:25+00:00,,31.82656658,3,25.96524636,5.781796365,5.341392076,11.17730326,0.470771382,0.48,2026-04-18,66.36618934,0.4404321286,2026-04-23,-52.25772155,"{""ambiguous_equal_source_timestamp_order"": 4029, ""archive_gap_after_book_initialization"": 8, ""archive_hour_missing_at_entry"": 36, ""ask_source_age_over_1s"": 1982, ""below_minimum_order_shares"": 21317, ""future_source_timestamp_at_entry"": 3, ""missing_official_outcome_or_resolution_time"": 11, ""native_ask_bbo_reconciliation_mismatch"": 650, ""no_native_book_snapshot"": 8379, ""no_positive_net_expected_value"": 1503, ""no_priceable_native_ask_side"": 11850}",fee=current_gamma_schedule_0p07_counterfactual|ask_age<=1s|release=300s|exec=full_ladder_snapshot_upper_bound,payout_delay_sensitivity,1
fixed_5_usd,,current_gamma_schedule_0p07_counterfactual,1,900,full_ladder_snapshot_upper_bound,100,3.137090862,-96.86290914,-96.86290914,457,49727,2285,83.54948,0.9847061855,2026-04-22T06:40:22+00:00,2026-04-28T06:50:26+00:00,,25,5,3.137090862,5,5,5,0.4776496565,0.48,2026-04-18,61.90021835,0.4317124316,2026-04-27,-44.90826327,"{""ambiguous_equal_source_timestamp_order"": 4029, ""archive_gap_after_book_initialization"": 8, ""archive_hour_missing_at_entry"": 36, ""ask_source_age_over_1s"": 1982, ""future_source_timestamp_at_entry"": 3, ""insufficient_free_cash_for_cash_debit"": 7374, ""missing_official_outcome_or_resolution_time"": 11, ""native_ask_bbo_reconciliation_mismatch"": 650, ""no_native_book_snapshot"": 8379, ""no_positive_net_expected_value"": 24581, ""no_priceable_native_ask_side"": 2674}",fee=current_gamma_schedule_0p07_counterfactual|ask_age<=1s|release=900s|exec=full_ladder_snapshot_upper_bound,payout_delay_sensitivity,10
free_cash_5pct_cap5,5,current_gamma_schedule_0p07_counterfactual,1,900,full_ladder_snapshot_upper_bound,100,25.30232953,-74.69767047,-74.69767047,457,49727,2055.922915,75.41758,0.8721325447,2026-04-22T06:40:22+00:00,2026-08-29T14:25:54+00:00,,25,5,25.30232953,4.498737231,5,5,0.4714031334,0.48,2026-04-18,60.86871269,0.4439061708,2026-04-17,-37.45345138,"{""ambiguous_equal_source_timestamp_order"": 4029, ""archive_gap_after_book_initialization"": 8, ""archive_hour_missing_at_entry"": 36, ""ask_source_age_over_1s"": 1982, ""below_minimum_order_shares"": 21287, ""future_source_timestamp_at_entry"": 3, ""missing_official_outcome_or_resolution_time"": 11, ""native_ask_bbo_reconciliation_mismatch"": 650, ""no_native_book_snapshot"": 8379, ""no_positive_net_expected_value"": 1643, ""no_priceable_native_ask_side"": 11699}",fee=current_gamma_schedule_0p07_counterfactual|ask_age<=1s|release=900s|exec=full_ladder_snapshot_upper_bound,payout_delay_sensitivity,9
free_cash_5pct_cap10,10,current_gamma_schedule_0p07_counterfactual,1,900,full_ladder_snapshot_upper_bound,100,25.76252388,-74.23747612,-74.23747612,419,49765,2377.779662,86.96686,0.8832229816,2026-04-22T06:40:22+00:00,2026-08-08T21:46:25+00:00,,29.99564808,5,25.76252388,5.674891795,5.159260449,10,0.470453921,0.48,2026-04-18,65.72646927,0.4313880215,2026-04-23,-50.90975249,"{""ambiguous_equal_source_timestamp_order"": 4029, ""archive_gap_after_book_initialization"": 8, ""archive_hour_missing_at_entry"": 36, ""ask_source_age_over_1s"": 1982, ""below_minimum_order_shares"": 21316, ""future_source_timestamp_at_entry"": 3, ""missing_official_outcome_or_resolution_time"": 11, ""native_ask_bbo_reconciliation_mismatch"": 650, ""no_native_book_snapshot"": 8379, ""no_positive_net_expected_value"": 1522, ""no_priceable_native_ask_side"": 11829}",fee=current_gamma_schedule_0p07_counterfactual|ask_age<=1s|release=900s|exec=full_ladder_snapshot_upper_bound,payout_delay_sensitivity,1
free_cash_5pct_cap15,15,current_gamma_schedule_0p07_counterfactual,1,900,full_ladder_snapshot_upper_bound,100,25.33497269,-74.66502731,-74.66502731,415,49769,2356.434479,86.181,0.8850581287,2026-04-22T06:40:22+00:00,2026-08-29T14:25:54+00:00,,31.38086682,5,25.33497269,5.678155371,5.151158567,11.02077616,0.4701682058,0.48,2026-04-18,65.72646927,0.4247062793,2026-04-23,-50.14779236,"{""ambiguous_equal_source_timestamp_order"": 4029, ""archive_gap_after_book_initialization"": 8, ""archive_hour_missing_at_entry"": 36, ""ask_source_age_over_1s"": 1982, ""below_minimum_order_shares"": 21317, ""future_source_timestamp_at_entry"": 3, ""missing_official_outcome_or_resolution_time"": 11, ""native_ask_bbo_reconciliation_mismatch"": 650, ""no_native_book_snapshot"": 8379, ""no_positive_net_expected_value"": 1514, ""no_priceable_native_ask_side"": 11840}",fee=current_gamma_schedule_0p07_counterfactual|ask_age<=1s|release=900s|exec=full_ladder_snapshot_upper_bound,payout_delay_sensitivity,2
free_cash_5pct_cap20,20,current_gamma_schedule_0p07_counterfactual,1,900,full_ladder_snapshot_upper_bound,100,25.33497269,-74.66502731,-74.66502731,415,49769,2356.434479,86.181,0.8850581287,2026-04-22T06:40:22+00:00,2026-08-29T14:25:54+00:00,,31.38086682,5,25.33497269,5.678155371,5.151158567,11.02077616,0.4701682058,0.48,2026-04-18,65.72646927,0.4247062793,2026-04-23,-50.14779236,"{""ambiguous_equal_source_timestamp_order"": 4029, ""archive_gap_after_book_initialization"": 8, ""archive_hour_missing_at_entry"": 36, ""ask_source_age_over_1s"": 1982, ""below_minimum_order_shares"": 21317, ""future_source_timestamp_at_entry"": 3, ""missing_official_outcome_or_resolution_time"": 11, ""native_ask_bbo_reconciliation_mismatch"": 650, ""no_native_book_snapshot"": 8379, ""no_positive_net_expected_value"": 1514, ""no_priceable_native_ask_side"": 11840}",fee=current_gamma_schedule_0p07_counterfactual|ask_age<=1s|release=900s|exec=full_ladder_snapshot_upper_bound,payout_delay_sensitivity,2
free_cash_5pct_cap30,30,current_gamma_schedule_0p07_counterfactual,1,900,full_ladder_snapshot_upper_bound,100,25.33497269,-74.66502731,-74.66502731,415,49769,2356.434479,86.181,0.8850581287,2026-04-22T06:40:22+00:00,2026-08-29T14:25:54+00:00,,31.38086682,5,25.33497269,5.678155371,5.151158567,11.02077616,0.4701682058,0.48,2026-04-18,65.72646927,0.4247062793,2026-04-23,-50.14779236,"{""ambiguous_equal_source_timestamp_order"": 4029, ""archive_gap_after_book_initialization"": 8, ""archive_hour_missing_at_entry"": 36, ""ask_source_age_over_1s"": 1982, ""below_minimum_order_shares"": 21317, ""future_source_timestamp_at_entry"": 3, ""missing_official_outcome_or_resolution_time"": 11, ""native_ask_bbo_reconciliation_mismatch"": 650, ""no_native_book_snapshot"": 8379, ""no_positive_net_expected_value"": 1514, ""no_priceable_native_ask_side"": 11840}",fee=current_gamma_schedule_0p07_counterfactual|ask_age<=1s|release=900s|exec=full_ladder_snapshot_upper_bound,payout_delay_sensitivity,2
free_cash_5pct_cap50,50,current_gamma_schedule_0p07_counterfactual,1,900,full_ladder_snapshot_upper_bound,100,25.33497269,-74.66502731,-74.66502731,415,49769,2356.434479,86.181,0.8850581287,2026-04-22T06:40:22+00:00,2026-08-29T14:25:54+00:00,,31.38086682,5,25.33497269,5.678155371,5.151158567,11.02077616,0.4701682058,0.48,2026-04-18,65.72646927,0.4247062793,2026-04-23,-50.14779236,"{""ambiguous_equal_source_timestamp_order"": 4029, ""archive_gap_after_book_initialization"": 8, ""archive_hour_missing_at_entry"": 36, ""ask_source_age_over_1s"": 1982, ""below_minimum_order_shares"": 21317, ""future_source_timestamp_at_entry"": 3, ""missing_official_outcome_or_resolution_time"": 11, ""native_ask_bbo_reconciliation_mismatch"": 650, ""no_native_book_snapshot"": 8379, ""no_positive_net_expected_value"": 1514, ""no_priceable_native_ask_side"": 11840}",fee=current_gamma_schedule_0p07_counterfactual|ask_age<=1s|release=900s|exec=full_ladder_snapshot_upper_bound,payout_delay_sensitivity,2
free_cash_5pct_cap75,75,current_gamma_schedule_0p07_counterfactual,1,900,full_ladder_snapshot_upper_bound,100,25.33497269,-74.66502731,-74.66502731,415,49769,2356.434479,86.181,0.8850581287,2026-04-22T06:40:22+00:00,2026-08-29T14:25:54+00:00,,31.38086682,5,25.33497269,5.678155371,5.151158567,11.02077616,0.4701682058,0.48,2026-04-18,65.72646927,0.4247062793,2026-04-23,-50.14779236,"{""ambiguous_equal_source_timestamp_order"": 4029, ""archive_gap_after_book_initialization"": 8, ""archive_hour_missing_at_entry"": 36, ""ask_source_age_over_1s"": 1982, ""below_minimum_order_shares"": 21317, ""future_source_timestamp_at_entry"": 3, ""missing_official_outcome_or_resolution_time"": 11, ""native_ask_bbo_reconciliation_mismatch"": 650, ""no_native_book_snapshot"": 8379, ""no_positive_net_expected_value"": 1514, ""no_priceable_native_ask_side"": 11840}",fee=current_gamma_schedule_0p07_counterfactual|ask_age<=1s|release=900s|exec=full_ladder_snapshot_upper_bound,payout_delay_sensitivity,2
free_cash_5pct_cap100,100,current_gamma_schedule_0p07_counterfactual,1,900,full_ladder_snapshot_upper_bound,100,25.33497269,-74.66502731,-74.66502731,415,49769,2356.434479,86.181,0.8850581287,2026-04-22T06:40:22+00:00,2026-08-29T14:25:54+00:00,,31.38086682,5,25.33497269,5.678155371,5.151158567,11.02077616,0.4701682058,0.48,2026-04-18,65.72646927,0.4247062793,2026-04-23,-50.14779236,"{""ambiguous_equal_source_timestamp_order"": 4029, ""archive_gap_after_book_initialization"": 8, ""archive_hour_missing_at_entry"": 36, ""ask_source_age_over_1s"": 1982, ""below_minimum_order_shares"": 21317, ""future_source_timestamp_at_entry"": 3, ""missing_official_outcome_or_resolution_time"": 11, ""native_ask_bbo_reconciliation_mismatch"": 650, ""no_native_book_snapshot"": 8379, ""no_positive_net_expected_value"": 1514, ""no_priceable_native_ask_side"": 11840}",fee=current_gamma_schedule_0p07_counterfactual|ask_age<=1s|release=900s|exec=full_ladder_snapshot_upper_bound,payout_delay_sensitivity,2
free_cash_5pct_cap_none,,current_gamma_schedule_0p07_counterfactual,1,900,full_ladder_snapshot_upper_bound,100,25.33497269,-74.66502731,-74.66502731,415,49769,2356.434479,86.181,0.8850581287,2026-04-22T06:40:22+00:00,2026-08-29T14:25:54+00:00,,31.38086682,5,25.33497269,5.678155371,5.151158567,11.02077616,0.4701682058,0.48,2026-04-18,65.72646927,0.4247062793,2026-04-23,-50.14779236,"{""ambiguous_equal_source_timestamp_order"": 4029, ""archive_gap_after_book_initialization"": 8, ""archive_hour_missing_at_entry"": 36, ""ask_source_age_over_1s"": 1982, ""below_minimum_order_shares"": 21317, ""future_source_timestamp_at_entry"": 3, ""missing_official_outcome_or_resolution_time"": 11, ""native_ask_bbo_reconciliation_mismatch"": 650, ""no_native_book_snapshot"": 8379, ""no_positive_net_expected_value"": 1514, ""no_priceable_native_ask_side"": 11840}",fee=current_gamma_schedule_0p07_counterfactual|ask_age<=1s|release=900s|exec=full_ladder_snapshot_upper_bound,payout_delay_sensitivity,2
fixed_5_usd,,current_gamma_schedule_0p07_counterfactual,1,60,price_worse_0p01,100,4.410459281,-95.58954072,-95.58954072,480,49704,2400,88.55245,0.9711173203,2026-04-22T09:56:26+00:00,2026-05-12T02:11:16+00:00,,10,2,3.455039163,5,5,5,0.4728986247,0.48,2026-04-28,27.37252156,0.2294678164,2026-04-29,-33.93709974,"{""ambiguous_equal_source_timestamp_order"": 4029, ""archive_gap_after_book_initialization"": 8, ""archive_hour_missing_at_entry"": 36, ""ask_source_age_over_1s"": 1982, ""future_source_timestamp_at_entry"": 3, ""insufficient_free_cash_for_cash_debit"": 3385, ""missing_official_outcome_or_resolution_time"": 11, ""native_ask_bbo_reconciliation_mismatch"": 650, ""no_native_book_snapshot"": 8379, ""no_positive_net_expected_value"": 28547, ""no_priceable_native_ask_side"": 2674}",fee=current_gamma_schedule_0p07_counterfactual|ask_age<=1s|release=60s|exec=price_worse_0p01,execution_sensitivity,10
free_cash_5pct_cap5,5,current_gamma_schedule_0p07_counterfactual,1,60,price_worse_0p01,100,26.88782117,-73.11217883,-73.11217883,351,49833,1496.824947,55.52155,0.8176272275,2026-04-22T09:56:26+00:00,2026-08-08T21:32:25+00:00,,10,2,26.11729691,4.264458537,4.781632495,5,0.4637329043,0.48,2026-04-28,25.94993475,0.2762173202,2026-04-29,-33.84514943,"{""ambiguous_equal_source_timestamp_order"": 4029, ""archive_gap_after_book_initialization"": 8, ""archive_hour_missing_at_entry"": 36, ""ask_source_age_over_1s"": 1982, ""below_minimum_order_shares"": 21152, ""future_source_timestamp_at_entry"": 3, ""missing_official_outcome_or_resolution_time"": 11, ""native_ask_bbo_reconciliation_mismatch"": 650, ""no_native_book_snapshot"": 8379, ""no_positive_net_expected_value"": 2624, ""no_priceable_native_ask_side"": 10959}",fee=current_gamma_schedule_0p07_counterfactual|ask_age<=1s|release=60s|exec=price_worse_0p01,execution_sensitivity,1
free_cash_5pct_cap10,10,current_gamma_schedule_0p07_counterfactual,1,60,price_worse_0p01,100,26.09849959,-73.90150041,-73.90150041,319,49865,1387.440877,51.35968,0.8239482926,2026-04-22T09:56:26+00:00,2026-08-29T14:11:54+00:00,,12.91674982,2,26.09849959,4.349344442,4.440307039,7.412168837,0.4643700363,0.48,2026-04-28,22.74806758,0.2723513302,2026-04-29,-30.40409932,"{""ambiguous_equal_source_timestamp_order"": 4029, ""archive_gap_after_book_initialization"": 8, ""archive_hour_missing_at_entry"": 36, ""ask_source_age_over_1s"": 1982, ""below_minimum_order_shares"": 21173, ""future_source_timestamp_at_entry"": 3, ""missing_official_outcome_or_resolution_time"": 11, ""native_ask_bbo_reconciliation_mismatch"": 650, ""no_native_book_snapshot"": 8379, ""no_positive_net_expected_value"": 2494, ""no_priceable_native_ask_side"": 11100}",fee=current_gamma_schedule_0p07_counterfactual|ask_age<=1s|release=60s|exec=price_worse_0p01,execution_sensitivity,2
free_cash_5pct_cap15,15,current_gamma_schedule_0p07_counterfactual,1,60,price_worse_0p01,100,26.09849959,-73.90150041,-73.90150041,319,49865,1387.440877,51.35968,0.8239482926,2026-04-22T09:56:26+00:00,2026-08-29T14:11:54+00:00,,12.91674982,2,26.09849959,4.349344442,4.440307039,7.412168837,0.4643700363,0.48,2026-04-28,22.74806758,0.2723513302,2026-04-29,-30.40409932,"{""ambiguous_equal_source_timestamp_order"": 4029, ""archive_gap_after_book_initialization"": 8, ""archive_hour_missing_at_entry"": 36, ""ask_source_age_over_1s"": 1982, ""below_minimum_order_shares"": 21173, ""future_source_timestamp_at_entry"": 3, ""missing_official_outcome_or_resolution_time"": 11, ""native_ask_bbo_reconciliation_mismatch"": 650, ""no_native_book_snapshot"": 8379, ""no_positive_net_expected_value"": 2494, ""no_priceable_native_ask_side"": 11100}",fee=current_gamma_schedule_0p07_counterfactual|ask_age<=1s|release=60s|exec=price_worse_0p01,execution_sensitivity,2
free_cash_5pct_cap20,20,current_gamma_schedule_0p07_counterfactual,1,60,price_worse_0p01,100,26.09849959,-73.90150041,-73.90150041,319,49865,1387.440877,51.35968,0.8239482926,2026-04-22T09:56:26+00:00,2026-08-29T14:11:54+00:00,,12.91674982,2,26.09849959,4.349344442,4.440307039,7.412168837,0.4643700363,0.48,2026-04-28,22.74806758,0.2723513302,2026-04-29,-30.40409932,"{""ambiguous_equal_source_timestamp_order"": 4029, ""archive_gap_after_book_initialization"": 8, ""archive_hour_missing_at_entry"": 36, ""ask_source_age_over_1s"": 1982, ""below_minimum_order_shares"": 21173, ""future_source_timestamp_at_entry"": 3, ""missing_official_outcome_or_resolution_time"": 11, ""native_ask_bbo_reconciliation_mismatch"": 650, ""no_native_book_snapshot"": 8379, ""no_positive_net_expected_value"": 2494, ""no_priceable_native_ask_side"": 11100}",fee=current_gamma_schedule_0p07_counterfactual|ask_age<=1s|release=60s|exec=price_worse_0p01,execution_sensitivity,2
free_cash_5pct_cap30,30,current_gamma_schedule_0p07_counterfactual,1,60,price_worse_0p01,100,26.09849959,-73.90150041,-73.90150041,319,49865,1387.440877,51.35968,0.8239482926,2026-04-22T09:56:26+00:00,2026-08-29T14:11:54+00:00,,12.91674982,2,26.09849959,4.349344442,4.440307039,7.412168837,0.4643700363,0.48,2026-04-28,22.74806758,0.2723513302,2026-04-29,-30.40409932,"{""ambiguous_equal_source_timestamp_order"": 4029, ""archive_gap_after_book_initialization"": 8, ""archive_hour_missing_at_entry"": 36, ""ask_source_age_over_1s"": 1982, ""below_minimum_order_shares"": 21173, ""future_source_timestamp_at_entry"": 3, ""missing_official_outcome_or_resolution_time"": 11, ""native_ask_bbo_reconciliation_mismatch"": 650, ""no_native_book_snapshot"": 8379, ""no_positive_net_expected_value"": 2494, ""no_priceable_native_ask_side"": 11100}",fee=current_gamma_schedule_0p07_counterfactual|ask_age<=1s|release=60s|exec=price_worse_0p01,execution_sensitivity,2
free_cash_5pct_cap50,50,current_gamma_schedule_0p07_counterfactual,1,60,price_worse_0p01,100,26.09849959,-73.90150041,-73.90150041,319,49865,1387.440877,51.35968,0.8239482926,2026-04-22T09:56:26+00:00,2026-08-29T14:11:54+00:00,,12.91674982,2,26.09849959,4.349344442,4.440307039,7.412168837,0.4643700363,0.48,2026-04-28,22.74806758,0.2723513302,2026-04-29,-30.40409932,"{""ambiguous_equal_source_timestamp_order"": 4029, ""archive_gap_after_book_initialization"": 8, ""archive_hour_missing_at_entry"": 36, ""ask_source_age_over_1s"": 1982, ""below_minimum_order_shares"": 21173, ""future_source_timestamp_at_entry"": 3, ""missing_official_outcome_or_resolution_time"": 11, ""native_ask_bbo_reconciliation_mismatch"": 650, ""no_native_book_snapshot"": 8379, ""no_positive_net_expected_value"": 2494, ""no_priceable_native_ask_side"": 11100}",fee=current_gamma_schedule_0p07_counterfactual|ask_age<=1s|release=60s|exec=price_worse_0p01,execution_sensitivity,2
free_cash_5pct_cap75,75,current_gamma_schedule_0p07_counterfactual,1,60,price_worse_0p01,100,26.09849959,-73.90150041,-73.90150041,319,49865,1387.440877,51.35968,0.8239482926,2026-04-22T09:56:26+00:00,2026-08-29T14:11:54+00:00,,12.91674982,2,26.09849959,4.349344442,4.440307039,7.412168837,0.4643700363,0.48,2026-04-28,22.74806758,0.2723513302,2026-04-29,-30.40409932,"{""ambiguous_equal_source_timestamp_order"": 4029, ""archive_gap_after_book_initialization"": 8, ""archive_hour_missing_at_entry"": 36, ""ask_source_age_over_1s"": 1982, ""below_minimum_order_shares"": 21173, ""future_source_timestamp_at_entry"": 3, ""missing_official_outcome_or_resolution_time"": 11, ""native_ask_bbo_reconciliation_mismatch"": 650, ""no_native_book_snapshot"": 8379, ""no_positive_net_expected_value"": 2494, ""no_priceable_native_ask_side"": 11100}",fee=current_gamma_schedule_0p07_counterfactual|ask_age<=1s|release=60s|exec=price_worse_0p01,execution_sensitivity,2
free_cash_5pct_cap100,100,current_gamma_schedule_0p07_counterfactual,1,60,price_worse_0p01,100,26.09849959,-73.90150041,-73.90150041,319,49865,1387.440877,51.35968,0.8239482926,2026-04-22T09:56:26+00:00,2026-08-29T14:11:54+00:00,,12.91674982,2,26.09849959,4.349344442,4.440307039,7.412168837,0.4643700363,0.48,2026-04-28,22.74806758,0.2723513302,2026-04-29,-30.40409932,"{""ambiguous_equal_source_timestamp_order"": 4029, ""archive_gap_after_book_initialization"": 8, ""archive_hour_missing_at_entry"": 36, ""ask_source_age_over_1s"": 1982, ""below_minimum_order_shares"": 21173, ""future_source_timestamp_at_entry"": 3, ""missing_official_outcome_or_resolution_time"": 11, ""native_ask_bbo_reconciliation_mismatch"": 650, ""no_native_book_snapshot"": 8379, ""no_positive_net_expected_value"": 2494, ""no_priceable_native_ask_side"": 11100}",fee=current_gamma_schedule_0p07_counterfactual|ask_age<=1s|release=60s|exec=price_worse_0p01,execution_sensitivity,2
free_cash_5pct_cap_none,,current_gamma_schedule_0p07_counterfactual,1,60,price_worse_0p01,100,26.09849959,-73.90150041,-73.90150041,319,49865,1387.440877,51.35968,0.8239482926,2026-04-22T09:56:26+00:00,2026-08-29T14:11:54+00:00,,12.91674982,2,26.09849959,4.349344442,4.440307039,7.412168837,0.4643700363,0.48,2026-04-28,22.74806758,0.2723513302,2026-04-29,-30.40409932,"{""ambiguous_equal_source_timestamp_order"": 4029, ""archive_gap_after_book_initialization"": 8, ""archive_hour_missing_at_entry"": 36, ""ask_source_age_over_1s"": 1982, ""below_minimum_order_shares"": 21173, ""future_source_timestamp_at_entry"": 3, ""missing_official_outcome_or_resolution_time"": 11, ""native_ask_bbo_reconciliation_mismatch"": 650, ""no_native_book_snapshot"": 8379, ""no_positive_net_expected_value"": 2494, ""no_priceable_native_ask_side"": 11100}",fee=current_gamma_schedule_0p07_counterfactual|ask_age<=1s|release=60s|exec=price_worse_0p01,execution_sensitivity,2
fixed_5_usd,,current_gamma_schedule_0p07_counterfactual,1,60,price_worse_0p02,100,4.525124864,-95.47487514,-95.47487514,138,50046,690,25.69138,0.9547487514,2026-04-15T17:04:01+00:00,2026-05-01T12:48:32+00:00,,10,2,3.780261775,5,5,5,0.4680844563,0.47,2026-04-22,20.64641557,0.3367226499,2026-04-29,-42.36740375,"{""ambiguous_equal_source_timestamp_order"": 4029, ""archive_gap_after_book_initialization"": 8, ""archive_hour_missing_at_entry"": 36, ""ask_source_age_over_1s"": 1982, ""future_source_timestamp_at_entry"": 3, ""insufficient_free_cash_for_cash_debit"": 1805, ""missing_official_outcome_or_resolution_time"": 11, ""native_ask_bbo_reconciliation_mismatch"": 650, ""no_native_book_snapshot"": 8379, ""no_positive_net_expected_value"": 30469, ""no_priceable_native_ask_side"": 2674}",fee=current_gamma_schedule_0p07_counterfactual|ask_age<=1s|release=60s|exec=price_worse_0p02,execution_sensitivity,10
free_cash_5pct_cap5,5,current_gamma_schedule_0p07_counterfactual,1,60,price_worse_0p02,100,27.64872369,-72.35127631,-72.35127631,135,50049,439.0408907,16.57143,0.7235127631,2026-04-15T17:04:01+00:00,2026-08-08T21:32:25+00:00,,7.800562179,2,27.14776121,3.252154746,3.333631176,5,0.4520278816,0.47,2026-04-22,14.81591664,0.3844555314,2026-04-29,-20.51791431,"{""ambiguous_equal_source_timestamp_order"": 4029, ""archive_gap_after_book_initialization"": 8, ""archive_hour_missing_at_entry"": 36, ""ask_source_age_over_1s"": 1982, ""below_minimum_order_shares"": 21277, ""future_source_timestamp_at_entry"": 3, ""missing_official_outcome_or_resolution_time"": 11, ""native_ask_bbo_reconciliation_mismatch"": 650, ""no_native_book_snapshot"": 8379, ""no_positive_net_expected_value"": 2110, ""no_priceable_native_ask_side"": 11564}",fee=current_gamma_schedule_0p07_counterfactual|ask_age<=1s|release=60s|exec=price_worse_0p02,execution_sensitivity,1
free_cash_5pct_cap10,10,current_gamma_schedule_0p07_counterfactual,1,60,price_worse_0p02,100,27.64872369,-72.35127631,-72.35127631,135,50049,439.0408907,16.57143,0.7235127631,2026-04-15T17:04:01+00:00,2026-08-08T21:32:25+00:00,,7.800562179,2,27.14776121,3.252154746,3.333631176,5,0.4520278816,0.47,2026-04-22,14.81591664,0.3844555314,2026-04-29,-20.51791431,"{""ambiguous_equal_source_timestamp_order"": 4029, ""archive_gap_after_book_initialization"": 8, ""archive_hour_missing_at_entry"": 36, ""ask_source_age_over_1s"": 1982, ""below_minimum_order_shares"": 21277, ""future_source_timestamp_at_entry"": 3, ""missing_official_outcome_or_resolution_time"": 11, ""native_ask_bbo_reconciliation_mismatch"": 650, ""no_native_book_snapshot"": 8379, ""no_positive_net_expected_value"": 2110, ""no_priceable_native_ask_side"": 11564}",fee=current_gamma_schedule_0p07_counterfactual|ask_age<=1s|release=60s|exec=price_worse_0p02,execution_sensitivity,1
free_cash_5pct_cap15,15,current_gamma_schedule_0p07_counterfactual,1,60,price_worse_0p02,100,27.64872369,-72.35127631,-72.35127631,135,50049,439.0408907,16.57143,0.7235127631,2026-04-15T17:04:01+00:00,2026-08-08T21:32:25+00:00,,7.800562179,2,27.14776121,3.252154746,3.333631176,5,0.4520278816,0.47,2026-04-22,14.81591664,0.3844555314,2026-04-29,-20.51791431,"{""ambiguous_equal_source_timestamp_order"": 4029, ""archive_gap_after_book_initialization"": 8, ""archive_hour_missing_at_entry"": 36, ""ask_source_age_over_1s"": 1982, ""below_minimum_order_shares"": 21277, ""future_source_timestamp_at_entry"": 3, ""missing_official_outcome_or_resolution_time"": 11, ""native_ask_bbo_reconciliation_mismatch"": 650, ""no_native_book_snapshot"": 8379, ""no_positive_net_expected_value"": 2110, ""no_priceable_native_ask_side"": 11564}",fee=current_gamma_schedule_0p07_counterfactual|ask_age<=1s|release=60s|exec=price_worse_0p02,execution_sensitivity,1
free_cash_5pct_cap20,20,current_gamma_schedule_0p07_counterfactual,1,60,price_worse_0p02,100,27.64872369,-72.35127631,-72.35127631,135,50049,439.0408907,16.57143,0.7235127631,2026-04-15T17:04:01+00:00,2026-08-08T21:32:25+00:00,,7.800562179,2,27.14776121,3.252154746,3.333631176,5,0.4520278816,0.47,2026-04-22,14.81591664,0.3844555314,2026-04-29,-20.51791431,"{""ambiguous_equal_source_timestamp_order"": 4029, ""archive_gap_after_book_initialization"": 8, ""archive_hour_missing_at_entry"": 36, ""ask_source_age_over_1s"": 1982, ""below_minimum_order_shares"": 21277, ""future_source_timestamp_at_entry"": 3, ""missing_official_outcome_or_resolution_time"": 11, ""native_ask_bbo_reconciliation_mismatch"": 650, ""no_native_book_snapshot"": 8379, ""no_positive_net_expected_value"": 2110, ""no_priceable_native_ask_side"": 11564}",fee=current_gamma_schedule_0p07_counterfactual|ask_age<=1s|release=60s|exec=price_worse_0p02,execution_sensitivity,1
free_cash_5pct_cap30,30,current_gamma_schedule_0p07_counterfactual,1,60,price_worse_0p02,100,27.64872369,-72.35127631,-72.35127631,135,50049,439.0408907,16.57143,0.7235127631,2026-04-15T17:04:01+00:00,2026-08-08T21:32:25+00:00,,7.800562179,2,27.14776121,3.252154746,3.333631176,5,0.4520278816,0.47,2026-04-22,14.81591664,0.3844555314,2026-04-29,-20.51791431,"{""ambiguous_equal_source_timestamp_order"": 4029, ""archive_gap_after_book_initialization"": 8, ""archive_hour_missing_at_entry"": 36, ""ask_source_age_over_1s"": 1982, ""below_minimum_order_shares"": 21277, ""future_source_timestamp_at_entry"": 3, ""missing_official_outcome_or_resolution_time"": 11, ""native_ask_bbo_reconciliation_mismatch"": 650, ""no_native_book_snapshot"": 8379, ""no_positive_net_expected_value"": 2110, ""no_priceable_native_ask_side"": 11564}",fee=current_gamma_schedule_0p07_counterfactual|ask_age<=1s|release=60s|exec=price_worse_0p02,execution_sensitivity,1
free_cash_5pct_cap50,50,current_gamma_schedule_0p07_counterfactual,1,60,price_worse_0p02,100,27.64872369,-72.35127631,-72.35127631,135,50049,439.0408907,16.57143,0.7235127631,2026-04-15T17:04:01+00:00,2026-08-08T21:32:25+00:00,,7.800562179,2,27.14776121,3.252154746,3.333631176,5,0.4520278816,0.47,2026-04-22,14.81591664,0.3844555314,2026-04-29,-20.51791431,"{""ambiguous_equal_source_timestamp_order"": 4029, ""archive_gap_after_book_initialization"": 8, ""archive_hour_missing_at_entry"": 36, ""ask_source_age_over_1s"": 1982, ""below_minimum_order_shares"": 21277, ""future_source_timestamp_at_entry"": 3, ""missing_official_outcome_or_resolution_time"": 11, ""native_ask_bbo_reconciliation_mismatch"": 650, ""no_native_book_snapshot"": 8379, ""no_positive_net_expected_value"": 2110, ""no_priceable_native_ask_side"": 11564}",fee=current_gamma_schedule_0p07_counterfactual|ask_age<=1s|release=60s|exec=price_worse_0p02,execution_sensitivity,1
free_cash_5pct_cap75,75,current_gamma_schedule_0p07_counterfactual,1,60,price_worse_0p02,100,27.64872369,-72.35127631,-72.35127631,135,50049,439.0408907,16.57143,0.7235127631,2026-04-15T17:04:01+00:00,2026-08-08T21:32:25+00:00,,7.800562179,2,27.14776121,3.252154746,3.333631176,5,0.4520278816,0.47,2026-04-22,14.81591664,0.3844555314,2026-04-29,-20.51791431,"{""ambiguous_equal_source_timestamp_order"": 4029, ""archive_gap_after_book_initialization"": 8, ""archive_hour_missing_at_entry"": 36, ""ask_source_age_over_1s"": 1982, ""below_minimum_order_shares"": 21277, ""future_source_timestamp_at_entry"": 3, ""missing_official_outcome_or_resolution_time"": 11, ""native_ask_bbo_reconciliation_mismatch"": 650, ""no_native_book_snapshot"": 8379, ""no_positive_net_expected_value"": 2110, ""no_priceable_native_ask_side"": 11564}",fee=current_gamma_schedule_0p07_counterfactual|ask_age<=1s|release=60s|exec=price_worse_0p02,execution_sensitivity,1
free_cash_5pct_cap100,100,current_gamma_schedule_0p07_counterfactual,1,60,price_worse_0p02,100,27.64872369,-72.35127631,-72.35127631,135,50049,439.0408907,16.57143,0.7235127631,2026-04-15T17:04:01+00:00,2026-08-08T21:32:25+00:00,,7.800562179,2,27.14776121,3.252154746,3.333631176,5,0.4520278816,0.47,2026-04-22,14.81591664,0.3844555314,2026-04-29,-20.51791431,"{""ambiguous_equal_source_timestamp_order"": 4029, ""archive_gap_after_book_initialization"": 8, ""archive_hour_missing_at_entry"": 36, ""ask_source_age_over_1s"": 1982, ""below_minimum_order_shares"": 21277, ""future_source_timestamp_at_entry"": 3, ""missing_official_outcome_or_resolution_time"": 11, ""native_ask_bbo_reconciliation_mismatch"": 650, ""no_native_book_snapshot"": 8379, ""no_positive_net_expected_value"": 2110, ""no_priceable_native_ask_side"": 11564}",fee=current_gamma_schedule_0p07_counterfactual|ask_age<=1s|release=60s|exec=price_worse_0p02,execution_sensitivity,1
free_cash_5pct_cap_none,,current_gamma_schedule_0p07_counterfactual,1,60,price_worse_0p02,100,27.64872369,-72.35127631,-72.35127631,135,50049,439.0408907,16.57143,0.7235127631,2026-04-15T17:04:01+00:00,2026-08-08T21:32:25+00:00,,7.800562179,2,27.14776121,3.252154746,3.333631176,5,0.4520278816,0.47,2026-04-22,14.81591664,0.3844555314,2026-04-29,-20.51791431,"{""ambiguous_equal_source_timestamp_order"": 4029, ""archive_gap_after_book_initialization"": 8, ""archive_hour_missing_at_entry"": 36, ""ask_source_age_over_1s"": 1982, ""below_minimum_order_shares"": 21277, ""future_source_timestamp_at_entry"": 3, ""missing_official_outcome_or_resolution_time"": 11, ""native_ask_bbo_reconciliation_mismatch"": 650, ""no_native_book_snapshot"": 8379, ""no_positive_net_expected_value"": 2110, ""no_priceable_native_ask_side"": 11564}",fee=current_gamma_schedule_0p07_counterfactual|ask_age<=1s|release=60s|exec=price_worse_0p02,execution_sensitivity,1
fixed_5_usd,,current_gamma_schedule_0p07_counterfactual,1,60,half_depth_full_size_or_skip,100,4.796538434,-95.20346157,-95.20346157,666,49518,3330,122.26267,0.9776587587,2026-04-22T06:26:22+00:00,2026-05-03T19:51:26+00:00,,10,2,0.7225781537,5,5,5,0.4754865561,0.48,2026-04-18,61.90056835,0.3137335785,2026-04-27,-44.90691327,"{""ambiguous_equal_source_timestamp_order"": 4029, ""archive_gap_after_book_initialization"": 8, ""archive_hour_missing_at_entry"": 36, ""ask_source_age_over_1s"": 1982, ""future_source_timestamp_at_entry"": 3, ""insufficient_free_cash_for_cash_debit"": 7060, ""missing_official_outcome_or_resolution_time"": 11, ""native_ask_bbo_reconciliation_mismatch"": 650, ""no_native_book_snapshot"": 8379, ""no_positive_net_expected_value"": 24686, ""no_priceable_native_ask_side"": 2674}",fee=current_gamma_schedule_0p07_counterfactual|ask_age<=1s|release=60s|exec=half_depth_full_size_or_skip,execution_sensitivity,10
free_cash_5pct_cap5,5,current_gamma_schedule_0p07_counterfactual,1,60,half_depth_full_size_or_skip,100,25.75079387,-74.24920613,-74.24920613,463,49721,2142.690801,78.5918,0.8757468466,2026-04-22T06:26:22+00:00,2026-08-08T21:32:25+00:00,,10,2,25.75079387,4.627841902,5,5,0.4719972902,0.48,2026-04-18,61.21558542,0.4320672128,2026-04-17,-37.07323889,"{""ambiguous_equal_source_timestamp_order"": 4029, ""archive_gap_after_book_initialization"": 8, ""archive_hour_missing_at_entry"": 36, ""ask_source_age_over_1s"": 1982, ""below_minimum_order_shares"": 21285, ""future_source_timestamp_at_entry"": 3, ""missing_official_outcome_or_resolution_time"": 11, ""native_ask_bbo_reconciliation_mismatch"": 650, ""no_native_book_snapshot"": 8379, ""no_positive_net_expected_value"": 1673, ""no_priceable_native_ask_side"": 11665}",fee=current_gamma_schedule_0p07_counterfactual|ask_age<=1s|release=60s|exec=half_depth_full_size_or_skip,execution_sensitivity,1
free_cash_5pct_cap10,10,current_gamma_schedule_0p07_counterfactual,1,60,half_depth_full_size_or_skip,100,25.58691814,-74.41308186,-74.41308186,428,49756,2319.386236,84.84443,0.873590803,2026-04-22T06:26:22+00:00,2026-08-08T21:32:25+00:00,,19.6031711,2,25.58691814,5.41912672,4.95052589,10,0.4706259883,0.48,2026-04-18,68.41596001,0.4297987377,2026-04-23,-46.91435437,"{""ambiguous_equal_source_timestamp_order"": 4029, ""archive_gap_after_book_initialization"": 8, ""archive_hour_missing_at_entry"": 36, ""ask_source_age_over_1s"": 1982, ""below_minimum_order_shares"": 21307, ""future_source_timestamp_at_entry"": 3, ""missing_official_outcome_or_resolution_time"": 11, ""native_ask_bbo_reconciliation_mismatch"": 650, ""no_native_book_snapshot"": 8379, ""no_positive_net_expected_value"": 1540, ""no_priceable_native_ask_side"": 11811}",fee=current_gamma_schedule_0p07_counterfactual|ask_age<=1s|release=60s|exec=half_depth_full_size_or_skip,execution_sensitivity,2
free_cash_5pct_cap15,15,current_gamma_schedule_0p07_counterfactual,1,60,half_depth_full_size_or_skip,100,25.57028556,-74.42971444,-74.42971444,428,49756,2318.913281,84.82668,0.8736729743,2026-04-22T06:26:22+00:00,2026-08-08T21:32:25+00:00,,19.71759765,2,25.57028556,5.418021684,4.949139946,10.1206711,0.4706258079,0.48,2026-04-18,68.41596001,0.4298038543,2026-04-23,-46.88379538,"{""ambiguous_equal_source_timestamp_order"": 4029, ""archive_gap_after_book_initialization"": 8, ""archive_hour_missing_at_entry"": 36, ""ask_source_age_over_1s"": 1982, ""below_minimum_order_shares"": 21307, ""future_source_timestamp_at_entry"": 3, ""missing_official_outcome_or_resolution_time"": 11, ""native_ask_bbo_reconciliation_mismatch"": 650, ""no_native_book_snapshot"": 8379, ""no_positive_net_expected_value"": 1540, ""no_priceable_native_ask_side"": 11811}",fee=current_gamma_schedule_0p07_counterfactual|ask_age<=1s|release=60s|exec=half_depth_full_size_or_skip,execution_sensitivity,3
free_cash_5pct_cap20,20,current_gamma_schedule_0p07_counterfactual,1,60,half_depth_full_size_or_skip,100,25.57028556,-74.42971444,-74.42971444,428,49756,2318.913281,84.82668,0.8736729743,2026-04-22T06:26:22+00:00,2026-08-08T21:32:25+00:00,,19.71759765,2,25.57028556,5.418021684,4.949139946,10.1206711,0.4706258079,0.48,2026-04-18,68.41596001,0.4298038543,2026-04-23,-46.88379538,"{""ambiguous_equal_source_timestamp_order"": 4029, ""archive_gap_after_book_initialization"": 8, ""archive_hour_missing_at_entry"": 36, ""ask_source_age_over_1s"": 1982, ""below_minimum_order_shares"": 21307, ""future_source_timestamp_at_entry"": 3, ""missing_official_outcome_or_resolution_time"": 11, ""native_ask_bbo_reconciliation_mismatch"": 650, ""no_native_book_snapshot"": 8379, ""no_positive_net_expected_value"": 1540, ""no_priceable_native_ask_side"": 11811}",fee=current_gamma_schedule_0p07_counterfactual|ask_age<=1s|release=60s|exec=half_depth_full_size_or_skip,execution_sensitivity,3
free_cash_5pct_cap30,30,current_gamma_schedule_0p07_counterfactual,1,60,half_depth_full_size_or_skip,100,25.57028556,-74.42971444,-74.42971444,428,49756,2318.913281,84.82668,0.8736729743,2026-04-22T06:26:22+00:00,2026-08-08T21:32:25+00:00,,19.71759765,2,25.57028556,5.418021684,4.949139946,10.1206711,0.4706258079,0.48,2026-04-18,68.41596001,0.4298038543,2026-04-23,-46.88379538,"{""ambiguous_equal_source_timestamp_order"": 4029, ""archive_gap_after_book_initialization"": 8, ""archive_hour_missing_at_entry"": 36, ""ask_source_age_over_1s"": 1982, ""below_minimum_order_shares"": 21307, ""future_source_timestamp_at_entry"": 3, ""missing_official_outcome_or_resolution_time"": 11, ""native_ask_bbo_reconciliation_mismatch"": 650, ""no_native_book_snapshot"": 8379, ""no_positive_net_expected_value"": 1540, ""no_priceable_native_ask_side"": 11811}",fee=current_gamma_schedule_0p07_counterfactual|ask_age<=1s|release=60s|exec=half_depth_full_size_or_skip,execution_sensitivity,3
free_cash_5pct_cap50,50,current_gamma_schedule_0p07_counterfactual,1,60,half_depth_full_size_or_skip,100,25.57028556,-74.42971444,-74.42971444,428,49756,2318.913281,84.82668,0.8736729743,2026-04-22T06:26:22+00:00,2026-08-08T21:32:25+00:00,,19.71759765,2,25.57028556,5.418021684,4.949139946,10.1206711,0.4706258079,0.48,2026-04-18,68.41596001,0.4298038543,2026-04-23,-46.88379538,"{""ambiguous_equal_source_timestamp_order"": 4029, ""archive_gap_after_book_initialization"": 8, ""archive_hour_missing_at_entry"": 36, ""ask_source_age_over_1s"": 1982, ""below_minimum_order_shares"": 21307, ""future_source_timestamp_at_entry"": 3, ""missing_official_outcome_or_resolution_time"": 11, ""native_ask_bbo_reconciliation_mismatch"": 650, ""no_native_book_snapshot"": 8379, ""no_positive_net_expected_value"": 1540, ""no_priceable_native_ask_side"": 11811}",fee=current_gamma_schedule_0p07_counterfactual|ask_age<=1s|release=60s|exec=half_depth_full_size_or_skip,execution_sensitivity,3
free_cash_5pct_cap75,75,current_gamma_schedule_0p07_counterfactual,1,60,half_depth_full_size_or_skip,100,25.57028556,-74.42971444,-74.42971444,428,49756,2318.913281,84.82668,0.8736729743,2026-04-22T06:26:22+00:00,2026-08-08T21:32:25+00:00,,19.71759765,2,25.57028556,5.418021684,4.949139946,10.1206711,0.4706258079,0.48,2026-04-18,68.41596001,0.4298038543,2026-04-23,-46.88379538,"{""ambiguous_equal_source_timestamp_order"": 4029, ""archive_gap_after_book_initialization"": 8, ""archive_hour_missing_at_entry"": 36, ""ask_source_age_over_1s"": 1982, ""below_minimum_order_shares"": 21307, ""future_source_timestamp_at_entry"": 3, ""missing_official_outcome_or_resolution_time"": 11, ""native_ask_bbo_reconciliation_mismatch"": 650, ""no_native_book_snapshot"": 8379, ""no_positive_net_expected_value"": 1540, ""no_priceable_native_ask_side"": 11811}",fee=current_gamma_schedule_0p07_counterfactual|ask_age<=1s|release=60s|exec=half_depth_full_size_or_skip,execution_sensitivity,3
free_cash_5pct_cap100,100,current_gamma_schedule_0p07_counterfactual,1,60,half_depth_full_size_or_skip,100,25.57028556,-74.42971444,-74.42971444,428,49756,2318.913281,84.82668,0.8736729743,2026-04-22T06:26:22+00:00,2026-08-08T21:32:25+00:00,,19.71759765,2,25.57028556,5.418021684,4.949139946,10.1206711,0.4706258079,0.48,2026-04-18,68.41596001,0.4298038543,2026-04-23,-46.88379538,"{""ambiguous_equal_source_timestamp_order"": 4029, ""archive_gap_after_book_initialization"": 8, ""archive_hour_missing_at_entry"": 36, ""ask_source_age_over_1s"": 1982, ""below_minimum_order_shares"": 21307, ""future_source_timestamp_at_entry"": 3, ""missing_official_outcome_or_resolution_time"": 11, ""native_ask_bbo_reconciliation_mismatch"": 650, ""no_native_book_snapshot"": 8379, ""no_positive_net_expected_value"": 1540, ""no_priceable_native_ask_side"": 11811}",fee=current_gamma_schedule_0p07_counterfactual|ask_age<=1s|release=60s|exec=half_depth_full_size_or_skip,execution_sensitivity,3
free_cash_5pct_cap_none,,current_gamma_schedule_0p07_counterfactual,1,60,half_depth_full_size_or_skip,100,25.57028556,-74.42971444,-74.42971444,428,49756,2318.913281,84.82668,0.8736729743,2026-04-22T06:26:22+00:00,2026-08-08T21:32:25+00:00,,19.71759765,2,25.57028556,5.418021684,4.949139946,10.1206711,0.4706258079,0.48,2026-04-18,68.41596001,0.4298038543,2026-04-23,-46.88379538,"{""ambiguous_equal_source_timestamp_order"": 4029, ""archive_gap_after_book_initialization"": 8, ""archive_hour_missing_at_entry"": 36, ""ask_source_age_over_1s"": 1982, ""below_minimum_order_shares"": 21307, ""future_source_timestamp_at_entry"": 3, ""missing_official_outcome_or_resolution_time"": 11, ""native_ask_bbo_reconciliation_mismatch"": 650, ""no_native_book_snapshot"": 8379, ""no_positive_net_expected_value"": 1540, ""no_priceable_native_ask_side"": 11811}",fee=current_gamma_schedule_0p07_counterfactual|ask_age<=1s|release=60s|exec=half_depth_full_size_or_skip,execution_sensitivity,3
fixed_5_usd,,current_gamma_schedule_0p07_counterfactual,1,60,no_fill,100,100,0,0,0,50184,0,0,0,,,,0,0,100,,,0,,,,0,,,,"{""ambiguous_equal_source_timestamp_order"": 4029, ""archive_gap_after_book_initialization"": 8, ""archive_hour_missing_at_entry"": 36, ""ask_source_age_over_1s"": 1982, ""future_source_timestamp_at_entry"": 3, ""missing_official_outcome_or_resolution_time"": 11, ""native_ask_bbo_reconciliation_mismatch"": 650, ""no_fill_assumption"": 32412, ""no_native_book_snapshot"": 8379, ""no_priceable_native_ask_side"": 2674}",fee=current_gamma_schedule_0p07_counterfactual|ask_age<=1s|release=60s|exec=no_fill,execution_sensitivity,1
free_cash_5pct_cap5,5,current_gamma_schedule_0p07_counterfactual,1,60,no_fill,100,100,0,0,0,50184,0,0,0,,,,0,0,100,,,0,,,,0,,,,"{""ambiguous_equal_source_timestamp_order"": 4029, ""archive_gap_after_book_initialization"": 8, ""archive_hour_missing_at_entry"": 36, ""ask_source_age_over_1s"": 1982, ""future_source_timestamp_at_entry"": 3, ""missing_official_outcome_or_resolution_time"": 11, ""native_ask_bbo_reconciliation_mismatch"": 650, ""no_fill_assumption"": 32412, ""no_native_book_snapshot"": 8379, ""no_priceable_native_ask_side"": 2674}",fee=current_gamma_schedule_0p07_counterfactual|ask_age<=1s|release=60s|exec=no_fill,execution_sensitivity,1
free_cash_5pct_cap10,10,current_gamma_schedule_0p07_counterfactual,1,60,no_fill,100,100,0,0,0,50184,0,0,0,,,,0,0,100,,,0,,,,0,,,,"{""ambiguous_equal_source_timestamp_order"": 4029, ""archive_gap_after_book_initialization"": 8, ""archive_hour_missing_at_entry"": 36, ""ask_source_age_over_1s"": 1982, ""future_source_timestamp_at_entry"": 3, ""missing_official_outcome_or_resolution_time"": 11, ""native_ask_bbo_reconciliation_mismatch"": 650, ""no_fill_assumption"": 32412, ""no_native_book_snapshot"": 8379, ""no_priceable_native_ask_side"": 2674}",fee=current_gamma_schedule_0p07_counterfactual|ask_age<=1s|release=60s|exec=no_fill,execution_sensitivity,1
free_cash_5pct_cap15,15,current_gamma_schedule_0p07_counterfactual,1,60,no_fill,100,100,0,0,0,50184,0,0,0,,,,0,0,100,,,0,,,,0,,,,"{""ambiguous_equal_source_timestamp_order"": 4029, ""archive_gap_after_book_initialization"": 8, ""archive_hour_missing_at_entry"": 36, ""ask_source_age_over_1s"": 1982, ""future_source_timestamp_at_entry"": 3, ""missing_official_outcome_or_resolution_time"": 11, ""native_ask_bbo_reconciliation_mismatch"": 650, ""no_fill_assumption"": 32412, ""no_native_book_snapshot"": 8379, ""no_priceable_native_ask_side"": 2674}",fee=current_gamma_schedule_0p07_counterfactual|ask_age<=1s|release=60s|exec=no_fill,execution_sensitivity,1
free_cash_5pct_cap20,20,current_gamma_schedule_0p07_counterfactual,1,60,no_fill,100,100,0,0,0,50184,0,0,0,,,,0,0,100,,,0,,,,0,,,,"{""ambiguous_equal_source_timestamp_order"": 4029, ""archive_gap_after_book_initialization"": 8, ""archive_hour_missing_at_entry"": 36, ""ask_source_age_over_1s"": 1982, ""future_source_timestamp_at_entry"": 3, ""missing_official_outcome_or_resolution_time"": 11, ""native_ask_bbo_reconciliation_mismatch"": 650, ""no_fill_assumption"": 32412, ""no_native_book_snapshot"": 8379, ""no_priceable_native_ask_side"": 2674}",fee=current_gamma_schedule_0p07_counterfactual|ask_age<=1s|release=60s|exec=no_fill,execution_sensitivity,1
free_cash_5pct_cap30,30,current_gamma_schedule_0p07_counterfactual,1,60,no_fill,100,100,0,0,0,50184,0,0,0,,,,0,0,100,,,0,,,,0,,,,"{""ambiguous_equal_source_timestamp_order"": 4029, ""archive_gap_after_book_initialization"": 8, ""archive_hour_missing_at_entry"": 36, ""ask_source_age_over_1s"": 1982, ""future_source_timestamp_at_entry"": 3, ""missing_official_outcome_or_resolution_time"": 11, ""native_ask_bbo_reconciliation_mismatch"": 650, ""no_fill_assumption"": 32412, ""no_native_book_snapshot"": 8379, ""no_priceable_native_ask_side"": 2674}",fee=current_gamma_schedule_0p07_counterfactual|ask_age<=1s|release=60s|exec=no_fill,execution_sensitivity,1
free_cash_5pct_cap50,50,current_gamma_schedule_0p07_counterfactual,1,60,no_fill,100,100,0,0,0,50184,0,0,0,,,,0,0,100,,,0,,,,0,,,,"{""ambiguous_equal_source_timestamp_order"": 4029, ""archive_gap_after_book_initialization"": 8, ""archive_hour_missing_at_entry"": 36, ""ask_source_age_over_1s"": 1982, ""future_source_timestamp_at_entry"": 3, ""missing_official_outcome_or_resolution_time"": 11, ""native_ask_bbo_reconciliation_mismatch"": 650, ""no_fill_assumption"": 32412, ""no_native_book_snapshot"": 8379, ""no_priceable_native_ask_side"": 2674}",fee=current_gamma_schedule_0p07_counterfactual|ask_age<=1s|release=60s|exec=no_fill,execution_sensitivity,1
free_cash_5pct_cap75,75,current_gamma_schedule_0p07_counterfactual,1,60,no_fill,100,100,0,0,0,50184,0,0,0,,,,0,0,100,,,0,,,,0,,,,"{""ambiguous_equal_source_timestamp_order"": 4029, ""archive_gap_after_book_initialization"": 8, ""archive_hour_missing_at_entry"": 36, ""ask_source_age_over_1s"": 1982, ""future_source_timestamp_at_entry"": 3, ""missing_official_outcome_or_resolution_time"": 11, ""native_ask_bbo_reconciliation_mismatch"": 650, ""no_fill_assumption"": 32412, ""no_native_book_snapshot"": 8379, ""no_priceable_native_ask_side"": 2674}",fee=current_gamma_schedule_0p07_counterfactual|ask_age<=1s|release=60s|exec=no_fill,execution_sensitivity,1
free_cash_5pct_cap100,100,current_gamma_schedule_0p07_counterfactual,1,60,no_fill,100,100,0,0,0,50184,0,0,0,,,,0,0,100,,,0,,,,0,,,,"{""ambiguous_equal_source_timestamp_order"": 4029, ""archive_gap_after_book_initialization"": 8, ""archive_hour_missing_at_entry"": 36, ""ask_source_age_over_1s"": 1982, ""future_source_timestamp_at_entry"": 3, ""missing_official_outcome_or_resolution_time"": 11, ""native_ask_bbo_reconciliation_mismatch"": 650, ""no_fill_assumption"": 32412, ""no_native_book_snapshot"": 8379, ""no_priceable_native_ask_side"": 2674}",fee=current_gamma_schedule_0p07_counterfactual|ask_age<=1s|release=60s|exec=no_fill,execution_sensitivity,1
free_cash_5pct_cap_none,,current_gamma_schedule_0p07_counterfactual,1,60,no_fill,100,100,0,0,0,50184,0,0,0,,,,0,0,100,,,0,,,,0,,,,"{""ambiguous_equal_source_timestamp_order"": 4029, ""archive_gap_after_book_initialization"": 8, ""archive_hour_missing_at_entry"": 36, ""ask_source_age_over_1s"": 1982, ""future_source_timestamp_at_entry"": 3, ""missing_official_outcome_or_resolution_time"": 11, ""native_ask_bbo_reconciliation_mismatch"": 650, ""no_fill_assumption"": 32412, ""no_native_book_snapshot"": 8379, ""no_priceable_native_ask_side"": 2674}",fee=current_gamma_schedule_0p07_counterfactual|ask_age<=1s|release=60s|exec=no_fill,execution_sensitivity,1
fixed_5_usd,,current_gamma_schedule_0p07_counterfactual,1,60,fak_two_ticks_if_tick_0p001,100,0.5598882204,-99.44011178,-99.44011178,433,49751,2165,79.086,0.9967447907,2026-04-21T06:16:26+00:00,2026-04-27T19:51:52+00:00,,10,2,0.5598882204,5,5,5,0.4781524249,0.49,2026-04-18,61.90021835,0.4584605212,2026-04-17,-40.66154226,"{""ambiguous_equal_source_timestamp_order"": 4029, ""archive_gap_after_book_initialization"": 8, ""archive_hour_missing_at_entry"": 36, ""ask_source_age_over_1s"": 1982, ""future_source_timestamp_at_entry"": 3, ""insufficient_depth_for_requested_amount"": 1185, ""insufficient_free_cash_for_cash_debit"": 7098, ""missing_official_outcome_or_resolution_time"": 11, ""native_ask_bbo_reconciliation_mismatch"": 650, ""no_native_book_snapshot"": 8379, ""no_positive_net_expected_value"": 23696, ""no_priceable_native_ask_side"": 2674}",fee=current_gamma_schedule_0p07_counterfactual|ask_age<=1s|release=60s|exec=fak_two_ticks_if_tick_0p001,execution_sensitivity,10
free_cash_5pct_cap5,5,current_gamma_schedule_0p07_counterfactual,1,60,fak_two_ticks_if_tick_0p001,100,24.98597635,-75.01402365,-75.01402365,373,49811,1621.28614,59.32933,0.8459044271,2026-04-21T06:16:26+00:00,2026-08-29T14:11:54+00:00,,10,2,24.98597635,4.346611636,5,5,0.4713404826,0.49,2026-04-18,57.9792384,0.4707663273,2026-04-17,-40.1105429,"{""ambiguous_equal_source_timestamp_order"": 4029, ""archive_gap_after_book_initialization"": 8, ""archive_hour_missing_at_entry"": 36, ""ask_source_age_over_1s"": 1982, ""below_minimum_order_shares"": 21209, ""future_source_timestamp_at_entry"": 3, ""insufficient_depth_for_requested_amount"": 185, ""missing_official_outcome_or_resolution_time"": 11, ""native_ask_bbo_reconciliation_mismatch"": 650, ""no_native_book_snapshot"": 8379, ""no_positive_net_expected_value"": 1421, ""no_priceable_native_ask_side"": 11898}",fee=current_gamma_schedule_0p07_counterfactual|ask_age<=1s|release=60s|exec=fak_two_ticks_if_tick_0p001,execution_sensitivity,9
free_cash_5pct_cap10,10,current_gamma_schedule_0p07_counterfactual,1,60,fak_two_ticks_if_tick_0p001,100,25.34572365,-74.65427635,-74.65427635,333,49851,1635.822445,59.79364,0.8392800755,2026-04-20T16:11:18+00:00,2026-08-29T14:11:54+00:00,,15.32906767,2,25.34572365,4.912379714,4.859127813,7.88505959,0.4704804805,0.49,2026-04-18,59.4270067,0.4694290844,2026-04-17,-42.17432996,"{""ambiguous_equal_source_timestamp_order"": 4029, ""archive_gap_after_book_initialization"": 8, ""archive_hour_missing_at_entry"": 36, ""ask_source_age_over_1s"": 1982, ""below_minimum_order_shares"": 21232, ""future_source_timestamp_at_entry"": 3, ""insufficient_depth_for_requested_amount"": 191, ""missing_official_outcome_or_resolution_time"": 11, ""native_ask_bbo_reconciliation_mismatch"": 650, ""no_native_book_snapshot"": 8379, ""no_positive_net_expected_value"": 1360, ""no_priceable_native_ask_side"": 11970}",fee=current_gamma_schedule_0p07_counterfactual|ask_age<=1s|release=60s|exec=fak_two_ticks_if_tick_0p001,execution_sensitivity,1
free_cash_5pct_cap15,15,current_gamma_schedule_0p07_counterfactual,1,60,fak_two_ticks_if_tick_0p001,100,25.34572365,-74.65427635,-74.65427635,333,49851,1635.822445,59.79364,0.8392800755,2026-04-20T16:11:18+00:00,2026-08-29T14:11:54+00:00,,15.32906767,2,25.34572365,4.912379714,4.859127813,7.88505959,0.4704804805,0.49,2026-04-18,59.4270067,0.4694290844,2026-04-17,-42.17432996,"{""ambiguous_equal_source_timestamp_order"": 4029, ""archive_gap_after_book_initialization"": 8, ""archive_hour_missing_at_entry"": 36, ""ask_source_age_over_1s"": 1982, ""below_minimum_order_shares"": 21232, ""future_source_timestamp_at_entry"": 3, ""insufficient_depth_for_requested_amount"": 191, ""missing_official_outcome_or_resolution_time"": 11, ""native_ask_bbo_reconciliation_mismatch"": 650, ""no_native_book_snapshot"": 8379, ""no_positive_net_expected_value"": 1360, ""no_priceable_native_ask_side"": 11970}",fee=current_gamma_schedule_0p07_counterfactual|ask_age<=1s|release=60s|exec=fak_two_ticks_if_tick_0p001,execution_sensitivity,1
free_cash_5pct_cap20,20,current_gamma_schedule_0p07_counterfactual,1,60,fak_two_ticks_if_tick_0p001,100,25.34572365,-74.65427635,-74.65427635,333,49851,1635.822445,59.79364,0.8392800755,2026-04-20T16:11:18+00:00,2026-08-29T14:11:54+00:00,,15.32906767,2,25.34572365,4.912379714,4.859127813,7.88505959,0.4704804805,0.49,2026-04-18,59.4270067,0.4694290844,2026-04-17,-42.17432996,"{""ambiguous_equal_source_timestamp_order"": 4029, ""archive_gap_after_book_initialization"": 8, ""archive_hour_missing_at_entry"": 36, ""ask_source_age_over_1s"": 1982, ""below_minimum_order_shares"": 21232, ""future_source_timestamp_at_entry"": 3, ""insufficient_depth_for_requested_amount"": 191, ""missing_official_outcome_or_resolution_time"": 11, ""native_ask_bbo_reconciliation_mismatch"": 650, ""no_native_book_snapshot"": 8379, ""no_positive_net_expected_value"": 1360, ""no_priceable_native_ask_side"": 11970}",fee=current_gamma_schedule_0p07_counterfactual|ask_age<=1s|release=60s|exec=fak_two_ticks_if_tick_0p001,execution_sensitivity,1
free_cash_5pct_cap30,30,current_gamma_schedule_0p07_counterfactual,1,60,fak_two_ticks_if_tick_0p001,100,25.34572365,-74.65427635,-74.65427635,333,49851,1635.822445,59.79364,0.8392800755,2026-04-20T16:11:18+00:00,2026-08-29T14:11:54+00:00,,15.32906767,2,25.34572365,4.912379714,4.859127813,7.88505959,0.4704804805,0.49,2026-04-18,59.4270067,0.4694290844,2026-04-17,-42.17432996,"{""ambiguous_equal_source_timestamp_order"": 4029, ""archive_gap_after_book_initialization"": 8, ""archive_hour_missing_at_entry"": 36, ""ask_source_age_over_1s"": 1982, ""below_minimum_order_shares"": 21232, ""future_source_timestamp_at_entry"": 3, ""insufficient_depth_for_requested_amount"": 191, ""missing_official_outcome_or_resolution_time"": 11, ""native_ask_bbo_reconciliation_mismatch"": 650, ""no_native_book_snapshot"": 8379, ""no_positive_net_expected_value"": 1360, ""no_priceable_native_ask_side"": 11970}",fee=current_gamma_schedule_0p07_counterfactual|ask_age<=1s|release=60s|exec=fak_two_ticks_if_tick_0p001,execution_sensitivity,1
free_cash_5pct_cap50,50,current_gamma_schedule_0p07_counterfactual,1,60,fak_two_ticks_if_tick_0p001,100,25.34572365,-74.65427635,-74.65427635,333,49851,1635.822445,59.79364,0.8392800755,2026-04-20T16:11:18+00:00,2026-08-29T14:11:54+00:00,,15.32906767,2,25.34572365,4.912379714,4.859127813,7.88505959,0.4704804805,0.49,2026-04-18,59.4270067,0.4694290844,2026-04-17,-42.17432996,"{""ambiguous_equal_source_timestamp_order"": 4029, ""archive_gap_after_book_initialization"": 8, ""archive_hour_missing_at_entry"": 36, ""ask_source_age_over_1s"": 1982, ""below_minimum_order_shares"": 21232, ""future_source_timestamp_at_entry"": 3, ""insufficient_depth_for_requested_amount"": 191, ""missing_official_outcome_or_resolution_time"": 11, ""native_ask_bbo_reconciliation_mismatch"": 650, ""no_native_book_snapshot"": 8379, ""no_positive_net_expected_value"": 1360, ""no_priceable_native_ask_side"": 11970}",fee=current_gamma_schedule_0p07_counterfactual|ask_age<=1s|release=60s|exec=fak_two_ticks_if_tick_0p001,execution_sensitivity,1
free_cash_5pct_cap75,75,current_gamma_schedule_0p07_counterfactual,1,60,fak_two_ticks_if_tick_0p001,100,25.34572365,-74.65427635,-74.65427635,333,49851,1635.822445,59.79364,0.8392800755,2026-04-20T16:11:18+00:00,2026-08-29T14:11:54+00:00,,15.32906767,2,25.34572365,4.912379714,4.859127813,7.88505959,0.4704804805,0.49,2026-04-18,59.4270067,0.4694290844,2026-04-17,-42.17432996,"{""ambiguous_equal_source_timestamp_order"": 4029, ""archive_gap_after_book_initialization"": 8, ""archive_hour_missing_at_entry"": 36, ""ask_source_age_over_1s"": 1982, ""below_minimum_order_shares"": 21232, ""future_source_timestamp_at_entry"": 3, ""insufficient_depth_for_requested_amount"": 191, ""missing_official_outcome_or_resolution_time"": 11, ""native_ask_bbo_reconciliation_mismatch"": 650, ""no_native_book_snapshot"": 8379, ""no_positive_net_expected_value"": 1360, ""no_priceable_native_ask_side"": 11970}",fee=current_gamma_schedule_0p07_counterfactual|ask_age<=1s|release=60s|exec=fak_two_ticks_if_tick_0p001,execution_sensitivity,1
free_cash_5pct_cap100,100,current_gamma_schedule_0p07_counterfactual,1,60,fak_two_ticks_if_tick_0p001,100,25.34572365,-74.65427635,-74.65427635,333,49851,1635.822445,59.79364,0.8392800755,2026-04-20T16:11:18+00:00,2026-08-29T14:11:54+00:00,,15.32906767,2,25.34572365,4.912379714,4.859127813,7.88505959,0.4704804805,0.49,2026-04-18,59.4270067,0.4694290844,2026-04-17,-42.17432996,"{""ambiguous_equal_source_timestamp_order"": 4029, ""archive_gap_after_book_initialization"": 8, ""archive_hour_missing_at_entry"": 36, ""ask_source_age_over_1s"": 1982, ""below_minimum_order_shares"": 21232, ""future_source_timestamp_at_entry"": 3, ""insufficient_depth_for_requested_amount"": 191, ""missing_official_outcome_or_resolution_time"": 11, ""native_ask_bbo_reconciliation_mismatch"": 650, ""no_native_book_snapshot"": 8379, ""no_positive_net_expected_value"": 1360, ""no_priceable_native_ask_side"": 11970}",fee=current_gamma_schedule_0p07_counterfactual|ask_age<=1s|release=60s|exec=fak_two_ticks_if_tick_0p001,execution_sensitivity,1
free_cash_5pct_cap_none,,current_gamma_schedule_0p07_counterfactual,1,60,fak_two_ticks_if_tick_0p001,100,25.34572365,-74.65427635,-74.65427635,333,49851,1635.822445,59.79364,0.8392800755,2026-04-20T16:11:18+00:00,2026-08-29T14:11:54+00:00,,15.32906767,2,25.34572365,4.912379714,4.859127813,7.88505959,0.4704804805,0.49,2026-04-18,59.4270067,0.4694290844,2026-04-17,-42.17432996,"{""ambiguous_equal_source_timestamp_order"": 4029, ""archive_gap_after_book_initialization"": 8, ""archive_hour_missing_at_entry"": 36, ""ask_source_age_over_1s"": 1982, ""below_minimum_order_shares"": 21232, ""future_source_timestamp_at_entry"": 3, ""insufficient_depth_for_requested_amount"": 191, ""missing_official_outcome_or_resolution_time"": 11, ""native_ask_bbo_reconciliation_mismatch"": 650, ""no_native_book_snapshot"": 8379, ""no_positive_net_expected_value"": 1360, ""no_priceable_native_ask_side"": 11970}",fee=current_gamma_schedule_0p07_counterfactual|ask_age<=1s|release=60s|exec=fak_two_ticks_if_tick_0p001,execution_sensitivity,1
fixed_5_usd,,current_gamma_schedule_0p07_counterfactual,1,60,fak_two_ticks_if_tick_0p01,100,5.154334916,-94.84566508,-94.84566508,584,49600,2920,106.91352,0.9748718015,2026-04-22T06:26:22+00:00,2026-05-01T16:06:42+00:00,,10,2,2.841637528,5,5,5,0.4769378978,0.48,2026-04-18,61.90021835,0.3289489868,2026-04-27,-44.90826327,"{""ambiguous_equal_source_timestamp_order"": 4029, ""archive_gap_after_book_initialization"": 8, ""archive_hour_missing_at_entry"": 36, ""ask_source_age_over_1s"": 1982, ""future_source_timestamp_at_entry"": 3, ""insufficient_depth_for_requested_amount"": 32, ""insufficient_free_cash_for_cash_debit"": 7228, ""missing_official_outcome_or_resolution_time"": 11, ""native_ask_bbo_reconciliation_mismatch"": 650, ""no_native_book_snapshot"": 8379, ""no_positive_net_expected_value"": 24568, ""no_priceable_native_ask_side"": 2674}",fee=current_gamma_schedule_0p07_counterfactual|ask_age<=1s|release=60s|exec=fak_two_ticks_if_tick_0p01,execution_sensitivity,10
free_cash_5pct_cap5,5,current_gamma_schedule_0p07_counterfactual,1,60,fak_two_ticks_if_tick_0p01,100,25.74003745,-74.25996255,-74.25996255,457,49727,2085.419279,76.48281,0.8698257081,2026-04-22T06:26:22+00:00,2026-08-08T21:32:25+00:00,,10,2,25.74003745,4.563280698,5,5,0.4718981589,0.48,2026-04-18,61.25791808,0.4471711348,2026-04-17,-37.03734001,"{""ambiguous_equal_source_timestamp_order"": 4029, ""archive_gap_after_book_initialization"": 8, ""archive_hour_missing_at_entry"": 36, ""ask_source_age_over_1s"": 1982, ""below_minimum_order_shares"": 21286, ""future_source_timestamp_at_entry"": 3, ""insufficient_depth_for_requested_amount"": 3, ""missing_official_outcome_or_resolution_time"": 11, ""native_ask_bbo_reconciliation_mismatch"": 650, ""no_native_book_snapshot"": 8379, ""no_positive_net_expected_value"": 1634, ""no_priceable_native_ask_side"": 11706}",fee=current_gamma_schedule_0p07_counterfactual|ask_age<=1s|release=60s|exec=fak_two_ticks_if_tick_0p01,execution_sensitivity,1
free_cash_5pct_cap10,10,current_gamma_schedule_0p07_counterfactual,1,60,fak_two_ticks_if_tick_0p01,100,25.00732653,-74.99267347,-74.99267347,433,49751,2490.943064,91.09349,0.8878302698,2026-04-22T06:26:22+00:00,2026-08-29T14:11:54+00:00,,20,2,25.00732653,5.752755344,5.124316902,10,0.4705840412,0.48,2026-04-18,68.57204909,0.4475264395,2026-04-23,-52.55811214,"{""ambiguous_equal_source_timestamp_order"": 4029, ""archive_gap_after_book_initialization"": 8, ""archive_hour_missing_at_entry"": 36, ""ask_source_age_over_1s"": 1982, ""below_minimum_order_shares"": 21302, ""future_source_timestamp_at_entry"": 3, ""insufficient_depth_for_requested_amount"": 3, ""missing_official_outcome_or_resolution_time"": 11, ""native_ask_bbo_reconciliation_mismatch"": 650, ""no_native_book_snapshot"": 8379, ""no_positive_net_expected_value"": 1567, ""no_priceable_native_ask_side"": 11781}",fee=current_gamma_schedule_0p07_counterfactual|ask_age<=1s|release=60s|exec=fak_two_ticks_if_tick_0p01,execution_sensitivity,2
free_cash_5pct_cap15,15,current_gamma_schedule_0p07_counterfactual,1,60,fak_two_ticks_if_tick_0p01,100,24.73422384,-75.26577616,-75.26577616,417,49767,2434.697097,89.02275,0.8886257059,2026-04-22T06:26:22+00:00,2026-08-29T14:11:54+00:00,,21.63356113,2,24.73422384,5.838602151,5.3376609,11.10409904,0.4705116023,0.48,2026-04-18,68.57204909,0.4558940697,2026-04-23,-51.4554949,"{""ambiguous_equal_source_timestamp_order"": 4029, ""archive_gap_after_book_initialization"": 8, ""archive_hour_missing_at_entry"": 36, ""ask_source_age_over_1s"": 1982, ""below_minimum_order_shares"": 21311, ""future_source_timestamp_at_entry"": 3, ""insufficient_depth_for_requested_amount"": 3, ""missing_official_outcome_or_resolution_time"": 11, ""native_ask_bbo_reconciliation_mismatch"": 650, ""no_native_book_snapshot"": 8379, ""no_positive_net_expected_value"": 1521, ""no_priceable_native_ask_side"": 11834}",fee=current_gamma_schedule_0p07_counterfactual|ask_age<=1s|release=60s|exec=fak_two_ticks_if_tick_0p01,execution_sensitivity,3
free_cash_5pct_cap20,20,current_gamma_schedule_0p07_counterfactual,1,60,fak_two_ticks_if_tick_0p01,100,24.73422384,-75.26577616,-75.26577616,417,49767,2434.697097,89.02275,0.8886257059,2026-04-22T06:26:22+00:00,2026-08-29T14:11:54+00:00,,21.63356113,2,24.73422384,5.838602151,5.3376609,11.10409904,0.4705116023,0.48,2026-04-18,68.57204909,0.4558940697,2026-04-23,-51.4554949,"{""ambiguous_equal_source_timestamp_order"": 4029, ""archive_gap_after_book_initialization"": 8, ""archive_hour_missing_at_entry"": 36, ""ask_source_age_over_1s"": 1982, ""below_minimum_order_shares"": 21311, ""future_source_timestamp_at_entry"": 3, ""insufficient_depth_for_requested_amount"": 3, ""missing_official_outcome_or_resolution_time"": 11, ""native_ask_bbo_reconciliation_mismatch"": 650, ""no_native_book_snapshot"": 8379, ""no_positive_net_expected_value"": 1521, ""no_priceable_native_ask_side"": 11834}",fee=current_gamma_schedule_0p07_counterfactual|ask_age<=1s|release=60s|exec=fak_two_ticks_if_tick_0p01,execution_sensitivity,3
free_cash_5pct_cap30,30,current_gamma_schedule_0p07_counterfactual,1,60,fak_two_ticks_if_tick_0p01,100,24.73422384,-75.26577616,-75.26577616,417,49767,2434.697097,89.02275,0.8886257059,2026-04-22T06:26:22+00:00,2026-08-29T14:11:54+00:00,,21.63356113,2,24.73422384,5.838602151,5.3376609,11.10409904,0.4705116023,0.48,2026-04-18,68.57204909,0.4558940697,2026-04-23,-51.4554949,"{""ambiguous_equal_source_timestamp_order"": 4029, ""archive_gap_after_book_initialization"": 8, ""archive_hour_missing_at_entry"": 36, ""ask_source_age_over_1s"": 1982, ""below_minimum_order_shares"": 21311, ""future_source_timestamp_at_entry"": 3, ""insufficient_depth_for_requested_amount"": 3, ""missing_official_outcome_or_resolution_time"": 11, ""native_ask_bbo_reconciliation_mismatch"": 650, ""no_native_book_snapshot"": 8379, ""no_positive_net_expected_value"": 1521, ""no_priceable_native_ask_side"": 11834}",fee=current_gamma_schedule_0p07_counterfactual|ask_age<=1s|release=60s|exec=fak_two_ticks_if_tick_0p01,execution_sensitivity,3
free_cash_5pct_cap50,50,current_gamma_schedule_0p07_counterfactual,1,60,fak_two_ticks_if_tick_0p01,100,24.73422384,-75.26577616,-75.26577616,417,49767,2434.697097,89.02275,0.8886257059,2026-04-22T06:26:22+00:00,2026-08-29T14:11:54+00:00,,21.63356113,2,24.73422384,5.838602151,5.3376609,11.10409904,0.4705116023,0.48,2026-04-18,68.57204909,0.4558940697,2026-04-23,-51.4554949,"{""ambiguous_equal_source_timestamp_order"": 4029, ""archive_gap_after_book_initialization"": 8, ""archive_hour_missing_at_entry"": 36, ""ask_source_age_over_1s"": 1982, ""below_minimum_order_shares"": 21311, ""future_source_timestamp_at_entry"": 3, ""insufficient_depth_for_requested_amount"": 3, ""missing_official_outcome_or_resolution_time"": 11, ""native_ask_bbo_reconciliation_mismatch"": 650, ""no_native_book_snapshot"": 8379, ""no_positive_net_expected_value"": 1521, ""no_priceable_native_ask_side"": 11834}",fee=current_gamma_schedule_0p07_counterfactual|ask_age<=1s|release=60s|exec=fak_two_ticks_if_tick_0p01,execution_sensitivity,3
free_cash_5pct_cap75,75,current_gamma_schedule_0p07_counterfactual,1,60,fak_two_ticks_if_tick_0p01,100,24.73422384,-75.26577616,-75.26577616,417,49767,2434.697097,89.02275,0.8886257059,2026-04-22T06:26:22+00:00,2026-08-29T14:11:54+00:00,,21.63356113,2,24.73422384,5.838602151,5.3376609,11.10409904,0.4705116023,0.48,2026-04-18,68.57204909,0.4558940697,2026-04-23,-51.4554949,"{""ambiguous_equal_source_timestamp_order"": 4029, ""archive_gap_after_book_initialization"": 8, ""archive_hour_missing_at_entry"": 36, ""ask_source_age_over_1s"": 1982, ""below_minimum_order_shares"": 21311, ""future_source_timestamp_at_entry"": 3, ""insufficient_depth_for_requested_amount"": 3, ""missing_official_outcome_or_resolution_time"": 11, ""native_ask_bbo_reconciliation_mismatch"": 650, ""no_native_book_snapshot"": 8379, ""no_positive_net_expected_value"": 1521, ""no_priceable_native_ask_side"": 11834}",fee=current_gamma_schedule_0p07_counterfactual|ask_age<=1s|release=60s|exec=fak_two_ticks_if_tick_0p01,execution_sensitivity,3
free_cash_5pct_cap100,100,current_gamma_schedule_0p07_counterfactual,1,60,fak_two_ticks_if_tick_0p01,100,24.73422384,-75.26577616,-75.26577616,417,49767,2434.697097,89.02275,0.8886257059,2026-04-22T06:26:22+00:00,2026-08-29T14:11:54+00:00,,21.63356113,2,24.73422384,5.838602151,5.3376609,11.10409904,0.4705116023,0.48,2026-04-18,68.57204909,0.4558940697,2026-04-23,-51.4554949,"{""ambiguous_equal_source_timestamp_order"": 4029, ""archive_gap_after_book_initialization"": 8, ""archive_hour_missing_at_entry"": 36, ""ask_source_age_over_1s"": 1982, ""below_minimum_order_shares"": 21311, ""future_source_timestamp_at_entry"": 3, ""insufficient_depth_for_requested_amount"": 3, ""missing_official_outcome_or_resolution_time"": 11, ""native_ask_bbo_reconciliation_mismatch"": 650, ""no_native_book_snapshot"": 8379, ""no_positive_net_expected_value"": 1521, ""no_priceable_native_ask_side"": 11834}",fee=current_gamma_schedule_0p07_counterfactual|ask_age<=1s|release=60s|exec=fak_two_ticks_if_tick_0p01,execution_sensitivity,3
free_cash_5pct_cap_none,,current_gamma_schedule_0p07_counterfactual,1,60,fak_two_ticks_if_tick_0p01,100,24.73422384,-75.26577616,-75.26577616,417,49767,2434.697097,89.02275,0.8886257059,2026-04-22T06:26:22+00:00,2026-08-29T14:11:54+00:00,,21.63356113,2,24.73422384,5.838602151,5.3376609,11.10409904,0.4705116023,0.48,2026-04-18,68.57204909,0.4558940697,2026-04-23,-51.4554949,"{""ambiguous_equal_source_timestamp_order"": 4029, ""archive_gap_after_book_initialization"": 8, ""archive_hour_missing_at_entry"": 36, ""ask_source_age_over_1s"": 1982, ""below_minimum_order_shares"": 21311, ""future_source_timestamp_at_entry"": 3, ""insufficient_depth_for_requested_amount"": 3, ""missing_official_outcome_or_resolution_time"": 11, ""native_ask_bbo_reconciliation_mismatch"": 650, ""no_native_book_snapshot"": 8379, ""no_positive_net_expected_value"": 1521, ""no_priceable_native_ask_side"": 11834}",fee=current_gamma_schedule_0p07_counterfactual|ask_age<=1s|release=60s|exec=fak_two_ticks_if_tick_0p01,execution_sensitivity,3
walk_forward_previous_month_best_cap_seed20,,current_gamma_schedule_0p07_counterfactual,1,60,full_ladder_snapshot_upper_bound,100,24.72697451,-75.27302549,-75.27302549,417,49767,2433.826818,89.00369,0.8886583485,2026-04-22T06:26:22+00:00,2026-08-29T14:11:54+00:00,,21.63356113,2,24.72697451,5.83651515,5.3376609,11.10409904,0.470321668,0.48,2026-04-18,68.57204909,0.4558940697,2026-04-23,-51.4554949,"{""ambiguous_equal_source_timestamp_order"": 4029, ""archive_gap_after_book_initialization"": 8, ""archive_hour_missing_at_entry"": 36, ""ask_source_age_over_1s"": 1982, ""below_minimum_order_shares"": 21315, ""future_source_timestamp_at_entry"": 3, ""missing_official_outcome_or_resolution_time"": 11, ""native_ask_bbo_reconciliation_mismatch"": 650, ""no_native_book_snapshot"": 8379, ""no_positive_net_expected_value"": 1518, ""no_priceable_native_ask_side"": 11836}",previous-month-best-cap_seed20|current_fee|age<=1s|release=60s,retrospective_walk_forward_diagnostic,3
